{
  "GroupGUID": "89d1d19e-4028-45b8-b370-e8c8de241776",
  "GroupName": "PamDemo",
  "AreaAnchorName": "LevelArea_P10000_F10000000_G46",
  "SaveType": "Reset",
  "LoadCondition": {
    "Conditions": [
      {
        "ID": 4050001
      },
      {
        "ID": 4050002
      }
    ],
    "Operation": "Or"
  },
  "AnchorList": [],
  "MonsterList": [],
  "PropList": [
    {
      "PropID": 122,
      "LoadOnInitial": false,
      "IsOverrideInitLevelGraph": true,
      "CampID": 4,
      "CustomTriggerMap": {},
      "BridgeStateRotations": [],
      "DialogueGroups": [],
      "TalkDialogGroupIDList": [],
      "ServerInteractVerificationIDList": [],
      "Name": "Prop1",
      "ID": 300001,
      "PosX": 0.83,
      "PosY": -1E-06,
      "PosZ": -9.02
    }
  ],
  "DistrictList": [],
  "WaypointList": [],
  "PathwayList": [],
  "BattleAreaList": [],
  "NPCList": [
    {
      "NPCID": 3001,
      "LoadOnInitial": false,
      "DialogueGroups": [],
      "ServerInteractVerificationIDList": [],
      "DefaultLookAtMode": "Closed",
      "DefaultLookAtTargetInfo": {},
      "BoardShowList": [
        8
      ],
      "TalkDialogGroupIDList": [],
      "DefaultIdleFreeStyleMotionID": 900010214,
      "Name": "NPC1",
      "RotY": 198.8523,
      "ID": 400001,
      "PosX": -0.78,
      "PosY": -1E-06,
      "PosZ": -10.38
    },
    {
      "NPCID": 3001,
      "LoadOnInitial": false,
      "DialogueGroups": [
        405000201
      ],
      "ServerInteractVerificationIDList": [],
      "DefaultLookAtMode": "Closed",
      "DefaultLookAtTargetInfo": {},
      "BoardShowList": [
        8
      ],
      "TalkDialogGroupIDList": [],
      "DefaultIdleFreeStyleMotionID": 900010223,
      "Dialog": {
        "LevelGraph": "Config/Level/NPCDialogue/P10000/F10000000_G46/DialogueMain_F10000000_G46_N400002.json",
        "EnableCondition": {
          "Conditions": [
            {
              "Type": "SubMission",
              "ID": 405000201
            }
          ],
          "Operation": "Or"
        }
      },
      "Name": "NPC2",
      "RotY": 74.46177,
      "ID": 400002,
      "PosX": 5.024792,
      "PosY": -6E-06,
      "PosZ": 13.85006
    }
  ],
  "CrowdList": [],
  "PedestrianList": []
}