{
  "GroupGUID": "4d6692b4-4233-4534-9575-09663dc87712",
  "GroupName": "MainMission2000801_01",
  "Category": "Mission",
  "AreaAnchorName": "LevelArea_P10000_F10000000_G134",
  "LoadSide": "Server",
  "OwnerMainMissionID": 2000801,
  "ValueSource": {},
  "ConflictIDList": [],
  "IsHoyoGroup": true,
  "HoYoGroupType": "Container",
  "ConflictWhiteList": [],
  "AnchorList": [],
  "MonsterList": [],
  "PropList": [],
  "DistrictList": [],
  "WaypointList": [],
  "PathwayList": [],
  "BattleAreaList": [],
  "NPCList": [
    {
      "NPCID": 3001,
      "LevelGraph": "Config/Level/Maze/Chapter00/Train/Train_PamAction.json",
      "ValueSource": {},
      "DialogueGroups": [],
      "ServerInteractVerificationIDList": [
        1,
        2,
        3,
        4
      ],
      "BoardShowList": [
        4,
        8
      ],
      "TalkDialogGroupIDList": [],
      "DefaultIdleFreeStyleMotionID": 990101001,
      "IsMapContent": true,
      "InitialHiddenNodeList": [],
      "Dialog": {
        "LevelGraph": "Config/Level/NPCDialogue/P10000/F10000000_G134/DialogueMain_F10000000_G134_N400001.json",
        "PackList": [
          {
            "Name": "200080206",
            "LevelGraph": "Config/Level/NPCDialogue/P10000/F10000000_G134/DialoguePack_200080207_F10000000_G134_N400001.json"
          },
          {
            "Name": "FakePamBaseWithoutLeave",
            "LevelGraph": "Config/Level/NPCDialogue/P10000/F10000000_G134/DialoguePack_FakePamBaseWithoutLeave_F10000000_G134_N400001.json"
          }
        ],
        "EnableCondition": {
          "Conditions": [
            {
              "Type": "SubMission",
              "ID": 200080102
            },
            {
              "Type": "SubMission",
              "ID": 200080103
            }
          ],
          "Operation": "Or"
        }
      },
      "ConnectWithSubMissionIDList": [
        200080103
      ],
      "SpawnConfig": {
        "CaptureDistanceTolerance": 10,
        "EntitySpawnConfig": {}
      },
      "TriggerValidGuest": {},
      "Name": "NPC1",
      "RotY": 293.2462,
      "ID": 400001,
      "PosX": 3.585,
      "PosY": 1E-06,
      "PosZ": 0.225
    },
    {
      "NPCID": 1001,
      "ValueSource": {},
      "DialogueGroups": [],
      "ServerInteractVerificationIDList": [],
      "BoardShowList": [],
      "TalkDialogGroupIDList": [],
      "DefaultIdleFreeStyleMotionID": 310010000,
      "InitialHiddenNodeList": [],
      "Dialog": {
        "LevelGraph": "Config/Level/NPCDialogue/P10000/F10000000_G134/DialogueMain_F10000000_G134_N400002.json",
        "PackList": [],
        "EnableCondition": {
          "Conditions": [
            {
              "ID": 2000801
            }
          ]
        }
      },
      "SpawnConfig": {
        "EntitySpawnConfig": {}
      },
      "TriggerValidGuest": {},
      "Name": "NPC2",
      "RotY": 227.4,
      "ID": 400002,
      "PosX": 3.39,
      "PosY": -4E-06,
      "PosZ": 1.632
    },
    {
      "NPCID": 1002,
      "ValueSource": {},
      "DialogueGroups": [],
      "ServerInteractVerificationIDList": [],
      "BoardShowList": [],
      "TalkDialogGroupIDList": [],
      "DefaultIdleFreeStyleMotionID": 310020000,
      "InitialHiddenNodeList": [],
      "Dialog": {
        "LevelGraph": "Config/Level/NPCDialogue/P10000/F10000000_G134/DialogueMain_F10000000_G134_N400003.json",
        "PackList": [],
        "EnableCondition": {
          "Conditions": [
            {
              "ID": 2000801
            }
          ]
        }
      },
      "SpawnConfig": {
        "EntitySpawnConfig": {}
      },
      "TriggerValidGuest": {},
      "Name": "NPC3",
      "RotY": 282.7238,
      "ID": 400003,
      "PosX": -1.265,
      "PosY": -4E-06,
      "PosZ": -3.11
    },
    {
      "NPCID": 1004,
      "ValueSource": {},
      "DialogueGroups": [],
      "ServerInteractVerificationIDList": [],
      "BoardShowList": [],
      "TalkDialogGroupIDList": [],
      "DefaultIdleFreeStyleMotionID": 310040000,
      "InitialHiddenNodeList": [],
      "Dialog": {
        "LevelGraph": "Config/Level/NPCDialogue/P10000/F10000000_G134/DialogueMain_F10000000_G134_N400004.json",
        "PackList": [],
        "EnableCondition": {
          "Conditions": [
            {
              "ID": 2000801
            }
          ]
        }
      },
      "SpawnConfig": {
        "EntitySpawnConfig": {}
      },
      "TriggerValidGuest": {},
      "Name": "NPC4",
      "RotY": 95.12315,
      "ID": 400004,
      "PosX": -2.336,
      "PosY": -4E-06,
      "PosZ": -2.843
    },
    {
      "NPCID": 1003,
      "ValueSource": {},
      "DialogueGroups": [],
      "ServerInteractVerificationIDList": [],
      "BoardShowList": [],
      "TalkDialogGroupIDList": [],
      "DefaultIdleFreeStyleMotionID": 310030900,
      "InitialHiddenNodeList": [],
      "Dialog": {
        "LevelGraph": "Config/Level/NPCDialogue/P10000/F10000000_G134/DialogueMain_F10000000_G134_N400005.json",
        "PackList": [],
        "EnableCondition": {
          "Conditions": [
            {
              "ID": 2000801
            }
          ]
        }
      },
      "SpawnConfig": {
        "EntitySpawnConfig": {}
      },
      "TriggerValidGuest": {},
      "Name": "NPC5",
      "RotY": 303.3268,
      "ID": 400005,
      "PosX": 4.156,
      "PosY": -4E-06,
      "PosZ": -2.379
    }
  ],
  "CrowdList": [],
  "PedestrianList": [],
  "SmartObjectList": []
}