{
  "GroupGUID": "0e42c097-8474-4570-9956-2b0bdee384f4",
  "GroupName": "MainMission1030101_03",
  "Category": "Mission",
  "AreaAnchorName": "LevelArea_P10000_F10000000_G164",
  "SaveType": "Reset",
  "OwnerMainMissionID": 1030101,
  "ValueSource": {},
  "ConflictIDList": [],
  "IsHoyoGroup": true,
  "HoYoGroupType": "Container",
  "ConflictWhiteList": [],
  "TagContainer": {},
  "AnchorList": [],
  "MonsterList": [],
  "PropList": [],
  "DistrictList": [],
  "WaypointList": [],
  "PathwayList": [],
  "BattleAreaList": [],
  "NPCList": [
    {
      "NPCID": 100,
      "ValueSource": {},
      "DialogueGroups": [],
      "ServerInteractVerificationIDList": [],
      "BoardShowList": [],
      "TalkDialogGroupIDList": [],
      "OverrideSeriesID": 300101,
      "InitialHiddenNodeList": [],
      "TagContainer": {},
      "SpawnConfig": {
        "EntitySpawnConfig": {}
      },
      "TriggerValidGuest": {},
      "Name": "NPC1",
      "ID": 400001,
      "PosX": 3.32,
      "PosY": 0.600728,
      "PosZ": 6.5
    }
  ],
  "CrowdList": [],
  "PedestrianList": [],
  "SmartObjectList": []
}