{
  "GroupGUID": "272528b6-c021-4fce-ae8d-aeef40ff04d8",
  "GroupName": "MainMission2010201_03_04",
  "Category": "Mission",
  "AreaAnchorName": "LevelArea_P10000_F10000000_G113",
  "SaveType": "Reset",
  "LoadCondition": {
    "Conditions": [
      {
        "Type": "SubMission",
        "ID": 201020103
      }
    ]
  },
  "UnloadCondition": {
    "Conditions": [
      {
        "Type": "SubMission",
        "Phase": "Finish",
        "ID": 201020103
      }
    ]
  },
  "OwnerMainMissionID": 2010201,
  "ConflictIDList": [
    100301
  ],
  "AnchorList": [],
  "MonsterList": [],
  "PropList": [],
  "DistrictList": [],
  "WaypointList": [],
  "PathwayList": [],
  "BattleAreaList": [],
  "NPCList": [],
  "CrowdList": [],
  "PedestrianList": []
}