{
  "GroupGUID": "2073c537-9c81-45aa-a916-e6ebd214eee4",
  "GroupName": "Default",
  "AreaAnchorName": "LevelArea_P10000_F10000000_G2",
  "LoadSide": "Server",
  "LoadOnInitial": true,
  "GroupRefreshID": 1,
  "ValueSource": {},
  "ConflictIDList": [],
  "AnchorList": [
    {
      "Name": "PlayerStartPoint",
      "RotY": 270,
      "ID": 1,
      "PosX": 0.93,
      "PosY": 2E-06,
      "PosZ": 0.13
    },
    {
      "Name": "Anchor2",
      "RotY": 345,
      "ID": 2,
      "PosZ": -2
    }
  ],
  "MonsterList": [],
  "PropList": [
    {
      "PropID": 100,
      "IsOverrideInitLevelGraph": true,
      "Trigger": {
        "Shape": "Box",
        "Radius": 1,
        "DimX": 5,
        "DimY": 1,
        "DimZ": 10,
        "PointList": []
      },
      "CustomTriggerMap": {},
      "CustomTriggerMapV2": {},
      "BridgeStateRotations": [],
      "DialogueGroups": [],
      "TalkDialogGroupIDList": [],
      "ServerInteractVerificationIDList": [],
      "Name": "Prop3",
      "ID": 300003,
      "PosX": 2.447,
      "PosZ": 0.559
    },
    {
      "PropID": 110,
      "IsOverrideInitLevelGraph": true,
      "Trigger": {
        "DimX": 1,
        "DimY": 1,
        "DimZ": 1,
        "PointList": []
      },
      "State": "CheckPointEnable",
      "CustomTriggerMap": {},
      "CustomTriggerMapV2": {},
      "BridgeStateRotations": [],
      "AnchorGroupID": 2,
      "AnchorID": 2,
      "MappingInfoID": 2215,
      "DialogueGroups": [],
      "TalkDialogGroupIDList": [],
      "ServerInteractVerificationIDList": [],
      "OverrideMapIconType": 50,
      "Name": "Prop1",
      "RotY": 150,
      "ID": 300001,
      "PosX": -1.38,
      "PosZ": 3.16
    }
  ],
  "DistrictList": [],
  "WaypointList": [],
  "PathwayList": [],
  "BattleAreaList": [
    {
      "EnviroProfile": "Stages/Outputs/Chapter00/EnviroProfile/Chap00_CloseView_BAT_INT_Train_01.enviroProfile.asset",
      "Tags": [
        "BattleArea01"
      ],
      "PrefetchMainMissionList": [],
      "PrefetchSubMissionList": [],
      "Name": "BattleArea1",
      "ID": 1,
      "PosX": -3.75
    }
  ],
  "NPCList": [],
  "CrowdList": [],
  "PedestrianList": [],
  "SmartObjectList": []
}