{
  "GroupGUID": "4381feac-1649-4106-967f-2e9bd19bc7a7",
  "GroupName": "MainMission8002100_",
  "Category": "Mission",
  "LevelGraph": "Config/Level/GroupGraph/F10000000/Group_F10000000_G133.json",
  "AreaAnchorName": "LevelArea_P10000_F10000000_G133",
  "SaveType": "Reset",
  "OwnerMainMissionID": 8002100,
  "ValueSource": {},
  "ConflictIDList": [],
  "IsHoyoGroup": true,
  "ConflictWhiteList": [],
  "AnchorList": [
    {
      "Name": "Anchor1",
      "RotY": 181.281,
      "ID": 1,
      "PosX": 0.2,
      "PosY": -4E-06,
      "PosZ": 3.79
    },
    {
      "RotX": 9.281653,
      "RotZ": 0.076932,
      "Usage": "Camera",
      "CustomParameter": {
        "$type": "RPG.GameCore.LevelAnchorCameraParameter"
      },
      "Name": "Anchor2",
      "RotY": 211.6467,
      "ID": 2,
      "PosX": 1.453908,
      "PosY": 1.474101,
      "PosZ": 5.040164
    },
    {
      "Usage": "Camera",
      "CustomParameter": {
        "$type": "RPG.GameCore.LevelAnchorCameraParameter"
      },
      "Name": "Anchor3",
      "ID": 3,
      "PosX": 0.71,
      "PosY": -4E-06,
      "PosZ": 0.07
    }
  ],
  "MonsterList": [],
  "PropList": [
    {
      "PropID": 100,
      "LoadOnInitial": false,
      "IsOverrideInitLevelGraph": true,
      "Trigger": {
        "Radius": 20,
        "DimX": 1,
        "DimY": 1,
        "DimZ": 1,
        "PointList": []
      },
      "CampID": 4,
      "CustomTriggerMap": {},
      "CustomTriggerMapV2": {},
      "BridgeStateRotations": [],
      "DialogueGroups": [],
      "TalkDialogGroupIDList": [],
      "ServerInteractVerificationIDList": [],
      "Name": "Prop1",
      "ID": 300001,
      "PosX": 0.21,
      "PosY": -4E-06,
      "PosZ": 2.62
    },
    {
      "PropID": 100,
      "IsOverrideInitLevelGraph": true,
      "InitLevelGraph": "Config/Level/LevelInstanceGraph/F10000000/LG_Prop_F10000000_G133_300002.json",
      "ValueSource": {},
      "Trigger": {
        "Radius": 16,
        "DimX": 14,
        "DimY": 2,
        "DimZ": 40,
        "PointList": []
      },
      "CampID": 4,
      "CustomTriggerMap": {},
      "CustomTriggerMapV2": {},
      "BridgeStateRotations": [],
      "DialogueGroups": [],
      "TalkDialogGroupIDList": [],
      "ServerInteractVerificationIDList": [],
      "Name": "Prop2",
      "ID": 300002,
      "PosX": -0.01,
      "PosY": -4E-06,
      "PosZ": 3.022999
    }
  ],
  "DistrictList": [],
  "WaypointList": [],
  "PathwayList": [],
  "BattleAreaList": [],
  "NPCList": [
    {
      "NPCID": 1991,
      "LoadOnInitial": false,
      "DialogueGroups": [],
      "ServerInteractVerificationIDList": [],
      "BoardShowList": [],
      "TalkDialogGroupIDList": [],
      "DefaultIdleFreeStyleMotionID": 380010000,
      "InitialHiddenNodeList": [],
      "SpawnConfig": {
        "CaptureDistanceTolerance": 10,
        "EntitySpawnConfig": {}
      },
      "Name": "NPC1",
      "RotY": 181.281,
      "ID": 400001,
      "PosX": 0.2,
      "PosY": -4E-06,
      "PosZ": 3.79
    },
    {
      "NPCID": 3001,
      "LoadOnInitial": false,
      "DialogueGroups": [],
      "ServerInteractVerificationIDList": [],
      "BoardShowList": [],
      "TalkDialogGroupIDList": [],
      "DefaultIdleFreeStyleMotionID": 990101001,
      "InitialHiddenNodeList": [],
      "SpawnConfig": {
        "CaptureDistanceTolerance": 10,
        "EntitySpawnConfig": {}
      },
      "Name": "NPC2",
      "ID": 400002,
      "PosX": 0.266903,
      "PosY": -4E-06,
      "PosZ": 2.083
    },
    {
      "NPCID": 3001,
      "ValueSource": {},
      "DialogueGroups": [],
      "ServerInteractVerificationIDList": [],
      "BoardShowList": [
        4,
        8
      ],
      "TalkDialogGroupIDList": [],
      "DefaultIdleFreeStyleMotionID": 990101001,
      "InitialHiddenNodeList": [],
      "SpawnConfig": {
        "CaptureDistanceTolerance": 10,
        "EntitySpawnConfig": {}
      },
      "Name": "NPC3",
      "RotY": 184.7415,
      "ID": 400003,
      "PosX": -0.086,
      "PosY": -4E-06,
      "PosZ": 2.87
    }
  ],
  "CrowdList": [],
  "PedestrianList": [],
  "SmartObjectList": []
}