{
  "GroupGUID": "76384d76-6c00-4742-8105-1fbfff502cbe",
  "GroupName": "MainMission4050005_Prop",
  "Category": "Mission",
  "AreaAnchorName": "LevelArea_P10000_F10000000_G100",
  "SaveType": "Reset",
  "LoadCondition": {
    "Conditions": [
      {
        "Type": "SubMission",
        "ID": 405000502
      }
    ]
  },
  "UnloadCondition": {
    "Conditions": [
      {
        "Phase": "Finish",
        "ID": 4050005
      }
    ]
  },
  "OwnerMainMissionID": 4050005,
  "ConflictIDList": [],
  "AnchorList": [],
  "MonsterList": [],
  "PropList": [
    {
      "PropID": 100,
      "LoadOnInitial": false,
      "IsOverrideInitLevelGraph": true,
      "Trigger": {
        "Radius": 5,
        "DimX": 2,
        "DimY": 1,
        "DimZ": 1,
        "PointList": [],
        "Server": true
      },
      "CampID": 4,
      "CustomTriggerMap": {},
      "BridgeStateRotations": [],
      "DialogueGroups": [],
      "TalkDialogGroupIDList": [],
      "ServerInteractVerificationIDList": [],
      "Name": "Prop1",
      "ID": 300001,
      "PosX": 0.168982,
      "PosY": -7E-06,
      "PosZ": 10.23
    }
  ],
  "DistrictList": [],
  "WaypointList": [],
  "PathwayList": [],
  "BattleAreaList": [],
  "NPCList": [
    {
      "NPCID": 100,
      "DialogueGroups": [],
      "ServerInteractVerificationIDList": [],
      "BoardShowList": [],
      "TalkDialogGroupIDList": [],
      "DefaultAnimationType": "IdleState",
      "OverrideSeriesID": 300101,
      "InitialHiddenNodeList": [],
      "Name": "NPC1",
      "ID": 400001,
      "PosX": -8.353,
      "PosY": 2.004446,
      "PosZ": -20.794
    }
  ],
  "CrowdList": [],
  "PedestrianList": []
}