{
  "GroupGUID": "35de6f27-1590-43cf-87e6-53fbf77befb6",
  "GroupName": "MainMission2000801_2",
  "Category": "Mission",
  "AreaAnchorName": "LevelArea_P10000_F10000000_G152",
  "SaveType": "Reset",
  "LoadCondition": {
    "Conditions": [
      {
        "Type": "SubMission",
        "ID": 200080104
      }
    ]
  },
  "OwnerMainMissionID": 2000801,
  "ValueSource": {},
  "ConflictIDList": [],
  "AnchorList": [
    {
      "Usage": "Actor",
      "Name": "Anchor1",
      "RotY": 264.155,
      "ID": 1,
      "PosX": -3.07,
      "PosY": -9E-06,
      "PosZ": 8.84
    },
    {
      "RotX": 350.4821,
      "Usage": "Camera",
      "CustomParameter": {
        "$type": "RPG.GameCore.LevelAnchorCameraParameter",
        "fov": 45
      },
      "Name": "Anchor2",
      "RotY": 270.433,
      "ID": 2,
      "PosX": -0.36,
      "PosY": 0.45,
      "PosZ": 8.46
    },
    {
      "Name": "Anchor3",
      "RotY": 264.155,
      "ID": 3,
      "PosX": -11.34,
      "PosY": 3.8,
      "PosZ": 6.908
    }
  ],
  "MonsterList": [],
  "PropList": [],
  "DistrictList": [],
  "WaypointList": [],
  "PathwayList": [],
  "BattleAreaList": [],
  "NPCList": [
    {
      "NPCID": 3001,
      "LoadOnInitial": false,
      "ValueSource": {},
      "DialogueGroups": [],
      "ServerInteractVerificationIDList": [],
      "BoardShowList": [],
      "TalkDialogGroupIDList": [],
      "DefaultIdleFreeStyleMotionID": 900010000,
      "OverrideSeriesID": 4294967295,
      "InitialHiddenNodeList": [],
      "SpawnConfig": {
        "EntitySpawnConfig": {}
      },
      "TriggerValidGuest": {},
      "Name": "NPC1",
      "RotY": 265.1261,
      "ID": 400001,
      "PosX": -5.26,
      "PosY": -5E-06,
      "PosZ": 8.01
    },
    {
      "NPCID": 1001,
      "LoadOnInitial": false,
      "ValueSource": {},
      "DialogueGroups": [],
      "ServerInteractVerificationIDList": [],
      "DefaultLookAtMode": "LookPosition",
      "DefaultLookAtPositionInfo": {
        "Position": {
          "X": -11.34,
          "Y": 3.8,
          "Z": 6.908
        }
      },
      "BoardShowList": [],
      "TalkDialogGroupIDList": [],
      "DefaultIdleFreeStyleMotionID": 310010000,
      "OverrideSeriesID": 4294967295,
      "InitialHiddenNodeList": [],
      "SpawnConfig": {
        "EntitySpawnConfig": {}
      },
      "TriggerValidGuest": {},
      "Name": "NPC4",
      "RotY": 265.6361,
      "ID": 400004,
      "PosX": -4.801,
      "PosY": -4E-06,
      "PosZ": 7.213
    },
    {
      "NPCID": 1003,
      "LoadOnInitial": false,
      "ValueSource": {},
      "DialogueGroups": [],
      "ServerInteractVerificationIDList": [],
      "BoardShowList": [],
      "TalkDialogGroupIDList": [],
      "DefaultIdleFreeStyleMotionID": 310030000,
      "OverrideSeriesID": 4294967295,
      "InitialHiddenNodeList": [],
      "SpawnConfig": {
        "EntitySpawnConfig": {}
      },
      "TriggerValidGuest": {},
      "Name": "NPC2",
      "RotY": 273.8226,
      "ID": 400002,
      "PosX": -3.73,
      "PosY": -4E-06,
      "PosZ": 9.72
    },
    {
      "NPCID": 1004,
      "LoadOnInitial": false,
      "ValueSource": {},
      "DialogueGroups": [],
      "ServerInteractVerificationIDList": [],
      "DefaultLookAtMode": "LookPosition",
      "DefaultLookAtPositionInfo": {
        "Position": {
          "X": -11.34,
          "Y": 3.8,
          "Z": 6.908
        }
      },
      "BoardShowList": [],
      "TalkDialogGroupIDList": [],
      "DefaultIdleFreeStyleMotionID": 310040000,
      "OverrideSeriesID": 4294967295,
      "InitialHiddenNodeList": [],
      "SpawnConfig": {
        "EntitySpawnConfig": {}
      },
      "TriggerValidGuest": {},
      "Name": "NPC3",
      "RotY": 273.8226,
      "ID": 400003,
      "PosX": -4.33,
      "PosY": -4E-06,
      "PosZ": 6.39
    }
  ],
  "CrowdList": [],
  "PedestrianList": [],
  "SmartObjectList": []
}