{
  "GroupGUID": "6025c535-bae7-4f68-b938-db20f219cc8b",
  "GroupName": "MainMission2021001_02",
  "Category": "Mission",
  "AreaAnchorName": "LevelArea_P10000_F10000000_G128",
  "LoadCondition": {
    "Conditions": [
      {
        "Type": "SubMission",
        "Phase": "Finish",
        "ID": 202100101
      }
    ]
  },
  "UnloadCondition": {
    "Conditions": [
      {
        "Type": "SubMission",
        "Phase": "Finish",
        "ID": 202100104
      }
    ],
    "DelayToLevelReload": true
  },
  "LoadSide": "Server",
  "OwnerMainMissionID": 2021001,
  "ValueSource": {},
  "ConflictIDList": [],
  "AnchorList": [
    {
      "Usage": "Actor",
      "Name": "Anchor1",
      "RotY": 225.259,
      "ID": 1,
      "PosX": -1.2,
      "PosY": -4E-06,
      "PosZ": 3.485
    },
    {
      "RotX": 22.49999,
      "RotZ": 1E-06,
      "Usage": "Camera",
      "CustomParameter": {
        "$type": "RPG.GameCore.LevelAnchorCameraParameter",
        "fov": 40
      },
      "Name": "Anchor2",
      "RotY": 209.6867,
      "ID": 2,
      "PosX": -0.686,
      "PosY": 1.803,
      "PosZ": 4.957
    }
  ],
  "MonsterList": [],
  "PropList": [],
  "DistrictList": [],
  "WaypointList": [],
  "PathwayList": [],
  "BattleAreaList": [],
  "NPCList": [
    {
      "NPCID": 3001,
      "LevelGraph": "Config/Level/Maze/Chapter00/Train/Train_PamAction.json",
      "ValueSource": {},
      "DialogueGroups": [],
      "ServerInteractVerificationIDList": [
        1,
        2,
        3,
        4
      ],
      "BoardShowList": [],
      "TalkDialogGroupIDList": [],
      "DefaultIdleFreeStyleMotionID": 900010214,
      "InitialHiddenNodeList": [],
      "Dialog": {
        "LevelGraph": "Config/Level/NPCDialogue/P10000/F10000000_G127/DialogueMain_F10000000_G127_N400001.json",
        "PackList": [
          {
            "Name": "FakePamBase",
            "LevelGraph": "Config/Level/NPCDialogue/P10000/F10000000_G127/DialoguePack_FakePamBase_F10000000_G127_N400001.json"
          }
        ]
      },
      "SpawnConfig": {
        "CaptureDistanceTolerance": 10,
        "EntitySpawnConfig": {}
      },
      "Name": "NPC1",
      "RotY": 24.85085,
      "ID": 400001,
      "PosX": -2.33,
      "PosY": -8E-06,
      "PosZ": 2.807
    },
    {
      "NPCID": 100,
      "ValueSource": {},
      "DialogueGroups": [],
      "ServerInteractVerificationIDList": [],
      "BoardShowList": [],
      "TalkDialogGroupIDList": [],
      "OverrideSeriesID": 100401,
      "InitialHiddenNodeList": [],
      "SpawnConfig": {
        "CaptureDistanceTolerance": 10,
        "EntitySpawnConfig": {}
      },
      "Name": "NPC2",
      "ID": 400002,
      "PosX": 3.836908,
      "PosY": 1.419632,
      "PosZ": 4.510436
    },
    {
      "NPCID": 100,
      "ValueSource": {},
      "DialogueGroups": [],
      "ServerInteractVerificationIDList": [],
      "BoardShowList": [],
      "TalkDialogGroupIDList": [],
      "OverrideSeriesID": 100301,
      "InitialHiddenNodeList": [],
      "SpawnConfig": {
        "CaptureDistanceTolerance": 10,
        "EntitySpawnConfig": {}
      },
      "Name": "NPC3",
      "ID": 400003,
      "PosX": 3.836908,
      "PosY": 1.419632,
      "PosZ": 4.510436
    }
  ],
  "CrowdList": [],
  "PedestrianList": [],
  "SmartObjectList": []
}