{
  "GroupGUID": "3b09c033-1915-4dd5-9f8f-34ffd7a84d0a",
  "GroupName": "Exit",
  "AreaAnchorName": "LevelArea_P10000_F10000000_G7",
  "SaveType": "Reset",
  "LoadCondition": {
    "Conditions": [
      {
        "Type": "SubMission",
        "Phase": "Finish",
        "ID": 100050203
      },
      {
        "Phase": "Finish",
        "ID": 1010001
      }
    ],
    "Operation": "Or"
  },
  "UnloadCondition": {
    "Conditions": [
      {
        "ID": 1010001
      }
    ]
  },
  "LoadSide": "Server",
  "ConflictIDList": [],
  "AnchorList": [
    {
      "Name": "Anchor1",
      "RotY": 165,
      "ID": 1,
      "PosX": 0.215862,
      "PosY": -2E-06,
      "PosZ": 22.77
    }
  ],
  "MonsterList": [],
  "PropList": [
    {
      "PropID": 107,
      "IsOverrideInitLevelGraph": true,
      "InitLevelGraph": "Config/Level/Maze/Chapter01/Town/Town_Chapter01_Entry.json",
      "ValueSource": {
        "Values": [
          {
            "$type": "RPG.GameCore.SharedString",
            "Value": "FloorName_10000002 ",
            "Key": "ButtonTextFloorName"
          },
          {
            "$type": "RPG.GameCore.SharedInt",
            "Value": 1000002,
            "Key": "EnterMapEntranceID"
          }
        ]
      },
      "Trigger": {
        "Radius": 2,
        "DimX": 1,
        "DimY": 1,
        "DimZ": 1,
        "PointList": []
      },
      "CustomTriggerMap": {},
      "BridgeStateRotations": [],
      "MappingInfoID": 2256,
      "DialogueGroups": [],
      "TalkDialogGroupIDList": [],
      "ServerInteractVerificationIDList": [],
      "Name": "Prop1",
      "ID": 300001,
      "PosY": 2,
      "PosZ": 27.29
    }
  ],
  "DistrictList": [],
  "WaypointList": [],
  "PathwayList": [],
  "BattleAreaList": [],
  "NPCList": [],
  "CrowdList": [],
  "PedestrianList": []
}