{
  "GroupGUID": "c77e0ae9-c518-41cd-8c08-60c471c3c75e",
  "GroupName": "MainMission8021301_01",
  "Category": "Mission",
  "LevelGraph": "Config/Level/GroupGraph/F10000000/Group_F10000000_G174.json",
  "AreaAnchorName": "LevelArea_P10000_F10000000_G174",
  "SaveType": "Reset",
  "OwnerMainMissionID": 8021301,
  "ValueSource": {
    "Values": []
  },
  "ConflictIDList": [
    174
  ],
  "IsHoyoGroup": true,
  "ConflictWhiteList": [
    172,
    175,
    176
  ],
  "TagContainer": {
    "List": []
  },
  "AnchorList": [],
  "MonsterList": [],
  "PropList": [
    {
      "PropID": 102108,
      "ValueSource": {},
      "CampID": 4,
      "CustomTriggerMap": {},
      "CustomTriggerMapV2": {},
      "BridgeStateRotations": [],
      "DialogueGroups": [],
      "TalkDialogGroupIDList": [],
      "ServerInteractVerificationIDList": [],
      "TriggerValidGuest": {},
      "TagContainer": {},
      "CameraCenterEntityList": [],
      "SpawnConfig": {
        "EntitySpawnConfig": {}
      },
      "Name": "Prop1",
      "ID": 300001,
      "PosX": -4.453,
      "PosY": 0.665,
      "PosZ": -9.171
    }
  ],
  "DistrictList": [
    {
      "Trigger": {
        "Radius": 3,
        "DimX": 1,
        "DimY": 1,
        "DimZ": 1,
        "PointList": []
      },
      "DistrictType": "Level",
      "ValueSource": {},
      "Name": "District1",
      "ID": 1,
      "PosX": -4.453,
      "PosY": 0.665,
      "PosZ": -9.171
    }
  ],
  "WaypointList": [],
  "PathwayList": [],
  "BattleAreaList": [],
  "NPCList": [],
  "CrowdList": [],
  "PedestrianList": [],
  "SmartObjectList": []
}