{
  "GroupGUID": "df18212f-4b03-4ab6-b426-0959311b3bfb",
  "GroupName": "PamAI",
  "AreaAnchorName": "LevelArea_P10000_F10000000_G38",
  "SaveType": "Reset",
  "LoadOnInitial": true,
  "AnchorList": [
    {
      "Name": "Plant01",
      "RotY": 103.47,
      "ID": 1,
      "PosX": 4.440001,
      "PosZ": -12.23
    },
    {
      "Name": "Plant02",
      "RotY": 262.57,
      "ID": 2,
      "PosX": -4.579,
      "PosZ": 16.504
    },
    {
      "Name": "Ground01",
      "RotY": 205.7,
      "ID": 3,
      "PosX": 0.54,
      "PosY": -7E-06,
      "PosZ": 5.87
    },
    {
      "Name": "Ground02",
      "RotY": 37.16,
      "ID": 4,
      "PosX": 0.77,
      "PosY": -7E-06,
      "PosZ": 11.87
    },
    {
      "Name": "Ground03",
      "RotY": 149.46,
      "ID": 5,
      "PosX": -0.228,
      "PosY": -7E-06,
      "PosZ": -11.886
    },
    {
      "Name": "Window01",
      "RotY": 250.91,
      "ID": 6,
      "PosX": -4,
      "PosZ": -6.92
    },
    {
      "Name": "Window02",
      "RotY": 256.56,
      "ID": 7,
      "PosX": -4.84,
      "PosZ": 8.38
    },
    {
      "Name": "Vending01",
      "RotY": 271,
      "ID": 8,
      "PosX": -5.126,
      "PosY": -6E-06,
      "PosZ": 21.25
    },
    {
      "Name": "Music01",
      "RotY": 11.63941,
      "ID": 9,
      "PosX": 4.145,
      "PosY": -8E-06,
      "PosZ": 25.812
    },
    {
      "Name": "Ground04",
      "RotY": 17.91,
      "ID": 10,
      "PosX": 1.133,
      "PosY": -9E-06,
      "PosZ": 22.154
    }
  ],
  "MonsterList": [],
  "PropList": [],
  "DistrictList": [],
  "WaypointList": [],
  "PathwayList": [],
  "BattleAreaList": [],
  "NPCList": [],
  "CrowdList": [],
  "PedestrianList": []
}