{
  "GroupGUID": "39d2c3ea-a46d-463b-a4ac-25709ea91043",
  "GroupName": "MainMission8015163_801516304",
  "Category": "Mission",
  "LevelGraph": "Config/Level/GroupGraph/F10000000/Group_F10000000_G154.json",
  "AreaAnchorName": "LevelArea_P10000_F10000000_G154",
  "SaveType": "Reset",
  "OwnerMainMissionID": 8015163,
  "ValueSource": {},
  "ConflictIDList": [],
  "IsHoyoGroup": true,
  "ConflictWhiteList": [],
  "AnchorList": [],
  "MonsterList": [],
  "PropList": [],
  "DistrictList": [
    {
      "Trigger": {
        "Radius": 2,
        "DimX": 1,
        "DimY": 1,
        "DimZ": 1,
        "PointList": []
      },
      "DistrictType": "Level",
      "ValueSource": {},
      "Name": "District1",
      "ID": 1,
      "PosX": -4.858,
      "PosY": -9E-06,
      "PosZ": 8.073
    }
  ],
  "WaypointList": [],
  "PathwayList": [],
  "BattleAreaList": [],
  "NPCList": [
    {
      "NPCID": 1001,
      "ValueSource": {},
      "DialogueGroups": [],
      "ServerInteractVerificationIDList": [],
      "BoardShowList": [],
      "TalkDialogGroupIDList": [],
      "DefaultIdleFreeStyleMotionID": 310010246,
      "InitialHiddenNodeList": [],
      "SpawnConfig": {
        "EntitySpawnConfig": {}
      },
      "TriggerValidGuest": {},
      "Name": "NPC1",
      "RotY": 147.8312,
      "ID": 400001,
      "PosX": -4.858,
      "PosY": -9E-06,
      "PosZ": 8.073
    }
  ],
  "CrowdList": [],
  "PedestrianList": [],
  "SmartObjectList": []
}