{
  "GroupGUID": "022b0881-23d3-4aee-95c7-3fda5b007010",
  "GroupName": "MainMission1011503_",
  "Category": "Mission",
  "AreaAnchorName": "LevelArea_P10000_F10000000_G44",
  "SaveType": "Reset",
  "LoadCondition": {
    "Conditions": [
      {
        "ID": 1011503
      }
    ]
  },
  "UnloadCondition": {
    "Conditions": [
      {
        "Phase": "Finish",
        "ID": 1011503
      }
    ]
  },
  "OwnerMainMissionID": 1011503,
  "ConflictIDList": [],
  "AnchorList": [
    {
      "Name": "Anchor1",
      "ID": 1,
      "PosX": 0.16,
      "PosY": 0.039,
      "PosZ": -0.604
    },
    {
      "Name": "Anchor2",
      "ID": 2,
      "PosX": 0.105,
      "PosY": 0.039,
      "PosZ": -4.01
    }
  ],
  "MonsterList": [],
  "PropList": [
    {
      "PropID": 100,
      "IsOverrideInitLevelGraph": true,
      "Trigger": {
        "Radius": 2.2,
        "DimX": 1,
        "DimY": 1,
        "DimZ": 1,
        "PointList": []
      },
      "CampID": 4,
      "CustomTriggerMap": {},
      "BridgeStateRotations": [],
      "DialogueGroups": [],
      "TalkDialogGroupIDList": [],
      "ServerInteractVerificationIDList": [],
      "Name": "Prop1",
      "ID": 300001,
      "PosX": 0.41,
      "PosY": -3E-06,
      "PosZ": 2.06
    },
    {
      "PropID": 100,
      "LoadOnInitial": false,
      "IsOverrideInitLevelGraph": true,
      "Trigger": {
        "Radius": 1.5,
        "DimX": 1,
        "DimY": 1,
        "DimZ": 1,
        "PointList": []
      },
      "CampID": 4,
      "CustomTriggerMap": {},
      "BridgeStateRotations": [],
      "DialogueGroups": [
        102010114
      ],
      "TalkDialogGroupIDList": [],
      "ServerInteractVerificationIDList": [],
      "Name": "Prop2",
      "ID": 300002,
      "PosX": 4.84,
      "PosY": 0.643,
      "PosZ": -0.74
    }
  ],
  "DistrictList": [],
  "WaypointList": [],
  "PathwayList": [],
  "BattleAreaList": [],
  "NPCList": [
    {
      "NPCID": 3001,
      "LoadOnInitial": false,
      "DialogueGroups": [
        101150241
      ],
      "ServerInteractVerificationIDList": [],
      "DefaultLookAtMode": "Closed",
      "BoardShowList": [],
      "TalkDialogGroupIDList": [],
      "DefaultAnimationType": "IdleState",
      "InitialHiddenNodeList": [],
      "Dialog": {
        "LevelGraph": "Config/Level/NPCDialogue/P10000/F10000000_G44/DialogueMain_F10000000_G44_N400001.json",
        "PackList": [],
        "EnableCondition": {
          "Conditions": [
            {
              "Type": "SubMission",
              "ID": 101150231
            }
          ]
        }
      },
      "Name": "NPC1",
      "RotY": 17.91,
      "ID": 400001,
      "PosX": 3.229,
      "PosY": -1E-05,
      "PosZ": 24.8
    },
    {
      "NPCID": 1003,
      "DialogueGroups": [
        101150239
      ],
      "ServerInteractVerificationIDList": [],
      "DefaultLookAtMode": "Closed",
      "BoardShowList": [],
      "TalkDialogGroupIDList": [],
      "DefaultIdleFreeStyleMotionID": 310030231,
      "InitialHiddenNodeList": [],
      "Dialog": {
        "LevelGraph": "Config/Level/NPCDialogue/P10000/F10000000_G44/DialogueMain_F10000000_G44_N400002.json",
        "PackList": [],
        "EnableCondition": {
          "Conditions": [
            {
              "Type": "SubMission",
              "ID": 101150229
            }
          ]
        }
      },
      "Name": "NPC2",
      "RotY": 241.4306,
      "ID": 400002,
      "PosX": 2.332,
      "PosY": -5E-06,
      "PosZ": 4.649
    },
    {
      "NPCID": 1004,
      "DialogueGroups": [
        101150240
      ],
      "ServerInteractVerificationIDList": [],
      "DefaultLookAtMode": "Closed",
      "BoardShowList": [],
      "TalkDialogGroupIDList": [],
      "DefaultIdleFreeStyleMotionID": 310040230,
      "InitialHiddenNodeList": [],
      "Dialog": {
        "LevelGraph": "Config/Level/NPCDialogue/P10000/F10000000_G44/DialogueMain_F10000000_G44_N400003.json",
        "PackList": [],
        "EnableCondition": {
          "Conditions": [
            {
              "Type": "SubMission",
              "ID": 101150230
            }
          ]
        }
      },
      "Name": "NPC3",
      "RotY": 299.5187,
      "ID": 400003,
      "PosX": -2.504,
      "PosY": -4E-06,
      "PosZ": -0.23
    }
  ],
  "CrowdList": [],
  "PedestrianList": []
}