{
  "GroupGUID": "cd5bcccf-eb56-4213-b3fd-bbcd8e91759c",
  "GroupName": "MainMission8021301_02",
  "Category": "Mission",
  "LevelGraph": "Config/Level/GroupGraph/F10000000/Group_F10000000_G175.json",
  "AreaAnchorName": "LevelArea_P10000_F10000000_G175",
  "SaveType": "Reset",
  "OwnerMainMissionID": 8021301,
  "ValueSource": {},
  "ConflictIDList": [],
  "IsHoyoGroup": true,
  "ConflictWhiteList": [],
  "TagContainer": {},
  "AnchorList": [],
  "MonsterList": [],
  "PropList": [
    {
      "PropID": 102197,
      "ValueSource": {},
      "CampID": 4,
      "CustomTriggerMap": {},
      "CustomTriggerMapV2": {},
      "BridgeStateRotations": [],
      "DialogueGroups": [],
      "TalkDialogGroupIDList": [],
      "ServerInteractVerificationIDList": [],
      "TriggerValidGuest": {},
      "TagContainer": {},
      "CameraCenterEntityList": [],
      "SpawnConfig": {
        "EntitySpawnConfig": {}
      },
      "Name": "Prop1",
      "RotY": 318.9989,
      "ID": 300001,
      "PosX": -4.313,
      "PosY": 0.664,
      "PosZ": -9.301001
    },
    {
      "PropID": 102108,
      "ValueSource": {},
      "CampID": 4,
      "CustomTriggerMap": {},
      "CustomTriggerMapV2": {},
      "BridgeStateRotations": [],
      "DialogueGroups": [],
      "TalkDialogGroupIDList": [],
      "ServerInteractVerificationIDList": [],
      "TriggerValidGuest": {},
      "TagContainer": {},
      "CameraCenterEntityList": [],
      "SpawnConfig": {
        "EntitySpawnConfig": {}
      },
      "Name": "Prop2",
      "RotY": 271.5,
      "ID": 300002,
      "PosX": -4.395,
      "PosY": 0.665,
      "PosZ": -8.783
    }
  ],
  "DistrictList": [],
  "WaypointList": [],
  "PathwayList": [],
  "BattleAreaList": [],
  "NPCList": [
    {
      "NPCID": 3124,
      "ValueSource": {},
      "StaticNPC": true,
      "DialogueGroups": [],
      "ServerInteractVerificationIDList": [],
      "BoardShowList": [],
      "TalkDialogGroupIDList": [],
      "DefaultIdleFreeStyleMotionID": 100020000,
      "InitialHiddenNodeList": [],
      "OverrideReplaceMaterialKey": "StoryHoloGram_Common",
      "TagContainer": {},
      "CameraCenterEntityList": [],
      "SpawnConfig": {
        "OverrideSpawn": true,
        "EntitySpawnConfig": {
          "NeedBlackIn": false
        }
      },
      "TriggerValidGuest": {},
      "Name": "NPC1",
      "RotY": 144.6677,
      "ID": 400001,
      "PosX": -4.357,
      "PosY": 0.741,
      "PosZ": -9.305
    }
  ],
  "CrowdList": [],
  "PedestrianList": [],
  "SmartObjectList": []
}