{
  "GroupGUID": "5294617e-939e-43b3-b66b-96b626845f63",
  "GroupName": "MainMission1030101_16",
  "Category": "Mission",
  "AreaAnchorName": "LevelArea_P10000_F10000000_G146",
  "SaveType": "Reset",
  "SavedValueCondition": {
    "Operation": "And"
  },
  "OwnerMainMissionID": 1030101,
  "ValueSource": {},
  "ConflictIDList": [],
  "IsHoyoGroup": true,
  "HoYoGroupType": "Container",
  "ConflictWhiteList": [],
  "AnchorList": [],
  "MonsterList": [],
  "PropList": [],
  "DistrictList": [],
  "WaypointList": [],
  "PathwayList": [],
  "BattleAreaList": [],
  "NPCList": [],
  "CrowdList": [],
  "PedestrianList": [],
  "SmartObjectList": []
}