{
  "GroupGUID": "2c667adf-7bae-4599-997a-e279e2a1b9bd",
  "GroupName": "MainMission4050007_Pam",
  "Category": "Mission",
  "AreaAnchorName": "LevelArea_P10000_F10000000_G64",
  "LoadCondition": {
    "Conditions": [
      {
        "Type": "SubMission",
        "ID": 405000702
      }
    ]
  },
  "UnloadCondition": {
    "Conditions": [
      {
        "Phase": "Finish",
        "ID": 4050007
      }
    ]
  },
  "LoadSide": "Server",
  "OwnerMainMissionID": 4050007,
  "GroupRefreshID": 1,
  "ConflictIDList": [],
  "AnchorList": [
    {
      "Name": "Anchor1",
      "ID": 1,
      "PosX": -0.278,
      "PosY": -4E-06,
      "PosZ": 4.72
    },
    {
      "Name": "Anchor2",
      "RotY": 180.0001,
      "ID": 2,
      "PosX": 0.02,
      "PosZ": 6.35
    },
    {
      "Name": "Anchor3",
      "RotY": 225.0001,
      "ID": 3,
      "PosX": -4.58,
      "PosY": -1E-05,
      "PosZ": 22.79
    },
    {
      "Name": "Anchor4",
      "RotY": 270.0002,
      "ID": 4,
      "PosX": -5.675,
      "PosY": -7E-06,
      "PosZ": 12.319
    }
  ],
  "MonsterList": [],
  "PropList": [],
  "DistrictList": [],
  "WaypointList": [],
  "PathwayList": [],
  "BattleAreaList": [],
  "NPCList": [
    {
      "NPCID": 3001,
      "LevelGraph": "Config/Level/Maze/Chapter00/Train/Train_PamAction.json",
      "DialogueGroups": [],
      "ServerInteractVerificationIDList": [
        1,
        2,
        3,
        4
      ],
      "BoardShowList": [
        4,
        8
      ],
      "TalkDialogGroupIDList": [],
      "DefaultIdleFreeStyleMotionID": 900010220,
      "IsMapContent": true,
      "InitialHiddenNodeList": [],
      "Dialog": {
        "LevelGraph": "Config/Level/NPCDialogue/P10000/F10000000_G56/DialogueMain_F10000000_G56_N400001.json",
        "PackList": [
          {
            "Name": "PamMission_4050007",
            "LevelGraph": "Config/Level/NPCDialogue/P10000/F10000000_G56/DialoguePack_PamMission_4050007_F10000000_G56_N400001.json"
          },
          {
            "Name": "FakePamBase",
            "LevelGraph": "Config/Level/NPCDialogue/P10000/F10000000_G56/DialoguePack_FakePamBase_F10000000_G56_N400001.json"
          }
        ]
      },
      "ConnectWithSubMissionIDList": [
        405000702
      ],
      "Name": "NPC1",
      "RotY": 270.0002,
      "ID": 400001,
      "PosX": -5.675,
      "PosY": -7E-06,
      "PosZ": 12.319
    }
  ],
  "CrowdList": [],
  "PedestrianList": []
}