{
  "GroupGUID": "ae27fdc9-c8c8-4429-8f9c-711cbf70f8db",
  "GroupName": "MainMission8021303_02",
  "Category": "Mission",
  "LevelGraph": "Config/Level/GroupGraph/F10000000/Group_F10000000_G176.json",
  "AreaAnchorName": "LevelArea_P10000_F10000000_G176",
  "SaveType": "Reset",
  "OwnerMainMissionID": 8021303,
  "ValueSource": {},
  "ConflictIDList": [],
  "IsHoyoGroup": true,
  "ConflictWhiteList": [],
  "TagContainer": {},
  "AnchorList": [],
  "MonsterList": [],
  "PropList": [
    {
      "PropID": 102108,
      "ValueSource": {},
      "Trigger": {
        "Radius": 1.5,
        "DimX": 1,
        "DimY": 1,
        "DimZ": 1,
        "PointList": []
      },
      "CampID": 4,
      "CustomTriggerMap": {},
      "CustomTriggerMapV2": {},
      "BridgeStateRotations": [],
      "DialogueGroups": [],
      "TalkDialogGroupIDList": [],
      "ServerInteractVerificationIDList": [],
      "Dialog": {
        "LevelGraph": "Config/Level/PropDialogue/P10000/F10000000_G176/DialogueMain_F10000000_G176_P300001.json",
        "PackList": []
      },
      "InteractIconType": "ChatIcon",
      "InteractTitle": {
        "Hash": 1320086032
      },
      "TriggerValidGuest": {},
      "TagContainer": {},
      "CameraCenterEntityList": [],
      "SpawnConfig": {
        "EntitySpawnConfig": {}
      },
      "Name": "Prop1",
      "ID": 300001,
      "PosX": -4.453,
      "PosY": 0.665,
      "PosZ": -9.171
    }
  ],
  "DistrictList": [],
  "WaypointList": [],
  "PathwayList": [],
  "BattleAreaList": [],
  "NPCList": [
    {
      "NPCID": 100,
      "ValueSource": {},
      "StaticNPC": true,
      "DialogueGroups": [],
      "ServerInteractVerificationIDList": [],
      "MappingInfoID": 2400,
      "BoardShowList": [
        4
      ],
      "TalkDialogGroupIDList": [],
      "IsMapContent": true,
      "MiniMapIconType": 211,
      "InitialHiddenNodeList": [],
      "TagContainer": {},
      "CameraCenterEntityList": [],
      "SpawnConfig": {
        "OverrideSpawn": true,
        "EntitySpawnConfig": {
          "NeedBlackIn": false
        }
      },
      "TriggerValidGuest": {},
      "Name": "NPC1",
      "ID": 400001,
      "PosX": -4.453,
      "PosY": -0.57,
      "PosZ": -9.171
    },
    {
      "NPCID": 100,
      "ValueSource": {},
      "StaticNPC": true,
      "DialogueGroups": [],
      "ServerInteractVerificationIDList": [],
      "BoardShowList": [],
      "TalkDialogGroupIDList": [],
      "IsMapContent": true,
      "MiniMapIconType": 211,
      "InitialHiddenNodeList": [],
      "TagContainer": {},
      "CameraCenterEntityList": [],
      "SpawnConfig": {
        "OverrideSpawn": true,
        "EntitySpawnConfig": {
          "NeedBlackIn": false
        }
      },
      "TriggerValidGuest": {},
      "Name": "NPC2",
      "ID": 400002,
      "PosX": -4.453,
      "PosY": 1.389171,
      "PosZ": -9.171
    }
  ],
  "CrowdList": [],
  "PedestrianList": [],
  "SmartObjectList": []
}