{
  "GroupGUID": "d24674f3-7007-465a-9a37-abf53fd9d73f",
  "GroupName": "MainMission4010105__Pam2",
  "Category": "Mission",
  "AreaAnchorName": "LevelArea_P10000_F10000000_G119",
  "SaveType": "Reset",
  "LoadCondition": {
    "Conditions": [
      {
        "Type": "SubMission",
        "ID": 401010509
      }
    ]
  },
  "UnloadCondition": {
    "Conditions": [
      {
        "Phase": "Finish",
        "ID": 4010105
      }
    ]
  },
  "OwnerMainMissionID": 4010105,
  "ConflictIDList": [],
  "AnchorList": [],
  "MonsterList": [],
  "PropList": [],
  "DistrictList": [],
  "WaypointList": [],
  "PathwayList": [],
  "BattleAreaList": [],
  "NPCList": [
    {
      "NPCID": 3001,
      "LoadOnInitial": false,
      "DialogueGroups": [
        401010554,
        401010565,
        401010566,
        401010504
      ],
      "ServerInteractVerificationIDList": [],
      "DefaultLookAtMode": "Closed",
      "BoardShowList": [],
      "TalkDialogGroupIDList": [],
      "DefaultIdleFreeStyleMotionID": 900010000,
      "InitialHiddenNodeList": [],
      "Name": "NPC1",
      "RotY": 154.4996,
      "ID": 400001,
      "PosX": 2.726,
      "PosY": -1E-06,
      "PosZ": 0.525
    }
  ],
  "CrowdList": [],
  "PedestrianList": []
}