{
  "GroupGUID": "69ee2df1-2de3-400e-8b1a-5986e88ea1f8",
  "GroupName": "MainMission1020101_05",
  "Category": "Mission",
  "AreaAnchorName": "LevelArea_P10000_F10000000_G123",
  "SaveType": "Reset",
  "LoadCondition": {
    "Conditions": [
      {
        "Type": "SubMission",
        "ID": 102010104
      },
      {
        "Type": "SubMission",
        "ID": 102010105
      }
    ],
    "Operation": "Or"
  },
  "UnloadCondition": {
    "Conditions": [
      {
        "Type": "SubMission",
        "Phase": "Finish",
        "ID": 102010105
      }
    ]
  },
  "LoadSide": "Server",
  "OwnerMainMissionID": 1020101,
  "ConflictIDList": [],
  "AnchorList": [],
  "MonsterList": [],
  "PropList": [],
  "DistrictList": [],
  "WaypointList": [],
  "PathwayList": [],
  "BattleAreaList": [],
  "NPCList": [
    {
      "NPCID": 3001,
      "LevelGraph": "Config/Level/Maze/Chapter00/Train/Train_PamAction.json",
      "DialogueGroups": [],
      "ServerInteractVerificationIDList": [
        1,
        2,
        3,
        4
      ],
      "BoardShowList": [],
      "TalkDialogGroupIDList": [],
      "DefaultAnimationType": "IdleState",
      "InitialHiddenNodeList": [],
      "Dialog": {
        "LevelGraph": "Config/Level/NPCDialogue/P10000/F10000000_G25/DialogueMain_F10000000_G25_N400004.json",
        "PackList": [
          {
            "Name": "FakePamBase",
            "LevelGraph": "Config/Level/NPCDialogue/P10000/F10000000_G56/DialoguePack_FakePamBase_F10000000_G56_N400001.json"
          }
        ]
      },
      "Name": "NPC1",
      "RotY": 332.41,
      "ID": 400001,
      "PosX": 2.28,
      "PosY": -2E-06,
      "PosZ": -0.09
    }
  ],
  "CrowdList": [],
  "PedestrianList": []
}