{
  "GroupGUID": "76530bc7-f21c-4808-a65d-1e8df8cae4f0",
  "GroupName": "MainMission1030101_13",
  "Category": "Mission",
  "AreaAnchorName": "LevelArea_P10000_F10000000_G163",
  "SaveType": "Reset",
  "OwnerMainMissionID": 1030101,
  "ValueSource": {},
  "ConflictIDList": [],
  "IsHoyoGroup": true,
  "HoYoGroupType": "Container",
  "ConflictWhiteList": [],
  "AnchorList": [],
  "MonsterList": [],
  "PropList": [],
  "DistrictList": [],
  "WaypointList": [],
  "PathwayList": [],
  "BattleAreaList": [],
  "NPCList": [
    {
      "NPCID": 100,
      "ValueSource": {},
      "DialogueGroups": [],
      "ServerInteractVerificationIDList": [],
      "BoardShowList": [],
      "TalkDialogGroupIDList": [],
      "OverrideSeriesID": 100401,
      "InitialHiddenNodeList": [],
      "SpawnConfig": {
        "CaptureDistanceTolerance": 10,
        "EntitySpawnConfig": {}
      },
      "Name": "NPC1",
      "ID": 400001,
      "PosX": 3.836908,
      "PosY": 1.419632,
      "PosZ": 4.510436
    },
    {
      "NPCID": 100,
      "ValueSource": {},
      "DialogueGroups": [],
      "ServerInteractVerificationIDList": [],
      "BoardShowList": [],
      "TalkDialogGroupIDList": [],
      "OverrideSeriesID": 100301,
      "InitialHiddenNodeList": [],
      "SpawnConfig": {
        "CaptureDistanceTolerance": 10,
        "EntitySpawnConfig": {}
      },
      "Name": "NPC2",
      "ID": 400002,
      "PosX": 3.836908,
      "PosY": 1.419632,
      "PosZ": 4.510436
    }
  ],
  "CrowdList": [],
  "PedestrianList": [],
  "SmartObjectList": []
}