{
  "GroupGUID": "db48c76c-2385-485f-91d0-20f41fab52cf",
  "GroupName": "Sound",
  "AreaAnchorName": "LevelArea_P10000_F10000000_G33",
  "SaveType": "Reset",
  "LoadOnInitial": true,
  "ConflictIDList": [],
  "AnchorList": [],
  "MonsterList": [],
  "PropList": [],
  "DistrictList": [
    {
      "Trigger": {
        "Shape": "Box",
        "Radius": 1,
        "DimX": 20,
        "DimY": 10,
        "DimZ": 60,
        "PointList": []
      },
      "OnEnterAudioState": [
        {
          "GroupName": "StateGroup_Starrail",
          "StateName": "State_Corridor"
        }
      ],
      "Name": "District1",
      "ID": 1,
      "PosY": 1.3,
      "PosZ": 2.2
    },
    {
      "Trigger": {
        "Shape": "Box",
        "Radius": 1,
        "DimX": 20,
        "DimY": 10,
        "DimZ": 60,
        "PointList": []
      },
      "OnEnterRTPC": [
        {
          "RTPCName": "RTPC_Global_Reverb_Type",
          "RTPCValue": 5
        }
      ],
      "Name": "District2",
      "ID": 2
    }
  ],
  "WaypointList": [],
  "PathwayList": [],
  "BattleAreaList": [],
  "NPCList": [],
  "CrowdList": [],
  "PedestrianList": []
}