{
  "GroupGUID": "cdd3245f-a89f-4647-96d0-cfa964b30963",
  "GroupName": "TrainVisitorPet",
  "AreaAnchorName": "LevelArea_P10000_F10000000_G135",
  "SaveType": "Reset",
  "LoadOnInitial": true,
  "ValueSource": {},
  "ConflictIDList": [],
  "AnchorList": [],
  "MonsterList": [],
  "PropList": [],
  "DistrictList": [],
  "WaypointList": [],
  "PathwayList": [],
  "BattleAreaList": [],
  "NPCList": [
    {
      "NPCID": 3021,
      "LoadOnInitial": false,
      "ValueSource": {},
      "DialogueGroups": [],
      "ServerInteractVerificationIDList": [],
      "BoardShowList": [],
      "TalkDialogGroupIDList": [],
      "InitialHiddenNodeList": [],
      "SpawnConfig": {
        "CaptureDistanceTolerance": 10,
        "EntitySpawnConfig": {}
      },
      "Name": "NPC1",
      "ID": 400001,
      "PosX": -40.88087,
      "PosY": 2716.341,
      "PosZ": -50.94004
    },
    {
      "NPCID": 3024,
      "LoadOnInitial": false,
      "ValueSource": {},
      "DialogueGroups": [],
      "ServerInteractVerificationIDList": [],
      "BoardShowList": [],
      "TalkDialogGroupIDList": [],
      "DefaultIdleFreeStyleMotionID": 900080000,
      "InitialHiddenNodeList": [],
      "SpawnConfig": {
        "CaptureDistanceTolerance": 10,
        "EntitySpawnConfig": {}
      },
      "Name": "NPC2",
      "ID": 400002,
      "PosX": -40.88087,
      "PosY": 2716.341,
      "PosZ": -50.94004
    }
  ],
  "CrowdList": [],
  "PedestrianList": [],
  "SmartObjectList": []
}