{
  "GroupGUID": "cc29f04f-5cd0-4442-83a3-3fcf660eb50f",
  "GroupName": "MainMission1000502_",
  "Category": "Mission",
  "AreaAnchorName": "LevelArea_P10000_F10000000_G35",
  "SaveType": "Reset",
  "LoadCondition": {
    "Conditions": [
      {
        "ID": 1000502
      }
    ]
  },
  "OwnerMainMissionID": 1000502,
  "ConflictIDList": [],
  "AnchorList": [
    {
      "Name": "Anchor1",
      "ID": 1,
      "PosX": -0.13,
      "PosY": -8E-06,
      "PosZ": 18.28
    }
  ],
  "MonsterList": [],
  "PropList": [],
  "DistrictList": [],
  "WaypointList": [],
  "PathwayList": [],
  "BattleAreaList": [],
  "NPCList": [
    {
      "NPCID": 1003,
      "DialogueGroups": [
        100050405,
        100050406
      ],
      "ServerInteractVerificationIDList": [],
      "DefaultIdleStateName": "Sit01",
      "DefaultLookAtMode": "Closed",
      "BoardShowList": [
        4
      ],
      "TalkDialogGroupIDList": [],
      "DefaultIdleFreeStyleMotionID": 310030900,
      "InitialHiddenNodeList": [],
      "Dialog": {
        "LevelGraph": "Config/Level/NPCDialogue/P10000/F10000000_G35/DialogueMain_F10000000_G35_N400002.json",
        "PackList": [
          {
            "Name": "Transferred",
            "LevelGraph": "Config/Level/NPCDialogue/P10000/F10000000_G35/DialoguePack_Transferred_F10000000_G35_N400002.json"
          }
        ],
        "EnableCondition": {
          "Conditions": [
            {
              "Type": "SubMission",
              "ID": 100050405
            },
            {
              "Type": "SubMission",
              "ID": 100050406
            }
          ],
          "Operation": "Or"
        }
      },
      "ConnectWithSubMissionIDList": [
        100050405,
        100050406
      ],
      "Name": "NPC2",
      "RotY": 240.1102,
      "ID": 400002,
      "PosX": 3.589,
      "PosZ": 3.007
    },
    {
      "NPCID": 1004,
      "DialogueGroups": [
        100050407,
        100050408
      ],
      "ServerInteractVerificationIDList": [],
      "DefaultIdleStateName": "Sit01",
      "DefaultLookAtMode": "Closed",
      "BoardShowList": [
        4
      ],
      "TalkDialogGroupIDList": [],
      "DefaultIdleFreeStyleMotionID": 310040900,
      "InitialHiddenNodeList": [],
      "Dialog": {
        "LevelGraph": "Config/Level/NPCDialogue/P10000/F10000000_G35/DialogueMain_F10000000_G35_N400001.json",
        "PackList": [
          {
            "Name": "Transferred",
            "LevelGraph": "Config/Level/NPCDialogue/P10000/F10000000_G35/DialoguePack_Transferred_F10000000_G35_N400001.json"
          }
        ],
        "EnableCondition": {
          "Conditions": [
            {
              "Type": "SubMission",
              "ID": 100050407
            },
            {
              "Type": "SubMission",
              "ID": 100050408
            }
          ],
          "Operation": "Or"
        }
      },
      "ConnectWithSubMissionIDList": [
        100050407,
        100050408
      ],
      "Name": "NPC1",
      "RotY": 69.62791,
      "ID": 400001,
      "PosX": -4.42,
      "PosY": 0.021,
      "PosZ": -1.101
    },
    {
      "NPCID": 3001,
      "Trigger": {
        "Radius": 3,
        "DimX": 1,
        "DimY": 1,
        "DimZ": 1,
        "PointList": [],
        "Server": true
      },
      "AIConfig": {
        "PathwayList": [],
        "SlaveConfigList": []
      },
      "DialogueGroups": [],
      "ServerInteractVerificationIDList": [
        1,
        2,
        3,
        4
      ],
      "MappingInfoID": 2215,
      "BoardShowList": [
        4,
        8
      ],
      "TalkChosenType": "random",
      "TalkDialogGroupIDList": [
        100050221
      ],
      "DefaultIdleFreeStyleMotionID": 900010000,
      "InitialHiddenNodeList": [],
      "Dialog": {
        "LevelGraph": "Config/Level/NPCDialogue/P10000/F10000000_G35/DialogueMain_F10000000_G35_N400003.json",
        "PackList": []
      },
      "Name": "NPC3",
      "RotY": 220.6075,
      "ID": 400003,
      "PosX": 3.47,
      "PosY": -7E-06,
      "PosZ": 21.13
    }
  ],
  "CrowdList": [],
  "PedestrianList": []
}