{
  "GroupGUID": "c60114b1-32d2-47ec-a97d-cf575c48726e",
  "GroupName": "MainMission4010105_",
  "Category": "Mission",
  "AreaAnchorName": "LevelArea_P10000_F10000000_G48",
  "SaveType": "Reset",
  "LoadCondition": {
    "Conditions": [
      {
        "Type": "SubMission",
        "ID": 401010510
      },
      {
        "Type": "SubMission",
        "ID": 401010503
      }
    ],
    "Operation": "Or"
  },
  "UnloadCondition": {
    "Conditions": [
      {
        "Phase": "Finish",
        "ID": 4010105
      }
    ]
  },
  "OwnerMainMissionID": 4010105,
  "ConflictIDList": [],
  "AnchorList": [
    {
      "Name": "Anchor1",
      "RotY": 120.6301,
      "ID": 1,
      "PosX": -2.537,
      "PosY": -6E-06,
      "PosZ": 7.43
    },
    {
      "Name": "Anchor2",
      "RotY": 44.54552,
      "ID": 2,
      "PosX": 3.453,
      "PosY": -1E-06,
      "PosZ": -10.131
    },
    {
      "Name": "Anchor3",
      "RotY": 234.5723,
      "ID": 3,
      "PosX": -2.623,
      "PosZ": -15.294
    },
    {
      "Name": "Anchor4",
      "ID": 4,
      "PosZ": -10.05
    },
    {
      "Name": "Anchor5",
      "RotY": 241.7485,
      "ID": 5,
      "PosX": -4.43,
      "PosZ": -12.571
    },
    {
      "Name": "Anchor6",
      "RotY": 203.8746,
      "ID": 6,
      "PosX": 3.787,
      "PosY": -3E-06,
      "PosZ": 0.452
    },
    {
      "Name": "Anchor7",
      "RotY": 256.5804,
      "ID": 7,
      "PosX": 4.523,
      "PosY": 1E-06,
      "PosZ": -0.419
    },
    {
      "Name": "Anchor8",
      "RotY": 154.4996,
      "ID": 8,
      "PosX": 2.726,
      "PosY": -1E-06,
      "PosZ": 0.525
    },
    {
      "Name": "Anchor9",
      "RotY": 82.55569,
      "ID": 9,
      "PosX": -5.55,
      "PosY": 2E-06,
      "PosZ": -12.9
    },
    {
      "Name": "Anchor10",
      "RotY": 262.7391,
      "ID": 10,
      "PosX": -5.059,
      "PosZ": -12.894
    },
    {
      "Name": "Anchor11",
      "ID": 11,
      "PosX": -1.38,
      "PosZ": 3.16
    },
    {
      "Name": "Anchor12",
      "RotY": 11.00509,
      "ID": 12,
      "PosX": 3.343,
      "PosY": -3E-06,
      "PosZ": -0.893
    },
    {
      "RotX": 5.000001,
      "Usage": "Camera",
      "Name": "Anchor13",
      "RotY": 2.983529,
      "ID": 13,
      "PosX": 3.39,
      "PosY": 1.21,
      "PosZ": -4.09
    }
  ],
  "MonsterList": [],
  "PropList": [
    {
      "PropID": 100,
      "LoadOnInitial": false,
      "IsOverrideInitLevelGraph": true,
      "Trigger": {
        "Radius": 1.5,
        "DimX": 1,
        "DimY": 1,
        "DimZ": 1,
        "PointList": []
      },
      "CampID": 4,
      "OverrideHintRange": 10,
      "CustomTriggerMap": {},
      "BridgeStateRotations": [],
      "DialogueGroups": [],
      "TalkDialogGroupIDList": [],
      "ServerInteractVerificationIDList": [],
      "Name": "Prop1",
      "ID": 300001,
      "PosX": 4.777,
      "PosY": 1.122,
      "PosZ": -8.185
    },
    {
      "PropID": 100,
      "LoadOnInitial": false,
      "IsOverrideInitLevelGraph": true,
      "Trigger": {
        "Radius": 1.5,
        "DimX": 1,
        "DimY": 1,
        "DimZ": 1,
        "PointList": []
      },
      "CampID": 4,
      "OverrideHintRange": 10,
      "CustomTriggerMap": {},
      "BridgeStateRotations": [],
      "DialogueGroups": [],
      "TalkDialogGroupIDList": [],
      "ServerInteractVerificationIDList": [],
      "Name": "Prop2",
      "ID": 300002,
      "PosX": 5.758,
      "PosY": 0.708,
      "PosZ": -12.316
    },
    {
      "PropID": 100,
      "LoadOnInitial": false,
      "IsOverrideInitLevelGraph": true,
      "Trigger": {
        "Radius": 1.5,
        "DimX": 1,
        "DimY": 1,
        "DimZ": 1,
        "PointList": []
      },
      "CampID": 4,
      "OverrideHintRange": 10,
      "CustomTriggerMap": {},
      "BridgeStateRotations": [],
      "DialogueGroups": [],
      "TalkDialogGroupIDList": [],
      "ServerInteractVerificationIDList": [],
      "Name": "Prop3",
      "ID": 300003,
      "PosX": -6.172,
      "PosY": 1.391,
      "PosZ": -12.923
    },
    {
      "PropID": 100,
      "LoadOnInitial": false,
      "IsOverrideInitLevelGraph": true,
      "Trigger": {
        "Radius": 2,
        "DimX": 1,
        "DimY": 1,
        "DimZ": 1,
        "PointList": []
      },
      "CampID": 4,
      "OverrideHintRange": 10,
      "CustomTriggerMap": {},
      "BridgeStateRotations": [],
      "DialogueGroups": [],
      "TalkDialogGroupIDList": [],
      "ServerInteractVerificationIDList": [],
      "Name": "Prop4",
      "ID": 300004,
      "PosX": -6.258,
      "PosY": 1.328,
      "PosZ": -13.001
    },
    {
      "PropID": 100,
      "LoadOnInitial": false,
      "IsOverrideInitLevelGraph": true,
      "CampID": 4,
      "CustomTriggerMap": {},
      "BridgeStateRotations": [],
      "DialogueGroups": [],
      "TalkDialogGroupIDList": [],
      "ServerInteractVerificationIDList": [],
      "Name": "Prop5",
      "ID": 300005,
      "PosX": -0.03,
      "PosY": -3E-06,
      "PosZ": -0.339
    },
    {
      "Scale": {
        "X": 11.83891,
        "Y": 1,
        "Z": 1
      },
      "PropID": 100,
      "IsOverrideInitLevelGraph": true,
      "Trigger": {
        "Shape": "Box",
        "Radius": 1,
        "DimX": 1,
        "DimY": 1,
        "DimZ": 1,
        "PointList": []
      },
      "CampID": 4,
      "CustomTriggerMap": {},
      "BridgeStateRotations": [],
      "DialogueGroups": [],
      "TalkDialogGroupIDList": [],
      "ServerInteractVerificationIDList": [],
      "Name": "Prop6",
      "ID": 300006,
      "PosX": -0.03,
      "PosY": -3E-06,
      "PosZ": 0.47
    },
    {
      "Scale": {
        "X": 7.628,
        "Y": 1,
        "Z": 1
      },
      "PropID": 100,
      "IsOverrideInitLevelGraph": true,
      "Trigger": {
        "Shape": "Box",
        "Radius": 1,
        "DimX": 1,
        "DimY": 1,
        "DimZ": 1,
        "PointList": []
      },
      "CampID": 4,
      "CustomTriggerMap": {},
      "BridgeStateRotations": [],
      "DialogueGroups": [],
      "TalkDialogGroupIDList": [],
      "ServerInteractVerificationIDList": [],
      "Name": "Prop7",
      "ID": 300007,
      "PosX": -0.03,
      "PosY": -3E-06,
      "PosZ": -4.51
    },
    {
      "PropID": 100,
      "IsOverrideInitLevelGraph": true,
      "Trigger": {
        "Radius": 5,
        "DimX": 1,
        "DimY": 1,
        "DimZ": 1,
        "PointList": []
      },
      "CampID": 4,
      "CustomTriggerMap": {},
      "BridgeStateRotations": [],
      "DialogueGroups": [],
      "TalkDialogGroupIDList": [],
      "ServerInteractVerificationIDList": [],
      "Name": "Prop8",
      "ID": 300008,
      "PosX": -2.537,
      "PosY": -6E-06,
      "PosZ": 7.43
    }
  ],
  "DistrictList": [],
  "WaypointList": [],
  "PathwayList": [],
  "BattleAreaList": [],
  "NPCList": [
    {
      "NPCID": 1004,
      "DialogueGroups": [
        401010552,
        401010561,
        401010562,
        401010509
      ],
      "ServerInteractVerificationIDList": [],
      "DefaultLookAtMode": "Closed",
      "BoardShowList": [],
      "TalkDialogGroupIDList": [
        0
      ],
      "DefaultIdleFreeStyleMotionID": 310040231,
      "InitialHiddenNodeList": [],
      "Dialog": {
        "LevelGraph": "Config/Level/NPCDialogue/P10000/F10000000_G48/DialogueMain_F10000000_G48_N400001.json",
        "PackList": [
          {
            "Name": "Transferred",
            "LevelGraph": "Config/Level/NPCDialogue/P10000/F10000000_G48/DialoguePack_Transferred_F10000000_G48_N400001.json"
          }
        ],
        "EnableCondition": {
          "Conditions": [
            {
              "Type": "SubMission",
              "ID": 401010505
            },
            {
              "Type": "SubMission",
              "ID": 401010561
            },
            {
              "Type": "SubMission",
              "ID": 401010506
            },
            {
              "Type": "SubMission",
              "ID": 401010509
            }
          ],
          "Operation": "Or"
        }
      },
      "ConnectWithSubMissionIDList": [
        401010505,
        401010561,
        401010506,
        401010509
      ],
      "Name": "NPC1",
      "RotY": 44.54552,
      "ID": 400001,
      "PosX": 3.453,
      "PosY": -1E-06,
      "PosZ": -10.131
    },
    {
      "NPCID": 1003,
      "DialogueGroups": [
        401010553,
        401010563,
        401010564
      ],
      "ServerInteractVerificationIDList": [],
      "DefaultLookAtMode": "Closed",
      "BoardShowList": [],
      "TalkDialogGroupIDList": [],
      "DefaultIdleFreeStyleMotionID": 310030222,
      "InitialHiddenNodeList": [],
      "Dialog": {
        "LevelGraph": "Config/Level/NPCDialogue/P10000/F10000000_G48/DialogueMain_F10000000_G48_N400002.json",
        "PackList": [
          {
            "Name": "Transferred",
            "LevelGraph": "Config/Level/NPCDialogue/P10000/F10000000_G48/DialoguePack_Transferred_F10000000_G48_N400002.json"
          }
        ],
        "EnableCondition": {
          "Conditions": [
            {
              "Type": "SubMission",
              "ID": 401010505
            },
            {
              "Type": "SubMission",
              "ID": 401010563
            },
            {
              "Type": "SubMission",
              "ID": 401010506
            }
          ],
          "Operation": "Or"
        }
      },
      "ConnectWithSubMissionIDList": [
        401010505,
        401010563,
        401010506
      ],
      "Name": "NPC2",
      "RotY": 234.5723,
      "ID": 400002,
      "PosX": -2.623,
      "PosZ": -15.294
    },
    {
      "NPCID": 3001,
      "LoadOnInitial": false,
      "DialogueGroups": [
        401010554,
        401010565,
        401010566,
        401010504
      ],
      "ServerInteractVerificationIDList": [],
      "DefaultLookAtMode": "Closed",
      "BoardShowList": [],
      "TalkDialogGroupIDList": [],
      "DefaultIdleFreeStyleMotionID": 900010000,
      "InitialHiddenNodeList": [],
      "Dialog": {
        "LevelGraph": "Config/Level/NPCDialogue/P10000/F10000000_G48/DialogueMain_F10000000_G48_N400003.json",
        "PackList": [
          {
            "Name": "Transferred",
            "LevelGraph": "Config/Level/NPCDialogue/P10000/F10000000_G48/DialoguePack_Transferred_F10000000_G48_N400003.json"
          }
        ],
        "EnableCondition": {
          "Conditions": [
            {
              "Type": "SubMission",
              "ID": 401010505
            },
            {
              "Type": "SubMission",
              "ID": 401010565
            },
            {
              "Type": "SubMission",
              "ID": 401010506
            },
            {
              "Type": "SubMission",
              "ID": 401010504
            }
          ],
          "Operation": "Or"
        }
      },
      "ConnectWithSubMissionIDList": [
        401010505,
        401010565,
        401010506,
        401010504
      ],
      "Name": "NPC3",
      "RotY": 120.6301,
      "ID": 400003,
      "PosX": -2.537,
      "PosY": -6E-06,
      "PosZ": 7.43
    },
    {
      "NPCID": 1992,
      "LoadOnInitial": false,
      "DialogueGroups": [],
      "ServerInteractVerificationIDList": [],
      "DefaultLookAtMode": "Closed",
      "BoardShowList": [],
      "TalkDialogGroupIDList": [],
      "DefaultIdleFreeStyleMotionID": 380020000,
      "InitialHiddenNodeList": [],
      "Name": "NPC4",
      "RotY": 262.7391,
      "ID": 400004,
      "PosX": -5.059,
      "PosZ": -12.894
    },
    {
      "NPCID": 3012,
      "LevelGraph": "Config/Level/NPC/NPC_Train_Messenger_Mission.json",
      "LoadOnInitial": false,
      "Trigger": {
        "Radius": 2,
        "DimX": 1,
        "DimY": 1,
        "DimZ": 1,
        "PointList": [],
        "Server": true
      },
      "DialogueGroups": [],
      "ServerInteractVerificationIDList": [
        16
      ],
      "DefaultLookAtMode": "Closed",
      "BoardShowList": [],
      "OverrideNPCName": {
        "Hash": 1209718592
      },
      "TalkChosenType": "loop",
      "TalkDialogGroupIDList": [],
      "DefaultIdleFreeStyleMotionID": 100020000,
      "IsMapContent": true,
      "InitialHiddenNodeList": [],
      "Name": "NPC5",
      "RotY": 82.55569,
      "ID": 400005,
      "PosX": -5.55,
      "PosY": 2E-06,
      "PosZ": -12.9
    },
    {
      "NPCID": 1004,
      "LoadOnInitial": false,
      "DialogueGroups": [
        401010552,
        401010561,
        401010562,
        401010509
      ],
      "ServerInteractVerificationIDList": [],
      "DefaultLookAtMode": "Closed",
      "BoardShowList": [],
      "TalkDialogGroupIDList": [
        0
      ],
      "DefaultIdleFreeStyleMotionID": 310040222,
      "InitialHiddenNodeList": [],
      "Dialog": {
        "LevelGraph": "Config/Level/NPCDialogue/P10000/F10000000_G48/DialogueMain_F10000000_G48_N400006.json",
        "PackList": [
          {
            "Name": "Transferred",
            "LevelGraph": "Config/Level/NPCDialogue/P10000/F10000000_G48/DialoguePack_Transferred_F10000000_G48_N400006.json"
          }
        ],
        "EnableCondition": {
          "Conditions": [
            {
              "Type": "SubMission",
              "ID": 401010505
            },
            {
              "Type": "SubMission",
              "ID": 401010561
            },
            {
              "Type": "SubMission",
              "ID": 401010506
            },
            {
              "Type": "SubMission",
              "ID": 401010509
            }
          ],
          "Operation": "Or"
        }
      },
      "ConnectWithSubMissionIDList": [
        401010505,
        401010561,
        401010506,
        401010509
      ],
      "Name": "NPC6",
      "RotY": 203.8746,
      "ID": 400006,
      "PosX": 3.787,
      "PosY": -3E-06,
      "PosZ": 0.452
    },
    {
      "NPCID": 1003,
      "LoadOnInitial": false,
      "DialogueGroups": [
        401010553,
        401010563,
        401010564
      ],
      "ServerInteractVerificationIDList": [],
      "DefaultIdleStateName": "Sit01",
      "BoardShowList": [],
      "TalkDialogGroupIDList": [],
      "DefaultIdleFreeStyleMotionID": 310030900,
      "InitialHiddenNodeList": [],
      "Dialog": {
        "LevelGraph": "Config/Level/NPCDialogue/P10000/F10000000_G48/DialogueMain_F10000000_G48_N400007.json",
        "PackList": [
          {
            "Name": "Transferred",
            "LevelGraph": "Config/Level/NPCDialogue/P10000/F10000000_G48/DialoguePack_Transferred_F10000000_G48_N400007.json"
          }
        ],
        "EnableCondition": {
          "Conditions": [
            {
              "Type": "SubMission",
              "ID": 401010505
            },
            {
              "Type": "SubMission",
              "ID": 401010563
            },
            {
              "Type": "SubMission",
              "ID": 401010506
            }
          ],
          "Operation": "Or"
        }
      },
      "ConnectWithSubMissionIDList": [
        401010505,
        401010563,
        401010506
      ],
      "Name": "NPC7",
      "RotY": 256.5804,
      "ID": 400007,
      "PosX": 4.523,
      "PosY": 1E-06,
      "PosZ": -0.419
    },
    {
      "NPCID": 3001,
      "LoadOnInitial": false,
      "DialogueGroups": [
        401010554,
        401010565,
        401010566
      ],
      "ServerInteractVerificationIDList": [],
      "DefaultLookAtMode": "Closed",
      "BoardShowList": [],
      "TalkDialogGroupIDList": [],
      "DefaultIdleFreeStyleMotionID": 900010000,
      "InitialHiddenNodeList": [],
      "Dialog": {
        "LevelGraph": "Config/Level/NPCDialogue/P10000/F10000000_G48/DialogueMain_F10000000_G48_N400008.json",
        "PackList": [
          {
            "Name": "Transferred",
            "LevelGraph": "Config/Level/NPCDialogue/P10000/F10000000_G48/DialoguePack_Transferred_F10000000_G48_N400008.json"
          }
        ],
        "EnableCondition": {
          "Conditions": [
            {
              "Type": "SubMission",
              "ID": 401010505
            },
            {
              "Type": "SubMission",
              "ID": 401010565
            },
            {
              "Type": "SubMission",
              "ID": 401010506
            }
          ],
          "Operation": "Or"
        }
      },
      "ConnectWithSubMissionIDList": [
        401010505,
        401010565,
        401010506
      ],
      "Name": "NPC8",
      "RotY": 154.4996,
      "ID": 400008,
      "PosX": 2.726,
      "PosY": -1E-06,
      "PosZ": 0.525
    },
    {
      "NPCID": 1991,
      "LoadOnInitial": false,
      "DialogueGroups": [],
      "ServerInteractVerificationIDList": [],
      "BoardShowList": [],
      "TalkDialogGroupIDList": [],
      "DefaultIdleFreeStyleMotionID": 380010000,
      "InitialHiddenNodeList": [],
      "Name": "NPC9",
      "RotY": 11.00509,
      "ID": 400009,
      "PosX": 3.343,
      "PosY": -3E-06,
      "PosZ": -0.893
    },
    {
      "NPCID": 3001,
      "LoadOnInitial": false,
      "DialogueGroups": [
        401010554,
        401010565,
        401010566,
        401010504
      ],
      "ServerInteractVerificationIDList": [],
      "DefaultLookAtMode": "Closed",
      "BoardShowList": [],
      "TalkDialogGroupIDList": [],
      "DefaultIdleFreeStyleMotionID": 900010000,
      "InitialHiddenNodeList": [],
      "Name": "NPC10",
      "RotY": 154.4996,
      "ID": 400010,
      "PosX": 2.726,
      "PosY": -1E-06,
      "PosZ": 0.525
    }
  ],
  "CrowdList": [],
  "PedestrianList": []
}