{
  "GroupGUID": "be8c02ee-afc5-4ae1-bfb9-f5c6646a7ffb",
  "GroupName": "MainMission1020101_",
  "Category": "Mission",
  "AreaAnchorName": "LevelArea_P10000_F10000000_G26",
  "SaveType": "Reset",
  "LoadCondition": {
    "Conditions": [
      {
        "Type": "SubMission",
        "ID": 102010111
      }
    ]
  },
  "UnloadCondition": {
    "Conditions": [
      {
        "Type": "SubMission",
        "Phase": "Finish",
        "ID": 102010111
      }
    ]
  },
  "OwnerMainMissionID": 1020101,
  "ConflictIDList": [],
  "AnchorList": [],
  "MonsterList": [],
  "PropList": [
    {
      "PropID": 111,
      "IsOverrideInitLevelGraph": true,
      "Trigger": {
        "Radius": 4.5,
        "DimX": 1,
        "DimY": 1,
        "DimZ": 1,
        "PointList": []
      },
      "CampID": 4,
      "CustomTriggerMap": {},
      "BridgeStateRotations": [],
      "DialogueGroups": [],
      "TalkDialogGroupIDList": [],
      "ServerInteractVerificationIDList": [],
      "Name": "Prop1",
      "ID": 300001,
      "PosX": 0.21,
      "PosY": -1.3E-05,
      "PosZ": 23.45
    }
  ],
  "DistrictList": [],
  "WaypointList": [],
  "PathwayList": [],
  "BattleAreaList": [],
  "NPCList": [
    {
      "NPCID": 1003,
      "DialogueGroups": [
        102010182
      ],
      "ServerInteractVerificationIDList": [],
      "BoardShowList": [],
      "TalkDialogGroupIDList": [],
      "DefaultIdleFreeStyleMotionID": 310030230,
      "InitialHiddenNodeList": [],
      "Dialog": {
        "LevelGraph": "Config/Level/NPCDialogue/P10000/F10000000_G26/DialogueMain_F10000000_G26_N400001.json"
      },
      "Name": "NPC1",
      "RotY": 59.6,
      "ID": 400001,
      "PosX": -2.89,
      "PosY": -3E-06,
      "PosZ": 1.06
    },
    {
      "NPCID": 1004,
      "DialogueGroups": [],
      "ServerInteractVerificationIDList": [],
      "BoardShowList": [],
      "TalkDialogGroupIDList": [],
      "DefaultIdleFreeStyleMotionID": 310040000,
      "InitialHiddenNodeList": [],
      "Name": "NPC2",
      "RotY": 175.2,
      "ID": 400002,
      "PosX": -1,
      "PosY": -9E-06,
      "PosZ": 23.55
    },
    {
      "NPCID": 1001,
      "DialogueGroups": [
        102010181
      ],
      "ServerInteractVerificationIDList": [],
      "BoardShowList": [],
      "TalkDialogGroupIDList": [],
      "DefaultIdleFreeStyleMotionID": 310010209,
      "InitialHiddenNodeList": [],
      "Dialog": {
        "LevelGraph": "Config/Level/NPCDialogue/P10000/F10000000_G26/DialogueMain_F10000000_G26_N400003.json"
      },
      "Name": "NPC3",
      "RotY": 211.3,
      "ID": 400003,
      "PosX": 2.165,
      "PosY": -1E-06,
      "PosZ": -6.731
    },
    {
      "NPCID": 3001,
      "LoadOnInitial": false,
      "DialogueGroups": [
        102010183
      ],
      "ServerInteractVerificationIDList": [],
      "BoardShowList": [],
      "TalkDialogGroupIDList": [],
      "DefaultIdleFreeStyleMotionID": 900010000,
      "InitialHiddenNodeList": [],
      "Dialog": {
        "LevelGraph": "Config/Level/NPCDialogue/P10000/F10000000_G26/DialogueMain_F10000000_G26_N400004.json",
        "PackList": []
      },
      "Name": "NPC4",
      "RotY": 318.6,
      "ID": 400004,
      "PosX": 1.73,
      "PosY": -1E-06,
      "PosZ": -7.88
    },
    {
      "NPCID": 1002,
      "AIConfig": {
        "PathwayList": [],
        "SlaveConfigList": []
      },
      "DialogueGroups": [
        102010180
      ],
      "ServerInteractVerificationIDList": [],
      "DefaultLookAtMode": "Closed",
      "BoardShowList": [],
      "TalkDialogGroupIDList": [],
      "DefaultIdleFreeStyleMotionID": 310020221,
      "InitialHiddenNodeList": [],
      "Dialog": {
        "LevelGraph": "Config/Level/NPCDialogue/P10000/F10000000_G26/DialogueMain_F10000000_G26_N400005.json"
      },
      "Name": "NPC5",
      "RotY": 95.60001,
      "ID": 400005,
      "PosX": 3.35,
      "PosY": -5E-06,
      "PosZ": 8.17
    }
  ],
  "CrowdList": [],
  "PedestrianList": []
}