{
  "GroupGUID": "239215e5-9d1c-4ba6-bc8c-6d96a83ec434",
  "GroupName": "MainMission1020101_07",
  "Category": "Mission",
  "AreaAnchorName": "LevelArea_P10000_F10000000_G124",
  "SaveType": "Reset",
  "LoadCondition": {
    "Conditions": [
      {
        "Type": "SubMission",
        "ID": 102010107
      }
    ]
  },
  "UnloadCondition": {
    "Conditions": [
      {
        "Type": "SubMission",
        "Phase": "Finish",
        "ID": 102010107
      }
    ]
  },
  "LoadSide": "Server",
  "OwnerMainMissionID": 1020101,
  "ConflictIDList": [],
  "AnchorList": [],
  "MonsterList": [],
  "PropList": [],
  "DistrictList": [],
  "WaypointList": [],
  "PathwayList": [],
  "BattleAreaList": [],
  "NPCList": [
    {
      "NPCID": 3001,
      "LevelGraph": "Config/Level/Maze/Chapter00/Train/Train_PamAction.json",
      "DialogueGroups": [
        102010188
      ],
      "ServerInteractVerificationIDList": [
        1,
        2,
        3,
        4
      ],
      "BoardShowList": [],
      "TalkDialogGroupIDList": [],
      "DefaultAnimationType": "IdleState",
      "InitialHiddenNodeList": [],
      "Dialog": {
        "LevelGraph": "Config/Level/NPCDialogue/P10000/F10000000_G27/DialogueMain_F10000000_G27_N400003.json",
        "PackList": [
          {
            "Name": "FakePamBase",
            "LevelGraph": "Config/Level/NPCDialogue/P10000/F10000000_G56/DialoguePack_FakePamBase_F10000000_G56_N400001.json"
          }
        ]
      },
      "Name": "NPC1",
      "RotY": 14.54,
      "ID": 400001,
      "PosX": -1.98,
      "PosY": -1E-06,
      "PosZ": -5.09
    }
  ],
  "CrowdList": [],
  "PedestrianList": []
}