{
  "GroupGUID": "5d14b0b3-6a89-49b4-ac7c-8470869f1c6a",
  "GroupName": "FunctionProp",
  "LevelGraph": "Config/Level/Maze/Chapter00/Train/Train_Chapter00_FunctionProp_Unlock.json",
  "AreaAnchorName": "LevelArea_P10000_F10000000_G30",
  "LoadSide": "Server",
  "LoadOnInitial": true,
  "ConflictIDList": [],
  "AnchorList": [],
  "MonsterList": [],
  "PropList": [
    {
      "PropID": 2001,
      "IsOverrideInitLevelGraph": true,
      "InitLevelGraph": "Config/Level/Maze/Chapter00/Train/Train_Chapter00_JukeBox.json",
      "Trigger": {
        "Radius": 2,
        "DimX": 1,
        "DimY": 1,
        "DimZ": 1,
        "PointList": []
      },
      "CampID": 4,
      "CustomTriggerMap": {},
      "BridgeStateRotations": [],
      "MappingInfoID": 2240,
      "DialogueGroups": [],
      "TalkDialogGroupIDList": [],
      "ServerInteractVerificationIDList": [],
      "HideInCutScene": true,
      "PerformanceHideFlags": 1,
      "Name": "Prop1",
      "RotY": 180.1024,
      "ID": 300001,
      "PosX": 4.176,
      "PosY": -1.1E-05,
      "PosZ": 26.719
    },
    {
      "Scale": {
        "X": 1.2,
        "Y": 1.2,
        "Z": 1.2
      },
      "PropID": 2002,
      "IsOverrideInitLevelGraph": true,
      "InitLevelGraph": "Config/Level/Maze/Chapter00/Train/Train_Chapter00_Workbench.json",
      "CampID": 4,
      "State": "Locked",
      "CustomTriggerMap": {},
      "BridgeStateRotations": [],
      "MappingInfoID": 2243,
      "DialogueGroups": [],
      "TalkDialogGroupIDList": [],
      "ServerInteractVerificationIDList": [
        4
      ],
      "HideInCutScene": true,
      "PerformanceHideFlags": 1,
      "Name": "Prop2",
      "RotY": 90,
      "ID": 300002,
      "PosX": -6.155,
      "PosY": -9E-06,
      "PosZ": 21.32
    },
    {
      "PropID": 2000,
      "LoadOnInitial": false,
      "IsOverrideInitLevelGraph": true,
      "InitLevelGraph": "Config/Level/Maze/Chapter00/Train/Train_Chapter00_VendingMachine.json",
      "CampID": 4,
      "CustomTriggerMap": {},
      "BridgeStateRotations": [],
      "DialogueGroups": [],
      "TalkDialogGroupIDList": [],
      "ServerInteractVerificationIDList": [],
      "HideInCutScene": true,
      "PerformanceHideFlags": 1,
      "Name": "Prop3",
      "RotY": 90,
      "ID": 300003,
      "PosX": -6.38,
      "PosZ": 18.89
    }
  ],
  "DistrictList": [],
  "WaypointList": [],
  "PathwayList": [],
  "BattleAreaList": [],
  "NPCList": [],
  "CrowdList": [],
  "PedestrianList": []
}