{
  "GroupGUID": "fbf8b8aa-be46-485d-a2b1-e1a7aa45f852",
  "GroupName": "MainMission4050015_Pam",
  "Category": "Mission",
  "AreaAnchorName": "LevelArea_P10000_F10000000_G74",
  "LoadCondition": {
    "Conditions": [
      {
        "ID": 4050015
      }
    ]
  },
  "UnloadCondition": {
    "Conditions": [
      {
        "Phase": "Finish",
        "ID": 4050015
      }
    ]
  },
  "ForceUnloadCondition": {
    "Conditions": [
      {
        "Phase": "Cancel",
        "ID": 4050015
      }
    ]
  },
  "LoadSide": "Server",
  "OwnerMainMissionID": 4050015,
  "GroupRefreshID": 1,
  "ConflictIDList": [],
  "AnchorList": [
    {
      "Name": "Anchor1",
      "RotY": 114.8951,
      "ID": 1,
      "PosX": -2.430001,
      "PosY": -7E-06,
      "PosZ": 14.87
    },
    {
      "Name": "Anchor2",
      "RotY": 173.3734,
      "ID": 2,
      "PosX": 2.62,
      "PosY": -1.2E-05,
      "PosZ": 26.87
    },
    {
      "Name": "Anchor3",
      "RotY": 56.11101,
      "ID": 3,
      "PosX": 1.19,
      "PosY": -8E-06,
      "PosZ": 25.8
    }
  ],
  "MonsterList": [],
  "PropList": [],
  "DistrictList": [],
  "WaypointList": [],
  "PathwayList": [],
  "BattleAreaList": [],
  "NPCList": [
    {
      "NPCID": 3001,
      "LevelGraph": "Config/Level/Maze/Chapter00/Train/Train_PamAction.json",
      "DialogueGroups": [],
      "ServerInteractVerificationIDList": [
        1,
        2,
        3,
        4
      ],
      "BoardShowList": [
        4,
        8
      ],
      "TalkDialogGroupIDList": [],
      "DefaultIdleFreeStyleMotionID": 900010230,
      "IsMapContent": true,
      "InitialHiddenNodeList": [],
      "Dialog": {
        "LevelGraph": "Config/Level/NPCDialogue/P10000/F10000000_G56/DialogueMain_F10000000_G56_N400001.json",
        "PackList": [
          {
            "Name": "PamRanmdomMission",
            "LevelGraph": "Config/Level/NPCDialogue/P10000/F10000000_G56/DialoguePack_PamRanmdomMission_F10000000_G56_N400001.json"
          },
          {
            "Name": "FakePamBase",
            "LevelGraph": "Config/Level/NPCDialogue/P10000/F10000000_G56/DialoguePack_FakePamBase_F10000000_G56_N400001.json"
          }
        ]
      },
      "ConnectWithSubMissionIDList": [
        405000801,
        405000803,
        405000901,
        405001001,
        405001101,
        405001102,
        405001201,
        405001301,
        405001303,
        405001401,
        405001405,
        405001501,
        405001502,
        405001601,
        405001701,
        405001801,
        405001901,
        405002001,
        405002003,
        405002101,
        405002102,
        405002201,
        405002202,
        405002301,
        405002305,
        405002401,
        405002501,
        405002502,
        405002601,
        405002602,
        405002701,
        405002703
      ],
      "Name": "NPC1",
      "RotY": 114.8951,
      "ID": 400001,
      "PosX": -2.430001,
      "PosY": -7E-06,
      "PosZ": 14.87
    }
  ],
  "CrowdList": [],
  "PedestrianList": []
}