{
  "GroupGUID": "e2433db4-b0ab-416e-a424-3a78928e04e8",
  "GroupName": "MainMission8021302_01",
  "Category": "Mission",
  "LevelGraph": "Config/Level/GroupGraph/F10000000/Group_F10000000_G172.json",
  "AreaAnchorName": "LevelArea_P10000_F10000000_G172",
  "SaveType": "Reset",
  "OwnerMainMissionID": 8021302,
  "ValueSource": {},
  "ConflictIDList": [],
  "IsHoyoGroup": true,
  "ConflictWhiteList": [],
  "TagContainer": {},
  "AnchorList": [],
  "MonsterList": [],
  "PropList": [
    {
      "PropID": 102197,
      "ValueSource": {},
      "CampID": 4,
      "CustomTriggerMap": {},
      "CustomTriggerMapV2": {},
      "BridgeStateRotations": [],
      "DialogueGroups": [],
      "TalkDialogGroupIDList": [],
      "ServerInteractVerificationIDList": [],
      "TriggerValidGuest": {},
      "TagContainer": {},
      "CameraCenterEntityList": [],
      "SpawnConfig": {
        "EntitySpawnConfig": {}
      },
      "Name": "Prop1",
      "RotY": 318.9989,
      "ID": 300001,
      "PosX": -4.313,
      "PosY": 0.664,
      "PosZ": -9.301001
    },
    {
      "PropID": 102108,
      "ValueSource": {},
      "CampID": 4,
      "CustomTriggerMap": {},
      "CustomTriggerMapV2": {},
      "BridgeStateRotations": [],
      "DialogueGroups": [],
      "TalkDialogGroupIDList": [],
      "ServerInteractVerificationIDList": [],
      "TriggerValidGuest": {},
      "TagContainer": {},
      "CameraCenterEntityList": [],
      "SpawnConfig": {
        "EntitySpawnConfig": {}
      },
      "Name": "Prop2",
      "RotY": 271.5,
      "ID": 300002,
      "PosX": -4.395,
      "PosY": 0.665,
      "PosZ": -8.783
    },
    {
      "PropID": 102108,
      "LoadOnInitial": false,
      "ValueSource": {},
      "Trigger": {
        "Radius": 1.5,
        "DimX": 1,
        "DimY": 1,
        "DimZ": 1,
        "PointList": []
      },
      "CampID": 4,
      "CustomTriggerMap": {},
      "CustomTriggerMapV2": {},
      "BridgeStateRotations": [],
      "DialogueGroups": [],
      "TalkDialogGroupIDList": [],
      "ServerInteractVerificationIDList": [],
      "TriggerValidGuest": {},
      "TagContainer": {},
      "CameraCenterEntityList": [],
      "SpawnConfig": {
        "EntitySpawnConfig": {}
      },
      "Name": "Prop3",
      "ID": 300003,
      "PosX": -4.453,
      "PosY": 0.665,
      "PosZ": -9.171
    }
  ],
  "DistrictList": [],
  "WaypointList": [],
  "PathwayList": [],
  "BattleAreaList": [],
  "NPCList": [
    {
      "NPCID": 3124,
      "ValueSource": {},
      "StaticNPC": true,
      "DialogueGroups": [],
      "ServerInteractVerificationIDList": [],
      "MappingInfoID": 2400,
      "BoardShowList": [
        4,
        1
      ],
      "TalkDialogGroupIDList": [],
      "DefaultIdleFreeStyleMotionID": 100020000,
      "IsMapContent": true,
      "MiniMapIconType": 211,
      "InitialHiddenNodeList": [],
      "Dialog": {
        "LevelGraph": "Config/Level/NPCDialogue/P10000/F10000000_G172/DialogueMain_F10000000_G172_N400001.json",
        "PackList": []
      },
      "OverrideReplaceMaterialKey": "StoryHoloGram_Common",
      "TagContainer": {},
      "CameraCenterEntityList": [],
      "SpawnConfig": {
        "EntitySpawnConfig": {}
      },
      "TriggerValidGuest": {},
      "Name": "NPC1",
      "RotY": 144.6677,
      "ID": 400001,
      "PosX": -4.357,
      "PosY": 0.741,
      "PosZ": -9.305
    }
  ],
  "CrowdList": [],
  "PedestrianList": [],
  "SmartObjectList": []
}