{
  "GroupGUID": "7983839b-baf1-45ab-bb11-e7511c1ac6b0",
  "GroupName": "MainMission2021001_01",
  "Category": "Mission",
  "AreaAnchorName": "LevelArea_P10000_F10000000_G127",
  "LoadCondition": {
    "Conditions": [
      {
        "Type": "SubMission",
        "ID": 202100101
      },
      {
        "Type": "SubMission",
        "ID": 202100105
      }
    ],
    "Operation": "Or"
  },
  "UnloadCondition": {
    "Conditions": [
      {
        "Type": "SubMission",
        "Phase": "Finish",
        "ID": 202100101
      }
    ]
  },
  "LoadSide": "Server",
  "OwnerMainMissionID": 2021001,
  "ValueSource": {},
  "ConflictIDList": [],
  "AnchorList": [],
  "MonsterList": [],
  "PropList": [
    {
      "PropID": 102012,
      "IsOverrideInitLevelGraph": true,
      "ValueSource": {},
      "Trigger": {
        "Radius": 2,
        "PointList": []
      },
      "CampID": 4,
      "CustomTriggerMap": {},
      "CustomTriggerMapV2": {},
      "BridgeStateRotations": [],
      "DialogueGroups": [],
      "TalkDialogGroupIDList": [],
      "ServerInteractVerificationIDList": [],
      "Dialog": {
        "PackList": []
      },
      "InteractIconType": "CheckIcon",
      "Name": "Prop1",
      "RotY": 213.6466,
      "ID": 300001,
      "PosX": 3.331,
      "PosY": 0.999,
      "PosZ": 15.122
    },
    {
      "PropID": 100,
      "IsOverrideInitLevelGraph": true,
      "ValueSource": {},
      "CampID": 4,
      "CustomTriggerMap": {},
      "CustomTriggerMapV2": {},
      "BridgeStateRotations": [],
      "DialogueGroups": [],
      "TalkDialogGroupIDList": [],
      "ServerInteractVerificationIDList": [],
      "Name": "Prop2",
      "ID": 300002,
      "PosX": -1.99717,
      "PosY": -8E-06,
      "PosZ": 14.09101
    },
    {
      "PropID": 100,
      "IsOverrideInitLevelGraph": true,
      "ValueSource": {},
      "Trigger": {
        "Radius": 3,
        "DimX": 1,
        "DimY": 1,
        "DimZ": 1,
        "PointList": []
      },
      "CampID": 4,
      "CustomTriggerMap": {},
      "CustomTriggerMapV2": {},
      "BridgeStateRotations": [],
      "DialogueGroups": [],
      "TalkDialogGroupIDList": [],
      "ServerInteractVerificationIDList": [],
      "Name": "Prop3",
      "ID": 300003,
      "PosX": 3.27,
      "PosY": 0.876,
      "PosZ": 15.31
    },
    {
      "PropID": 120,
      "IsOverrideInitLevelGraph": true,
      "ValueSource": {},
      "CampID": 4,
      "CustomTriggerMap": {},
      "CustomTriggerMapV2": {},
      "BridgeStateRotations": [],
      "DialogueGroups": [],
      "TalkDialogGroupIDList": [],
      "ServerInteractVerificationIDList": [],
      "Name": "Prop4",
      "ID": 300004,
      "PosX": 3.303,
      "PosY": 1.095,
      "PosZ": 15.107
    }
  ],
  "DistrictList": [],
  "WaypointList": [],
  "PathwayList": [],
  "BattleAreaList": [],
  "NPCList": [],
  "CrowdList": [],
  "PedestrianList": [],
  "SmartObjectList": []
}