{
  "GroupGUID": "24dd12ed-b14f-4136-b6fb-fa1b4c476979",
  "GroupName": "MainMission8015163_801516305",
  "Category": "Mission",
  "LevelGraph": "Config/Level/GroupGraph/F10000000/Group_F10000000_G155.json",
  "AreaAnchorName": "LevelArea_P10000_F10000000_G155",
  "SaveType": "Reset",
  "OwnerMainMissionID": 8015163,
  "ValueSource": {},
  "ConflictIDList": [],
  "IsHoyoGroup": true,
  "ConflictWhiteList": [],
  "AnchorList": [],
  "MonsterList": [],
  "PropList": [
    {
      "PropID": 100,
      "ValueSource": {},
      "Trigger": {
        "Radius": 2,
        "DimX": 1,
        "DimY": 1,
        "DimZ": 1,
        "PointList": []
      },
      "CampID": 4,
      "CustomTriggerMap": {},
      "CustomTriggerMapV2": {},
      "BridgeStateRotations": [],
      "DialogueTriggerAngle": 360,
      "DialogueGroups": [],
      "TalkDialogGroupIDList": [],
      "ServerInteractVerificationIDList": [],
      "Dialog": {
        "LevelGraph": "Config/Level/NPCDialogue/P10000/F10000000_G155/DialogueMain_F10000000_G155_N400001.json",
        "PackList": [],
        "EnableCondition": {
          "Conditions": [
            {
              "Type": "SubMission",
              "ID": 801516306
            }
          ]
        }
      },
      "InteractTitle": {
        "Hash": -1227109081
      },
      "OverrideBoardShowList": [],
      "TriggerValidGuest": {},
      "SpawnConfig": {
        "EntitySpawnConfig": {}
      },
      "Name": "Prop1",
      "ID": 300001,
      "PosX": 3.589,
      "PosZ": 3.007
    },
    {
      "PropID": 100,
      "ValueSource": {},
      "Trigger": {
        "Radius": 2,
        "DimX": 1,
        "DimY": 1,
        "DimZ": 1,
        "PointList": []
      },
      "CampID": 4,
      "CustomTriggerMap": {},
      "CustomTriggerMapV2": {},
      "BridgeStateRotations": [],
      "DialogueTriggerAngle": 360,
      "DialogueGroups": [],
      "TalkDialogGroupIDList": [],
      "ServerInteractVerificationIDList": [],
      "Dialog": {
        "LevelGraph": "Config/Level/NPCDialogue/P10000/F10000000_G155/DialogueMain_F10000000_G155_N400002.json",
        "PackList": [],
        "EnableCondition": {
          "Conditions": [
            {
              "Type": "SubMission",
              "ID": 801516307
            }
          ]
        }
      },
      "InteractTitle": {
        "Hash": -467594289
      },
      "TriggerValidGuest": {},
      "SpawnConfig": {
        "EntitySpawnConfig": {}
      },
      "Name": "Prop2",
      "ID": 300002,
      "PosX": -4.42,
      "PosY": 0.021,
      "PosZ": -1.101
    },
    {
      "PropID": 100,
      "ValueSource": {},
      "Trigger": {
        "Radius": 2,
        "DimX": 1,
        "DimY": 1,
        "DimZ": 1,
        "PointList": []
      },
      "CampID": 4,
      "CustomTriggerMap": {},
      "CustomTriggerMapV2": {},
      "BridgeStateRotations": [],
      "DialogueTriggerAngle": 360,
      "DialogueGroups": [],
      "TalkDialogGroupIDList": [],
      "ServerInteractVerificationIDList": [],
      "Dialog": {
        "LevelGraph": "Config/Level/NPCDialogue/P10000/F10000000_G155/DialogueMain_F10000000_G155_N400003.json",
        "PackList": [],
        "EnableCondition": {
          "Conditions": [
            {
              "Type": "SubMission",
              "ID": 801516308
            }
          ]
        }
      },
      "InteractTitle": {
        "Hash": -1227109176
      },
      "TriggerValidGuest": {},
      "SpawnConfig": {
        "EntitySpawnConfig": {}
      },
      "Name": "Prop3",
      "ID": 300003,
      "PosX": 3.949,
      "PosY": 1E-06,
      "PosZ": -7.169
    }
  ],
  "DistrictList": [],
  "WaypointList": [],
  "PathwayList": [],
  "BattleAreaList": [],
  "NPCList": [
    {
      "NPCID": 1003,
      "ValueSource": {},
      "DialogueGroups": [],
      "ServerInteractVerificationIDList": [],
      "DefaultLookAtMode": "Closed",
      "BoardShowList": [],
      "TalkDialogGroupIDList": [],
      "DefaultIdleFreeStyleMotionID": 310030900,
      "InitialHiddenNodeList": [],
      "SpawnConfig": {
        "EntitySpawnConfig": {}
      },
      "TriggerValidGuest": {},
      "Name": "NPC1",
      "RotY": 240.1102,
      "ID": 400001,
      "PosX": 3.589,
      "PosZ": 3.007
    },
    {
      "NPCID": 1004,
      "ValueSource": {},
      "DialogueGroups": [],
      "ServerInteractVerificationIDList": [],
      "DefaultLookAtMode": "Closed",
      "BoardShowList": [],
      "TalkDialogGroupIDList": [],
      "DefaultIdleFreeStyleMotionID": 310040900,
      "InitialHiddenNodeList": [],
      "SpawnConfig": {
        "EntitySpawnConfig": {}
      },
      "TriggerValidGuest": {},
      "Name": "NPC2",
      "RotY": 69.62791,
      "ID": 400002,
      "PosX": -4.42,
      "PosY": 0.021,
      "PosZ": -1.101
    },
    {
      "NPCID": 3001,
      "ValueSource": {},
      "DialogueGroups": [],
      "ServerInteractVerificationIDList": [],
      "BoardShowList": [],
      "TalkDialogGroupIDList": [],
      "DefaultIdleFreeStyleMotionID": 900010203,
      "InitialHiddenNodeList": [],
      "SpawnConfig": {
        "EntitySpawnConfig": {}
      },
      "TriggerValidGuest": {},
      "Name": "NPC3",
      "RotY": 118.6795,
      "ID": 400003,
      "PosX": 3.949,
      "PosY": 1E-06,
      "PosZ": -7.169
    }
  ],
  "CrowdList": [],
  "PedestrianList": [],
  "SmartObjectList": []
}