{
  "GroupGUID": "60258d17-f761-40e5-9699-b2fcbdebc746",
  "GroupName": "MainMission4050013_Pam",
  "Category": "Mission",
  "AreaAnchorName": "LevelArea_P10000_F10000000_G110",
  "SaveType": "Reset",
  "LoadCondition": {
    "Conditions": [
      {
        "ID": 4050013
      }
    ]
  },
  "UnloadCondition": {
    "Conditions": [
      {
        "Phase": "Finish",
        "ID": 4050013
      }
    ]
  },
  "ForceUnloadCondition": {
    "Conditions": [
      {
        "Phase": "Cancel",
        "ID": 4050013
      }
    ]
  },
  "OwnerMainMissionID": 4050013,
  "GroupRefreshID": 1,
  "ConflictIDList": [],
  "AnchorList": [
    {
      "Name": "Anchor1",
      "RotY": 237.9856,
      "ID": 1,
      "PosX": -2.41,
      "PosY": -6E-06,
      "PosZ": 5.39
    }
  ],
  "MonsterList": [],
  "PropList": [
    {
      "PropID": 122,
      "LoadOnInitial": false,
      "IsOverrideInitLevelGraph": true,
      "Trigger": {
        "Radius": 1,
        "DimX": 1,
        "DimY": 1,
        "DimZ": 1,
        "PointList": []
      },
      "CampID": 4,
      "OverrideHintRange": 50,
      "CustomTriggerMap": {},
      "BridgeStateRotations": [],
      "DialogueGroups": [],
      "TalkDialogGroupIDList": [],
      "ServerInteractVerificationIDList": [],
      "Name": "Prop2",
      "ID": 300002,
      "PosX": -6.54,
      "PosY": -7E-06,
      "PosZ": 11.81
    }
  ],
  "DistrictList": [],
  "WaypointList": [],
  "PathwayList": [],
  "BattleAreaList": [],
  "NPCList": [
    {
      "NPCID": 100,
      "DialogueGroups": [],
      "ServerInteractVerificationIDList": [],
      "BoardShowList": [],
      "TalkDialogGroupIDList": [],
      "DefaultAnimationType": "IdleState",
      "DefaultIdleFreeStyleMotionID": 900010014,
      "OverrideSeriesID": 300101,
      "IsMapContent": true,
      "InitialHiddenNodeList": [],
      "ConnectWithSubMissionIDList": [
        405000801,
        405000803,
        405000901,
        405001001,
        405001101,
        405001102,
        405001201,
        405001301,
        405001303,
        405001401,
        405001405,
        405001501,
        405001502,
        405001601,
        405001701,
        405001801,
        405001901,
        405002001,
        405002003,
        405002101,
        405002102,
        405002201,
        405002202,
        405002301,
        405002305,
        405002401,
        405002501,
        405002502,
        405002601,
        405002602,
        405002701,
        405002703
      ],
      "Name": "NPC1",
      "RotY": 237.9856,
      "ID": 400001,
      "PosX": -2.41,
      "PosY": -6E-06,
      "PosZ": 5.39
    }
  ],
  "CrowdList": [],
  "PedestrianList": []
}