{
  "GroupGUID": "564cd034-6c90-40b2-aee6-50def5a7bcdd",
  "GroupName": "MainMission2011501_",
  "Category": "Mission",
  "AreaAnchorName": "LevelArea_P10000_F10000000_G59",
  "SaveType": "Reset",
  "LoadCondition": {
    "Conditions": [
      {
        "Type": "SubMission",
        "ID": 201150107
      },
      {
        "Type": "SubMission",
        "ID": 201150111
      }
    ],
    "Operation": "Or"
  },
  "OwnerMainMissionID": 2011501,
  "ConflictIDList": [],
  "MonsterList": [
    {
      "AIConfig": {
        "OverrideVariable": false
      },
      "Name": "Anchor1",
      "RotY": 180,
      "ID": 1,
      "PosX": 1.724,
      "PosY": -4E-06,
      "PosZ": 0.46
    }
  ],
  "PropList": [],
  "DistrictList": [],
  "WaypointList": [],
  "PathwayList": [],
  "BattleAreaList": [],
  "NPCList": [
    {
      "NPCID": 1003,
      "LoadOnInitial": false,
      "DialogueGroups": [],
      "ServerInteractVerificationIDList": [],
      "BoardShowList": [],
      "TalkDialogGroupIDList": [],
      "DefaultIdleFreeStyleMotionID": 310030000,
      "InitialHiddenNodeList": [],
      "Name": "NPC1",
      "RotY": 317.6269,
      "ID": 400001,
      "PosX": 2.25,
      "PosY": -4E-06,
      "PosZ": -0.84
    },
    {
      "NPCID": 1004,
      "LoadOnInitial": false,
      "DialogueGroups": [],
      "ServerInteractVerificationIDList": [],
      "BoardShowList": [],
      "TalkDialogGroupIDList": [],
      "DefaultIdleFreeStyleMotionID": 310040231,
      "InitialHiddenNodeList": [],
      "Name": "NPC2",
      "ID": 400002,
      "PosX": 1.7,
      "PosY": -3E-06,
      "PosZ": -1.22
    }
  ],
  "CrowdList": [],
  "PedestrianList": []
}