{
  "GroupGUID": "2f4d0d65-75af-49aa-9ba1-35411f5e06c5",
  "GroupName": "MainMission1020101_08",
  "Category": "Mission",
  "AreaAnchorName": "LevelArea_P10000_F10000000_G125",
  "SaveType": "Reset",
  "LoadCondition": {
    "Conditions": [
      {
        "Type": "SubMission",
        "ID": 102010111
      }
    ]
  },
  "UnloadCondition": {
    "Conditions": [
      {
        "Type": "SubMission",
        "Phase": "Finish",
        "ID": 102010111
      }
    ]
  },
  "LoadSide": "Server",
  "OwnerMainMissionID": 1020101,
  "ConflictIDList": [],
  "AnchorList": [],
  "MonsterList": [],
  "PropList": [],
  "DistrictList": [],
  "WaypointList": [],
  "PathwayList": [],
  "BattleAreaList": [],
  "NPCList": [
    {
      "NPCID": 3001,
      "LevelGraph": "Config/Level/Maze/Chapter00/Train/Train_PamAction.json",
      "DialogueGroups": [
        102010183
      ],
      "ServerInteractVerificationIDList": [
        1,
        2,
        3,
        4
      ],
      "BoardShowList": [],
      "TalkDialogGroupIDList": [],
      "DefaultAnimationType": "IdleState",
      "InitialHiddenNodeList": [],
      "Dialog": {
        "LevelGraph": "Config/Level/NPCDialogue/P10000/F10000000_G26/DialogueMain_F10000000_G26_N400004.json",
        "PackList": [
          {
            "Name": "Misson",
            "LevelGraph": "Config/Level/NPCDialogue/P10000/F10000000_G125/DialoguePack_Misson_F10000000_G125_N400001.json"
          }
        ]
      },
      "Name": "NPC1",
      "RotY": 318.6,
      "ID": 400001,
      "PosX": 1.73,
      "PosY": -1E-06,
      "PosZ": -7.88
    }
  ],
  "CrowdList": [],
  "PedestrianList": []
}