{
  "GroupGUID": "b8202fd6-4003-4589-a6ac-f93b8b35ffb3",
  "GroupName": "MainMission8015163_801516317",
  "Category": "Mission",
  "AreaAnchorName": "LevelArea_P10000_F10000000_G158",
  "SaveType": "Reset",
  "OwnerMainMissionID": 8015163,
  "ValueSource": {},
  "ConflictIDList": [],
  "IsHoyoGroup": true,
  "ConflictWhiteList": [],
  "AnchorList": [],
  "MonsterList": [],
  "PropList": [
    {
      "PropID": 102210,
      "ValueSource": {
        "Values": [
          {
            "$type": "RPG.GameCore.SharedInt",
            "Value": 1,
            "Key": "HaveSuiyang"
          }
        ]
      },
      "CampID": 4,
      "CustomTriggerMap": {},
      "CustomTriggerMapV2": {},
      "BridgeStateRotations": [],
      "DialogueGroups": [],
      "TalkDialogGroupIDList": [],
      "ServerInteractVerificationIDList": [],
      "TriggerValidGuest": {},
      "SpawnConfig": {
        "EntitySpawnConfig": {}
      },
      "Name": "Prop1",
      "RotY": 90.7905,
      "ID": 300001,
      "PosX": -6.501385,
      "PosY": 1.002,
      "PosZ": 8.29576
    }
  ],
  "DistrictList": [
    {
      "Trigger": {
        "Radius": 2,
        "DimX": 1,
        "DimY": 1,
        "DimZ": 1,
        "PointList": []
      },
      "DistrictType": "Level",
      "ValueSource": {},
      "Name": "District1",
      "ID": 1,
      "PosX": -5.53,
      "PosY": -9E-06,
      "PosZ": 9.318
    }
  ],
  "WaypointList": [],
  "PathwayList": [],
  "BattleAreaList": [],
  "NPCList": [
    {
      "NPCID": 1001,
      "ValueSource": {},
      "DialogueGroups": [],
      "ServerInteractVerificationIDList": [],
      "DefaultLookAtMode": "Closed",
      "BoardShowList": [],
      "TalkDialogGroupIDList": [],
      "DefaultIdleFreeStyleMotionID": 310010256,
      "InitialHiddenNodeList": [],
      "Dialog": {
        "LevelGraph": "Config/Level/NPCDialogue/P10000/F10000000_G158/DialogueMain_F10000000_G158_N400001.json",
        "PackList": []
      },
      "InteractIconType": "ChatMissionIcon",
      "SpawnConfig": {
        "EntitySpawnConfig": {}
      },
      "TriggerValidGuest": {},
      "Name": "NPC1",
      "RotY": 216.1335,
      "ID": 400001,
      "PosX": -5.53,
      "PosY": -9E-06,
      "PosZ": 9.318
    }
  ],
  "CrowdList": [],
  "PedestrianList": [],
  "SmartObjectList": []
}