{
  "GroupGUID": "2269b578-7e83-4b9d-b7c2-4e11359637c5",
  "GroupName": "MainMission1030101_15",
  "Category": "Mission",
  "AreaAnchorName": "LevelArea_P10000_F10000000_G168",
  "SaveType": "Reset",
  "OwnerMainMissionID": 1030101,
  "ValueSource": {},
  "ConflictIDList": [],
  "IsHoyoGroup": true,
  "HoYoGroupType": "Container",
  "ConflictWhiteList": [],
  "TagContainer": {},
  "AnchorList": [],
  "MonsterList": [],
  "PropList": [
    {
      "PropID": 100,
      "ValueSource": {},
      "CampID": 4,
      "OverrideHintRange": 15,
      "CustomTriggerMap": {},
      "CustomTriggerMapV2": {},
      "BridgeStateRotations": [],
      "DialogueGroups": [],
      "TalkDialogGroupIDList": [],
      "ServerInteractVerificationIDList": [],
      "TriggerValidGuest": {},
      "TagContainer": {},
      "CameraCenterEntityList": [],
      "SpawnConfig": {
        "EntitySpawnConfig": {}
      },
      "Name": "Prop1",
      "ID": 300001,
      "PosX": 4.148,
      "PosY": 0.871,
      "PosZ": -9.39
    }
  ],
  "DistrictList": [],
  "WaypointList": [],
  "PathwayList": [],
  "BattleAreaList": [],
  "NPCList": [],
  "CrowdList": [],
  "PedestrianList": [],
  "SmartObjectList": []
}