{
  "GroupGUID": "5b185fed-3916-4685-81e1-a78a79ae73c5",
  "GroupName": "TrainVisitorDemo",
  "AreaAnchorName": "LevelArea_P10000_F10000000_G49",
  "LoadSide": "Server",
  "ValueSource": {},
  "ConflictIDList": [],
  "TagContainer": {},
  "AnchorList": [
    {
      "Name": "Anchor1",
      "ID": 1,
      "PosX": 0.917,
      "PosZ": -15.685
    },
    {
      "Name": "Anchor2",
      "RotY": 286.8182,
      "ID": 2,
      "PosX": 3.459,
      "PosY": 1E-06,
      "PosZ": -6.764
    },
    {
      "Name": "Anchor3",
      "RotY": 223.988,
      "ID": 3,
      "PosX": 4.52,
      "PosY": -6E-06,
      "PosZ": 0.76
    },
    {
      "Name": "Anchor4",
      "RotY": 90.8015,
      "ID": 4,
      "PosX": -5.818,
      "PosY": -6E-06,
      "PosZ": 8.032
    },
    {
      "Usage": "Camera",
      "CustomParameter": {
        "$type": "RPG.GameCore.LevelAnchorCameraParameter"
      },
      "Name": "Anchor5",
      "RotY": 91.22659,
      "ID": 5,
      "PosX": 4.429999,
      "PosY": -6E-06,
      "PosZ": 13.549
    },
    {
      "Name": "Anchor6",
      "RotY": 78.5158,
      "ID": 6,
      "PosX": 5.09,
      "PosY": -6E-06,
      "PosZ": 20.6
    },
    {
      "Name": "Anchor7",
      "RotY": 140.175,
      "ID": 7,
      "PosX": -5.12,
      "PosY": -1.1E-05,
      "PosZ": 24.72
    }
  ],
  "MonsterList": [],
  "PropList": [],
  "DistrictList": [],
  "WaypointList": [],
  "PathwayList": [],
  "BattleAreaList": [],
  "NPCList": [
    {
      "NPCID": 1009,
      "LevelGraph": "Config/Level/Mission/TrainVisitor/TrainVisitor_Bubble.json",
      "LoadOnInitial": false,
      "ValueSource": {
        "Values": []
      },
      "DialogueGroups": [],
      "ServerInteractVerificationIDList": [],
      "BoardShowList": [
        8
      ],
      "TalkDialogGroupIDList": [],
      "DefaultIdleFreeStyleMotionID": 310090221,
      "InitialHiddenNodeList": [],
      "Dialog": {
        "LevelGraph": "Config/Level/TrainVisitor/Dialogue_F10000000_G49.json",
        "PackList": []
      },
      "OverrideBehaviorType": "TrainVisitor",
      "CameraCenterEntityList": [],
      "SpawnConfig": {
        "EntitySpawnConfig": {}
      },
      "TriggerValidGuest": {},
      "Name": "NPC1",
      "RotY": 235.8143,
      "ID": 400001,
      "PosX": -3.9,
      "PosY": -8E-06,
      "PosZ": 23.16
    },
    {
      "NPCID": 1105,
      "LevelGraph": "Config/Level/Mission/TrainVisitor/TrainVisitor_Bubble.json",
      "LoadOnInitial": false,
      "ValueSource": {
        "Values": []
      },
      "DialogueGroups": [],
      "ServerInteractVerificationIDList": [],
      "DefaultIdleStateName": "Sit01",
      "BoardShowList": [
        8
      ],
      "TalkDialogGroupIDList": [],
      "DefaultIdleFreeStyleMotionID": 311050221,
      "InitialHiddenNodeList": [],
      "Dialog": {
        "LevelGraph": "Config/Level/TrainVisitor/Dialogue_F10000000_G49.json",
        "PackList": []
      },
      "OverrideBehaviorType": "TrainVisitor",
      "CameraCenterEntityList": [],
      "SpawnConfig": {
        "EntitySpawnConfig": {}
      },
      "TriggerValidGuest": {},
      "Name": "NPC2",
      "RotY": 103.322,
      "ID": 400002,
      "PosX": -4.05,
      "PosY": -1E-06,
      "PosZ": 8.16
    },
    {
      "NPCID": 1109,
      "LevelGraph": "Config/Level/Mission/TrainVisitor/TrainVisitor_Bubble.json",
      "LoadOnInitial": false,
      "ValueSource": {
        "Values": []
      },
      "DialogueGroups": [],
      "ServerInteractVerificationIDList": [],
      "BoardShowList": [
        8
      ],
      "TalkDialogGroupIDList": [],
      "DefaultIdleFreeStyleMotionID": 311090221,
      "InitialHiddenNodeList": [],
      "Dialog": {
        "LevelGraph": "Config/Level/TrainVisitor/Dialogue_F10000000_G49.json",
        "PackList": []
      },
      "OverrideBehaviorType": "TrainVisitor",
      "CameraCenterEntityList": [],
      "SpawnConfig": {
        "EntitySpawnConfig": {}
      },
      "TriggerValidGuest": {},
      "Name": "NPC3",
      "RotY": 265.9531,
      "ID": 400003,
      "PosX": 3.27,
      "PosY": 1E-06,
      "PosZ": 11.75
    },
    {
      "NPCID": 1103,
      "LevelGraph": "Config/Level/Mission/TrainVisitor/TrainVisitor_Bubble.json",
      "LoadOnInitial": false,
      "ValueSource": {
        "Values": []
      },
      "DialogueGroups": [],
      "ServerInteractVerificationIDList": [],
      "BoardShowList": [
        8
      ],
      "TalkDialogGroupIDList": [],
      "DefaultIdleFreeStyleMotionID": 311050221,
      "InitialHiddenNodeList": [],
      "Dialog": {
        "LevelGraph": "Config/Level/TrainVisitor/Dialogue_F10000000_G49.json",
        "PackList": []
      },
      "OverrideBehaviorType": "TrainVisitor",
      "CameraCenterEntityList": [],
      "SpawnConfig": {
        "EntitySpawnConfig": {}
      },
      "TriggerValidGuest": {},
      "Name": "NPC4",
      "RotY": 118.788,
      "ID": 400004,
      "PosX": 1.95,
      "PosY": 1E-06,
      "PosZ": -3.9
    },
    {
      "NPCID": 1104,
      "LevelGraph": "Config/Level/Mission/TrainVisitor/TrainVisitor_Bubble.json",
      "LoadOnInitial": false,
      "ValueSource": {
        "Values": []
      },
      "DialogueGroups": [],
      "ServerInteractVerificationIDList": [],
      "BoardShowList": [
        8
      ],
      "TalkDialogGroupIDList": [],
      "DefaultIdleFreeStyleMotionID": 311050221,
      "InitialHiddenNodeList": [],
      "Dialog": {
        "LevelGraph": "Config/Level/TrainVisitor/Dialogue_F10000000_G49.json",
        "PackList": []
      },
      "OverrideBehaviorType": "TrainVisitor",
      "CameraCenterEntityList": [],
      "SpawnConfig": {
        "EntitySpawnConfig": {}
      },
      "TriggerValidGuest": {},
      "Name": "NPC5",
      "RotY": 76.00037,
      "ID": 400005,
      "PosX": 3.08,
      "PosY": 1E-06,
      "PosZ": -6.63
    },
    {
      "NPCID": 1107,
      "LevelGraph": "Config/Level/Mission/TrainVisitor/TrainVisitor_Bubble.json",
      "LoadOnInitial": false,
      "ValueSource": {
        "Values": []
      },
      "DialogueGroups": [],
      "ServerInteractVerificationIDList": [],
      "BoardShowList": [
        8
      ],
      "TalkDialogGroupIDList": [],
      "DefaultIdleFreeStyleMotionID": 311070221,
      "InitialHiddenNodeList": [],
      "Dialog": {
        "LevelGraph": "Config/Level/TrainVisitor/Dialogue_F10000000_G49.json",
        "PackList": []
      },
      "OverrideBehaviorType": "TrainVisitor",
      "CameraCenterEntityList": [],
      "SpawnConfig": {
        "EntitySpawnConfig": {}
      },
      "TriggerValidGuest": {},
      "Name": "NPC6",
      "RotY": 91.63975,
      "ID": 400006,
      "PosX": 3.34,
      "PosY": 2E-06,
      "PosZ": -9.55
    },
    {
      "NPCID": 1008,
      "LevelGraph": "Config/Level/Mission/TrainVisitor/TrainVisitor_Bubble.json",
      "LoadOnInitial": false,
      "ValueSource": {
        "Values": []
      },
      "DialogueGroups": [],
      "ServerInteractVerificationIDList": [],
      "BoardShowList": [
        8
      ],
      "TalkDialogGroupIDList": [],
      "DefaultIdleFreeStyleMotionID": 310080000,
      "InitialHiddenNodeList": [],
      "Dialog": {
        "LevelGraph": "Config/Level/TrainVisitor/Dialogue_F10000000_G49.json",
        "PackList": []
      },
      "OverrideBehaviorType": "TrainVisitor",
      "CameraCenterEntityList": [],
      "SpawnConfig": {
        "EntitySpawnConfig": {}
      },
      "TriggerValidGuest": {},
      "Name": "NPC7",
      "ID": 400007,
      "PosX": 3.940358,
      "PosY": -1E-06,
      "PosZ": -6.307467
    },
    {
      "NPCID": 1204,
      "LevelGraph": "Config/Level/Mission/TrainVisitor/TrainVisitor_Bubble.json",
      "LoadOnInitial": false,
      "ValueSource": {
        "Values": []
      },
      "DialogueGroups": [],
      "ServerInteractVerificationIDList": [],
      "BoardShowList": [
        8
      ],
      "TalkDialogGroupIDList": [],
      "DefaultIdleFreeStyleMotionID": 312030000,
      "InitialHiddenNodeList": [],
      "Dialog": {
        "LevelGraph": "Config/Level/TrainVisitor/Dialogue_F10000000_G49.json",
        "PackList": []
      },
      "OverrideBehaviorType": "TrainVisitor",
      "CameraCenterEntityList": [],
      "SpawnConfig": {
        "EntitySpawnConfig": {}
      },
      "TriggerValidGuest": {},
      "Name": "NPC8",
      "ID": 400008,
      "PosX": -0.808848,
      "PosY": -3E-06,
      "PosZ": -15.5
    },
    {
      "NPCID": 1006,
      "LevelGraph": "Config/Level/Mission/TrainVisitor/TrainVisitor_Bubblewitheffect.json",
      "LoadOnInitial": false,
      "ValueSource": {
        "Values": []
      },
      "DialogueGroups": [],
      "ServerInteractVerificationIDList": [],
      "BoardShowList": [
        8
      ],
      "TalkDialogGroupIDList": [],
      "DefaultIdleFreeStyleMotionID": 310060000,
      "InitialHiddenNodeList": [],
      "Dialog": {
        "LevelGraph": "Config/Level/TrainVisitor/Dialogue_F10000000_G49.json",
        "PackList": []
      },
      "OverrideBehaviorType": "TrainVisitor",
      "CameraCenterEntityList": [],
      "SpawnConfig": {
        "EntitySpawnConfig": {}
      },
      "TriggerValidGuest": {},
      "Name": "NPC9",
      "ID": 400009,
      "PosX": -0.295,
      "PosY": 1E-06,
      "PosZ": -16.04116
    },
    {
      "NPCID": 1209,
      "LevelGraph": "Config/Level/Mission/TrainVisitor/TrainVisitor_Bubble.json",
      "LoadOnInitial": false,
      "ValueSource": {
        "Values": []
      },
      "DialogueGroups": [],
      "ServerInteractVerificationIDList": [],
      "BoardShowList": [
        8
      ],
      "TalkDialogGroupIDList": [],
      "DefaultIdleFreeStyleMotionID": 312110000,
      "InitialHiddenNodeList": [],
      "Dialog": {
        "LevelGraph": "Config/Level/TrainVisitor/Dialogue_F10000000_G49.json",
        "PackList": []
      },
      "OverrideBehaviorType": "TrainVisitor",
      "TagContainer": {},
      "CameraCenterEntityList": [],
      "SpawnConfig": {
        "EntitySpawnConfig": {}
      },
      "TriggerValidGuest": {},
      "Name": "NPC10",
      "ID": 400010,
      "PosX": -1.195999,
      "PosZ": -14.57
    },
    {
      "NPCID": 1210,
      "LevelGraph": "Config/Level/Mission/TrainVisitor/TrainVisitor_Bubble.json",
      "LoadOnInitial": false,
      "ValueSource": {
        "Values": []
      },
      "DialogueGroups": [],
      "ServerInteractVerificationIDList": [],
      "BoardShowList": [
        8
      ],
      "TalkDialogGroupIDList": [],
      "DefaultIdleFreeStyleMotionID": 312090000,
      "InitialHiddenNodeList": [],
      "Dialog": {
        "LevelGraph": "Config/Level/TrainVisitor/Dialogue_F10000000_G49.json",
        "PackList": []
      },
      "OverrideBehaviorType": "TrainVisitor",
      "CameraCenterEntityList": [],
      "SpawnConfig": {
        "EntitySpawnConfig": {}
      },
      "TriggerValidGuest": {},
      "Name": "NPC11",
      "ID": 400011,
      "PosX": -0.085,
      "PosZ": -14.67389
    },
    {
      "NPCID": 1202,
      "LevelGraph": "Config/Level/Mission/TrainVisitor/TrainVisitor_Bubble.json",
      "LoadOnInitial": false,
      "ValueSource": {
        "Values": []
      },
      "DialogueGroups": [],
      "ServerInteractVerificationIDList": [],
      "BoardShowList": [
        8
      ],
      "TalkDialogGroupIDList": [],
      "DefaultIdleFreeStyleMotionID": 312070000,
      "InitialHiddenNodeList": [],
      "Dialog": {
        "LevelGraph": "Config/Level/TrainVisitor/Dialogue_F10000000_G49.json",
        "PackList": []
      },
      "OverrideBehaviorType": "TrainVisitor",
      "CameraCenterEntityList": [],
      "SpawnConfig": {
        "CaptureDistanceTolerance": 10,
        "EntitySpawnConfig": {}
      },
      "TriggerValidGuest": {},
      "Name": "NPC12",
      "ID": 400012,
      "PosX": -1.461053,
      "PosY": -1.2E-05,
      "PosZ": 26.274
    },
    {
      "NPCID": 1106,
      "LevelGraph": "Config/Level/Mission/TrainVisitor/TrainVisitor_Bubble.json",
      "LoadOnInitial": false,
      "ValueSource": {
        "Values": []
      },
      "DialogueGroups": [],
      "ServerInteractVerificationIDList": [],
      "BoardShowList": [
        8
      ],
      "TalkDialogGroupIDList": [],
      "DefaultIdleFreeStyleMotionID": 311060000,
      "InitialHiddenNodeList": [],
      "Dialog": {
        "LevelGraph": "Config/Level/TrainVisitor/Dialogue_F10000000_G49.json",
        "PackList": []
      },
      "OverrideBehaviorType": "TrainVisitor",
      "CameraCenterEntityList": [],
      "SpawnConfig": {
        "CaptureDistanceTolerance": 10,
        "EntitySpawnConfig": {}
      },
      "TriggerValidGuest": {},
      "Name": "NPC13",
      "ID": 400013,
      "PosX": 0.251893,
      "PosY": -4E-06,
      "PosZ": 0.772545
    },
    {
      "NPCID": 1110,
      "LevelGraph": "Config/Level/Mission/TrainVisitor/TrainVisitor_Bubble.json",
      "LoadOnInitial": false,
      "ValueSource": {
        "Values": []
      },
      "DialogueGroups": [],
      "ServerInteractVerificationIDList": [],
      "BoardShowList": [
        8
      ],
      "TalkDialogGroupIDList": [],
      "DefaultIdleFreeStyleMotionID": 311100000,
      "InitialHiddenNodeList": [],
      "Dialog": {
        "LevelGraph": "Config/Level/TrainVisitor/Dialogue_F10000000_G49.json",
        "PackList": []
      },
      "OverrideBehaviorType": "TrainVisitor",
      "CameraCenterEntityList": [],
      "SpawnConfig": {
        "CaptureDistanceTolerance": 10,
        "EntitySpawnConfig": {}
      },
      "TriggerValidGuest": {},
      "Name": "NPC14",
      "ID": 400014,
      "PosX": 0.251893,
      "PosY": -4E-06,
      "PosZ": -0.02
    },
    {
      "NPCID": 1111,
      "LevelGraph": "Config/Level/Mission/TrainVisitor/TrainVisitor_Bubble.json",
      "LoadOnInitial": false,
      "ValueSource": {
        "Values": []
      },
      "DialogueGroups": [],
      "ServerInteractVerificationIDList": [],
      "BoardShowList": [
        8
      ],
      "TalkDialogGroupIDList": [],
      "DefaultIdleFreeStyleMotionID": 311110000,
      "InitialHiddenNodeList": [],
      "Dialog": {
        "LevelGraph": "Config/Level/TrainVisitor/Dialogue_F10000000_G49.json",
        "PackList": []
      },
      "OverrideBehaviorType": "TrainVisitor",
      "CameraCenterEntityList": [],
      "SpawnConfig": {
        "CaptureDistanceTolerance": 10,
        "EntitySpawnConfig": {}
      },
      "TriggerValidGuest": {},
      "Name": "NPC15",
      "ID": 400015,
      "PosX": 0.251893,
      "PosY": -4E-06,
      "PosZ": -0.748
    },
    {
      "NPCID": 1207,
      "LevelGraph": "Config/Level/Mission/TrainVisitor/TrainVisitor_Bubble.json",
      "LoadOnInitial": false,
      "ValueSource": {
        "Values": []
      },
      "DialogueGroups": [],
      "ServerInteractVerificationIDList": [],
      "BoardShowList": [
        8
      ],
      "TalkDialogGroupIDList": [],
      "DefaultIdleFreeStyleMotionID": 312080000,
      "InitialHiddenNodeList": [],
      "Dialog": {
        "LevelGraph": "Config/Level/TrainVisitor/Dialogue_F10000000_G49.json",
        "PackList": []
      },
      "OverrideBehaviorType": "TrainVisitor",
      "CameraCenterEntityList": [],
      "SpawnConfig": {
        "CaptureDistanceTolerance": 10,
        "EntitySpawnConfig": {}
      },
      "TriggerValidGuest": {},
      "Name": "NPC16",
      "ID": 400016,
      "PosX": 0.109,
      "PosY": -3E-06,
      "PosZ": -1.265
    },
    {
      "NPCID": 1112,
      "LevelGraph": "Config/Level/Mission/TrainVisitor/TrainVisitor_Bubble_Topaz.json",
      "LoadOnInitial": false,
      "ValueSource": {
        "Values": []
      },
      "DialogueGroups": [],
      "ServerInteractVerificationIDList": [],
      "BoardShowList": [
        8
      ],
      "TalkDialogGroupIDList": [],
      "DefaultIdleFreeStyleMotionID": 311120000,
      "InitialHiddenNodeList": [],
      "Dialog": {
        "LevelGraph": "Config/Level/TrainVisitor/Dialogue_F10000000_G49.json",
        "PackList": []
      },
      "OverrideBehaviorType": "TrainVisitor",
      "CameraCenterEntityList": [],
      "SpawnConfig": {
        "CaptureDistanceTolerance": 10,
        "EntitySpawnConfig": {}
      },
      "TriggerValidGuest": {},
      "Name": "NPC17",
      "ID": 400017,
      "PosX": 0.109,
      "PosY": -3E-06,
      "PosZ": -1.265
    },
    {
      "NPCID": 1101,
      "LevelGraph": "Config/Level/Mission/TrainVisitor/TrainVisitor_Bubble.json",
      "LoadOnInitial": false,
      "ValueSource": {
        "Values": []
      },
      "DialogueGroups": [],
      "ServerInteractVerificationIDList": [],
      "BoardShowList": [
        8
      ],
      "TalkDialogGroupIDList": [],
      "DefaultIdleFreeStyleMotionID": 311010000,
      "InitialHiddenNodeList": [],
      "Dialog": {
        "LevelGraph": "Config/Level/TrainVisitor/Dialogue_F10000000_G49.json",
        "PackList": []
      },
      "OverrideBehaviorType": "TrainVisitor",
      "CameraCenterEntityList": [],
      "SpawnConfig": {
        "CaptureDistanceTolerance": 10,
        "EntitySpawnConfig": {}
      },
      "TriggerValidGuest": {},
      "Name": "NPC18",
      "ID": 400018,
      "PosX": 0.109,
      "PosY": -3E-06,
      "PosZ": -1.265
    },
    {
      "NPCID": 1102,
      "LevelGraph": "Config/Level/Mission/TrainVisitor/TrainVisitor_Bubble.json",
      "LoadOnInitial": false,
      "ValueSource": {
        "Values": []
      },
      "DialogueGroups": [],
      "ServerInteractVerificationIDList": [],
      "BoardShowList": [
        8
      ],
      "TalkDialogGroupIDList": [],
      "DefaultIdleFreeStyleMotionID": 311020000,
      "InitialHiddenNodeList": [],
      "Dialog": {
        "LevelGraph": "Config/Level/TrainVisitor/Dialogue_F10000000_G49.json",
        "PackList": []
      },
      "OverrideBehaviorType": "TrainVisitor",
      "CameraCenterEntityList": [],
      "SpawnConfig": {
        "CaptureDistanceTolerance": 10,
        "EntitySpawnConfig": {}
      },
      "TriggerValidGuest": {},
      "Name": "NPC19",
      "ID": 400019,
      "PosX": 0.109,
      "PosY": -3E-06,
      "PosZ": -1.265
    },
    {
      "NPCID": 1205,
      "LevelGraph": "Config/Level/Mission/TrainVisitor/TrainVisitor_Bubble.json",
      "LoadOnInitial": false,
      "ValueSource": {
        "Values": []
      },
      "DialogueGroups": [],
      "ServerInteractVerificationIDList": [],
      "BoardShowList": [
        8
      ],
      "TalkDialogGroupIDList": [],
      "DefaultIdleFreeStyleMotionID": 312040000,
      "InitialHiddenNodeList": [],
      "Dialog": {
        "LevelGraph": "Config/Level/TrainVisitor/Dialogue_F10000000_G49.json",
        "PackList": []
      },
      "OverrideBehaviorType": "TrainVisitor",
      "CameraCenterEntityList": [],
      "SpawnConfig": {
        "CaptureDistanceTolerance": 10,
        "EntitySpawnConfig": {}
      },
      "TriggerValidGuest": {},
      "Name": "NPC20",
      "ID": 400020,
      "PosX": 0.109,
      "PosY": -3E-06,
      "PosZ": -1.265
    },
    {
      "NPCID": 1217,
      "LevelGraph": "Config/Level/Mission/TrainVisitor/TrainVisitor_Bubble.json",
      "LoadOnInitial": false,
      "ValueSource": {
        "Values": []
      },
      "DialogueGroups": [],
      "ServerInteractVerificationIDList": [],
      "BoardShowList": [
        8
      ],
      "TalkDialogGroupIDList": [],
      "DefaultIdleFreeStyleMotionID": 312170000,
      "InitialHiddenNodeList": [],
      "Dialog": {
        "LevelGraph": "Config/Level/TrainVisitor/Dialogue_F10000000_G49.json",
        "PackList": []
      },
      "OverrideBehaviorType": "TrainVisitor",
      "CameraCenterEntityList": [],
      "SpawnConfig": {
        "CaptureDistanceTolerance": 10,
        "EntitySpawnConfig": {}
      },
      "TriggerValidGuest": {},
      "Name": "NPC21",
      "ID": 400021,
      "PosX": 0.109,
      "PosY": -3E-06,
      "PosZ": -1.265
    },
    {
      "NPCID": 1218,
      "LevelGraph": "Config/Level/Mission/TrainVisitor/TrainVisitor_Bubble_Huohuo.json",
      "LoadOnInitial": false,
      "ValueSource": {
        "Values": []
      },
      "DialogueGroups": [],
      "ServerInteractVerificationIDList": [],
      "BoardShowList": [
        8
      ],
      "TalkDialogGroupIDList": [],
      "DefaultIdleFreeStyleMotionID": 390020000,
      "InitialHiddenNodeList": [],
      "Dialog": {
        "LevelGraph": "Config/Level/TrainVisitor/Dialogue_F10000000_G49.json",
        "PackList": []
      },
      "OverrideBehaviorType": "TrainVisitor",
      "CameraCenterEntityList": [],
      "SpawnConfig": {
        "CaptureDistanceTolerance": 10,
        "EntitySpawnConfig": {}
      },
      "TriggerValidGuest": {},
      "Name": "NPC22",
      "ID": 400022,
      "PosX": 0.109,
      "PosY": -3E-06,
      "PosZ": -1.265
    },
    {
      "NPCID": 1101,
      "LevelGraph": "Config/Level/Mission/TrainVisitor/TrainVisitor_Bubble.json",
      "LoadOnInitial": false,
      "ValueSource": {
        "Values": []
      },
      "DialogueGroups": [],
      "ServerInteractVerificationIDList": [],
      "DefaultLookAtMode": "Closed",
      "BoardShowList": [
        8
      ],
      "TalkDialogGroupIDList": [],
      "DefaultIdleFreeStyleMotionID": 311010000,
      "InitialHiddenNodeList": [],
      "Dialog": {
        "LevelGraph": "Config/Level/TrainVisitor/Dialogue_F10000000_G49.json",
        "PackList": []
      },
      "OverrideBehaviorType": "TrainVisitor",
      "CameraCenterEntityList": [],
      "SpawnConfig": {
        "CaptureDistanceTolerance": 10,
        "EntitySpawnConfig": {}
      },
      "TriggerValidGuest": {},
      "Name": "NPC23",
      "ID": 400023,
      "PosX": 0.109,
      "PosY": -3E-06,
      "PosZ": -1.265
    },
    {
      "NPCID": 1102,
      "LevelGraph": "Config/Level/Mission/TrainVisitor/TrainVisitor_Bubble.json",
      "LoadOnInitial": false,
      "ValueSource": {
        "Values": []
      },
      "DialogueGroups": [],
      "ServerInteractVerificationIDList": [],
      "DefaultLookAtMode": "Closed",
      "BoardShowList": [
        8
      ],
      "TalkDialogGroupIDList": [],
      "DefaultIdleFreeStyleMotionID": 311020000,
      "InitialHiddenNodeList": [],
      "Dialog": {
        "LevelGraph": "Config/Level/TrainVisitor/Dialogue_F10000000_G49.json",
        "PackList": []
      },
      "OverrideBehaviorType": "TrainVisitor",
      "CameraCenterEntityList": [],
      "SpawnConfig": {
        "CaptureDistanceTolerance": 10,
        "EntitySpawnConfig": {}
      },
      "TriggerValidGuest": {},
      "Name": "NPC24",
      "ID": 400024,
      "PosX": 0.109,
      "PosY": -3E-06,
      "PosZ": -1.265
    },
    {
      "NPCID": 1217,
      "LevelGraph": "Config/Level/Mission/TrainVisitor/TrainVisitor_Bubble.json",
      "LoadOnInitial": false,
      "ValueSource": {
        "Values": []
      },
      "DialogueGroups": [],
      "ServerInteractVerificationIDList": [],
      "DefaultLookAtMode": "Closed",
      "BoardShowList": [
        8
      ],
      "TalkDialogGroupIDList": [],
      "DefaultIdleFreeStyleMotionID": 312170000,
      "InitialHiddenNodeList": [],
      "Dialog": {
        "LevelGraph": "Config/Level/TrainVisitor/Dialogue_F10000000_G49.json",
        "PackList": []
      },
      "OverrideBehaviorType": "TrainVisitor",
      "CameraCenterEntityList": [],
      "SpawnConfig": {
        "CaptureDistanceTolerance": 10,
        "EntitySpawnConfig": {}
      },
      "TriggerValidGuest": {},
      "Name": "NPC25",
      "ID": 400025,
      "PosX": 0.109,
      "PosY": -3E-06,
      "PosZ": -1.265
    },
    {
      "NPCID": 1306,
      "LevelGraph": "Config/Level/Mission/TrainVisitor/TrainVisitor_Bubble.json",
      "LoadOnInitial": false,
      "ValueSource": {},
      "DialogueGroups": [],
      "ServerInteractVerificationIDList": [],
      "BoardShowList": [
        8
      ],
      "TalkDialogGroupIDList": [],
      "DefaultIdleFreeStyleMotionID": 313030000,
      "InitialHiddenNodeList": [],
      "Dialog": {
        "LevelGraph": "Config/Level/TrainVisitor/Dialogue_F10000000_G49.json",
        "PackList": []
      },
      "OverrideBehaviorType": "TrainVisitor",
      "CameraCenterEntityList": [],
      "SpawnConfig": {
        "EntitySpawnConfig": {}
      },
      "TriggerValidGuest": {},
      "Name": "NPC26",
      "ID": 400026,
      "PosZ": 20
    },
    {
      "NPCID": 1305,
      "LevelGraph": "Config/Level/Mission/TrainVisitor/TrainVisitor_Bubble.json",
      "LoadOnInitial": false,
      "ValueSource": {},
      "DialogueGroups": [],
      "ServerInteractVerificationIDList": [],
      "BoardShowList": [
        8
      ],
      "TalkDialogGroupIDList": [],
      "DefaultIdleFreeStyleMotionID": 313050000,
      "InitialHiddenNodeList": [],
      "Dialog": {
        "LevelGraph": "Config/Level/TrainVisitor/Dialogue_F10000000_G49.json",
        "PackList": []
      },
      "OverrideBehaviorType": "TrainVisitor",
      "TagContainer": {},
      "CameraCenterEntityList": [],
      "SpawnConfig": {
        "EntitySpawnConfig": {}
      },
      "TriggerValidGuest": {},
      "Name": "NPC27",
      "ID": 400027,
      "PosZ": 20
    },
    {
      "NPCID": 1312,
      "LevelGraph": "Config/Level/Mission/TrainVisitor/TrainVisitor_Bubble.json",
      "LoadOnInitial": false,
      "ValueSource": {},
      "DialogueGroups": [],
      "ServerInteractVerificationIDList": [],
      "BoardShowList": [
        8
      ],
      "TalkDialogGroupIDList": [],
      "DefaultIdleFreeStyleMotionID": 313120000,
      "InitialHiddenNodeList": [],
      "Dialog": {
        "LevelGraph": "Config/Level/TrainVisitor/Dialogue_F10000000_G49.json",
        "PackList": []
      },
      "OverrideBehaviorType": "TrainVisitor",
      "TagContainer": {},
      "CameraCenterEntityList": [],
      "SpawnConfig": {
        "EntitySpawnConfig": {}
      },
      "TriggerValidGuest": {},
      "Name": "NPC28",
      "ID": 400028,
      "PosZ": 20
    }
  ],
  "CrowdList": [],
  "PedestrianList": [],
  "SmartObjectList": []
}