{
  "GroupGUID": "fd362195-8de3-4925-8a57-590ccad24aea",
  "GroupName": "PamMissionProp",
  "AreaAnchorName": "LevelArea_P10000_F10000000_G61",
  "SaveType": "Reset",
  "LoadCondition": {
    "Conditions": [
      {
        "ID": 4050013
      },
      {
        "ID": 4050014
      },
      {
        "ID": 4050015
      },
      {
        "ID": 4050016
      },
      {
        "ID": 4050017
      },
      {
        "ID": 4050018
      },
      {
        "ID": 4050019
      },
      {
        "ID": 4050020
      },
      {
        "ID": 4050021
      },
      {
        "ID": 4050022
      }
    ],
    "Operation": "Or"
  },
  "UnloadCondition": {
    "Conditions": [
      {
        "Phase": "Finish",
        "ID": 4050013
      },
      {
        "Phase": "Finish",
        "ID": 4050014
      },
      {
        "Phase": "Finish",
        "ID": 4050015
      },
      {
        "Phase": "Finish",
        "ID": 4050016
      },
      {
        "Phase": "Finish",
        "ID": 4050017
      },
      {
        "Phase": "Finish",
        "ID": 4050018
      },
      {
        "Phase": "Finish",
        "ID": 4050019
      },
      {
        "Phase": "Finish",
        "ID": 4050020
      },
      {
        "Phase": "Finish",
        "ID": 4050021
      },
      {
        "Phase": "Finish",
        "ID": 4050022
      }
    ]
  },
  "ConflictIDList": [],
  "AnchorList": [
    {
      "Name": "Anchor1",
      "RotY": 237.9856,
      "ID": 1,
      "PosX": -2.41,
      "PosY": -6E-06,
      "PosZ": 5.39,
      "IsDelete": true
    },
    {
      "Name": "Anchor2",
      "RotY": 315.019,
      "ID": 2,
      "PosX": -3.54,
      "PosY": 2E-06,
      "PosZ": -10.42,
      "IsDelete": true
    },
    {
      "Name": "Anchor3",
      "RotY": 114.8951,
      "ID": 3,
      "PosX": -2.430001,
      "PosY": -7E-06,
      "PosZ": 14.87,
      "IsDelete": true
    },
    {
      "Name": "Anchor4",
      "RotY": 173.3734,
      "ID": 4,
      "PosX": 2.62,
      "PosY": -1.2E-05,
      "PosZ": 26.87,
      "IsDelete": true
    },
    {
      "Name": "Anchor5",
      "RotY": 56.11101,
      "ID": 5,
      "PosX": 1.19,
      "PosY": -8E-06,
      "PosZ": 25.8,
      "IsDelete": true
    },
    {
      "Name": "Anchor6",
      "RotY": 237.9856,
      "ID": 6,
      "PosX": -2.41,
      "PosY": -5E-06,
      "PosZ": 5.39,
      "IsDelete": true
    },
    {
      "Name": "Anchor7",
      "RotY": 266.9518,
      "ID": 7,
      "PosX": 2.93,
      "PosY": -5E-06,
      "PosZ": 10.2,
      "IsDelete": true
    },
    {
      "Name": "Anchor8",
      "RotY": 246.3336,
      "ID": 8,
      "PosX": -5.24,
      "PosY": -7E-06,
      "PosZ": 16.93,
      "IsDelete": true
    },
    {
      "Name": "Anchor9",
      "RotY": 181.7065,
      "ID": 9,
      "PosX": 0.19,
      "PosY": -7E-06,
      "PosZ": 15.56,
      "IsDelete": true
    },
    {
      "Name": "Anchor10",
      "RotY": 114.8951,
      "ID": 10,
      "PosX": -2.430002,
      "PosY": -7E-06,
      "PosZ": 14.87,
      "IsDelete": true
    },
    {
      "Name": "Anchor11",
      "RotY": 41.46254,
      "ID": 11,
      "PosX": 4.036,
      "PosY": 1E-06,
      "PosZ": -8.424,
      "IsDelete": true
    },
    {
      "Name": "Anchor12",
      "ID": 12,
      "PosX": 2.55,
      "PosY": -1E-06,
      "PosZ": -5.31,
      "IsDelete": true
    },
    {
      "RotX": 47.46853,
      "RotZ": 344.349,
      "Name": "Anchor13",
      "RotY": 61.54832,
      "ID": 13,
      "PosX": 1.04,
      "PosY": 1E-06,
      "PosZ": -4.97,
      "IsDelete": true
    },
    {
      "Name": "Anchor14",
      "ID": 14,
      "PosX": 4.268,
      "PosY": -1E-05,
      "PosZ": 25.826,
      "IsDelete": true
    },
    {
      "RotX": 9.637486,
      "RotZ": -2E-06,
      "Usage": "Camera",
      "Name": "Anchor15",
      "RotY": 307.4,
      "ID": 15,
      "PosX": -0.96,
      "PosY": 1.56,
      "PosZ": 24.16,
      "IsDelete": true
    },
    {
      "RotX": 9.637486,
      "RotZ": -2E-06,
      "Name": "Anchor16",
      "RotY": 307.4,
      "ID": 16,
      "PosX": -3.13,
      "PosY": -1.2E-05,
      "PosZ": 21.85,
      "IsDelete": true
    }
  ],
  "MonsterList": [],
  "PropList": [
    {
      "PropID": 122,
      "LoadOnInitial": false,
      "IsOverrideInitLevelGraph": true,
      "Trigger": {
        "Radius": 1,
        "DimX": 1,
        "DimY": 1,
        "DimZ": 1,
        "PointList": []
      },
      "CampID": 4,
      "OverrideHintRange": 50,
      "CustomTriggerMap": {},
      "BridgeStateRotations": [],
      "DialogueGroups": [],
      "TalkDialogGroupIDList": [],
      "ServerInteractVerificationIDList": [],
      "Name": "Prop1",
      "ID": 300001,
      "PosX": -6.54,
      "PosY": -7E-06,
      "PosZ": 11.81,
      "IsDelete": true
    },
    {
      "PropID": 100,
      "LoadOnInitial": false,
      "IsOverrideInitLevelGraph": true,
      "CampID": 4,
      "OverrideHintRange": 50,
      "CustomTriggerMap": {},
      "BridgeStateRotations": [],
      "DialogueGroups": [],
      "TalkDialogGroupIDList": [],
      "ServerInteractVerificationIDList": [],
      "Name": "Prop2",
      "ID": 300002,
      "PosX": -2.62,
      "PosY": 0.1,
      "PosZ": -5.44,
      "IsDelete": true
    },
    {
      "PropID": 100,
      "LoadOnInitial": false,
      "IsOverrideInitLevelGraph": true,
      "CampID": 4,
      "OverrideHintRange": 50,
      "CustomTriggerMap": {},
      "BridgeStateRotations": [],
      "DialogueGroups": [],
      "TalkDialogGroupIDList": [],
      "ServerInteractVerificationIDList": [],
      "Name": "Prop3",
      "ID": 300003,
      "PosX": 4.607,
      "PosY": 0.6,
      "PosZ": 2.158,
      "IsDelete": true
    },
    {
      "PropID": 101028,
      "LoadOnInitial": false,
      "IsOverrideInitLevelGraph": true,
      "CampID": 4,
      "OverrideHintRange": 50,
      "CustomTriggerMap": {},
      "BridgeStateRotations": [],
      "DialogueGroups": [],
      "TalkDialogGroupIDList": [],
      "ServerInteractVerificationIDList": [],
      "Name": "Prop4",
      "ID": 300004,
      "PosX": 5.211,
      "PosY": 0.662,
      "PosZ": 10.955,
      "IsDelete": true
    },
    {
      "PropID": 100,
      "LoadOnInitial": false,
      "IsOverrideInitLevelGraph": true,
      "Trigger": {
        "Radius": 5,
        "DimX": 1,
        "DimY": 1,
        "DimZ": 1,
        "PointList": []
      },
      "CampID": 4,
      "CustomTriggerMap": {},
      "BridgeStateRotations": [],
      "DialogueGroups": [],
      "TalkDialogGroupIDList": [],
      "ServerInteractVerificationIDList": [],
      "Name": "Prop5",
      "ID": 300005,
      "PosX": -4.83,
      "PosY": -8E-06,
      "PosZ": 17.29,
      "IsDelete": true
    },
    {
      "PropID": 122,
      "LoadOnInitial": false,
      "IsOverrideInitLevelGraph": true,
      "Trigger": {
        "Radius": 1,
        "DimX": 1,
        "DimY": 1,
        "DimZ": 1,
        "PointList": []
      },
      "CampID": 4,
      "OverrideHintRange": 50,
      "CustomTriggerMap": {},
      "BridgeStateRotations": [],
      "DialogueGroups": [],
      "TalkDialogGroupIDList": [],
      "ServerInteractVerificationIDList": [],
      "Name": "Prop6",
      "ID": 300006,
      "PosX": -6.54,
      "PosY": -7E-06,
      "PosZ": 11.81,
      "IsDelete": true
    }
  ],
  "DistrictList": [],
  "WaypointList": [],
  "PathwayList": [],
  "BattleAreaList": [],
  "NPCList": [],
  "CrowdList": [],
  "PedestrianList": []
}