{
  "GroupGUID": "b8c9ff35-c8aa-45cd-ab87-f5e7cb7dc849",
  "GroupName": "MainMission1030101_01",
  "Category": "Mission",
  "LevelGraph": "Config/Level/GroupGraph/F10000000/Group_F10000000_G138.json",
  "AreaAnchorName": "LevelArea_P10000_F10000000_G138",
  "SaveType": "Reset",
  "OwnerMainMissionID": 1030101,
  "ValueSource": {},
  "ConflictIDList": [
    174
  ],
  "IsHoyoGroup": true,
  "ConflictWhiteList": [],
  "TagContainer": {},
  "AnchorList": [],
  "MonsterList": [],
  "PropList": [
    {
      "PropID": 100,
      "IsOverrideInitLevelGraph": true,
      "ValueSource": {},
      "Trigger": {
        "Radius": 4,
        "DimX": 1,
        "DimY": 1,
        "DimZ": 1,
        "PointList": []
      },
      "CampID": 4,
      "CustomTriggerMap": {},
      "CustomTriggerMapV2": {},
      "BridgeStateRotations": [],
      "DialogueGroups": [],
      "TalkDialogGroupIDList": [],
      "ServerInteractVerificationIDList": [],
      "TriggerValidGuest": {},
      "TagContainer": {},
      "CameraCenterEntityList": [],
      "SpawnConfig": {
        "EntitySpawnConfig": {}
      },
      "Name": "Prop1",
      "ID": 300001,
      "PosX": -0.25,
      "PosY": -4E-06,
      "PosZ": -7.85
    }
  ],
  "DistrictList": [],
  "WaypointList": [],
  "PathwayList": [],
  "BattleAreaList": [],
  "NPCList": [
    {
      "NPCID": 1003,
      "ValueSource": {},
      "DialogueGroups": [],
      "ServerInteractVerificationIDList": [],
      "BoardShowList": [],
      "TalkDialogGroupIDList": [],
      "DefaultIdleFreeStyleMotionID": 310030000,
      "InitialHiddenNodeList": [],
      "TagContainer": {},
      "CameraCenterEntityList": [],
      "SpawnConfig": {
        "EntitySpawnConfig": {}
      },
      "TriggerValidGuest": {},
      "Name": "NPC2",
      "RotY": 25.22366,
      "ID": 400002,
      "PosX": -0.774,
      "PosY": 2E-06,
      "PosZ": -9.538
    },
    {
      "NPCID": 1004,
      "ValueSource": {},
      "DialogueGroups": [],
      "ServerInteractVerificationIDList": [],
      "BoardShowList": [],
      "TalkDialogGroupIDList": [],
      "DefaultIdleFreeStyleMotionID": 310040000,
      "InitialHiddenNodeList": [],
      "CameraCenterEntityList": [],
      "SpawnConfig": {
        "EntitySpawnConfig": {}
      },
      "TriggerValidGuest": {},
      "Name": "NPC3",
      "RotY": 302.3564,
      "ID": 400003,
      "PosX": 0.78,
      "PosY": 2E-06,
      "PosZ": -8.96
    },
    {
      "NPCID": 1002,
      "ValueSource": {},
      "DialogueGroups": [],
      "ServerInteractVerificationIDList": [],
      "BoardShowList": [],
      "TalkDialogGroupIDList": [],
      "DefaultIdleFreeStyleMotionID": 310020000,
      "InitialHiddenNodeList": [],
      "TagContainer": {},
      "CameraCenterEntityList": [],
      "SpawnConfig": {
        "EntitySpawnConfig": {}
      },
      "TriggerValidGuest": {},
      "Name": "NPC4",
      "RotY": 77.08084,
      "ID": 400004,
      "PosX": -1.396,
      "PosY": 2E-06,
      "PosZ": -8.804
    },
    {
      "NPCID": 1001,
      "ValueSource": {},
      "DialogueGroups": [],
      "ServerInteractVerificationIDList": [],
      "BoardShowList": [],
      "TalkDialogGroupIDList": [],
      "DefaultIdleFreeStyleMotionID": 310010000,
      "InitialHiddenNodeList": [],
      "TagContainer": {},
      "CameraCenterEntityList": [],
      "SpawnConfig": {
        "EntitySpawnConfig": {}
      },
      "TriggerValidGuest": {},
      "Name": "NPC1",
      "RotY": 145.2366,
      "ID": 400001,
      "PosX": -0.761,
      "PosY": 2E-06,
      "PosZ": -8.192
    }
  ],
  "CrowdList": [],
  "PedestrianList": [],
  "SmartObjectList": []
}