{
  "GroupGUID": "225ba6a2-971c-4c46-aad4-f0baf35ddf93",
  "GroupName": "MainMission4050027_Prop",
  "Category": "Mission",
  "AreaAnchorName": "LevelArea_P10000_F10000000_G105",
  "SaveType": "Reset",
  "LoadCondition": {
    "Conditions": [
      {
        "ID": 4050027
      }
    ]
  },
  "UnloadCondition": {
    "Conditions": [
      {
        "Phase": "Finish",
        "ID": 4050027
      }
    ]
  },
  "ForceUnloadCondition": {
    "Conditions": [
      {
        "Phase": "Cancel",
        "ID": 4050027
      }
    ]
  },
  "OwnerMainMissionID": 4050027,
  "ConflictIDList": [],
  "AnchorList": [],
  "MonsterList": [],
  "PropList": [
    {
      "PropID": 100,
      "LoadOnInitial": false,
      "IsOverrideInitLevelGraph": true,
      "Trigger": {
        "Radius": 1,
        "DimX": 1,
        "DimY": 1,
        "DimZ": 1,
        "PointList": []
      },
      "CampID": 4,
      "OverrideHintRange": 50,
      "CustomTriggerMap": {},
      "BridgeStateRotations": [],
      "DialogueGroups": [],
      "TalkDialogGroupIDList": [],
      "ServerInteractVerificationIDList": [],
      "Name": "Prop1",
      "ID": 300001,
      "PosX": -0.053577,
      "PosY": 0.15,
      "PosZ": -2.605261
    }
  ],
  "DistrictList": [],
  "WaypointList": [],
  "PathwayList": [],
  "BattleAreaList": [],
  "NPCList": [
    {
      "NPCID": 100,
      "DialogueGroups": [],
      "ServerInteractVerificationIDList": [],
      "BoardShowList": [],
      "TalkDialogGroupIDList": [],
      "DefaultAnimationType": "IdleState",
      "OverrideSeriesID": 300101,
      "InitialHiddenNodeList": [],
      "Name": "NPC1",
      "ID": 400001,
      "PosX": -8.353,
      "PosY": 2.004446,
      "PosZ": -20.794
    }
  ],
  "CrowdList": [],
  "PedestrianList": []
}