{
  "GroupGUID": "f89820d4-6721-461e-a736-c48f4e4eac73",
  "GroupName": "PamMission",
  "AreaAnchorName": "LevelArea_P10000_F10000000_G56",
  "LoadCondition": {
    "Conditions": [
      {
        "Type": "SubMission",
        "ID": 405000801
      },
      {
        "Type": "SubMission",
        "ID": 405000802
      },
      {
        "Type": "SubMission",
        "ID": 405000803
      },
      {
        "Type": "SubMission",
        "ID": 405000901
      },
      {
        "Type": "SubMission",
        "ID": 405001001
      },
      {
        "Type": "SubMission",
        "ID": 405001101
      },
      {
        "Type": "SubMission",
        "ID": 405001102
      },
      {
        "Type": "SubMission",
        "ID": 405001103
      },
      {
        "Type": "SubMission",
        "ID": 405001104
      },
      {
        "Type": "SubMission",
        "ID": 405001105
      },
      {
        "Type": "SubMission",
        "ID": 405001201
      },
      {
        "Type": "SubMission",
        "ID": 405001202
      },
      {
        "Type": "SubMission",
        "ID": 405001203
      },
      {
        "Type": "SubMission",
        "ID": 405001204
      },
      {
        "Type": "SubMission",
        "ID": 405001301
      },
      {
        "Type": "SubMission",
        "ID": 405001302
      },
      {
        "Type": "SubMission",
        "ID": 405001303
      },
      {
        "Type": "SubMission",
        "ID": 405001401
      },
      {
        "Type": "SubMission",
        "ID": 405001402
      },
      {
        "Type": "SubMission",
        "ID": 405001403
      },
      {
        "Type": "SubMission",
        "ID": 405001404
      },
      {
        "Type": "SubMission",
        "ID": 405001405
      },
      {
        "Type": "SubMission",
        "ID": 405001501
      },
      {
        "Type": "SubMission",
        "ID": 405001502
      },
      {
        "Type": "SubMission",
        "ID": 405001601
      },
      {
        "Type": "SubMission",
        "ID": 405001701
      },
      {
        "Type": "SubMission",
        "ID": 405001801
      },
      {
        "Type": "SubMission",
        "ID": 405001901
      },
      {
        "Type": "SubMission",
        "ID": 405002001
      },
      {
        "Type": "SubMission",
        "ID": 405002002
      },
      {
        "Type": "SubMission",
        "ID": 405002003
      },
      {
        "Type": "SubMission",
        "ID": 405002101
      },
      {
        "Type": "SubMission",
        "ID": 405002102
      },
      {
        "Type": "SubMission",
        "ID": 405002201
      },
      {
        "Type": "SubMission",
        "ID": 405002202
      },
      {
        "Type": "SubMission",
        "ID": 405002301
      },
      {
        "Type": "SubMission",
        "ID": 405002302
      },
      {
        "Type": "SubMission",
        "ID": 405002303
      },
      {
        "Type": "SubMission",
        "ID": 405002304
      },
      {
        "Type": "SubMission",
        "ID": 405002305
      },
      {
        "Type": "SubMission",
        "ID": 405002401
      },
      {
        "Type": "SubMission",
        "ID": 405002501
      },
      {
        "Type": "SubMission",
        "ID": 405002502
      },
      {
        "Type": "SubMission",
        "ID": 405002601
      },
      {
        "Type": "SubMission",
        "ID": 405002602
      },
      {
        "Type": "SubMission",
        "ID": 405002701
      },
      {
        "Type": "SubMission",
        "ID": 405002702
      },
      {
        "Type": "SubMission",
        "ID": 405002703
      }
    ],
    "Operation": "Or"
  },
  "ForceUnloadCondition": {
    "Conditions": [
      {
        "Phase": "Cancel",
        "ID": 4050008
      },
      {
        "Phase": "Cancel",
        "ID": 4050009
      },
      {
        "Phase": "Cancel",
        "ID": 4050010
      },
      {
        "Phase": "Cancel",
        "ID": 4050011
      },
      {
        "Phase": "Cancel",
        "ID": 4050012
      },
      {
        "Phase": "Cancel",
        "ID": 4050013
      },
      {
        "Phase": "Cancel",
        "ID": 4050014
      },
      {
        "Phase": "Cancel",
        "ID": 4050015
      },
      {
        "Phase": "Cancel",
        "ID": 4050016
      },
      {
        "Phase": "Cancel",
        "ID": 4050017
      },
      {
        "Phase": "Cancel",
        "ID": 4050018
      },
      {
        "Phase": "Cancel",
        "ID": 4050019
      },
      {
        "Phase": "Cancel",
        "ID": 4050020
      },
      {
        "Phase": "Cancel",
        "ID": 4050021
      },
      {
        "Phase": "Cancel",
        "ID": 4050022
      },
      {
        "Phase": "Cancel",
        "ID": 4050023
      },
      {
        "Phase": "Cancel",
        "ID": 4050024
      },
      {
        "Phase": "Cancel",
        "ID": 4050025
      },
      {
        "Phase": "Cancel",
        "ID": 4050026
      },
      {
        "Phase": "Cancel",
        "ID": 4050027
      }
    ]
  },
  "LoadSide": "Server",
  "GroupRefreshID": 1,
  "ConflictIDList": [],
  "AnchorList": [
    {
      "Name": "Anchor1",
      "ID": 1,
      "PosX": -0.278,
      "PosY": -4E-06,
      "PosZ": 4.72
    },
    {
      "Name": "Anchor2",
      "RotY": 180.0001,
      "ID": 2,
      "PosX": 0.02,
      "PosZ": 6.35
    },
    {
      "Name": "Anchor3",
      "RotY": 225.0001,
      "ID": 3,
      "PosX": -4.58,
      "PosY": -1E-05,
      "PosZ": 22.79
    },
    {
      "Name": "Anchor4",
      "RotY": 270.0002,
      "ID": 4,
      "PosX": -5.675,
      "PosY": -7E-06,
      "PosZ": 12.319
    },
    {
      "Name": "Anchor5",
      "RotY": 270.0002,
      "ID": 5,
      "PosX": 0.32,
      "PosY": -7E-06,
      "PosZ": 14.32
    },
    {
      "Name": "Anchor6",
      "RotY": 180.0002,
      "ID": 6,
      "PosX": -0.18,
      "PosY": -7E-06,
      "PosZ": 9.07
    },
    {
      "Name": "Anchor7",
      "RotY": 270.0002,
      "ID": 7,
      "PosX": -2.18,
      "PosY": -7E-06,
      "PosZ": 14.82
    },
    {
      "Name": "Anchor8",
      "RotY": 105.0003,
      "ID": 8,
      "PosX": 2.51,
      "PosY": -8E-06,
      "PosZ": 15.73
    },
    {
      "Name": "Anchor9",
      "RotY": 270.0002,
      "ID": 9,
      "PosX": -0.15,
      "PosY": -8E-06,
      "PosZ": 18.02
    },
    {
      "Name": "Anchor10",
      "RotY": 330.0002,
      "ID": 10,
      "PosX": 4.71,
      "PosY": -8E-06,
      "PosZ": 25.87
    },
    {
      "Name": "Anchor11",
      "RotY": 180.0002,
      "ID": 11,
      "PosX": 2.654,
      "PosY": -1.2E-05,
      "PosZ": 19.178
    },
    {
      "Name": "Anchor12",
      "RotY": 195.0004,
      "ID": 12,
      "PosX": 3.16,
      "PosY": -3E-06,
      "PosZ": 0.61
    },
    {
      "Name": "Anchor13",
      "RotY": 150.0003,
      "ID": 13,
      "PosX": -5.322,
      "PosY": -7E-06,
      "PosZ": 17.607
    },
    {
      "Name": "Anchor14",
      "RotY": 60.00023,
      "ID": 14,
      "PosX": 1.77,
      "PosY": -8E-06,
      "PosZ": 16.878
    },
    {
      "Name": "Anchor15",
      "RotY": 45.00036,
      "ID": 15,
      "PosX": 2.449999,
      "PosY": -2E-06,
      "PosZ": -2.36
    },
    {
      "Name": "Anchor16",
      "RotY": 330.0003,
      "ID": 16,
      "PosX": -4.697,
      "PosY": -7E-06,
      "PosZ": 16.524
    }
  ],
  "MonsterList": [],
  "PropList": [],
  "DistrictList": [],
  "WaypointList": [
    {
      "ID": 1,
      "PosX": 0.06,
      "PosY": -6E-06,
      "PosZ": 10.28
    },
    {
      "ID": 2,
      "PosX": 0.06,
      "PosY": -4E-06,
      "PosZ": 6.28
    }
  ],
  "PathwayList": [
    {
      "WaypointIDList": [
        1,
        2
      ],
      "Name": "Pathway1",
      "ID": 1,
      "PosX": -0.818877,
      "PosY": 1.458662,
      "PosZ": 1.253928
    }
  ],
  "BattleAreaList": [],
  "NPCList": [
    {
      "NPCID": 3001,
      "LevelGraph": "Config/Level/Maze/Chapter00/Train/Train_PamAction.json",
      "LoadOnInitial": false,
      "DialogueGroups": [],
      "ServerInteractVerificationIDList": [
        1,
        2,
        3,
        4
      ],
      "BoardShowList": [
        4,
        8
      ],
      "TalkDialogGroupIDList": [],
      "DefaultIdleFreeStyleMotionID": 900010000,
      "IsMapContent": true,
      "InitialHiddenNodeList": [],
      "Dialog": {
        "LevelGraph": "Config/Level/NPCDialogue/P10000/F10000000_G56/DialogueMain_F10000000_G56_N400001.json",
        "PackList": [
          {
            "Name": "PamRanmdomMission",
            "LevelGraph": "Config/Level/NPCDialogue/P10000/F10000000_G56/DialoguePack_PamRanmdomMission_F10000000_G56_N400001.json"
          },
          {
            "Name": "FakePamBase",
            "LevelGraph": "Config/Level/NPCDialogue/P10000/F10000000_G56/DialoguePack_FakePamBase_F10000000_G56_N400001.json"
          }
        ]
      },
      "ConnectWithSubMissionIDList": [
        405000801,
        405000803,
        405000901,
        405001001,
        405001101,
        405001102,
        405001201,
        405001301,
        405001303,
        405001401,
        405001405,
        405001501,
        405001502,
        405001601,
        405001701,
        405001801,
        405001901,
        405002001,
        405002003,
        405002101,
        405002102,
        405002201,
        405002202,
        405002301,
        405002305,
        405002401,
        405002501,
        405002502,
        405002601,
        405002602,
        405002701,
        405002703
      ],
      "Name": "NPC1",
      "ID": 400001,
      "PosX": 0.06,
      "PosY": -6E-06,
      "PosZ": 10.28
    }
  ],
  "CrowdList": [],
  "PedestrianList": []
}