{
  "GroupGUID": "127350c5-4ce6-4ac8-b674-69f9fdc56346",
  "GroupName": "ChallengeMaze",
  "AreaAnchorName": "LevelArea_P10000_F10000000_G34",
  "LoadCondition": {
    "Conditions": [
      {
        "Type": "SubMission",
        "Phase": "Finish",
        "ID": 401010506
      }
    ]
  },
  "LoadSide": "Server",
  "ConflictIDList": [],
  "AnchorList": [
    {
      "Name": "Anchor1",
      "RotY": 270,
      "ID": 1,
      "PosX": -4.03,
      "PosY": 2E-06,
      "PosZ": -13.006
    }
  ],
  "MonsterList": [],
  "PropList": [],
  "DistrictList": [],
  "WaypointList": [],
  "PathwayList": [],
  "BattleAreaList": [],
  "NPCList": [
    {
      "NPCID": 3012,
      "LevelGraph": "Config/Level/NPC/NPC_Train_Messenger.json",
      "Trigger": {
        "Radius": 2,
        "DimX": 1,
        "DimY": 1,
        "DimZ": 3.5,
        "PointList": [],
        "Server": true
      },
      "DialogueGroups": [
        401010507,
        401010531,
        401010567
      ],
      "ServerInteractVerificationIDList": [
        29,
        16
      ],
      "DefaultLookAtMode": "Closed",
      "BoardShowList": [
        8
      ],
      "OverrideNPCName": {
        "Hash": 1209718592
      },
      "TalkChosenType": "loop",
      "TalkDialogGroupIDList": [],
      "DefaultIdleFreeStyleMotionID": 100020000,
      "IsMapContent": true,
      "BornType": "Permanent",
      "IsInitialHidden": true,
      "InitialHiddenNodeList": [],
      "Dialog": {
        "LevelGraph": "Config/Level/NPCDialogue/P10000/F10000000_G34/DialogueMain_F10000000_G34_N400001.json",
        "PackList": [
          {
            "Name": "Transferred",
            "LevelGraph": "Config/Level/NPCDialogue/P10000/F10000000_G34/DialoguePack_Transferred_F10000000_G34_N400001.json"
          }
        ],
        "EnableCondition": {
          "Conditions": [
            {
              "Type": "SubMission",
              "ID": 401010507
            },
            {
              "Type": "SubMission",
              "Phase": "Finish",
              "ID": 401010509
            },
            {
              "Type": "SubMission",
              "ID": 401010509
            }
          ],
          "Operation": "Or"
        }
      },
      "ConnectWithSubMissionIDList": [
        401010507,
        401010531,
        401010509
      ],
      "Name": "NPC1",
      "RotY": 40.61753,
      "ID": 400001,
      "PosX": -5.717,
      "PosY": 2E-06,
      "PosZ": -13.802
    }
  ],
  "CrowdList": [],
  "PedestrianList": [],
  "SmartObjectList": []
}