{
  "GroupGUID": "2931dc60-b2e2-4961-9ceb-87f149c50d1d",
  "GroupName": "MainMission8002107_1",
  "Category": "Mission",
  "AreaAnchorName": "LevelArea_P10000_F10000000_G136",
  "SaveType": "Reset",
  "OwnerMainMissionID": 8002107,
  "ConflictIDList": [],
  "IsHoyoGroup": true,
  "ConflictWhiteList": [],
  "AnchorList": [
    {
      "Name": "Anchor1",
      "ID": 1,
      "PosX": -1.304624,
      "PosY": -4E-06,
      "PosZ": 2.512347
    }
  ],
  "MonsterList": [],
  "PropList": [
    {
      "Scale": {
        "X": 8,
        "Y": 5,
        "Z": 22
      },
      "PropID": 121,
      "IsOverrideInitLevelGraph": true,
      "InitLevelGraph": "Config/Level/LevelInstanceGraph/F10000000/LG_Prop_F10000000_G136_300001.json",
      "Trigger": {
        "Radius": 25,
        "DimX": 1,
        "DimY": 1,
        "DimZ": 1,
        "PointList": []
      },
      "CampID": 4,
      "CustomTriggerMap": {},
      "CustomTriggerMapV2": {},
      "BridgeStateRotations": [],
      "DialogueGroups": [],
      "TalkDialogGroupIDList": [],
      "ServerInteractVerificationIDList": [],
      "Name": "Prop1",
      "ID": 300001,
      "PosX": -0.04,
      "PosY": 6.65,
      "PosZ": 2.22
    }
  ],
  "DistrictList": [],
  "WaypointList": [],
  "PathwayList": [],
  "BattleAreaList": [],
  "NPCList": [],
  "CrowdList": [],
  "PedestrianList": [],
  "SmartObjectList": []
}