{
  "GroupGUID": "3c29a94d-7ad2-4437-a94c-5d53fa2dddef",
  "GroupName": "MainMission_1000501",
  "AreaAnchorName": "LevelArea_P10000_F10000000_G4",
  "SaveType": "Reset",
  "LoadCondition": {
    "Conditions": [
      {
        "ID": 1000501
      },
      {
        "Phase": "Finish",
        "ID": 1000501
      }
    ],
    "Operation": "Or"
  },
  "UnloadCondition": {
    "Conditions": [
      {
        "Phase": "Finish",
        "ID": 1000503
      }
    ]
  },
  "AnchorList": [
    {
      "Name": "Anchor1",
      "RotY": 324.6729,
      "ID": 1,
      "PosX": 4.29,
      "PosY": -1E-06,
      "PosZ": 7.22
    },
    {
      "Name": "Anchor2",
      "RotY": 133,
      "ID": 2,
      "PosX": -0.01,
      "PosY": -1.1E-05,
      "PosZ": 25.12
    }
  ],
  "MonsterList": [],
  "PropList": [
    {
      "PropID": 100,
      "LoadOnInitial": false,
      "IsOverrideInitLevelGraph": true,
      "Trigger": {
        "Radius": 3,
        "DimX": 15,
        "DimY": 2,
        "DimZ": 5
      },
      "CampID": 4,
      "OverrideHintRange": 50,
      "CustomTriggerMap": {},
      "BridgeStateRotations": [],
      "DialogueGroups": [],
      "TalkDialogGroupIDList": [],
      "ServerInteractVerificationIDList": [],
      "Name": "Prop1",
      "ID": 300001,
      "PosY": 1.15,
      "PosZ": 27.384
    },
    {
      "PropID": 111,
      "LoadOnInitial": false,
      "IsOverrideInitLevelGraph": true,
      "CustomTriggerMap": {},
      "BridgeStateRotations": [],
      "DialogueGroups": [],
      "TalkDialogGroupIDList": [],
      "ServerInteractVerificationIDList": [],
      "Name": "Prop2",
      "RotY": 270,
      "ID": 300002,
      "PosX": -0.004824,
      "PosY": -1E-05,
      "PosZ": 24.87
    },
    {
      "PropID": 100,
      "LoadOnInitial": false,
      "IsOverrideInitLevelGraph": true,
      "Trigger": {
        "Radius": 2,
        "DimX": 1,
        "DimY": 1,
        "DimZ": 1
      },
      "CampID": 4,
      "OverrideHintRange": 50,
      "CustomTriggerMap": {},
      "BridgeStateRotations": [],
      "DialogueGroups": [],
      "TalkDialogGroupIDList": [],
      "ServerInteractVerificationIDList": [],
      "Name": "Prop3",
      "ID": 300003,
      "PosX": 4.286,
      "PosY": 0.9,
      "PosZ": -2.382
    }
  ],
  "DistrictList": [],
  "WaypointList": [],
  "PathwayList": [],
  "BattleAreaList": [],
  "NPCList": [
    {
      "NPCID": 3001,
      "LoadOnInitial": false,
      "DialogueGroups": [],
      "ServerInteractVerificationIDList": [],
      "BoardShowList": [],
      "TalkDialogGroupIDList": [],
      "DefaultIdleFreeStyleMotionID": 900010000,
      "BornType": "Permanent",
      "Name": "NPC2",
      "RotY": 151.0023,
      "ID": 400002,
      "PosX": 3.75,
      "PosY": -6E-06,
      "PosZ": 8.7
    },
    {
      "NPCID": 1991,
      "LoadOnInitial": false,
      "DialogueGroups": [],
      "ServerInteractVerificationIDList": [],
      "DefaultLookAtMode": "Closed",
      "BoardShowList": [],
      "OverrideNPCName": {
        "Hash": -1836469546
      },
      "TalkDialogGroupIDList": [],
      "DefaultIdleFreeStyleMotionID": 380010000,
      "BornType": "Permanent",
      "Name": "NPC1",
      "RotY": 324.6729,
      "ID": 400001,
      "PosX": 4.29,
      "PosZ": 7.22
    },
    {
      "NPCID": 3001,
      "LoadOnInitial": false,
      "DialogueGroups": [],
      "ServerInteractVerificationIDList": [],
      "BoardShowList": [],
      "TalkDialogGroupIDList": [],
      "DefaultIdleFreeStyleMotionID": 900010000,
      "BornType": "Permanent",
      "Name": "NPC3",
      "RotY": 323.6371,
      "ID": 400003,
      "PosX": 0.76,
      "PosY": -1E-05,
      "PosZ": 24
    },
    {
      "NPCID": 1991,
      "LoadOnInitial": false,
      "DialogueGroups": [],
      "ServerInteractVerificationIDList": [],
      "DefaultLookAtMode": "Closed",
      "BoardShowList": [],
      "OverrideNPCName": {
        "Hash": -1836469546
      },
      "TalkDialogGroupIDList": [],
      "DefaultIdleFreeStyleMotionID": 380010000,
      "BornType": "Permanent",
      "Name": "NPC4",
      "RotY": 132.8868,
      "ID": 400004,
      "PosX": -0.01,
      "PosY": -1E-05,
      "PosZ": 25.12
    }
  ],
  "CrowdList": [],
  "PedestrianList": []
}