{
  "GroupGUID": "cbc37b23-04cd-4c63-9b30-f9789647a4f4",
  "GroupName": "MainMission8015163_801516310",
  "Category": "Mission",
  "LevelGraph": "Config/Level/GroupGraph/F10000000/Group_F10000000_G157.json",
  "AreaAnchorName": "LevelArea_P10000_F10000000_G157",
  "SaveType": "Reset",
  "OwnerMainMissionID": 8015163,
  "ValueSource": {},
  "ConflictIDList": [],
  "IsHoyoGroup": true,
  "ConflictWhiteList": [],
  "AnchorList": [],
  "MonsterList": [],
  "PropList": [
    {
      "PropID": 102210,
      "ValueSource": {
        "Values": [
          {
            "$type": "RPG.GameCore.SharedInt",
            "Value": 1,
            "Key": "HaveSuiyang"
          }
        ]
      },
      "CampID": 4,
      "CustomTriggerMap": {},
      "CustomTriggerMapV2": {},
      "BridgeStateRotations": [],
      "DialogueGroups": [],
      "TalkDialogGroupIDList": [],
      "ServerInteractVerificationIDList": [],
      "TriggerValidGuest": {},
      "SpawnConfig": {
        "EntitySpawnConfig": {}
      },
      "Name": "Prop1",
      "RotY": 90.7905,
      "ID": 300001,
      "PosX": -6.501385,
      "PosY": 1.002,
      "PosZ": 8.29576
    }
  ],
  "DistrictList": [],
  "WaypointList": [],
  "PathwayList": [],
  "BattleAreaList": [],
  "NPCList": [],
  "CrowdList": [],
  "PedestrianList": [],
  "SmartObjectList": []
}