{
  "GroupGUID": "75e13dd2-a12b-4e4c-a58c-9cb4be0886f1",
  "GroupName": "MainMission4050005_Pam",
  "Category": "Mission",
  "AreaAnchorName": "LevelArea_P10000_F10000000_G62",
  "LoadCondition": {
    "Conditions": [
      {
        "Type": "SubMission",
        "ID": 405000502
      }
    ]
  },
  "UnloadCondition": {
    "Conditions": [
      {
        "Phase": "Finish",
        "ID": 4050005
      }
    ]
  },
  "LoadSide": "Server",
  "OwnerMainMissionID": 4050005,
  "GroupRefreshID": 1,
  "ConflictIDList": [],
  "AnchorList": [
    {
      "Name": "Anchor1",
      "ID": 1,
      "PosX": -0.278,
      "PosY": -4E-06,
      "PosZ": 4.72
    },
    {
      "Name": "Anchor2",
      "RotY": 180.0001,
      "ID": 2,
      "PosX": 0.02,
      "PosZ": 6.35
    }
  ],
  "MonsterList": [],
  "PropList": [],
  "DistrictList": [],
  "WaypointList": [],
  "PathwayList": [],
  "BattleAreaList": [],
  "NPCList": [
    {
      "NPCID": 3001,
      "LevelGraph": "Config/Level/Maze/Chapter00/Train/Train_PamAction.json",
      "DialogueGroups": [],
      "ServerInteractVerificationIDList": [
        1,
        2,
        3,
        4
      ],
      "BoardShowList": [
        4,
        8
      ],
      "TalkDialogGroupIDList": [],
      "DefaultIdleFreeStyleMotionID": 900010000,
      "IsMapContent": true,
      "InitialHiddenNodeList": [],
      "Dialog": {
        "LevelGraph": "Config/Level/NPCDialogue/P10000/F10000000_G56/DialogueMain_F10000000_G56_N400001.json",
        "PackList": [
          {
            "Name": "FakePamBase",
            "LevelGraph": "Config/Level/NPCDialogue/P10000/F10000000_G56/DialoguePack_FakePamBase_F10000000_G56_N400001.json"
          }
        ]
      },
      "Name": "NPC1",
      "ID": 400001,
      "PosX": 0.06,
      "PosY": -6E-06,
      "PosZ": 10.28
    }
  ],
  "CrowdList": [],
  "PedestrianList": []
}