{
  "GroupGUID": "5ceb4ad4-4c9c-4bc4-993c-5e29ed5d9dde",
  "GroupName": "MainMission1020101_",
  "Category": "Mission",
  "AreaAnchorName": "LevelArea_P10000_F10000002_G3",
  "SaveType": "Reset",
  "LoadCondition": {
    "Conditions": [
      {
        "Type": "SubMission",
        "ID": 102010108
      }
    ]
  },
  "UnloadCondition": {
    "Conditions": [
      {
        "Type": "SubMission",
        "Phase": "Finish",
        "ID": 102010108
      }
    ],
    "DelayToLevelReload": true
  },
  "OwnerMainMissionID": 1020101,
  "ConflictIDList": [],
  "AnchorList": [],
  "MonsterList": [],
  "PropList": [],
  "DistrictList": [],
  "WaypointList": [],
  "PathwayList": [],
  "BattleAreaList": [],
  "NPCList": [
    {
      "NPCID": 1001,
      "DialogueGroups": [],
      "ServerInteractVerificationIDList": [],
      "DefaultLookAtMode": "Closed",
      "BoardShowList": [],
      "FirstDialogueGroupID": 102010187,
      "TalkDialogGroupIDList": [
        102010186
      ],
      "DefaultIdleFreeStyleMotionID": 310010000,
      "InitialHiddenNodeList": [],
      "Dialog": {
        "LevelGraph": "Config/Level/NPCDialogue/P10000/F10000002_G3/DialogueMain_F10000002_G3_N400001.json"
      },
      "Name": "NPC1",
      "RotY": 16.4,
      "ID": 400001,
      "PosX": -5.474,
      "PosZ": 14.312
    },
    {
      "NPCID": 1002,
      "DialogueGroups": [],
      "ServerInteractVerificationIDList": [],
      "DefaultLookAtMode": "Closed",
      "BoardShowList": [],
      "FirstDialogueGroupID": 102010185,
      "TalkDialogGroupIDList": [
        102010184
      ],
      "DefaultIdleFreeStyleMotionID": 310020221,
      "InitialHiddenNodeList": [],
      "Dialog": {
        "LevelGraph": "Config/Level/NPCDialogue/P10000/F10000002_G3/DialogueMain_F10000002_G3_N400002.json"
      },
      "Name": "NPC2",
      "RotY": 327.23,
      "ID": 400002,
      "PosX": -4.01,
      "PosZ": 14.232
    }
  ],
  "CrowdList": [],
  "PedestrianList": []
}