{
  "GroupGUID": "bdf265ec-8e9c-408f-bd5e-1747d4e2e15e",
  "GroupName": "MainMission8002107_2",
  "Category": "Mission",
  "LevelGraph": "Config/Level/GroupGraph/F10000002/Group_F10000002_G31.json",
  "AreaAnchorName": "LevelArea_P10000_F10000002_G31",
  "SaveType": "Reset",
  "OwnerMainMissionID": 8002107,
  "ValueSource": {},
  "ConflictIDList": [],
  "IsHoyoGroup": true,
  "ConflictWhiteList": [],
  "AnchorList": [
    {
      "Usage": "Actor",
      "Name": "Anchor1",
      "RotY": 0.719062,
      "ID": 1,
      "PosX": 3.109,
      "PosZ": 7.405
    },
    {
      "RotX": 9.453626,
      "RotZ": 0.073659,
      "Usage": "Camera",
      "CustomParameter": {
        "$type": "RPG.GameCore.LevelAnchorCameraParameter"
      },
      "Name": "Anchor2",
      "RotY": 7.718384,
      "ID": 2,
      "PosX": 1.987281,
      "PosY": 1.598341,
      "PosZ": 6.547897
    },
    {
      "Usage": "Actor",
      "Name": "Anchor3",
      "RotY": 37.5,
      "ID": 3,
      "PosX": 1.825,
      "PosZ": 8.159
    },
    {
      "Usage": "Actor",
      "Name": "Anchor4",
      "RotY": 6.86,
      "ID": 4,
      "PosX": -0.069999,
      "PosZ": 3.199999
    },
    {
      "Usage": "Actor",
      "Name": "Anchor5",
      "RotY": 309.3441,
      "ID": 5,
      "PosX": 0.246001,
      "PosZ": 3.504999
    },
    {
      "Usage": "Actor",
      "Name": "Anchor6",
      "RotY": 206.8081,
      "ID": 6,
      "PosX": 3.120002,
      "PosZ": 8.989002
    },
    {
      "Usage": "Actor",
      "Name": "Anchor7",
      "RotY": 150.1884,
      "ID": 7,
      "PosX": 2.625002,
      "PosZ": 8.92
    },
    {
      "Usage": "Actor",
      "Name": "Anchor8",
      "RotY": 233.3298,
      "ID": 8,
      "PosX": 4.418,
      "PosZ": 8.273
    },
    {
      "Usage": "Actor",
      "Name": "Anchor9",
      "RotY": 265.1526,
      "ID": 9,
      "PosX": 4.62,
      "PosZ": 7.8
    },
    {
      "Usage": "Actor",
      "Name": "Anchor10",
      "RotY": 335,
      "ID": 10,
      "PosX": -0.705,
      "PosZ": 4.45
    }
  ],
  "MonsterList": [],
  "PropList": [
    {
      "PropID": 100,
      "IsOverrideInitLevelGraph": true,
      "InitLevelGraph": "Config/Level/LevelInstanceGraph/F10000002/LG_Prop_F10000002_G31_300001.json",
      "ValueSource": {},
      "Trigger": {
        "Radius": 1.3,
        "DimX": 1,
        "DimY": 1,
        "DimZ": 1,
        "PointList": []
      },
      "CampID": 4,
      "CustomTriggerMap": {},
      "CustomTriggerMapV2": {},
      "BridgeStateRotations": [],
      "DialogueGroups": [],
      "TalkDialogGroupIDList": [],
      "ServerInteractVerificationIDList": [],
      "Name": "Prop1",
      "ID": 300001,
      "PosX": 3.22,
      "PosZ": 7.77
    },
    {
      "Scale": {
        "X": 0.1,
        "Y": 0.1,
        "Z": 0.1
      },
      "PropID": 100,
      "IsOverrideInitLevelGraph": true,
      "ValueSource": {},
      "CampID": 4,
      "CustomTriggerMap": {},
      "CustomTriggerMapV2": {},
      "BridgeStateRotations": [],
      "DialogueGroups": [],
      "TalkDialogGroupIDList": [],
      "ServerInteractVerificationIDList": [],
      "Name": "Prop2",
      "RotY": 180.3987,
      "ID": 300002,
      "PosX": 0.398,
      "PosY": 1.492,
      "PosZ": 2.884
    },
    {
      "Scale": {
        "X": 0.1,
        "Y": 0.1,
        "Z": 0.1
      },
      "PropID": 100,
      "IsOverrideInitLevelGraph": true,
      "ValueSource": {},
      "CampID": 4,
      "CustomTriggerMap": {},
      "CustomTriggerMapV2": {},
      "BridgeStateRotations": [],
      "DialogueGroups": [],
      "TalkDialogGroupIDList": [],
      "ServerInteractVerificationIDList": [],
      "Name": "Prop3",
      "RotY": 180.3987,
      "ID": 300003,
      "PosX": 2.773,
      "PosY": 1.492,
      "PosZ": 9.24
    },
    {
      "Scale": {
        "X": 0.1,
        "Y": 0.1,
        "Z": 0.1
      },
      "PropID": 100,
      "IsOverrideInitLevelGraph": true,
      "ValueSource": {},
      "CampID": 4,
      "CustomTriggerMap": {},
      "CustomTriggerMapV2": {},
      "BridgeStateRotations": [],
      "DialogueGroups": [],
      "TalkDialogGroupIDList": [],
      "ServerInteractVerificationIDList": [],
      "Name": "Prop4",
      "RotY": 180.3987,
      "ID": 300004,
      "PosX": 4.875,
      "PosY": 1.492,
      "PosZ": 8.185
    },
    {
      "PropID": 100,
      "LoadOnInitial": false,
      "IsOverrideInitLevelGraph": true,
      "InitLevelGraph": "Config/Level/LevelInstanceGraph/F10000002/LG_Prop_F10000002_G31_300001.json",
      "ValueSource": {
        "Values": []
      },
      "Trigger": {
        "Radius": 1.3,
        "DimX": 1,
        "DimY": 1,
        "DimZ": 1,
        "PointList": []
      },
      "CampID": 4,
      "CustomTriggerMap": {},
      "CustomTriggerMapV2": {},
      "BridgeStateRotations": [],
      "DialogueGroups": [],
      "TalkDialogGroupIDList": [],
      "ServerInteractVerificationIDList": [],
      "Name": "Prop5",
      "ID": 300005,
      "PosX": 0.37,
      "PosZ": 4.12
    }
  ],
  "DistrictList": [],
  "WaypointList": [],
  "PathwayList": [],
  "BattleAreaList": [],
  "NPCList": [
    {
      "NPCID": 1001,
      "ValueSource": {},
      "DialogueGroups": [],
      "ServerInteractVerificationIDList": [],
      "BoardShowList": [],
      "TalkDialogGroupIDList": [],
      "DefaultIdleFreeStyleMotionID": 310010209,
      "InitialHiddenNodeList": [],
      "SpawnConfig": {
        "CaptureDistanceTolerance": 10,
        "EntitySpawnConfig": {}
      },
      "Name": "NPC1",
      "RotY": 206.8081,
      "ID": 400001,
      "PosX": 3.120002,
      "PosZ": 8.989002
    },
    {
      "NPCID": 1990,
      "ValueSource": {},
      "DialogueGroups": [],
      "ServerInteractVerificationIDList": [],
      "DefaultLookAtMode": "Closed",
      "BoardShowList": [],
      "TalkDialogGroupIDList": [],
      "DefaultIdleFreeStyleMotionID": 200,
      "InitialHiddenNodeList": [],
      "SpawnConfig": {
        "CaptureDistanceTolerance": 10,
        "EntitySpawnConfig": {}
      },
      "Name": "NPC2",
      "RotY": 150.1884,
      "ID": 400002,
      "PosX": 2.625002,
      "PosZ": 8.92
    }
  ],
  "CrowdList": [],
  "PedestrianList": [],
  "SmartObjectList": []
}