{
  "GroupGUID": "580e94b9-9e8f-43ff-824a-8c1d11ecb07f",
  "GroupName": "MainMission8002100_",
  "Category": "Mission",
  "AreaAnchorName": "LevelArea_P10000_F10000002_G25",
  "SaveType": "Reset",
  "OwnerMainMissionID": 8002100,
  "ValueSource": {},
  "ConflictIDList": [],
  "IsHoyoGroup": true,
  "ConflictWhiteList": [],
  "AnchorList": [
    {
      "Usage": "Actor",
      "Name": "Anchor1",
      "RotY": 37.5,
      "ID": 1,
      "PosX": 1.825,
      "PosZ": 8.159
    },
    {
      "RotX": 9.453626,
      "RotZ": 0.073659,
      "Usage": "Camera",
      "CustomParameter": {
        "$type": "RPG.GameCore.LevelAnchorCameraParameter"
      },
      "Name": "Anchor2",
      "RotY": 7.718384,
      "ID": 2,
      "PosX": 1.987281,
      "PosY": 1.598341,
      "PosZ": 6.547897
    },
    {
      "Usage": "Camera",
      "CustomParameter": {
        "$type": "RPG.GameCore.LevelAnchorCameraParameter"
      },
      "Name": "Anchor3",
      "ID": 3,
      "PosX": 4.85,
      "PosY": -0.13,
      "PosZ": 14.89
    }
  ],
  "MonsterList": [],
  "PropList": [],
  "DistrictList": [],
  "WaypointList": [],
  "PathwayList": [],
  "BattleAreaList": [],
  "NPCList": [
    {
      "NPCID": 1001,
      "ValueSource": {},
      "DialogueGroups": [],
      "ServerInteractVerificationIDList": [],
      "DefaultLookAtMode": "Closed",
      "BoardShowList": [],
      "TalkDialogGroupIDList": [],
      "DefaultIdleFreeStyleMotionID": 310010221,
      "InitialHiddenNodeList": [],
      "Dialog": {
        "LevelGraph": "Config/Level/NPCDialogue/P10000/F10000002_G20/DialogueMain_F10000002_G20_N400001.json",
        "PackList": [],
        "EnableCondition": {
          "Conditions": [
            {
              "Type": "SubMission",
              "ID": 800210002
            },
            {
              "Type": "SubMission",
              "ID": 800210004
            },
            {
              "Type": "SubMission",
              "ID": 800210001
            },
            {
              "Type": "SubMission",
              "ID": 800210103
            }
          ],
          "Operation": "Or"
        }
      },
      "SpawnConfig": {
        "CaptureDistanceTolerance": 10,
        "EntitySpawnConfig": {}
      },
      "TriggerValidGuest": {},
      "Name": "NPC1",
      "ID": 400001,
      "PosX": 3.119002,
      "PosZ": 9.491
    }
  ],
  "CrowdList": [],
  "PedestrianList": [],
  "SmartObjectList": []
}