{
  "GroupGUID": "8b9a60ca-8d5b-49cb-b54b-e7caad56e81e",
  "GroupName": "Sound",
  "AreaAnchorName": "LevelArea_P10000_F10000002_G10",
  "SaveType": "Reset",
  "LoadOnInitial": true,
  "AnchorList": [],
  "MonsterList": [],
  "PropList": [],
  "DistrictList": [
    {
      "Trigger": {
        "Shape": "Box",
        "Radius": 1,
        "DimX": 15,
        "DimY": 5,
        "DimZ": 10,
        "PointList": []
      },
      "OnEnterAudioState": [
        {
          "GroupName": "StateGroup_Starrail",
          "StateName": "State_Corridor"
        }
      ],
      "OnEnterRTPC": [
        {
          "RTPCName": "RTPC_Global_Reverb_Type",
          "RTPCValue": 6
        }
      ],
      "Name": "District1",
      "ID": 1,
      "PosX": 0.14,
      "PosY": 2.24,
      "PosZ": 26.46
    },
    {
      "Trigger": {
        "Shape": "Box",
        "Radius": 1,
        "DimX": 5,
        "DimY": 5,
        "DimZ": 42,
        "PointList": []
      },
      "OnEnterAudioState": [
        {
          "GroupName": "StateGroup_Starrail",
          "StateName": "State_Corridor"
        }
      ],
      "OnEnterRTPC": [
        {
          "RTPCName": "RTPC_Global_Reverb_Type",
          "RTPCValue": 6
        }
      ],
      "Name": "District2",
      "ID": 2,
      "PosX": -4.72,
      "PosY": 2.24,
      "PosZ": 1.04
    },
    {
      "Trigger": {
        "Shape": "Box",
        "Radius": 1,
        "DimX": 15,
        "DimY": 5,
        "DimZ": 10,
        "PointList": []
      },
      "OnEnterAudioState": [
        {
          "GroupName": "StateGroup_Starrail",
          "StateName": "State_Corridor"
        }
      ],
      "OnEnterRTPC": [
        {
          "RTPCName": "RTPC_Global_Reverb_Type",
          "RTPCValue": 6
        }
      ],
      "Name": "District3",
      "ID": 3,
      "PosX": 0.14,
      "PosY": 2.24,
      "PosZ": -26.3
    },
    {
      "Trigger": {
        "Shape": "Box",
        "Radius": 1,
        "DimX": 10,
        "DimY": 5,
        "DimZ": 10,
        "PointList": []
      },
      "OnEnterAudioState": [
        {
          "GroupName": "StateGroup_Starrail",
          "StateName": "State_Danheng_Room"
        }
      ],
      "OnEnterRTPC": [
        {
          "RTPCName": "RTPC_Global_Reverb_Type",
          "RTPCValue": 8
        }
      ],
      "Name": "District4",
      "ID": 4,
      "PosX": 2.59,
      "PosY": 2.24,
      "PosZ": 15.89
    },
    {
      "Trigger": {
        "Shape": "Box",
        "Radius": 1,
        "DimX": 3,
        "DimY": 2,
        "DimZ": 7,
        "PointList": []
      },
      "OnEnterAreaSound": {
        "PlayEventName": "Ev_sfx_amb_danheng_room_bubble",
        "StopEventName": "Ev_sfx_amb_danheng_room_bubble_stop",
        "TransformList": [
          {
            "Position": {
              "X": 7.938,
              "Y": -0.563,
              "Z": 19.234
            },
            "Forward": {
              "X": 0,
              "Y": 0,
              "Z": 1
            },
            "Up": {
              "X": 0,
              "Y": 1,
              "Z": 0
            }
          },
          {
            "Position": {
              "X": 7.938,
              "Y": -0.563,
              "Z": 15.953
            },
            "Forward": {
              "X": 0,
              "Y": 0,
              "Z": 1
            },
            "Up": {
              "X": 0,
              "Y": 1,
              "Z": 0
            }
          },
          {
            "Position": {
              "X": 7.938,
              "Y": -0.563,
              "Z": 13.39
            },
            "Forward": {
              "X": 0,
              "Y": 0,
              "Z": 1
            },
            "Up": {
              "X": 0,
              "Y": 1,
              "Z": 0
            }
          }
        ]
      },
      "Name": "District5",
      "ID": 5,
      "PosX": 5.298,
      "PosY": 1.23,
      "PosZ": 15.79
    },
    {
      "Trigger": {
        "Shape": "Box",
        "Radius": 1,
        "DimX": 5,
        "DimY": 5,
        "DimZ": 8,
        "PointList": []
      },
      "OnEnterAreaSound": {
        "PlayEventName": "Ev_sfx_amb_danheng_room_bubble_sub",
        "StopEventName": "Ev_sfx_amb_danheng_room_bubble_sub_stop",
        "TransformList": [
          {
            "Position": {
              "X": 6.42,
              "Y": 3.094,
              "Z": 19.334
            },
            "Forward": {
              "X": 0,
              "Y": 0,
              "Z": 1
            },
            "Up": {
              "X": 0,
              "Y": 1,
              "Z": 0
            }
          },
          {
            "Position": {
              "X": 4.37,
              "Y": 3.094,
              "Z": 12.5
            },
            "Forward": {
              "X": 0,
              "Y": 0,
              "Z": 1
            },
            "Up": {
              "X": 0,
              "Y": 1,
              "Z": 0
            }
          },
          {
            "Position": {
              "X": 8.9154,
              "Y": 3.094,
              "Z": 14.47
            },
            "Forward": {
              "X": 0,
              "Y": 0,
              "Z": 1
            },
            "Up": {
              "X": 0,
              "Y": 1,
              "Z": 0
            }
          }
        ]
      },
      "Name": "District6",
      "ID": 6,
      "PosX": 6.22,
      "PosY": 2.24,
      "PosZ": 15.89
    },
    {
      "Trigger": {
        "Shape": "Box",
        "Radius": 1,
        "DimX": 10,
        "DimY": 5,
        "DimZ": 10,
        "PointList": []
      },
      "OnEnterAreaSound": {
        "PlayEventName": "Ev_sfx_amb_danheng_room_screen",
        "StopEventName": "Ev_sfx_amb_danheng_room_screen_stop",
        "TransformList": [
          {
            "Position": {
              "X": 7.51,
              "Y": 3.177,
              "Z": 18.392
            },
            "Forward": {
              "X": 0,
              "Y": 0,
              "Z": 1
            },
            "Up": {
              "X": 0,
              "Y": 1,
              "Z": 0
            }
          },
          {
            "Position": {
              "X": 7.51,
              "Y": 2.821,
              "Z": 13.402
            },
            "Forward": {
              "X": 0,
              "Y": 0,
              "Z": 1
            },
            "Up": {
              "X": 0,
              "Y": 1,
              "Z": 0
            }
          }
        ]
      },
      "Name": "District7",
      "ID": 7,
      "PosX": 2.59,
      "PosY": 2.24,
      "PosZ": 15.89
    },
    {
      "Trigger": {
        "Shape": "Box",
        "Radius": 1,
        "DimX": 10,
        "DimY": 5,
        "DimZ": 10,
        "PointList": []
      },
      "OnEnterAreaSound": {
        "PlayEventName": "Ev_sfx_amb_danheng_room_scratch",
        "StopEventName": "Ev_sfx_amb_danheng_room_scratch_stop",
        "TransformList": [
          {
            "Position": {
              "X": -0.053,
              "Y": 1.633,
              "Z": 11.884
            },
            "Forward": {
              "X": 0,
              "Y": 0,
              "Z": 1
            },
            "Up": {
              "X": 0,
              "Y": 1,
              "Z": 0
            }
          }
        ]
      },
      "Name": "District8",
      "ID": 8,
      "PosX": 2.59,
      "PosY": 2.24,
      "PosZ": 15.89
    },
    {
      "Trigger": {
        "Shape": "Box",
        "Radius": 1,
        "DimX": 10,
        "DimY": 5,
        "DimZ": 10,
        "PointList": []
      },
      "OnEnterAreaSound": {
        "PlayEventName": "Ev_sfx_amb_danheng_room_switch",
        "StopEventName": "Ev_sfx_amb_danheng_room_switch_stop",
        "TransformList": [
          {
            "Position": {
              "X": -1.688,
              "Y": 0.471,
              "Z": 18.248
            },
            "Forward": {
              "X": 0,
              "Y": 0,
              "Z": 1
            },
            "Up": {
              "X": 0,
              "Y": 1,
              "Z": 0
            }
          }
        ]
      },
      "Name": "District9",
      "ID": 9,
      "PosX": 2.59,
      "PosY": 2.24,
      "PosZ": 15.89
    },
    {
      "OnEnterAreaSound": {
        "TransformList": []
      },
      "Name": "District10",
      "ID": 10,
      "PosX": -1.31,
      "PosY": 2.24,
      "PosZ": -9.98
    },
    {
      "Trigger": {
        "Shape": "Box",
        "Radius": 1,
        "DimX": 8,
        "DimY": 5,
        "DimZ": 43,
        "PointList": []
      },
      "OnEnterAreaSound": {
        "PlayEventName": "Ev_sfx_amb_starrail_corridor_window_drone",
        "StopEventName": "Ev_sfx_amb_starrail_corridor_window_drone_stop",
        "TransformList": [
          {
            "Position": {
              "X": -9.66,
              "Y": 2.24,
              "Z": 19.24
            },
            "Forward": {
              "X": 0,
              "Y": 0,
              "Z": 1
            },
            "Up": {
              "X": 0,
              "Y": 1,
              "Z": 0
            }
          },
          {
            "Position": {
              "X": -9.66,
              "Y": 2.24,
              "Z": 11.94
            },
            "Forward": {
              "X": 0,
              "Y": 0,
              "Z": 1
            },
            "Up": {
              "X": 0,
              "Y": 1,
              "Z": 0
            }
          },
          {
            "Position": {
              "X": -9.66,
              "Y": 2.24,
              "Z": 4.64
            },
            "Forward": {
              "X": 0,
              "Y": 0,
              "Z": 1
            },
            "Up": {
              "X": 0,
              "Y": 1,
              "Z": 0
            }
          },
          {
            "Position": {
              "X": -9.66,
              "Y": 2.24,
              "Z": -3.03
            },
            "Forward": {
              "X": 0,
              "Y": 0,
              "Z": 1
            },
            "Up": {
              "X": 0,
              "Y": 1,
              "Z": 0
            }
          },
          {
            "Position": {
              "X": -9.66,
              "Y": 2.24,
              "Z": -12.47
            },
            "Forward": {
              "X": 0,
              "Y": 0,
              "Z": 1
            },
            "Up": {
              "X": 0,
              "Y": 1,
              "Z": 0
            }
          },
          {
            "Position": {
              "X": -9.66,
              "Y": 2.24,
              "Z": -19.8
            },
            "Forward": {
              "X": 0,
              "Y": 0,
              "Z": 1
            },
            "Up": {
              "X": 0,
              "Y": 1,
              "Z": 0
            }
          }
        ]
      },
      "Name": "District11",
      "ID": 11,
      "PosX": -6.79,
      "PosY": 2.24,
      "PosZ": 0.25
    },
    {
      "Trigger": {
        "Shape": "Box",
        "Radius": 1,
        "DimX": 10,
        "DimY": 5,
        "DimZ": 10,
        "PointList": []
      },
      "OnEnterAudioState": [
        {
          "GroupName": "StateGroup_Starrail",
          "StateName": "State_Mar7th_Room"
        }
      ],
      "OnEnterRTPC": [
        {
          "RTPCName": "RTPC_Global_Reverb_Type",
          "RTPCValue": 8
        }
      ],
      "Name": "District12",
      "ID": 12,
      "PosX": 2.75,
      "PosY": 2.24,
      "PosZ": 5.46
    },
    {
      "Trigger": {
        "Shape": "Box",
        "Radius": 1,
        "DimX": 10,
        "DimY": 5,
        "DimZ": 10,
        "PointList": []
      },
      "OnEnterAreaSound": {
        "PlayEventName": "Ev_sfx_amb_starrail_corridor_window_drone",
        "StopEventName": "Ev_sfx_amb_starrail_corridor_window_drone_stop",
        "TransformList": [
          {
            "Position": {
              "X": 8.86,
              "Y": 2.24,
              "Z": 6.4
            },
            "Forward": {
              "X": 0,
              "Y": 0,
              "Z": 1
            },
            "Up": {
              "X": 0,
              "Y": 1,
              "Z": 0
            }
          },
          {
            "Position": {
              "X": 8.78,
              "Y": 2.24,
              "Z": 3.32
            },
            "Forward": {
              "X": 0,
              "Y": 0,
              "Z": 1
            },
            "Up": {
              "X": 0,
              "Y": 1,
              "Z": 0
            }
          }
        ]
      },
      "Name": "District13",
      "ID": 13,
      "PosX": 4.18,
      "PosY": 2.24,
      "PosZ": 5.43
    },
    {
      "Trigger": {
        "Shape": "Box",
        "Radius": 1,
        "DimX": 10,
        "DimY": 5,
        "DimZ": 10,
        "PointList": []
      },
      "OnEnterAreaSound": {
        "PlayEventName": "Ev_sfx_amb_mar7th_room_screen",
        "StopEventName": "Ev_sfx_amb_mar7th_room_screen_stop",
        "TransformList": [
          {
            "Position": {
              "X": 0.765,
              "Y": 3.177,
              "Z": 9.961
            },
            "Forward": {
              "X": 0,
              "Y": 0,
              "Z": 1
            },
            "Up": {
              "X": 0,
              "Y": 1,
              "Z": 0
            }
          }
        ]
      },
      "Name": "District14",
      "ID": 14,
      "PosX": 2.59,
      "PosY": 2.24,
      "PosZ": 5.32
    },
    {
      "Trigger": {
        "Shape": "Box",
        "Radius": 1,
        "DimX": 1,
        "DimY": 2,
        "DimZ": 4,
        "PointList": []
      },
      "OnEnterAreaSound": {
        "PlayEventName": "Ev_sfx_amb_mar7th_room_chimes",
        "StopEventName": "Ev_sfx_amb_mar7th_room_chimes_stop",
        "TransformList": []
      },
      "Name": "District15",
      "ID": 15,
      "PosX": -1.92,
      "PosY": 2.24,
      "PosZ": 5.32
    }
  ],
  "WaypointList": [],
  "PathwayList": [],
  "BattleAreaList": [],
  "NPCList": [],
  "CrowdList": [],
  "PedestrianList": []
}