{
  "GroupGUID": "66bc2f0b-c2bb-417a-b813-3b0b279ee7f1",
  "GroupName": "Exit",
  "AreaAnchorName": "LevelArea_P10000_F10000002_G2",
  "LoadSide": "Server",
  "LoadOnInitial": true,
  "ValueSource": {
    "Values": [
      {
        "$type": "RPG.GameCore.SharedFloat",
        "Value": 1,
        "Key": "MazeDF_CurrentGroup"
      }
    ]
  },
  "ConflictIDList": [],
  "TagContainer": {},
  "AnchorList": [],
  "MonsterList": [],
  "PropList": [
    {
      "PropID": 108,
      "IsOverrideInitLevelGraph": true,
      "InitLevelGraph": "Config/Level/Maze/Chapter01/Town/Town_Chapter01_Entry.json",
      "ValueSource": {
        "Values": [
          {
            "$type": "RPG.GameCore.SharedString",
            "Value": "FloorName_10000000 ",
            "Key": "ButtonTextFloorName"
          },
          {
            "$type": "RPG.GameCore.SharedInt",
            "Value": 100000102,
            "Key": "EnterMapEntranceID"
          }
        ]
      },
      "Trigger": {
        "Radius": 2,
        "DimX": 1,
        "DimY": 1,
        "DimZ": 1,
        "PointList": []
      },
      "CampID": 4,
      "CustomTriggerMap": {},
      "CustomTriggerMapV2": {},
      "BridgeStateRotations": [],
      "DialogueGroups": [],
      "TalkDialogGroupIDList": [],
      "ServerInteractVerificationIDList": [],
      "TriggerValidGuest": {},
      "TagContainer": {},
      "CameraCenterEntityList": [],
      "SpawnConfig": {
        "EntitySpawnConfig": {}
      },
      "Name": "Prop1",
      "ID": 300001,
      "PosX": 0.11,
      "PosY": 2,
      "PosZ": 32
    }
  ],
  "DistrictList": [],
  "WaypointList": [],
  "PathwayList": [],
  "BattleAreaList": [],
  "NPCList": [],
  "CrowdList": [],
  "PedestrianList": [],
  "SmartObjectList": []
}