{
  "GroupGUID": "b6347b91-3bdf-43e6-8071-539d54a6bffb",
  "GroupName": "MainMission8002100_",
  "Category": "Mission",
  "AreaAnchorName": "LevelArea_P10000_F10000002_G27",
  "SaveType": "Reset",
  "OwnerMainMissionID": 8002100,
  "ConflictIDList": [],
  "IsHoyoGroup": true,
  "HoYoGroupType": "Container",
  "ConflictWhiteList": [],
  "AnchorList": [],
  "MonsterList": [],
  "PropList": [
    {
      "PropID": 100,
      "IsOverrideInitLevelGraph": true,
      "InitLevelGraph": "Config/Level/LevelInstanceGraph/F10000002/LG_Prop_F10000002_G27_300001.json",
      "Trigger": {
        "Radius": 1,
        "DimX": 1,
        "DimY": 1,
        "DimZ": 1,
        "PointList": []
      },
      "CampID": 4,
      "CustomTriggerMap": {},
      "CustomTriggerMapV2": {},
      "BridgeStateRotations": [],
      "DialogueGroups": [],
      "TalkDialogGroupIDList": [],
      "ServerInteractVerificationIDList": [],
      "Name": "Prop1",
      "ID": 300001,
      "PosX": -2.417731,
      "PosY": 1.338578,
      "PosZ": 5.259
    }
  ],
  "DistrictList": [],
  "WaypointList": [],
  "PathwayList": [],
  "BattleAreaList": [],
  "NPCList": [],
  "CrowdList": [],
  "PedestrianList": [],
  "SmartObjectList": []
}