{
  "GroupGUID": "23c993a8-da3a-4e4e-a870-203bfdd53365",
  "GroupName": "MainMission8002107_2",
  "Category": "Mission",
  "LevelGraph": "Config/Level/GroupGraph/F10000002/Group_F10000002_G30.json",
  "AreaAnchorName": "LevelArea_P10000_F10000002_G30",
  "SaveType": "Reset",
  "OwnerMainMissionID": 8002107,
  "ValueSource": {},
  "ConflictIDList": [],
  "IsHoyoGroup": true,
  "ConflictWhiteList": [],
  "AnchorList": [
    {
      "Name": "Anchor1",
      "ID": 1,
      "PosX": -1.407048,
      "PosY": 1.358842,
      "PosZ": 3.392403
    },
    {
      "Usage": "Actor",
      "Name": "Anchor2",
      "RotY": 0.719062,
      "ID": 2,
      "PosX": 3.109,
      "PosZ": 7.405
    },
    {
      "Usage": "Actor",
      "Name": "Anchor3",
      "RotY": 15.3421,
      "ID": 3,
      "PosX": 1.825,
      "PosZ": 8.159,
      "IsDelete": true
    },
    {
      "RotX": 9.453626,
      "RotZ": 0.073659,
      "Usage": "Camera",
      "CustomParameter": {
        "$type": "RPG.GameCore.LevelAnchorCameraParameter"
      },
      "Name": "Anchor4",
      "RotY": 7.718384,
      "ID": 4,
      "PosX": 1.987281,
      "PosY": 1.598341,
      "PosZ": 6.547897,
      "IsDelete": true
    },
    {
      "RotX": 9.453626,
      "RotZ": 0.073659,
      "Usage": "Camera",
      "CustomParameter": {
        "$type": "RPG.GameCore.LevelAnchorCameraParameter"
      },
      "Name": "Anchor5",
      "RotY": 7.718384,
      "ID": 5,
      "PosX": 1.987281,
      "PosY": 1.598341,
      "PosZ": 6.547897
    },
    {
      "Usage": "Actor",
      "Name": "Anchor6",
      "RotY": 37.5,
      "ID": 6,
      "PosX": 1.825,
      "PosZ": 8.159
    }
  ],
  "MonsterList": [],
  "PropList": [
    {
      "PropID": 100,
      "LoadOnInitial": false,
      "IsOverrideInitLevelGraph": true,
      "InitLevelGraph": "Config/Level/LevelInstanceGraph/F10000002/LG_Prop_F10000002_G30_300001.json",
      "ValueSource": {},
      "Trigger": {
        "Radius": 6,
        "DimX": 1,
        "DimY": 1,
        "DimZ": 1,
        "PointList": []
      },
      "CampID": 4,
      "CustomTriggerMap": {},
      "CustomTriggerMapV2": {},
      "BridgeStateRotations": [],
      "DialogueGroups": [],
      "TalkDialogGroupIDList": [],
      "ServerInteractVerificationIDList": [],
      "Name": "Prop1",
      "ID": 300001,
      "PosX": 3.09,
      "PosZ": 5.61
    },
    {
      "PropID": 100,
      "IsOverrideInitLevelGraph": true,
      "InitLevelGraph": "Config/Level/LevelInstanceGraph/F10000002/LG_Prop_F10000002_G30_300002.json",
      "ValueSource": {},
      "Trigger": {
        "Radius": 1,
        "DimX": 1,
        "DimY": 1,
        "DimZ": 1,
        "PointList": []
      },
      "CampID": 4,
      "CustomTriggerMap": {},
      "CustomTriggerMapV2": {},
      "BridgeStateRotations": [],
      "DialogueGroups": [],
      "TalkDialogGroupIDList": [],
      "ServerInteractVerificationIDList": [],
      "Name": "Prop2",
      "ID": 300002,
      "PosX": -2.417731,
      "PosY": 1.338578,
      "PosZ": 5.259
    },
    {
      "PropID": 100,
      "IsOverrideInitLevelGraph": true,
      "InitLevelGraph": "Config/Level/LevelInstanceGraph/F10000002/LG_Prop_F10000002_G30_300003.json",
      "ValueSource": {},
      "Trigger": {
        "Radius": 4,
        "DimX": 1,
        "DimY": 1,
        "DimZ": 1,
        "PointList": []
      },
      "CampID": 4,
      "CustomTriggerMap": {},
      "CustomTriggerMapV2": {},
      "BridgeStateRotations": [],
      "DialogueGroups": [],
      "TalkDialogGroupIDList": [],
      "ServerInteractVerificationIDList": [],
      "Name": "Prop3",
      "ID": 300003,
      "PosX": 3.09,
      "PosZ": 5.632
    }
  ],
  "DistrictList": [],
  "WaypointList": [],
  "PathwayList": [],
  "BattleAreaList": [],
  "NPCList": [
    {
      "NPCID": 1001,
      "ValueSource": {},
      "DialogueGroups": [],
      "ServerInteractVerificationIDList": [],
      "DefaultLookAtMode": "Closed",
      "BoardShowList": [],
      "TalkDialogGroupIDList": [],
      "DefaultIdleFreeStyleMotionID": 310010245,
      "InitialHiddenNodeList": [],
      "SpawnConfig": {
        "CaptureDistanceTolerance": 10,
        "EntitySpawnConfig": {}
      },
      "Name": "NPC1",
      "RotY": 179.0616,
      "ID": 400001,
      "PosX": 3.119004,
      "PosZ": 8.989001
    }
  ],
  "CrowdList": [],
  "PedestrianList": [],
  "SmartObjectList": []
}