{
  "GroupGUID": "8c83f761-2216-48d1-ac42-6817bfb1a3b7",
  "GroupName": "FunctionProps2",
  "AreaAnchorName": "LevelArea_P10000_F10000002_G14",
  "SaveType": "Reset",
  "LoadCondition": {
    "Conditions": [
      {
        "Type": "SubMission",
        "Phase": "Finish",
        "ID": 100050209
      }
    ]
  },
  "ConflictIDList": [],
  "AnchorList": [],
  "MonsterList": [],
  "PropList": [
    {
      "PropID": 2005,
      "IsOverrideInitLevelGraph": true,
      "InitLevelGraph": "Config/Level/Maze/Chapter00/Train/Train_Chapter00_Atlas.json",
      "Trigger": {
        "Radius": 2,
        "DimX": 2,
        "DimY": 2,
        "DimZ": 1,
        "PointList": []
      },
      "CampID": 4,
      "CustomTriggerMap": {},
      "BridgeStateRotations": [],
      "DialogueGroups": [],
      "TalkDialogGroupIDList": [],
      "ServerInteractVerificationIDList": [],
      "Name": "Prop2",
      "ID": 300002,
      "PosX": 7.134,
      "PosY": 1.72,
      "PosZ": 15.602
    }
  ],
  "DistrictList": [],
  "WaypointList": [],
  "PathwayList": [],
  "BattleAreaList": [],
  "NPCList": [],
  "CrowdList": [],
  "PedestrianList": []
}