{
  "GroupGUID": "3688c028-cd9e-486c-885b-b5280b8bdf1a",
  "GroupName": "NPC_Puman",
  "AreaAnchorName": "LevelArea_P10000_F10000002_G28",
  "SaveType": "Reset",
  "SavedValueCondition": {
    "Conditions": [
      {
        "SavedValueName": "pumanPlan",
        "Operation": "Equal",
        "Value": 1
      }
    ],
    "Operation": "And"
  },
  "LoadOnInitial": true,
  "ConflictIDList": [],
  "IsHoyoGroup": true,
  "HoYoGroupType": "Container",
  "ConflictWhiteList": [],
  "AnchorList": [],
  "MonsterList": [],
  "PropList": [],
  "DistrictList": [],
  "WaypointList": [],
  "PathwayList": [],
  "BattleAreaList": [],
  "NPCList": [
    {
      "NPCID": 3025,
      "DialogueGroups": [],
      "ServerInteractVerificationIDList": [],
      "BoardShowList": [
        1,
        8,
        64
      ],
      "OverrideNPCName": {
        "Hash": 445233941
      },
      "TalkDialogGroupIDList": [],
      "DefaultIdleFreeStyleMotionID": 200370000,
      "InitialHiddenNodeList": [],
      "Dialog": {
        "LevelGraph": "Config/Level/NPCDialogue/P10000/F10000002_G28/DialogueMain_F10000002_G28_N400001.json",
        "PackList": [
          {
            "Name": "Common",
            "LevelGraph": "Config/Level/NPCDialogue/P10000/F10000002_G28/DialoguePack_Common_F10000002_G28_N400001.json"
          }
        ]
      },
      "SpawnConfig": {
        "CaptureDistanceTolerance": 10,
        "EntitySpawnConfig": {}
      },
      "Name": "NPC1",
      "RotY": 279.9318,
      "ID": 400001,
      "PosX": 5.272,
      "PosY": 0.005,
      "PosZ": 26.023
    }
  ],
  "CrowdList": [],
  "PedestrianList": [],
  "SmartObjectList": []
}