{
  "GroupGUID": "c2163dfc-e250-4500-9517-7d31f2fc56fb",
  "GroupName": "7thMarchIce",
  "AreaAnchorName": "LevelArea_P10000_F10000002_G22",
  "SaveType": "Reset",
  "ConflictIDList": [],
  "AnchorList": [],
  "MonsterList": [],
  "PropList": [
    {
      "PropID": 2007,
      "IsOverrideInitLevelGraph": true,
      "CampID": 4,
      "CustomTriggerMap": {},
      "BridgeStateRotations": [],
      "DialogueGroups": [],
      "TalkDialogGroupIDList": [],
      "ServerInteractVerificationIDList": [],
      "Name": "Prop1",
      "ID": 300001,
      "PosX": -1.211999,
      "PosY": 1,
      "PosZ": 7.560002
    }
  ],
  "DistrictList": [],
  "WaypointList": [],
  "PathwayList": [],
  "BattleAreaList": [],
  "NPCList": [],
  "CrowdList": [],
  "PedestrianList": []
}