{
  "GroupGUID": "d2df6616-b74b-4ad5-ba5c-4d9f2a7f23c8",
  "GroupName": "MainMission1030101_",
  "Category": "Mission",
  "AreaAnchorName": "LevelArea_P10000_F10000002_G32",
  "SaveType": "Reset",
  "IsPendedUnload": true,
  "OwnerMainMissionID": 1030101,
  "ValueSource": {},
  "ConflictIDList": [],
  "IsHoyoGroup": true,
  "HoYoGroupType": "Container",
  "ConflictWhiteList": [],
  "AnchorList": [],
  "MonsterList": [],
  "PropList": [],
  "DistrictList": [],
  "WaypointList": [],
  "PathwayList": [],
  "BattleAreaList": [],
  "NPCList": [
    {
      "NPCID": 1001,
      "ValueSource": {},
      "DialogueGroups": [],
      "ServerInteractVerificationIDList": [],
      "BoardShowList": [],
      "TalkDialogGroupIDList": [],
      "DefaultIdleFreeStyleMotionID": 310010000,
      "InitialHiddenNodeList": [],
      "Dialog": {
        "LevelGraph": "Config/Level/NPCDialogue/P10000/F10000002_G32/DialogueMain_F10000002_G32_N400001.json",
        "PackList": []
      },
      "SpawnConfig": {
        "EntitySpawnConfig": {}
      },
      "Name": "NPC1",
      "RotY": 3.136251,
      "ID": 400001,
      "PosX": 4.068,
      "PosZ": 8.591
    }
  ],
  "CrowdList": [],
  "PedestrianList": [],
  "SmartObjectList": []
}