{
  "GroupGUID": "bc553dc5-4979-431a-817d-fcc9d11f425d",
  "GroupName": "BattleArea",
  "AreaAnchorName": "LevelArea_P10000_F10000002_G24",
  "LoadSide": "Server",
  "LoadOnInitial": true,
  "ConflictIDList": [],
  "AnchorList": [],
  "MonsterList": [],
  "PropList": [],
  "DistrictList": [],
  "WaypointList": [],
  "PathwayList": [],
  "BattleAreaList": [
    {
      "EnviroProfile": "Stages/Outputs/Chapter00/EnviroProfile/Chap00_CloseView_BAT_INT_Train_01.enviroProfile.asset",
      "Tags": [
        "BattleArea01"
      ],
      "PrefetchMainMissionList": [],
      "PrefetchSubMissionList": [],
      "Name": "BattleArea1",
      "ID": 1,
      "PosX": -3.75
    }
  ],
  "NPCList": [],
  "CrowdList": [],
  "PedestrianList": [],
  "SmartObjectList": []
}