{
  "GroupGUID": "e561605d-29b9-4318-91c7-aa33220e64bc",
  "GroupName": "MainMission2010201_03",
  "Category": "Mission",
  "AreaAnchorName": "LevelArea_P10000_F10000002_G18",
  "SaveType": "Reset",
  "LoadCondition": {
    "Conditions": [
      {
        "Type": "SubMission",
        "ID": 201020103
      }
    ]
  },
  "UnloadCondition": {
    "Conditions": [
      {
        "Type": "SubMission",
        "Phase": "Finish",
        "ID": 201020103
      }
    ],
    "DelayToLevelReload": true
  },
  "OwnerMainMissionID": 2010201,
  "ConflictIDList": [],
  "AnchorList": [
    {
      "Usage": "Actor",
      "Name": "Anchor1",
      "RotY": 47.43,
      "ID": 1,
      "PosX": 3.198,
      "PosY": -5E-06,
      "PosZ": -23.899
    },
    {
      "RotX": 18.53345,
      "Usage": "Camera",
      "Name": "Anchor2",
      "RotY": 23.22898,
      "ID": 2,
      "PosX": 3.119,
      "PosY": 1.723,
      "PosZ": -24.993
    }
  ],
  "MonsterList": [],
  "PropList": [
    {
      "PropID": 100,
      "IsOverrideInitLevelGraph": true,
      "Trigger": {
        "Radius": 3,
        "DimX": 1,
        "DimY": 1,
        "DimZ": 1,
        "PointList": []
      },
      "CampID": 4,
      "CustomTriggerMap": {},
      "BridgeStateRotations": [],
      "DialogueGroups": [],
      "TalkDialogGroupIDList": [],
      "ServerInteractVerificationIDList": [],
      "Name": "Prop1",
      "ID": 300001,
      "PosX": 2.01,
      "PosY": -5E-06,
      "PosZ": -22.81
    },
    {
      "PropID": 100018,
      "IsOverrideInitLevelGraph": true,
      "CampID": 4,
      "CustomTriggerMap": {},
      "BridgeStateRotations": [],
      "DialogueGroups": [],
      "TalkDialogGroupIDList": [],
      "ServerInteractVerificationIDList": [],
      "Name": "Prop2",
      "RotY": 355.7,
      "ID": 300002,
      "PosX": 3.59,
      "PosY": 0.658,
      "PosZ": -22.446
    }
  ],
  "DistrictList": [],
  "WaypointList": [],
  "PathwayList": [],
  "BattleAreaList": [],
  "NPCList": [
    {
      "NPCID": 1003,
      "DialogueGroups": [],
      "ServerInteractVerificationIDList": [],
      "BoardShowList": [],
      "TalkDialogGroupIDList": [],
      "DefaultIdleFreeStyleMotionID": 310030900,
      "InitialHiddenNodeList": [],
      "Dialog": {
        "LevelGraph": "Config/Level/NPCDialogue/P10000/F10000002_G18/DialogueMain_F10000002_G18_N400001.json",
        "PackList": []
      },
      "SpawnConfig": {
        "CaptureDistanceTolerance": 10
      },
      "Name": "NPC1",
      "RotY": 254.6,
      "ID": 400001,
      "PosX": 4.356,
      "PosY": -5E-06,
      "PosZ": -22.467
    },
    {
      "NPCID": 1001,
      "LoadOnInitial": false,
      "DialogueGroups": [],
      "ServerInteractVerificationIDList": [],
      "BoardShowList": [],
      "TalkDialogGroupIDList": [],
      "DefaultIdleFreeStyleMotionID": 310010215,
      "InitialHiddenNodeList": [],
      "SpawnConfig": {
        "CaptureDistanceTolerance": 10
      },
      "Name": "NPC2",
      "RotY": 351.49,
      "ID": 400002,
      "PosX": 4.465,
      "PosY": -5E-06,
      "PosZ": -23.75
    }
  ],
  "CrowdList": [],
  "PedestrianList": [],
  "SmartObjectList": []
}