{
  "FloorID": 10000002,
  "FloorName": "MazeText_Empty",
  "StartGroupID": 1,
  "StartAnchorID": 1,
  "GroupList": [
    {
      "GroupGUID": "1cac0964-70d2-418a-ba70-abae519bd277",
      "GroupPath": "Config/LevelOutput/Group/Groups_P10000_F10000002/LevelGroup_P10000_F10000002_G1.json",
      "Name": "Default",
      "ID": 1
    },
    {
      "GroupGUID": "67374987-b57d-48f1-a53b-e0b205d08953",
      "GroupPath": "Config/LevelOutput/Group/Groups_P10000_F10000002/LevelGroup_P10000_F10000002_G11.json",
      "Name": "FunctionProps",
      "ID": 11
    },
    {
      "GroupGUID": "8c83f761-2216-48d1-ac42-6817bfb1a3b7",
      "GroupPath": "Config/LevelOutput/Group/Groups_P10000_F10000002/LevelGroup_P10000_F10000002_G14.json",
      "Name": "FunctionProps2",
      "ID": 14
    },
    {
      "GroupGUID": "66bc2f0b-c2bb-417a-b813-3b0b279ee7f1",
      "GroupPath": "Config/LevelOutput/Group/Groups_P10000_F10000002/LevelGroup_P10000_F10000002_G2.json",
      "Name": "Exit",
      "ID": 2
    },
    {
      "GroupGUID": "5ceb4ad4-4c9c-4bc4-993c-5e29ed5d9dde",
      "GroupPath": "Config/LevelOutput/Group/Groups_P10000_F10000002/LevelGroup_P10000_F10000002_G3.json",
      "Name": "MainMission_102010108",
      "ID": 3
    },
    {
      "GroupGUID": "94ab6cd8-bd25-42da-ba67-12a1e9a00db3",
      "GroupPath": "Config/LevelOutput/Group/Groups_P10000_F10000002/LevelGroup_P10000_F10000002_G5.json",
      "Name": "MainMission_1020101",
      "ID": 5
    },
    {
      "GroupGUID": "84764d5b-97c8-4844-a236-80d2533bd348",
      "GroupPath": "Config/LevelOutput/Group/Groups_P10000_F10000002/LevelGroup_P10000_F10000002_G6.json",
      "Name": "MainMission_102010103",
      "ID": 6
    },
    {
      "GroupGUID": "8725e93f-fb72-4be2-8963-487b5d78370e",
      "GroupPath": "Config/LevelOutput/Group/Groups_P10000_F10000002/LevelGroup_P10000_F10000002_G7.json",
      "Name": "MainMission1000503",
      "ID": 7
    },
    {
      "GroupGUID": "83c76e8f-46ff-4919-ae9e-d60e025203d1",
      "GroupPath": "Config/LevelOutput/Group/Groups_P10000_F10000002/LevelGroup_P10000_F10000002_G8.json",
      "Name": "RoomStop",
      "ID": 8
    },
    {
      "GroupGUID": "45a3a487-1f0d-4c88-8e85-b8b667a0de49",
      "GroupPath": "Config/LevelOutput/Group/Groups_P10000_F10000002/LevelGroup_P10000_F10000002_G9.json",
      "Name": "Door",
      "ID": 9
    },
    {
      "GroupGUID": "8b9a60ca-8d5b-49cb-b54b-e7caad56e81e",
      "GroupPath": "Config/LevelOutput/Group/Groups_P10000_F10000002/LevelGroup_P10000_F10000002_G10.json",
      "Name": "Sound",
      "ID": 10
    },
    {
      "GroupGUID": "cc23f80c-375b-4fc2-8629-0d7bcd45e8c0",
      "GroupPath": "Config/LevelOutput/Group/Groups_P10000_F10000002/LevelGroup_P10000_F10000002_G12.json",
      "Name": "RoomStop",
      "ID": 12
    },
    {
      "GroupGUID": "bad5af31-435a-494c-a5c9-846bf4d71c05",
      "GroupPath": "Config/LevelOutput/Group/Groups_P10000_F10000002/LevelGroup_P10000_F10000002_G15.json",
      "Name": "MainMission2020507_02",
      "ID": 15
    },
    {
      "GroupGUID": "f00a54f2-c015-4907-85a7-006664428c46",
      "GroupPath": "Config/LevelOutput/Group/Groups_P10000_F10000002/LevelGroup_P10000_F10000002_G17.json",
      "Name": "MainMission2010201_02",
      "ID": 17
    },
    {
      "GroupGUID": "e561605d-29b9-4318-91c7-aa33220e64bc",
      "GroupPath": "Config/LevelOutput/Group/Groups_P10000_F10000002/LevelGroup_P10000_F10000002_G18.json",
      "Name": "MainMission2010201_03",
      "ID": 18
    },
    {
      "GroupGUID": "01bb5d34-edb5-498d-b828-7ae531117c55",
      "GroupPath": "Config/LevelOutput/Group/Groups_P10000_F10000002/LevelGroup_P10000_F10000002_G19.json",
      "Name": "MainMission2010201_04",
      "ID": 19
    },
    {
      "GroupGUID": "e9975bd7-e94b-44ea-b473-e2cffe2233b8",
      "GroupPath": "Config/LevelOutput/Group/Groups_P10000_F10000002/LevelGroup_P10000_F10000002_G21.json",
      "Name": "Books",
      "ID": 21
    },
    {
      "GroupGUID": "c2163dfc-e250-4500-9517-7d31f2fc56fb",
      "GroupPath": "Config/LevelOutput/Group/Groups_P10000_F10000002/LevelGroup_P10000_F10000002_G22.json",
      "Name": "SixDimensionIce",
      "ID": 22
    },
    {
      "GroupGUID": "7e9b4cbe-2452-425d-93b0-1f55a58fd1a3",
      "GroupPath": "Config/LevelOutput/Group/Groups_P10000_F10000002/LevelGroup_P10000_F10000002_G23.json",
      "Name": "MainMission2021001_",
      "ID": 23
    },
    {
      "GroupGUID": "bc553dc5-4979-431a-817d-fcc9d11f425d",
      "GroupPath": "Config/LevelOutput/Group/Groups_P10000_F10000002/LevelGroup_P10000_F10000002_G24.json",
      "Name": "BattleArea",
      "ID": 24
    },
    {
      "GroupGUID": "580e94b9-9e8f-43ff-824a-8c1d11ecb07f",
      "GroupPath": "Config/LevelOutput/Group/Groups_P10000_F10000002/LevelGroup_P10000_F10000002_G25.json",
      "Name": "MainMission8002100_",
      "ID": 25
    },
    {
      "GroupGUID": "b1339a51-9deb-400d-828d-66aba87cab76",
      "GroupPath": "Config/LevelOutput/Group/Groups_P10000_F10000002/LevelGroup_P10000_F10000002_G26.json",
      "Name": "MainMission8002100_",
      "ID": 26
    },
    {
      "GroupGUID": "b6347b91-3bdf-43e6-8071-539d54a6bffb",
      "GroupPath": "Config/LevelOutput/Group/Groups_P10000_F10000002/LevelGroup_P10000_F10000002_G27.json",
      "Name": "MainMission8002100_",
      "ID": 27
    },
    {
      "GroupGUID": "3688c028-cd9e-486c-885b-b5280b8bdf1a",
      "GroupPath": "Config/LevelOutput/Group/Groups_P10000_F10000002/LevelGroup_P10000_F10000002_G28.json",
      "Name": "NPC_Puman",
      "ID": 28
    },
    {
      "GroupGUID": "23c993a8-da3a-4e4e-a870-203bfdd53365",
      "GroupPath": "Config/LevelOutput/Group/Groups_P10000_F10000002/LevelGroup_P10000_F10000002_G30.json",
      "Name": "MainMission8002107_2",
      "ID": 30
    },
    {
      "GroupGUID": "bdf265ec-8e9c-408f-bd5e-1747d4e2e15e",
      "GroupPath": "Config/LevelOutput/Group/Groups_P10000_F10000002/LevelGroup_P10000_F10000002_G31.json",
      "Name": "MainMission8002107_2",
      "ID": 31
    },
    {
      "GroupGUID": "d2df6616-b74b-4ad5-ba5c-4d9f2a7f23c8",
      "GroupPath": "Config/LevelOutput/Group/Groups_P10000_F10000002/LevelGroup_P10000_F10000002_G32.json",
      "Name": "MainMission1030101_",
      "ID": 32
    },
    {
      "GroupGUID": "8227eaf2-03cb-4385-b7da-af178c651acc",
      "GroupPath": "Config/LevelOutput/Group/Groups_P10000_F10000002/LevelGroup_P10000_F10000002_G33.json",
      "Name": "MainMission2000901_01",
      "ID": 33
    },
    {
      "GroupGUID": "fd743c9d-2549-416a-b508-60b67664dd0f",
      "GroupPath": "Config/LevelOutput/Group/Groups_P10000_F10000002/LevelGroup_P10000_F10000002_G34.json",
      "Name": "MainMission8002101_",
      "ID": 34
    },
    {
      "GroupGUID": "b1d11ca7-fa82-4f65-a6d3-6354edf26273",
      "GroupPath": "Config/LevelOutput/Group/Groups_P10000_F10000002/LevelGroup_P10000_F10000002_G36.json",
      "DimensionFilter": {},
      "Name": "MainMission1030101_14",
      "ID": 36
    },
    {
      "GroupGUID": "1106d906-f9f6-4694-807c-1093fd3b3d3a",
      "GroupPath": "Config/LevelOutput/Group/Groups_P10000_F10000002/LevelGroup_P10000_F10000002_G37.json",
      "DimensionFilter": {},
      "Name": "MainMission1030101_07",
      "ID": 37
    },
    {
      "GroupGUID": "954ee4b8-e1b7-4910-b037-6e1c21cc651a",
      "GroupPath": "Config/LevelOutput/Group/Groups_P10000_F10000002/LevelGroup_P10000_F10000002_G38.json",
      "DimensionFilter": {},
      "Name": "MainMission1030101_07",
      "ID": 38
    }
  ],
  "DefaultEnviroProfile": "Stages/Outputs/Chapter00/EnviroProfile/Chap00_INT_TrainCarriage_01.enviroProfile.asset",
  "StageData": "Stages/Outputs/Chapter00/Stages/Chap00_INT_TrainCarriage_01_StageData/Chap00_INT_TrainCarriage_01_StageData.stage",
  "MinimapVolumeData": {},
  "TimeOfDayEnviroProfileMap": {},
  "LayerToAreaMask": [
    1
  ],
  "FloorCustomData": {
    "SavedValues": [
      {
        "ID": 1,
        "Name": "pumanPlan",
        "AllowedValues": [],
        "MaxValue": 1
      }
    ]
  },
  "BattleAreaList": [],
  "DimensionList": [
    {}
  ],
  "EnableGroupStreaming": false,
  "EnableGroupSpaceConflict": false,
  "IsRestartLevelGraph": false
}