{
  "FloorID": 10001001,
  "FloorName": "MazeText_Empty",
  "StartGroupID": 2,
  "StartAnchorID": 1,
  "GroupList": [
    {
      "GroupGUID": "c8276d8a-c849-439f-8a3c-95d5b6e5a3ab",
      "GroupPath": "Config/LevelOutput/Group/Groups_P10001_F10001001/LevelGroup_P10001_F10001001_G2.json",
      "Name": "Default",
      "ID": 2
    },
    {
      "GroupGUID": "ba95668d-edc7-481f-ac3c-e2a8a1a13ae5",
      "GroupPath": "Config/LevelOutput/Group/Groups_P10001_F10001001/LevelGroup_P10001_F10001001_G11.json",
      "Name": "Teleport",
      "ID": 11
    },
    {
      "GroupGUID": "ef144b6a-1997-4c7a-b687-47faa0437d24",
      "GroupPath": "Config/LevelOutput/Group/Groups_P10001_F10001001/LevelGroup_P10001_F10001001_G3.json",
      "Name": "Exit",
      "ID": 3
    },
    {
      "GroupGUID": "9c907f87-5067-47e2-8bbf-8e74dd364d20",
      "GroupPath": "Config/LevelOutput/Group/Groups_P10001_F10001001/LevelGroup_P10001_F10001001_G4.json",
      "Name": "NPC",
      "ID": 4
    },
    {
      "GroupGUID": "aa1bec9f-e7e0-41b5-8536-01d6530e7df6",
      "GroupPath": "Config/LevelOutput/Group/Groups_P10001_F10001001/LevelGroup_P10001_F10001001_G19.json",
      "Name": "EnvNPCs",
      "ID": 19
    },
    {
      "GroupGUID": "438c00eb-3e47-4304-9140-95d26bfe7d8e",
      "GroupPath": "Config/LevelOutput/Group/Groups_P10001_F10001001/LevelGroup_P10001_F10001001_G5.json",
      "Name": "MainMission",
      "ID": 5
    },
    {
      "GroupGUID": "4b9d7ebf-575e-4f63-8f87-c65885f4608b",
      "GroupPath": "Config/LevelOutput/Group/Groups_P10001_F10001001/LevelGroup_P10001_F10001001_G15.json",
      "Name": "MainMission23",
      "ID": 15
    },
    {
      "GroupGUID": "92ed55a4-3f38-468b-b011-f327b6f512b7",
      "GroupPath": "Config/LevelOutput/Group/Groups_P10001_F10001001/LevelGroup_P10001_F10001001_G28.json",
      "Name": "NPC_FinishMain",
      "ID": 28
    },
    {
      "GroupGUID": "14253b30-9871-4e47-a59e-6e7384ab48c9",
      "GroupPath": "Config/LevelOutput/Group/Groups_P10001_F10001001/LevelGroup_P10001_F10001001_G9.json",
      "Name": "SubMission",
      "ID": 9
    },
    {
      "GroupGUID": "659cffa2-216b-4317-8c78-1e27b59b447f",
      "GroupPath": "Config/LevelOutput/Group/Groups_P10001_F10001001/LevelGroup_P10001_F10001001_G10.json",
      "Name": "NPC_WSL",
      "ID": 10
    },
    {
      "GroupGUID": "955ed8ba-141d-47b6-ba5a-aa58abacfe27",
      "GroupPath": "Config/LevelOutput/Group/Groups_P10001_F10001001/LevelGroup_P10001_F10001001_G30.json",
      "Name": "NPC_WSL2",
      "ID": 30,
      "IsDelete": true
    },
    {
      "GroupGUID": "12c49b10-dc00-448c-8d3a-b410f616df6b",
      "GroupPath": "Config/LevelOutput/Group/Groups_P10001_F10001001/LevelGroup_P10001_F10001001_G61.json",
      "Name": "NPC_LMN",
      "ID": 61
    },
    {
      "GroupGUID": "e5888475-64b6-4cab-9c75-77dd12224ce6",
      "GroupPath": "Config/LevelOutput/Group/Groups_P10001_F10001001/LevelGroup_P10001_F10001001_G32.json",
      "Name": "NPCYST",
      "ID": 32,
      "IsDelete": true
    },
    {
      "GroupGUID": "640fb3c7-8da3-49fb-ab05-c5fb20e9164a",
      "GroupPath": "Config/LevelOutput/Group/Groups_P10001_F10001001/LevelGroup_P10001_F10001001_G33.json",
      "Name": "NPCYST",
      "ID": 33
    },
    {
      "GroupGUID": "f779d153-1a48-48f5-8947-87613c5b7cc4",
      "GroupPath": "Config/LevelOutput/Group/Groups_P10001_F10001001/LevelGroup_P10001_F10001001_G6.json",
      "Name": "MainMission2000109_",
      "ID": 6
    },
    {
      "GroupGUID": "459b3801-caf1-40d4-9df4-2b18243ee431",
      "GroupPath": "Config/LevelOutput/Group/Groups_P10001_F10001001/LevelGroup_P10001_F10001001_G8.json",
      "Name": "NPC_XKE",
      "ID": 8
    },
    {
      "GroupGUID": "ee507229-2625-430a-b2df-264bb7f68cc3",
      "GroupPath": "Config/LevelOutput/Group/Groups_P10001_F10001001/LevelGroup_P10001_F10001001_G20.json",
      "Name": "Investigative",
      "ID": 20
    },
    {
      "GroupGUID": "0223361e-9760-45f8-b91e-3258f5f7caef",
      "GroupPath": "Config/LevelOutput/Group/Groups_P10001_F10001001/LevelGroup_P10001_F10001001_G24.json",
      "Name": "Book",
      "ID": 24
    },
    {
      "GroupGUID": "fbf5ddc3-99df-4e06-a9e5-cae9cf27f948",
      "GroupPath": "Config/LevelOutput/Group/Groups_P10001_F10001001/LevelGroup_P10001_F10001001_G12.json",
      "Name": "MainMission0501",
      "ID": 12
    },
    {
      "GroupGUID": "b6ee7b63-d01c-4eb4-abec-abb03c963f63",
      "GroupPath": "Config/LevelOutput/Group/Groups_P10001_F10001001/LevelGroup_P10001_F10001001_G7.json",
      "Name": "MainMission_0",
      "ID": 7
    },
    {
      "GroupGUID": "9e34c652-d6cf-4876-87fa-b1acac0e94a9",
      "GroupPath": "Config/LevelOutput/Group/Groups_P10001_F10001001/LevelGroup_P10001_F10001001_G1.json",
      "Name": "RogueRoomEntrance",
      "ID": 1
    },
    {
      "GroupGUID": "39d38610-657a-45d9-a2f5-efcebc1932e2",
      "GroupPath": "Config/LevelOutput/Group/Groups_P10001_F10001001/LevelGroup_P10001_F10001001_G18.json",
      "Name": "SubStar",
      "ID": 18
    },
    {
      "GroupGUID": "8d14ffae-a158-4415-a7dc-9318b58dfeee",
      "GroupPath": "Config/LevelOutput/Group/Groups_P10001_F10001001/LevelGroup_P10001_F10001001_G31.json",
      "Name": "SubStar",
      "ID": 31
    },
    {
      "GroupGUID": "3750ec51-38a1-47d5-90ac-5fb6ff123d1e",
      "GroupPath": "Config/LevelOutput/Group/Groups_P10001_F10001001/LevelGroup_P10001_F10001001_G16.json",
      "Name": "SubMission2000110",
      "ID": 16
    },
    {
      "GroupGUID": "c1df7a86-f633-44a9-a4eb-59b29dd643df",
      "GroupPath": "Config/LevelOutput/Group/Groups_P10001_F10001001/LevelGroup_P10001_F10001001_G93.json",
      "Name": "SubMission2000110",
      "ID": 93
    },
    {
      "GroupGUID": "147039fe-cc39-4453-8300-dd3f7b0bb413",
      "GroupPath": "Config/LevelOutput/Group/Groups_P10001_F10001001/LevelGroup_P10001_F10001001_G17.json",
      "Name": "SubReadingStar1",
      "ID": 17
    },
    {
      "GroupGUID": "9ccb4f72-8461-4066-9902-dfb1333be868",
      "GroupPath": "Config/LevelOutput/Group/Groups_P10001_F10001001/LevelGroup_P10001_F10001001_G13.json",
      "Name": "SubReadingStar2",
      "ID": 13
    },
    {
      "GroupGUID": "f3e4874e-6caa-4109-b257-7740278baae8",
      "GroupPath": "Config/LevelOutput/Group/Groups_P10001_F10001001/LevelGroup_P10001_F10001001_G14.json",
      "Name": "SubReadingStar3",
      "ID": 14
    },
    {
      "GroupGUID": "cf2382ec-89a0-4a6a-a616-d32e5674ed6d",
      "GroupPath": "Config/LevelOutput/Group/Groups_P10001_F10001001/LevelGroup_P10001_F10001001_G21.json",
      "Name": "Sound",
      "ID": 21
    },
    {
      "GroupGUID": "633939ad-8b98-4566-b541-cc8704a7eb7a",
      "GroupPath": "Config/LevelOutput/Group/Groups_P10001_F10001001/LevelGroup_P10001_F10001001_G25.json",
      "Name": "Sub2000106",
      "ID": 25
    },
    {
      "GroupGUID": "0781f078-9b1f-44aa-ad10-a09ddb397898",
      "GroupPath": "Config/LevelOutput/Group/Groups_P10001_F10001001/LevelGroup_P10001_F10001001_G26.json",
      "Name": "Sub2000106_2",
      "ID": 26
    },
    {
      "GroupGUID": "02bef229-84cc-4487-8dea-27b4f418bb98",
      "GroupPath": "Config/LevelOutput/Group/Groups_P10001_F10001001/LevelGroup_P10001_F10001001_G27.json",
      "Name": "MainMission2000301_",
      "ID": 27
    },
    {
      "GroupGUID": "d952fc53-d3cc-45fa-9c35-92ef4b8e447a",
      "GroupPath": "Config/LevelOutput/Group/Groups_P10001_F10001001/LevelGroup_P10001_F10001001_G39.json",
      "Name": "SubASD",
      "ID": 39
    },
    {
      "GroupGUID": "38e28d4a-d799-4e9e-935d-869af901faa9",
      "GroupPath": "Config/LevelOutput/Group/Groups_P10001_F10001001/LevelGroup_P10001_F10001001_G40.json",
      "Name": "SubASD_FB",
      "ID": 40
    },
    {
      "GroupGUID": "688fc1c9-519f-4632-a597-89550a6326bb",
      "GroupPath": "Config/LevelOutput/Group/Groups_P10001_F10001001/LevelGroup_P10001_F10001001_G41.json",
      "Name": "MainMission2000202_ASD",
      "ID": 41
    },
    {
      "GroupGUID": "296d1bbf-2bd8-4228-bc12-0593c9242f49",
      "GroupPath": "Config/LevelOutput/Group/Groups_P10001_F10001001/LevelGroup_P10001_F10001001_G43.json",
      "Name": "SimpleMission",
      "ID": 43
    },
    {
      "GroupGUID": "163023c1-3d7a-4f6a-9437-305a9c4c5cf7",
      "GroupPath": "Config/LevelOutput/Group/Groups_P10001_F10001001/LevelGroup_P10001_F10001001_G44.json",
      "Name": "SimpleMission",
      "ID": 44
    },
    {
      "GroupGUID": "92573a36-7d21-49be-9f40-abce16f5c143",
      "GroupPath": "Config/LevelOutput/Group/Groups_P10001_F10001001/LevelGroup_P10001_F10001001_G45.json",
      "Name": "SimpleMission",
      "ID": 45
    },
    {
      "GroupGUID": "0619f06a-bcb1-47f1-b577-cda9f6bf68e0",
      "GroupPath": "Config/LevelOutput/Group/Groups_P10001_F10001001/LevelGroup_P10001_F10001001_G47.json",
      "Name": "SimpleMission",
      "ID": 47
    },
    {
      "GroupGUID": "8692f008-bb37-4cbf-b79f-51880e2b7fa1",
      "GroupPath": "Config/LevelOutput/Group/Groups_P10001_F10001001/LevelGroup_P10001_F10001001_G50.json",
      "Name": "SubAlan",
      "ID": 50
    },
    {
      "GroupGUID": "75f4c081-99a9-485c-a851-dceb51ac0253",
      "GroupPath": "Config/LevelOutput/Group/Groups_P10001_F10001001/LevelGroup_P10001_F10001001_G51.json",
      "Name": "SimpleMission14",
      "ID": 51
    },
    {
      "GroupGUID": "e738b5d9-62d3-44c1-807a-7ff09c1d418f",
      "GroupPath": "Config/LevelOutput/Group/Groups_P10001_F10001001/LevelGroup_P10001_F10001001_G52.json",
      "Name": "Activity_SilverWolf01",
      "ID": 52
    },
    {
      "GroupGUID": "2cbd0981-e2bd-414f-8c97-390d525517a7",
      "GroupPath": "Config/LevelOutput/Group/Groups_P10001_F10001001/LevelGroup_P10001_F10001001_G54.json",
      "Name": "Mission_WFR",
      "ID": 54
    },
    {
      "GroupGUID": "592d4e79-efa4-4be2-b3fd-fd298c65e6cd",
      "GroupPath": "Config/LevelOutput/Group/Groups_P10001_F10001001/LevelGroup_P10001_F10001001_G55.json",
      "Name": "Mission_WFR_02",
      "ID": 55
    },
    {
      "GroupGUID": "890cecaa-2049-4b6c-8ffb-afe54901f91c",
      "GroupPath": "Config/LevelOutput/Group/Groups_P10001_F10001001/LevelGroup_P10001_F10001001_G57.json",
      "Name": "CrowdBubble",
      "ID": 57
    },
    {
      "GroupGUID": "b66a5bdc-2c80-4c9a-9843-88dd8a7a9d22",
      "GroupPath": "Config/LevelOutput/Group/Groups_P10001_F10001001/LevelGroup_P10001_F10001001_G58.json",
      "Name": "SimpleMission",
      "ID": 58
    },
    {
      "GroupGUID": "3ad3cab1-34b7-4aa4-9c71-7ccf2235b3b6",
      "GroupPath": "Config/LevelOutput/Group/Groups_P10001_F10001001/LevelGroup_P10001_F10001001_G59.json",
      "Name": "SubMission_Prop",
      "ID": 59
    },
    {
      "GroupGUID": "4e11cf01-34c8-44b8-8c0f-4e60a9032037",
      "GroupPath": "Config/LevelOutput/Group/Groups_P10001_F10001001/LevelGroup_P10001_F10001001_G62.json",
      "Name": "DailyMission",
      "ID": 62
    },
    {
      "GroupGUID": "90bab11a-499d-4df2-9bac-738d03bd8e22",
      "GroupPath": "Config/LevelOutput/Group/Groups_P10001_F10001001/LevelGroup_P10001_F10001001_G63.json",
      "Name": "NPCWSQ",
      "ID": 63
    },
    {
      "GroupGUID": "d09ce033-a994-405a-995a-393f51007b49",
      "GroupPath": "Config/LevelOutput/Group/Groups_P10001_F10001001/LevelGroup_P10001_F10001001_G67.json",
      "Name": "EnvNPCs",
      "ID": 67
    },
    {
      "GroupGUID": "e8901713-8789-4447-b143-c8a0487c8025",
      "GroupPath": "Config/LevelOutput/Group/Groups_P10001_F10001001/LevelGroup_P10001_F10001001_G68.json",
      "Name": "DailyMission",
      "ID": 68
    },
    {
      "GroupGUID": "d9695324-21cd-4666-9b6a-2fe0c4d487e6",
      "GroupPath": "Config/LevelOutput/Group/Groups_P10001_F10001001/LevelGroup_P10001_F10001001_G80.json",
      "Name": "MainMission8000001_",
      "ID": 80
    },
    {
      "GroupGUID": "a1e08608-b11d-442f-9703-b95fc2b69ce8",
      "GroupPath": "Config/LevelOutput/Group/Groups_P10001_F10001001/LevelGroup_P10001_F10001001_G69.json",
      "Name": "Activity_SilverWolf02",
      "ID": 69
    },
    {
      "GroupGUID": "241d264f-4d49-477e-9852-444babbf4558",
      "GroupPath": "Config/LevelOutput/Group/Groups_P10001_F10001001/LevelGroup_P10001_F10001001_G71.json",
      "Name": "Activity_SilverWolf03",
      "ID": 71
    },
    {
      "GroupGUID": "56ea2b73-88f0-44e0-89ea-53c1920ce719",
      "GroupPath": "Config/LevelOutput/Group/Groups_P10001_F10001001/LevelGroup_P10001_F10001001_G72.json",
      "Name": "Activity_SilverWolf04",
      "ID": 72
    },
    {
      "GroupGUID": "94c11e09-64ec-4311-8a65-4d5ff0de48dc",
      "GroupPath": "Config/LevelOutput/Group/Groups_P10001_F10001001/LevelGroup_P10001_F10001001_G73.json",
      "Name": "Activity_SilverWolf05",
      "ID": 73
    },
    {
      "GroupGUID": "2f5f6dc4-e618-4888-96ef-29730ebb32e0",
      "GroupPath": "Config/LevelOutput/Group/Groups_P10001_F10001001/LevelGroup_P10001_F10001001_G74.json",
      "Name": "Activity_SilverWolf06",
      "ID": 74
    },
    {
      "GroupGUID": "fa231ae6-23b6-4191-a458-e308e6b19b3c",
      "GroupPath": "Config/LevelOutput/Group/Groups_P10001_F10001001/LevelGroup_P10001_F10001001_G75.json",
      "Name": "Activity_SilverWolf07",
      "ID": 75
    },
    {
      "GroupGUID": "3a893ca3-b405-472d-866f-460a23c25b15",
      "GroupPath": "Config/LevelOutput/Group/Groups_P10001_F10001001/LevelGroup_P10001_F10001001_G81.json",
      "Name": "Activity_SilverWolf08",
      "ID": 81
    },
    {
      "GroupGUID": "fe4105b1-fb6d-462a-83ce-f96648996c47",
      "GroupPath": "Config/LevelOutput/Group/Groups_P10001_F10001001/LevelGroup_P10001_F10001001_G82.json",
      "Name": "Activity_SilverWolf09",
      "ID": 82
    },
    {
      "GroupGUID": "3347e966-bc84-4d0a-8aea-e049940bc481",
      "GroupPath": "Config/LevelOutput/Group/Groups_P10001_F10001001/LevelGroup_P10001_F10001001_G86.json",
      "Name": "Memorybubble",
      "ID": 86
    },
    {
      "GroupGUID": "35c64521-0487-4075-af25-72b3746ea588",
      "GroupPath": "Config/LevelOutput/Group/Groups_P10001_F10001001/LevelGroup_P10001_F10001001_G87.json",
      "Name": "PeiPei",
      "ID": 87
    },
    {
      "GroupGUID": "cc98839c-e02a-4319-9659-3fa5cda5accd",
      "GroupPath": "Config/LevelOutput/Group/Groups_P10001_F10001001/LevelGroup_P10001_F10001001_G88.json",
      "Name": "MainMission3000301_",
      "ID": 88
    },
    {
      "GroupGUID": "a26dce3f-fd47-476b-9333-5488715396b2",
      "GroupPath": "Config/LevelOutput/Group/Groups_P10001_F10001001/LevelGroup_P10001_F10001001_G89.json",
      "Name": "SimpleMission_4040018",
      "ID": 89
    },
    {
      "GroupGUID": "5746b1ff-b4ce-4f2e-8fbb-e1ba62591560",
      "GroupPath": "Config/LevelOutput/Group/Groups_P10001_F10001001/LevelGroup_P10001_F10001001_G90.json",
      "Name": "DailyEster2",
      "ID": 90
    },
    {
      "GroupGUID": "c2defb57-95c9-4a61-ad96-d5731f8f66c5",
      "GroupPath": "Config/LevelOutput/Group/Groups_P10001_F10001001/LevelGroup_P10001_F10001001_G92.json",
      "Name": "NPC",
      "ID": 92
    },
    {
      "GroupGUID": "cfb5ed6b-3eb1-48ac-8865-75a74cb21593",
      "GroupPath": "Config/LevelOutput/Group/Groups_P10001_F10001001/LevelGroup_P10001_F10001001_G96.json",
      "Name": "MainMission4040024_WorldShop",
      "ID": 96
    },
    {
      "GroupGUID": "932e22de-d1be-4480-ba59-6c675ca7b60f",
      "GroupPath": "Config/LevelOutput/Group/Groups_P10001_F10001001/LevelGroup_P10001_F10001001_G95.json",
      "Name": "MainMission0_",
      "ID": 95
    },
    {
      "GroupGUID": "0fb67dac-3362-41ec-ba22-e8b44f4193f8",
      "GroupPath": "Config/LevelOutput/Group/Groups_P10001_F10001001/LevelGroup_P10001_F10001001_G97.json",
      "Name": "RaidNpc",
      "ID": 97
    },
    {
      "GroupGUID": "649bc18e-f6ea-4487-b4d7-52b9125edd73",
      "GroupPath": "Config/LevelOutput/Group/Groups_P10001_F10001001/LevelGroup_P10001_F10001001_G99.json",
      "Name": "MainMission0_",
      "ID": 99
    },
    {
      "GroupGUID": "6e1831a7-5e40-4c1f-9548-f602ae9a1544",
      "GroupPath": "Config/LevelOutput/Group/Groups_P10001_F10001001/LevelGroup_P10001_F10001001_G101.json",
      "Name": "MainMission2000202_",
      "ID": 101
    },
    {
      "GroupGUID": "edb98bb2-7280-4eaf-b63b-981c8493e1c4",
      "GroupPath": "Config/LevelOutput/Group/Groups_P10001_F10001001/LevelGroup_P10001_F10001001_G103.json",
      "Name": "MainMission3000301_",
      "ID": 103
    },
    {
      "GroupGUID": "1265e730-3ce2-45e1-968e-bf6bd9e1c397",
      "GroupPath": "Config/LevelOutput/Group/Groups_P10001_F10001001/LevelGroup_P10001_F10001001_G104.json",
      "Name": "MainMission3000301_",
      "ID": 104
    },
    {
      "GroupGUID": "37fa9a37-d092-49ab-8077-b61099ab82a6",
      "GroupPath": "Config/LevelOutput/Group/Groups_P10001_F10001001/LevelGroup_P10001_F10001001_G105.json",
      "Name": "MainMission8003101_",
      "ID": 105,
      "IsDelete": true
    },
    {
      "GroupGUID": "fc4a1e2f-d3d5-48c9-825d-d21330f7b658",
      "GroupPath": "Config/LevelOutput/Group/Groups_P10001_F10001001/LevelGroup_P10001_F10001001_G107.json",
      "Name": "New Group",
      "ID": 107,
      "IsDelete": true
    },
    {
      "GroupGUID": "df252bb8-b969-4f1d-9eb9-19da5952df7f",
      "GroupPath": "Config/LevelOutput/Group/Groups_P10001_F10001001/LevelGroup_P10001_F10001001_G119.json",
      "Name": "MainMission8002101_",
      "ID": 119
    },
    {
      "GroupGUID": "2e1d5a36-7942-4da6-8737-373a2c4e9e55",
      "GroupPath": "Config/LevelOutput/Group/Groups_P10001_F10001001/LevelGroup_P10001_F10001001_G120.json",
      "Name": "MainMission8002101_",
      "ID": 120
    },
    {
      "GroupGUID": "2b4a408c-51d7-4551-ae03-6e07a61b05af",
      "GroupPath": "Config/LevelOutput/Group/Groups_P10001_F10001001/LevelGroup_P10001_F10001001_G125.json",
      "Name": "MainMission2000901_01",
      "ID": 125
    },
    {
      "GroupGUID": "069e5ecb-1de7-4c1e-a663-f8bfe5fbaf65",
      "GroupPath": "Config/LevelOutput/Group/Groups_P10001_F10001001/LevelGroup_P10001_F10001001_G126.json",
      "Name": "MainMission2000901_02",
      "ID": 126
    },
    {
      "GroupGUID": "a1fbcf0a-39c7-4c74-90e3-0ae3e6d097e2",
      "GroupPath": "Config/LevelOutput/Group/Groups_P10001_F10001001/LevelGroup_P10001_F10001001_G127.json",
      "Name": "MainMission2000901_03",
      "ID": 127
    },
    {
      "GroupGUID": "b6c115c5-246e-478f-94ef-40058d40b236",
      "GroupPath": "Config/LevelOutput/Group/Groups_P10001_F10001001/LevelGroup_P10001_F10001001_G131.json",
      "Name": "MainMission2000901_04",
      "ID": 131
    },
    {
      "GroupGUID": "5a3b0fc0-eab4-4385-94e6-4e62c741aca2",
      "GroupPath": "Config/LevelOutput/Group/Groups_P10001_F10001001/LevelGroup_P10001_F10001001_G136.json",
      "DimensionFilter": {},
      "Name": "MainMission2001001_03",
      "ID": 136
    },
    {
      "GroupGUID": "9f82f04a-deec-47e5-ab7c-314781ebca38",
      "GroupPath": "Config/LevelOutput/Group/Groups_P10001_F10001001/LevelGroup_P10001_F10001001_G137.json",
      "DimensionFilter": {},
      "Name": "MainMission2001001_07",
      "ID": 137
    },
    {
      "GroupGUID": "f7ca686f-3970-4536-9e6a-e0df66ec58c1",
      "GroupPath": "Config/LevelOutput/Group/Groups_P10001_F10001001/LevelGroup_P10001_F10001001_G138.json",
      "DimensionFilter": {},
      "Name": "MainMission2000901_08",
      "ID": 138
    },
    {
      "GroupGUID": "0240096e-d7b2-4315-a67c-41ae8ac128ad",
      "GroupPath": "Config/LevelOutput/Group/Groups_P10001_F10001001/LevelGroup_P10001_F10001001_G139.json",
      "DimensionFilter": {},
      "Name": "MainMission2000901_09",
      "ID": 139
    },
    {
      "GroupGUID": "c7c021bb-8ce8-4fc6-b417-34dd9e9b4580",
      "GroupPath": "Config/LevelOutput/Group/Groups_P10001_F10001001/LevelGroup_P10001_F10001001_G142.json",
      "DimensionFilter": {},
      "Name": "MainMission8016201_02",
      "ID": 142
    },
    {
      "GroupGUID": "d7c378a6-939d-4228-b65e-36c51e17c23b",
      "GroupPath": "Config/LevelOutput/Group/Groups_P10001_F10001001/LevelGroup_P10001_F10001001_G143.json",
      "DimensionFilter": {},
      "Name": "Book",
      "ID": 143
    },
    {
      "GroupGUID": "55106740-2496-4beb-a2c5-cb7e7e25ea43",
      "GroupPath": "Config/LevelOutput/Group/Groups_P10001_F10001001/LevelGroup_P10001_F10001001_G144.json",
      "DimensionFilter": {},
      "Name": "MainMission2000901_10",
      "ID": 144
    },
    {
      "GroupGUID": "a7dfa2a8-427d-4a90-96da-bbb9312d1421",
      "GroupPath": "Config/LevelOutput/Group/Groups_P10001_F10001001/LevelGroup_P10001_F10001001_G145.json",
      "DimensionFilter": {},
      "Name": "MainMission2000901_11",
      "ID": 145
    }
  ],
  "DefaultEnviroProfile": "Stages/Outputs/Chapter00/EnviroProfile/Chap00_CloseView_ADV_Station_Day.enviroProfile.asset",
  "StageData": "Stages/Outputs/Chapter00/Stages/Chap00_ADV_Station_StageData/Chap00_ADV_Station_StageData.stage",
  "TimeOfDayEnviroProfileMap": {},
  "LayerToAreaMask": [
    1
  ],
  "BattleAreaList": [],
  "DimensionList": [
    {}
  ],
  "NavmapConfigPath": "Config/LevelOutput/Map/MapInfo_P10001_F10001001.json",
  "EnableGroupStreaming": false,
  "EnableGroupSpaceConflict": false,
  "IsRestartLevelGraph": false
}