{
  "FloorID": 10000003,
  "FloorName": "FloorName_10000003",
  "StartGroupID": 1,
  "StartAnchorID": 1,
  "GroupList": [
    {
      "GroupGUID": "0616b142-26e5-42b4-93d7-93b9141564e3",
      "GroupPath": "Config/LevelOutput/Group/Groups_P10000_F10000003/LevelGroup_P10000_F10000003_G1.json",
      "Name": "DefaultGroup",
      "ID": 1
    }
  ],
  "DefaultEnviroProfile": "Stages/Outputs/Chapter00/EnviroProfile/Chap00_INT_Train_01.enviroProfile.asset",
  "StageData": "Stages/Outputs/Chapter03_DesignerBackup/Stages/Chap03_ADV_BarCarriage_01_StageData/Chap03_ADV_BarCarriage_01_StageData.stage",
  "TimeOfDayEnviroProfileMap": {},
  "LayerToAreaMask": [
    1
  ],
  "BattleAreaList": [],
  "DimensionList": [
    {}
  ]
}