{
  "FloorID": 10102003,
  "FloorName": "FloorName_10102003",
  "StartGroupID": 2,
  "StartAnchorID": 1,
  "GroupList": [
    {
      "GroupGUID": "06436216-46be-42bb-9947-3855883eec0c",
      "GroupPath": "Config/LevelOutput/Group/Groups_P10102_F10102003/LevelGroup_P10102_F10102003_G2.json",
      "Name": "Default",
      "ID": 2
    },
    {
      "GroupGUID": "b7fae1c2-52b6-4745-957e-0d9f5cbd57a3",
      "GroupPath": "Config/LevelOutput/Group/Groups_P10102_F10102003/LevelGroup_P10102_F10102003_G5.json",
      "Name": "NPCs",
      "ID": 5
    },
    {
      "GroupGUID": "a31e6f54-9a30-4d79-bf2c-1e6b42ee45a1",
      "GroupPath": "Config/LevelOutput/Group/Groups_P10102_F10102003/LevelGroup_P10102_F10102003_G4.json",
      "Name": "Books",
      "ID": 4
    },
    {
      "GroupGUID": "60d6262d-99de-4a47-8281-1dad625c364c",
      "GroupPath": "Config/LevelOutput/Group/Groups_P10102_F10102003/LevelGroup_P10102_F10102003_G3.json",
      "Name": "MainMission1010400_",
      "ID": 3
    },
    {
      "GroupGUID": "e345fc9b-2448-46a6-ac39-f1acd51931a6",
      "GroupPath": "Config/LevelOutput/Group/Groups_P10102_F10102003/LevelGroup_P10102_F10102003_G6.json",
      "Name": "SubMission",
      "ID": 6
    },
    {
      "GroupGUID": "720f2c93-ccaf-4a86-a455-b1cfed7864e1",
      "GroupPath": "Config/LevelOutput/Group/Groups_P10102_F10102003/LevelGroup_P10102_F10102003_G8.json",
      "Name": "MainMission",
      "ID": 8
    },
    {
      "GroupGUID": "a78971b1-8c6d-49c0-891c-19ce233385d1",
      "GroupPath": "Config/LevelOutput/Group/Groups_P10102_F10102003/LevelGroup_P10102_F10102003_G11.json",
      "Name": "SubMission_201070518",
      "ID": 11
    },
    {
      "GroupGUID": "60356973-7495-4f7b-ac00-03be35cc7c0e",
      "GroupPath": "Config/LevelOutput/Group/Groups_P10102_F10102003/LevelGroup_P10102_F10102003_G12.json",
      "Name": "MainMission2010705_19",
      "ID": 12
    },
    {
      "GroupGUID": "3f12dfda-f89f-4bec-86ff-76d9f0dbd12c",
      "GroupPath": "Config/LevelOutput/Group/Groups_P10102_F10102003/LevelGroup_P10102_F10102003_G13.json",
      "Name": "SubMission",
      "ID": 13
    },
    {
      "GroupGUID": "b0243027-ac1f-42c0-bb47-52299fae7f37",
      "GroupPath": "Config/LevelOutput/Group/Groups_P10102_F10102003/LevelGroup_P10102_F10102003_G14.json",
      "Name": "SubMIssion",
      "ID": 14
    },
    {
      "GroupGUID": "6a9b4050-88b3-4ea9-9be2-55e190ed6147",
      "GroupPath": "Config/LevelOutput/Group/Groups_P10102_F10102003/LevelGroup_P10102_F10102003_G1.json",
      "Name": "SubMission_201090404",
      "ID": 1
    },
    {
      "GroupGUID": "10880796-d595-40aa-b002-9c47dc2cfed1",
      "GroupPath": "Config/LevelOutput/Group/Groups_P10102_F10102003/LevelGroup_P10102_F10102003_G15.json",
      "Name": "Town_TestNPC",
      "ID": 15
    },
    {
      "GroupGUID": "cf09b1ed-9eaa-47a5-8db1-ffe2e3c095a0",
      "GroupPath": "Config/LevelOutput/Group/Groups_P10102_F10102003/LevelGroup_P10102_F10102003_G16.json",
      "Name": "Sound",
      "ID": 16
    },
    {
      "GroupGUID": "cd36a503-d9ad-4d4e-a4f2-a1de738da5c3",
      "GroupPath": "Config/LevelOutput/Group/Groups_P10102_F10102003/LevelGroup_P10102_F10102003_G17.json",
      "Name": "Submission_201050104",
      "ID": 17
    },
    {
      "GroupGUID": "44342c10-9925-41f3-b8f5-544a2eda99bf",
      "GroupPath": "Config/LevelOutput/Group/Groups_P10102_F10102003/LevelGroup_P10102_F10102003_G20.json",
      "Name": "SubMission",
      "ID": 20
    },
    {
      "GroupGUID": "2a644c58-2d85-4851-a813-9759f158df64",
      "GroupPath": "Config/LevelOutput/Group/Groups_P10102_F10102003/LevelGroup_P10102_F10102003_G21.json",
      "Name": "SubMission",
      "ID": 21
    },
    {
      "GroupGUID": "24579b40-bf80-4ba8-b2d8-d5951a3ac6eb",
      "GroupPath": "Config/LevelOutput/Group/Groups_P10102_F10102003/LevelGroup_P10102_F10102003_G23.json",
      "Name": "DayMission",
      "ID": 23
    },
    {
      "GroupGUID": "18dec1eb-1111-4a7a-91e0-be64092f4c50",
      "GroupPath": "Config/LevelOutput/Group/Groups_P10102_F10102003/LevelGroup_P10102_F10102003_G24.json",
      "Name": "MainMission4040122_09",
      "ID": 24
    },
    {
      "GroupGUID": "06e0b00e-d5d7-43d3-b28f-c30a7d5d9a88",
      "GroupPath": "Config/LevelOutput/Group/Groups_P10102_F10102003/LevelGroup_P10102_F10102003_G25.json",
      "Name": "MainMission2011601_Mission",
      "ID": 25
    },
    {
      "GroupGUID": "18cdae90-ebf4-4e8c-8d1f-774896d653ec",
      "GroupPath": "Config/LevelOutput/Group/Groups_P10102_F10102003/LevelGroup_P10102_F10102003_G26.json",
      "Name": "MainMission1010801_01_04",
      "ID": 26
    },
    {
      "GroupGUID": "ab761f16-bb03-40f4-ad6c-69128bf8fe3d",
      "GroupPath": "Config/LevelOutput/Group/Groups_P10102_F10102003/LevelGroup_P10102_F10102003_G27.json",
      "Name": "MainMission2010901_04",
      "ID": 27
    },
    {
      "GroupGUID": "671a73d5-7901-43ea-a502-6c3cd78e5e60",
      "GroupPath": "Config/LevelOutput/Group/Groups_P10102_F10102003/LevelGroup_P10102_F10102003_G28.json",
      "Name": "MainMission2010902_08_13",
      "ID": 28
    },
    {
      "GroupGUID": "444b4442-632d-4e6d-ab5c-0f82491ea7c4",
      "GroupPath": "Config/LevelOutput/Group/Groups_P10102_F10102003/LevelGroup_P10102_F10102003_G29.json",
      "Name": "MainMission2010703_Mission",
      "ID": 29
    },
    {
      "GroupGUID": "9c8012fa-3822-438b-9a38-31e6f79cceb9",
      "GroupPath": "Config/LevelOutput/Group/Groups_P10102_F10102003/LevelGroup_P10102_F10102003_G30.json",
      "Name": "MainMission2010703_Mission",
      "ID": 30
    },
    {
      "GroupGUID": "452067ec-b3bd-4d1a-9ed1-a15cb0a20d98",
      "GroupPath": "Config/LevelOutput/Group/Groups_P10102_F10102003/LevelGroup_P10102_F10102003_G31.json",
      "Name": "MainMission3012001_09",
      "ID": 31
    },
    {
      "GroupGUID": "7a1174bc-7043-4857-8070-a3af2801d1cf",
      "GroupPath": "Config/LevelOutput/Group/Groups_P10102_F10102003/LevelGroup_P10102_F10102003_G32.json",
      "Name": "MainMission2010203_11",
      "ID": 32
    },
    {
      "GroupGUID": "3d584e14-d629-461d-9227-61ee9aa3c441",
      "GroupPath": "Config/LevelOutput/Group/Groups_P10102_F10102003/LevelGroup_P10102_F10102003_G33.json",
      "Name": "New Group",
      "ID": 33
    },
    {
      "GroupGUID": "419cea89-82cb-4acc-8753-97d800170173",
      "GroupPath": "Config/LevelOutput/Group/Groups_P10102_F10102003/LevelGroup_P10102_F10102003_G34.json",
      "Name": "New Group",
      "ID": 34
    }
  ],
  "DefaultEnviroProfile": "Stages/Outputs/Chapter01/EnviroProfile/Chap01_CloseView_ADV_INT_HospitalRoom_01.enviroProfile.asset",
  "StageData": "Stages/Outputs/Chapter01/Stages/Chap01_INT_HospitalRoom_01_StageData/Chap01_INT_HospitalRoom_01_StageData.stage",
  "MinimapVolumeData": {
    "Center": {
      "X": -0.573631,
      "Y": 1.869193,
      "Z": -0.240247
    },
    "Size": {
      "X": 16.54439,
      "Y": 4.700254,
      "Z": 17.16761
    },
    "Scale": 1
  },
  "TimeOfDayEnviroProfileMap": {},
  "LayerToAreaMask": [
    1
  ],
  "EnableGroupStreaming": false,
  "EnableGroupSpaceConflict": false,
  "IsRestartLevelGraph": false
}