{
  "FloorID": 10101004,
  "FloorName": "FloorName_10101004",
  "StartGroupID": 1,
  "StartAnchorID": 1,
  "GroupList": [
    {
      "GroupGUID": "dd6e1102-1539-407a-8470-3905b0b53648",
      "GroupPath": "Config/LevelOutput/Group/Groups_P10101_F10101004/LevelGroup_P10101_F10101004_G1.json",
      "Name": "Group0",
      "ID": 1
    },
    {
      "GroupGUID": "e5350ec4-356b-4b2c-bd22-030370730cb0",
      "GroupPath": "Config/LevelOutput/Group/Groups_P10101_F10101004/LevelGroup_P10101_F10101004_G2.json",
      "Name": "investigative",
      "ID": 2
    },
    {
      "GroupGUID": "036e1597-f234-4842-aeeb-7f599df8baff",
      "GroupPath": "Config/LevelOutput/Group/Groups_P10101_F10101004/LevelGroup_P10101_F10101004_G3.json",
      "Name": "MainMission",
      "ID": 3
    },
    {
      "GroupGUID": "e0a730c6-5ac0-45e6-b276-e4f4fcae5037",
      "GroupPath": "Config/LevelOutput/Group/Groups_P10101_F10101004/LevelGroup_P10101_F10101004_G5.json",
      "Name": "MainMission",
      "ID": 5
    },
    {
      "GroupGUID": "5ae29312-fa5e-40af-9a34-4bcadeb8372c",
      "GroupPath": "Config/LevelOutput/Group/Groups_P10101_F10101004/LevelGroup_P10101_F10101004_G6.json",
      "Name": "Book",
      "ID": 6
    },
    {
      "GroupGUID": "7d9ff625-adf5-4d2f-814a-930abae42c2c",
      "GroupPath": "Config/LevelOutput/Group/Groups_P10101_F10101004/LevelGroup_P10101_F10101004_G7.json",
      "Name": "Book",
      "ID": 7
    },
    {
      "GroupGUID": "2100f4de-7606-4489-a0f7-7ba0e3a37bfb",
      "GroupPath": "Config/LevelOutput/Group/Groups_P10101_F10101004/LevelGroup_P10101_F10101004_G8.json",
      "Name": "Book",
      "ID": 8
    },
    {
      "GroupGUID": "9c209cfa-d71a-4bb7-83a8-5ba0c418bfb0",
      "GroupPath": "Config/LevelOutput/Group/Groups_P10101_F10101004/LevelGroup_P10101_F10101004_G9.json",
      "Name": "Book",
      "ID": 9
    },
    {
      "GroupGUID": "327e3f40-60aa-4f14-81af-aaf8541f996b",
      "GroupPath": "Config/LevelOutput/Group/Groups_P10101_F10101004/LevelGroup_P10101_F10101004_G11.json",
      "Name": "Sound",
      "ID": 11
    },
    {
      "GroupGUID": "2ed9b93a-c449-45ad-a2e6-bf8f2e357806",
      "GroupPath": "Config/LevelOutput/Group/Groups_P10101_F10101004/LevelGroup_P10101_F10101004_G12.json",
      "Name": "MainMission",
      "ID": 12
    },
    {
      "GroupGUID": "bbf6ee7a-d237-4377-bb8d-a09213eec7e2",
      "GroupPath": "Config/LevelOutput/Group/Groups_P10101_F10101004/LevelGroup_P10101_F10101004_G13.json",
      "Name": "MainMission4040124_",
      "ID": 13
    },
    {
      "GroupGUID": "f1de833e-8a44-4bba-a634-7d614e5697ab",
      "GroupPath": "Config/LevelOutput/Group/Groups_P10101_F10101004/LevelGroup_P10101_F10101004_G14.json",
      "Name": "MainMission2011905_02",
      "ID": 14
    },
    {
      "GroupGUID": "54c6318b-b522-401c-a388-c72854fe1f21",
      "GroupPath": "Config/LevelOutput/Group/Groups_P10101_F10101004/LevelGroup_P10101_F10101004_G15.json",
      "Name": "DreamTest",
      "ID": 15
    }
  ],
  "DefaultEnviroProfile": "Stages/Outputs/Chapter01/EnviroProfile/Chap01_CloseView_INT_Hotel_01_Corridor.enviroProfile.asset",
  "StageData": "Stages/Outputs/Chapter01/Stages/Chap01_INT_Hotel_01_Corridor_StageData/Chap01_INT_Hotel_01_Corridor_StageData.stage",
  "CameraType": "Room",
  "MinimapVolumeData": {
    "Scale": 0
  },
  "TimeOfDayEnviroProfileMap": {},
  "LayerToAreaMask": [
    1
  ],
  "IsRestartLevelGraph": false
}