{
  "FloorID": 10102002,
  "FloorName": "FloorName_10102002",
  "StartGroupID": 2,
  "StartAnchorID": 1,
  "GroupList": [
    {
      "GroupGUID": "517de9a2-3a23-466c-8ece-01d6d762cb1a",
      "GroupPath": "Config/LevelOutput/Group/Groups_P10102_F10102002/LevelGroup_P10102_F10102002_G2.json",
      "Name": "Default",
      "ID": 2
    },
    {
      "GroupGUID": "6748a7b0-d959-449a-b5ee-c082834422b1",
      "GroupPath": "Config/LevelOutput/Group/Groups_P10102_F10102002/LevelGroup_P10102_F10102002_G4.json",
      "Name": "Books",
      "ID": 4
    },
    {
      "GroupGUID": "8b1482bf-9d74-4892-a238-da7778146f9b",
      "GroupPath": "Config/LevelOutput/Group/Groups_P10102_F10102002/LevelGroup_P10102_F10102002_G9.json",
      "Name": "MainMission_1010601_03",
      "ID": 9
    },
    {
      "GroupGUID": "13eedd9f-3d88-4d27-b726-2150cc2115f9",
      "GroupPath": "Config/LevelOutput/Group/Groups_P10102_F10102002/LevelGroup_P10102_F10102002_G11.json",
      "Name": "MainMission_Prop",
      "ID": 11
    },
    {
      "GroupGUID": "7b07fdb3-141e-4871-a659-7d155f7ccc42",
      "GroupPath": "Config/LevelOutput/Group/Groups_P10102_F10102002/LevelGroup_P10102_F10102002_G8.json",
      "Name": "MainMission_101060103",
      "ID": 8
    },
    {
      "GroupGUID": "af7bd560-92ac-4287-9996-c73e4016963c",
      "GroupPath": "Config/LevelOutput/Group/Groups_P10102_F10102002/LevelGroup_P10102_F10102002_G1.json",
      "Name": "Sound",
      "ID": 1
    },
    {
      "GroupGUID": "b3894cfa-1751-478f-b168-f2a1b9a2cc6b",
      "GroupPath": "Config/LevelOutput/Group/Groups_P10102_F10102002/LevelGroup_P10102_F10102002_G14.json",
      "Name": "MainMission4040121_",
      "ID": 14
    },
    {
      "GroupGUID": "810e28c8-c907-4068-837c-c32fa817ac61",
      "GroupPath": "Config/LevelOutput/Group/Groups_P10102_F10102002/LevelGroup_P10102_F10102002_G15.json",
      "Name": "MainMission2011901_18",
      "ID": 15
    },
    {
      "GroupGUID": "a9feeed1-1b8b-4a1c-801c-925cefa19d14",
      "GroupPath": "Config/LevelOutput/Group/Groups_P10102_F10102002/LevelGroup_P10102_F10102002_G16.json",
      "Name": "DreamTest",
      "ID": 16
    }
  ],
  "DefaultEnviroProfile": "Stages/Outputs/Chapter01/EnviroProfile/Chap01_CloseView_INT_Orphanage_01_Room_Day.enviroProfile.asset",
  "StageData": "Stages/Outputs/Chapter01/Stages/Chap01_INT_Orphanage_01_Room_StageData/Chap01_INT_Orphanage_01_Room_StageData.stage",
  "CameraType": "Room",
  "MinimapVolumeData": {
    "Scale": 0
  },
  "TimeOfDayEnviroProfileMap": {},
  "LayerToAreaMask": [
    1
  ],
  "IsRestartLevelGraph": false
}