{
  "FloorID": 10102001,
  "FloorName": "FloorName_10102001",
  "StartGroupID": 2,
  "StartAnchorID": 1,
  "GroupList": [
    {
      "GroupGUID": "df6697e8-c5d2-4637-aac8-dac278591c9b",
      "GroupPath": "Config/LevelOutput/Group/Groups_P10102_F10102001/LevelGroup_P10102_F10102001_G30.json",
      "Name": "Default",
      "ID": 30
    },
    {
      "GroupGUID": "e091775e-4709-494e-b603-141035d9e84b",
      "GroupPath": "Config/LevelOutput/Group/Groups_P10102_F10102001/LevelGroup_P10102_F10102001_G133.json",
      "Name": "Exit",
      "ID": 133
    },
    {
      "GroupGUID": "2ffd12c1-9e80-4adc-9985-c7b92a1f207b",
      "GroupPath": "Config/LevelOutput/Group/Groups_P10102_F10102001/LevelGroup_P10102_F10102001_G2.json",
      "Name": "Exits",
      "ID": 2
    },
    {
      "GroupGUID": "7a684621-b306-414b-89a6-1e5011dc195e",
      "GroupPath": "Config/LevelOutput/Group/Groups_P10102_F10102001/LevelGroup_P10102_F10102001_G3.json",
      "Name": "MapNPC",
      "ID": 3
    },
    {
      "GroupGUID": "51dec533-83f9-4065-ae4e-f4a1c1744589",
      "GroupPath": "Config/LevelOutput/Group/Groups_P10102_F10102001/LevelGroup_P10102_F10102001_G26.json",
      "Name": "MainMission",
      "ID": 26
    },
    {
      "GroupGUID": "0e0217cf-780e-47a2-9380-59150282b10e",
      "GroupPath": "Config/LevelOutput/Group/Groups_P10102_F10102001/LevelGroup_P10102_F10102001_G8.json",
      "Name": "Books",
      "ID": 8
    },
    {
      "GroupGUID": "b7e1d9d3-d3ba-49aa-91f8-224b2597fea2",
      "GroupPath": "Config/LevelOutput/Group/Groups_P10102_F10102001/LevelGroup_P10102_F10102001_G128.json",
      "Name": "Chest",
      "ID": 128
    },
    {
      "GroupGUID": "6162b109-f77c-4c3c-a47f-b81cb74890db",
      "GroupPath": "Config/LevelOutput/Group/Groups_P10102_F10102001/LevelGroup_P10102_F10102001_G4.json",
      "Name": "MainMission1010405_",
      "ID": 4
    },
    {
      "GroupGUID": "18fc98dd-f4a4-43f2-836a-7bd65db6d650",
      "GroupPath": "Config/LevelOutput/Group/Groups_P10102_F10102001/LevelGroup_P10102_F10102001_G16.json",
      "Name": "SubMission",
      "ID": 16
    },
    {
      "GroupGUID": "53f0534c-9221-475c-ae0a-9b57c3735006",
      "GroupPath": "Config/LevelOutput/Group/Groups_P10102_F10102001/LevelGroup_P10102_F10102001_G33.json",
      "Name": "MapNPC",
      "ID": 33
    },
    {
      "GroupGUID": "b8c46b93-fe54-40f7-bdde-f5ac405eb5bd",
      "GroupPath": "Config/LevelOutput/Group/Groups_P10102_F10102001/LevelGroup_P10102_F10102001_G34.json",
      "Name": "MainMission1010405_",
      "ID": 34
    },
    {
      "GroupGUID": "cf541c67-0a01-47c7-a59f-84206bda1c69",
      "GroupPath": "Config/LevelOutput/Group/Groups_P10102_F10102001/LevelGroup_P10102_F10102001_G35.json",
      "Name": "MainMission1010405_",
      "ID": 35
    },
    {
      "GroupGUID": "4b085aab-c788-437e-b60e-f3670faf442c",
      "GroupPath": "Config/LevelOutput/Group/Groups_P10102_F10102001/LevelGroup_P10102_F10102001_G36.json",
      "Name": "MainMission1010402_",
      "ID": 36
    },
    {
      "GroupGUID": "65405783-2c62-4758-a579-e08bfd3cac74",
      "GroupPath": "Config/LevelOutput/Group/Groups_P10102_F10102001/LevelGroup_P10102_F10102001_G38.json",
      "Name": "MainMission1010403_",
      "ID": 38
    },
    {
      "GroupGUID": "37fcffb5-719c-4819-a434-6848e8521307",
      "GroupPath": "Config/LevelOutput/Group/Groups_P10102_F10102001/LevelGroup_P10102_F10102001_G39.json",
      "Name": "MainMission1010403_",
      "ID": 39
    },
    {
      "GroupGUID": "168cb528-2452-4678-a38c-4d43dd4627ef",
      "GroupPath": "Config/LevelOutput/Group/Groups_P10102_F10102001/LevelGroup_P10102_F10102001_G40.json",
      "Name": "MainMission1010403_",
      "ID": 40
    },
    {
      "GroupGUID": "0e7f7790-9e16-4679-a19c-dd9e83ebf144",
      "GroupPath": "Config/LevelOutput/Group/Groups_P10102_F10102001/LevelGroup_P10102_F10102001_G41.json",
      "Name": "MainMission1010405_",
      "ID": 41
    },
    {
      "GroupGUID": "5e1178c5-6c28-4aed-88bc-2fd0591b956e",
      "GroupPath": "Config/LevelOutput/Group/Groups_P10102_F10102001/LevelGroup_P10102_F10102001_G42.json",
      "Name": "MainMission1010405_",
      "ID": 42
    },
    {
      "GroupGUID": "1d7b1adf-01f2-47af-b277-e3d5bac628a0",
      "GroupPath": "Config/LevelOutput/Group/Groups_P10102_F10102001/LevelGroup_P10102_F10102001_G43.json",
      "Name": "MainMission1010602_",
      "ID": 43
    },
    {
      "GroupGUID": "9380ad34-e3e0-42d3-ad4c-c40a6b9622f4",
      "GroupPath": "Config/LevelOutput/Group/Groups_P10102_F10102001/LevelGroup_P10102_F10102001_G44.json",
      "Name": "MainmMission_1010602_04",
      "ID": 44
    },
    {
      "GroupGUID": "b161ad97-fa9d-4446-89f4-085383a1ecfd",
      "GroupPath": "Config/LevelOutput/Group/Groups_P10102_F10102001/LevelGroup_P10102_F10102001_G46.json",
      "Name": "MainMission1010601_",
      "ID": 46
    },
    {
      "GroupGUID": "5fa56221-f5ab-482a-9a52-e1f1c1a60539",
      "GroupPath": "Config/LevelOutput/Group/Groups_P10102_F10102001/LevelGroup_P10102_F10102001_G5.json",
      "Name": "MainMission1010802_",
      "ID": 5
    },
    {
      "GroupGUID": "b90963d6-d118-421b-b5ef-b5a7a2de9cb9",
      "GroupPath": "Config/LevelOutput/Group/Groups_P10102_F10102001/LevelGroup_P10102_F10102001_G6.json",
      "Name": "MainMission1010901_",
      "ID": 6
    },
    {
      "GroupGUID": "7c532eb4-e93a-4c2e-a07f-0af07f2efe7a",
      "GroupPath": "Config/LevelOutput/Group/Groups_P10102_F10102001/LevelGroup_P10102_F10102001_G7.json",
      "Name": "MainMission1011001_",
      "ID": 7
    },
    {
      "GroupGUID": "a44bec3b-26b4-4c81-b0f0-807f42b9fe50",
      "GroupPath": "Config/LevelOutput/Group/Groups_P10102_F10102001/LevelGroup_P10102_F10102001_G9.json",
      "Name": "MainMission1010801_",
      "ID": 9
    },
    {
      "GroupGUID": "1fe6e1a2-4a72-49cc-a2a8-5fc8c5e76d33",
      "GroupPath": "Config/LevelOutput/Group/Groups_P10102_F10102001/LevelGroup_P10102_F10102001_G10.json",
      "Name": "MainMission",
      "ID": 10
    },
    {
      "GroupGUID": "df63ccfb-b9eb-450f-8767-7736be2f15aa",
      "GroupPath": "Config/LevelOutput/Group/Groups_P10102_F10102001/LevelGroup_P10102_F10102001_G12.json",
      "Name": "MainMission_Prop",
      "ID": 12
    },
    {
      "GroupGUID": "20949db3-7eaa-4d21-bf8a-e3f3db3b8783",
      "GroupPath": "Config/LevelOutput/Group/Groups_P10102_F10102001/LevelGroup_P10102_F10102001_G14.json",
      "Name": "SubMission",
      "ID": 14
    },
    {
      "GroupGUID": "227cced1-2686-413d-bdc1-ff57708a2f89",
      "GroupPath": "Config/LevelOutput/Group/Groups_P10102_F10102001/LevelGroup_P10102_F10102001_G15.json",
      "Name": "New Group",
      "ID": 15
    },
    {
      "GroupGUID": "e218f209-e8a4-457d-9517-1b3ba7f5ec15",
      "GroupPath": "Config/LevelOutput/Group/Groups_P10102_F10102001/LevelGroup_P10102_F10102001_G18.json",
      "Name": "MainMission_NPC",
      "ID": 18
    },
    {
      "GroupGUID": "f4af4685-0972-48d4-9aa1-aaacc960edc8",
      "GroupPath": "Config/LevelOutput/Group/Groups_P10102_F10102001/LevelGroup_P10102_F10102001_G32.json",
      "Name": "SubMission",
      "ID": 32
    },
    {
      "GroupGUID": "7891bfb6-a957-4a1a-b6e7-92d370fb6d22",
      "GroupPath": "Config/LevelOutput/Group/Groups_P10102_F10102001/LevelGroup_P10102_F10102001_G47.json",
      "Name": "SubMission",
      "ID": 47
    },
    {
      "GroupGUID": "dd072871-26de-4a46-a319-81ff9c6f508a",
      "GroupPath": "Config/LevelOutput/Group/Groups_P10102_F10102001/LevelGroup_P10102_F10102001_G49.json",
      "Name": "SubMission_201070805",
      "ID": 49
    },
    {
      "GroupGUID": "4b0d9f4d-f2fd-44fd-bf78-64ae17427336",
      "GroupPath": "Config/LevelOutput/Group/Groups_P10102_F10102001/LevelGroup_P10102_F10102001_G50.json",
      "Name": "MainMission1010602_",
      "ID": 50
    },
    {
      "GroupGUID": "3cb1d686-c4a3-409c-992b-23dde2edafdc",
      "GroupPath": "Config/LevelOutput/Group/Groups_P10102_F10102001/LevelGroup_P10102_F10102001_G51.json",
      "Name": "SubMission",
      "ID": 51
    },
    {
      "GroupGUID": "34941284-10ca-49ae-aa9b-586b950f6bdc",
      "GroupPath": "Config/LevelOutput/Group/Groups_P10102_F10102001/LevelGroup_P10102_F10102001_G52.json",
      "Name": "SubMission",
      "ID": 52
    },
    {
      "GroupGUID": "5960586a-5e03-4262-a0c3-a00a5069ed9b",
      "GroupPath": "Config/LevelOutput/Group/Groups_P10102_F10102001/LevelGroup_P10102_F10102001_G53.json",
      "Name": "SubMission",
      "ID": 53
    },
    {
      "GroupGUID": "cc2c9f90-f812-4209-aebf-8ad9fb2d6f51",
      "GroupPath": "Config/LevelOutput/Group/Groups_P10102_F10102001/LevelGroup_P10102_F10102001_G54.json",
      "Name": "SubMission",
      "ID": 54
    },
    {
      "GroupGUID": "520ca4bb-5e67-4f80-bd34-68987e75f0ba",
      "GroupPath": "Config/LevelOutput/Group/Groups_P10102_F10102001/LevelGroup_P10102_F10102001_G55.json",
      "Name": "BattleArea",
      "ID": 55
    },
    {
      "GroupGUID": "1b3b441c-00e6-4de3-b0e4-2fb357b9e8bd",
      "GroupPath": "Config/LevelOutput/Group/Groups_P10102_F10102001/LevelGroup_P10102_F10102001_G56.json",
      "Name": "MainMission",
      "ID": 56
    },
    {
      "GroupGUID": "0705eb29-fc9a-47ff-beac-e9d2fe3aae99",
      "GroupPath": "Config/LevelOutput/Group/Groups_P10102_F10102001/LevelGroup_P10102_F10102001_G57.json",
      "Name": "MainMission2010904_",
      "ID": 57
    },
    {
      "GroupGUID": "6cf5e008-505a-47a1-90af-ed3a0e14c0f6",
      "GroupPath": "Config/LevelOutput/Group/Groups_P10102_F10102001/LevelGroup_P10102_F10102001_G58.json",
      "Name": "SubMission_NPC",
      "ID": 58
    },
    {
      "GroupGUID": "767f77fe-60b7-4166-af73-89724652fa33",
      "GroupPath": "Config/LevelOutput/Group/Groups_P10102_F10102001/LevelGroup_P10102_F10102001_G61.json",
      "Name": "MainMission",
      "ID": 61
    },
    {
      "GroupGUID": "591eed88-7765-46d7-b4be-1132966bb901",
      "GroupPath": "Config/LevelOutput/Group/Groups_P10102_F10102001/LevelGroup_P10102_F10102001_G64.json",
      "Name": "SubMission_201070104",
      "ID": 64
    },
    {
      "GroupGUID": "0f7c7092-8ff6-4b2a-b2fe-ea4bbfe0a173",
      "GroupPath": "Config/LevelOutput/Group/Groups_P10102_F10102001/LevelGroup_P10102_F10102001_G65.json",
      "Name": "MainMission2010904_",
      "ID": 65
    },
    {
      "GroupGUID": "95ca14b4-6a2b-4929-89a8-4c0984096f83",
      "GroupPath": "Config/LevelOutput/Group/Groups_P10102_F10102001/LevelGroup_P10102_F10102001_G66.json",
      "Name": "MainMission2010904_",
      "ID": 66
    },
    {
      "GroupGUID": "3e27a732-8889-4b1c-9efa-1bc51a14e54a",
      "GroupPath": "Config/LevelOutput/Group/Groups_P10102_F10102001/LevelGroup_P10102_F10102001_G74.json",
      "Name": "Pedestrian",
      "ID": 74
    },
    {
      "GroupGUID": "44425a77-d6c5-4b2f-89d5-2a97ac1a80d0",
      "GroupPath": "Config/LevelOutput/Group/Groups_P10102_F10102001/LevelGroup_P10102_F10102001_G75.json",
      "Name": "Sound",
      "ID": 75
    },
    {
      "GroupGUID": "fb196bc4-4a40-4087-b7bd-116e343ece40",
      "GroupPath": "Config/LevelOutput/Group/Groups_P10102_F10102001/LevelGroup_P10102_F10102001_G76.json",
      "Name": "DownTown_Crowd",
      "ID": 76
    },
    {
      "GroupGUID": "95a4e629-178c-44c9-a575-d76716a26968",
      "GroupPath": "Config/LevelOutput/Group/Groups_P10102_F10102001/LevelGroup_P10102_F10102001_G24.json",
      "Name": "Submission_201050118",
      "ID": 24
    },
    {
      "GroupGUID": "2270f8fd-66fd-4e67-a9fa-71dc6ae1b0bb",
      "GroupPath": "Config/LevelOutput/Group/Groups_P10102_F10102001/LevelGroup_P10102_F10102001_G77.json",
      "Name": "MainMission2010703_",
      "ID": 77
    },
    {
      "GroupGUID": "a8a7f87e-12e0-4755-b9c3-494a46a49b5c",
      "GroupPath": "Config/LevelOutput/Group/Groups_P10102_F10102001/LevelGroup_P10102_F10102001_G79.json",
      "Name": "ShopNPCs",
      "ID": 79
    },
    {
      "GroupGUID": "7170ce91-d61e-46f5-b591-7df0b899c3de",
      "GroupPath": "Config/LevelOutput/Group/Groups_P10102_F10102001/LevelGroup_P10102_F10102001_G80.json",
      "Name": "Book2",
      "ID": 80
    },
    {
      "GroupGUID": "8e5443ef-ccb6-4ecf-b69d-2331a02b0b43",
      "GroupPath": "Config/LevelOutput/Group/Groups_P10102_F10102001/LevelGroup_P10102_F10102001_G81.json",
      "Name": "MapNPC",
      "ID": 81
    },
    {
      "GroupGUID": "1196462a-b040-4b48-b776-37091a861291",
      "GroupPath": "Config/LevelOutput/Group/Groups_P10102_F10102001/LevelGroup_P10102_F10102001_G83.json",
      "Name": "DayMission",
      "ID": 83
    },
    {
      "GroupGUID": "fabcaba7-bec6-4e1d-8d6e-9e92cbe20286",
      "GroupPath": "Config/LevelOutput/Group/Groups_P10102_F10102001/LevelGroup_P10102_F10102001_G84.json",
      "Name": "DayMission",
      "ID": 84
    },
    {
      "GroupGUID": "4d48e67b-3622-44f4-b9c2-feb9a5f8baf0",
      "GroupPath": "Config/LevelOutput/Group/Groups_P10102_F10102001/LevelGroup_P10102_F10102001_G85.json",
      "Name": "DayMission",
      "ID": 85
    },
    {
      "GroupGUID": "b3394b4c-4936-4253-9c57-cced3de3e15b",
      "GroupPath": "Config/LevelOutput/Group/Groups_P10102_F10102001/LevelGroup_P10102_F10102001_G86.json",
      "Name": "DayMission",
      "ID": 86
    },
    {
      "GroupGUID": "023354c9-c334-460f-ac10-d181ad77192a",
      "GroupPath": "Config/LevelOutput/Group/Groups_P10102_F10102001/LevelGroup_P10102_F10102001_G87.json",
      "Name": "DayMission",
      "ID": 87
    },
    {
      "GroupGUID": "535ece43-c465-406e-bbab-8acb4ca4d8e9",
      "GroupPath": "Config/LevelOutput/Group/Groups_P10102_F10102001/LevelGroup_P10102_F10102001_G88.json",
      "Name": "DayMission",
      "ID": 88
    },
    {
      "GroupGUID": "f455b05b-5a0c-408a-bdd8-a9b4a4ffdd10",
      "GroupPath": "Config/LevelOutput/Group/Groups_P10102_F10102001/LevelGroup_P10102_F10102001_G89.json",
      "Name": "DayMission",
      "ID": 89
    },
    {
      "GroupGUID": "25fd4910-192e-4522-b4ae-3ddcaaf2cd8f",
      "GroupPath": "Config/LevelOutput/Group/Groups_P10102_F10102001/LevelGroup_P10102_F10102001_G90.json",
      "Name": "DayMission",
      "ID": 90
    },
    {
      "GroupGUID": "8679b69b-fc30-4ff4-9d8c-8969e37ecb6d",
      "GroupPath": "Config/LevelOutput/Group/Groups_P10102_F10102001/LevelGroup_P10102_F10102001_G91.json",
      "Name": "Daymission",
      "ID": 91
    },
    {
      "GroupGUID": "51307236-b9bf-4f25-9ac9-953cdc26fe42",
      "GroupPath": "Config/LevelOutput/Group/Groups_P10102_F10102001/LevelGroup_P10102_F10102001_G92.json",
      "Name": "Daymission",
      "ID": 92
    },
    {
      "GroupGUID": "2d43d58b-b6db-42ca-8814-9369dd8bb4e6",
      "GroupPath": "Config/LevelOutput/Group/Groups_P10102_F10102001/LevelGroup_P10102_F10102001_G93.json",
      "Name": "Daymission",
      "ID": 93
    },
    {
      "GroupGUID": "dc2c0e8d-78de-4c8a-b8f4-51dac5703e6b",
      "GroupPath": "Config/LevelOutput/Group/Groups_P10102_F10102001/LevelGroup_P10102_F10102001_G99.json",
      "Name": "MapNPC",
      "ID": 99
    },
    {
      "GroupGUID": "44f641f0-546f-4fec-a1e3-eb41ecbc8e06",
      "GroupPath": "Config/LevelOutput/Group/Groups_P10102_F10102001/LevelGroup_P10102_F10102001_G100.json",
      "Name": "Daymission",
      "ID": 100
    },
    {
      "GroupGUID": "ab6cc60a-3dbe-4dd0-93bd-5c5de003fb05",
      "GroupPath": "Config/LevelOutput/Group/Groups_P10102_F10102001/LevelGroup_P10102_F10102001_G101.json",
      "Name": "Daymission",
      "ID": 101
    },
    {
      "GroupGUID": "93a9bc04-df61-470c-8653-47d3eb4951d7",
      "GroupPath": "Config/LevelOutput/Group/Groups_P10102_F10102001/LevelGroup_P10102_F10102001_G102.json",
      "Name": "Daymission",
      "ID": 102
    },
    {
      "GroupGUID": "8ef39ebf-41ca-4fa2-945e-359935f5f30f",
      "GroupPath": "Config/LevelOutput/Group/Groups_P10102_F10102001/LevelGroup_P10102_F10102001_G103.json",
      "Name": "Daymission",
      "ID": 103
    },
    {
      "GroupGUID": "9b21860e-50c3-46ab-9742-d523d0978763",
      "GroupPath": "Config/LevelOutput/Group/Groups_P10102_F10102001/LevelGroup_P10102_F10102001_G104.json",
      "Name": "MainMission3011013_",
      "ID": 104
    },
    {
      "GroupGUID": "dacf7deb-09b9-4fb6-bc07-8488b4ee1a98",
      "GroupPath": "Config/LevelOutput/Group/Groups_P10102_F10102001/LevelGroup_P10102_F10102001_G106.json",
      "Name": "MapNPC",
      "ID": 106
    },
    {
      "GroupGUID": "eaf36680-a47c-459f-8758-b3db04348fc9",
      "GroupPath": "Config/LevelOutput/Group/Groups_P10102_F10102001/LevelGroup_P10102_F10102001_G107.json",
      "Name": "Daymission",
      "ID": 107
    },
    {
      "GroupGUID": "1e2d6a56-ede4-42a8-ac85-a6a80c94a84b",
      "GroupPath": "Config/LevelOutput/Group/Groups_P10102_F10102001/LevelGroup_P10102_F10102001_G108.json",
      "Name": "Daymission",
      "ID": 108
    },
    {
      "GroupGUID": "1cceb598-dd6b-42cb-a478-3eee6822789c",
      "GroupPath": "Config/LevelOutput/Group/Groups_P10102_F10102001/LevelGroup_P10102_F10102001_G109.json",
      "Name": "Daymission",
      "ID": 109
    },
    {
      "GroupGUID": "423adcca-0f38-4580-9521-dd7a1cac05d0",
      "GroupPath": "Config/LevelOutput/Group/Groups_P10102_F10102001/LevelGroup_P10102_F10102001_G110.json",
      "Name": "MainMission_NPC",
      "ID": 110
    },
    {
      "GroupGUID": "1779708d-d542-463a-a87d-bf327486ff69",
      "GroupPath": "Config/LevelOutput/Group/Groups_P10102_F10102001/LevelGroup_P10102_F10102001_G111.json",
      "Name": "MainMission1011502_",
      "ID": 111
    },
    {
      "GroupGUID": "78c8f8e9-3a32-44bd-b653-167770c14075",
      "GroupPath": "Config/LevelOutput/Group/Groups_P10102_F10102001/LevelGroup_P10102_F10102001_G112.json",
      "Name": "MainMission",
      "ID": 112
    },
    {
      "GroupGUID": "300b7678-1f59-4600-b6e9-787c2dbd6a80",
      "GroupPath": "Config/LevelOutput/Group/Groups_P10102_F10102001/LevelGroup_P10102_F10102001_G114.json",
      "Name": "InvestigativeProps",
      "ID": 114
    },
    {
      "GroupGUID": "92c4c9ee-1cba-48ef-8b11-0b969bce5809",
      "GroupPath": "Config/LevelOutput/Group/Groups_P10102_F10102001/LevelGroup_P10102_F10102001_G115.json",
      "Name": "SubMission",
      "ID": 115
    },
    {
      "GroupGUID": "94ad5b79-d33c-49cf-8464-60b5f3672151",
      "GroupPath": "Config/LevelOutput/Group/Groups_P10102_F10102001/LevelGroup_P10102_F10102001_G116.json",
      "Name": "SubMission",
      "ID": 116
    },
    {
      "GroupGUID": "45d33f0d-eef6-45e7-abf5-66d2ed4acd71",
      "GroupPath": "Config/LevelOutput/Group/Groups_P10102_F10102001/LevelGroup_P10102_F10102001_G117.json",
      "Name": "SubMission",
      "ID": 117
    },
    {
      "GroupGUID": "e326e041-77c0-480d-b239-19e692560168",
      "GroupPath": "Config/LevelOutput/Group/Groups_P10102_F10102001/LevelGroup_P10102_F10102001_G118.json",
      "Name": "SubMission",
      "ID": 118
    },
    {
      "GroupGUID": "6292ba79-3aa3-4a80-8d1c-704276c8ea46",
      "GroupPath": "Config/LevelOutput/Group/Groups_P10102_F10102001/LevelGroup_P10102_F10102001_G119.json",
      "Name": "SimpleMission",
      "ID": 119
    },
    {
      "GroupGUID": "9329f7ea-bb84-41fc-b209-dcd22ce676af",
      "GroupPath": "Config/LevelOutput/Group/Groups_P10102_F10102001/LevelGroup_P10102_F10102001_G120.json",
      "Name": "MainMission4040102_",
      "ID": 120
    },
    {
      "GroupGUID": "bf5e91ec-6e05-4b36-b7a9-c9fd05d12266",
      "GroupPath": "Config/LevelOutput/Group/Groups_P10102_F10102001/LevelGroup_P10102_F10102001_G121.json",
      "Name": "SubMission",
      "ID": 121
    },
    {
      "GroupGUID": "9e9f2778-b2c9-4858-95d3-434cf031c944",
      "GroupPath": "Config/LevelOutput/Group/Groups_P10102_F10102001/LevelGroup_P10102_F10102001_G122.json",
      "Name": "DayMission",
      "ID": 122
    },
    {
      "GroupGUID": "992524ea-4d21-40fd-b7e6-c1f7b1a3b7aa",
      "GroupPath": "Config/LevelOutput/Group/Groups_P10102_F10102001/LevelGroup_P10102_F10102001_G124.json",
      "Name": "DayMission",
      "ID": 124
    },
    {
      "GroupGUID": "148a8d78-b2c6-4a82-b530-1cc81e3bd9bd",
      "GroupPath": "Config/LevelOutput/Group/Groups_P10102_F10102001/LevelGroup_P10102_F10102001_G125.json",
      "Name": "DayMission",
      "ID": 125
    },
    {
      "GroupGUID": "10974894-10a2-4e43-bb1f-fd11cd631631",
      "GroupPath": "Config/LevelOutput/Group/Groups_P10102_F10102001/LevelGroup_P10102_F10102001_G126.json",
      "Name": "DayMission",
      "ID": 126
    },
    {
      "GroupGUID": "6371827d-9dba-4b2d-a2c2-549e221f5c09",
      "GroupPath": "Config/LevelOutput/Group/Groups_P10102_F10102001/LevelGroup_P10102_F10102001_G127.json",
      "Name": "SimpleMission",
      "ID": 127
    },
    {
      "GroupGUID": "3eaf7ef3-c762-48a4-ab0e-6239679a44d5",
      "GroupPath": "Config/LevelOutput/Group/Groups_P10102_F10102001/LevelGroup_P10102_F10102001_G130.json",
      "Name": "SimpleMission",
      "ID": 130
    },
    {
      "GroupGUID": "e0eaaac3-d5ed-49ab-987c-35196a722b81",
      "GroupPath": "Config/LevelOutput/Group/Groups_P10102_F10102001/LevelGroup_P10102_F10102001_G129.json",
      "Name": "CrowdBubble",
      "ID": 129
    },
    {
      "GroupGUID": "62684645-6f1e-4d84-bbac-b1095935049d",
      "GroupPath": "Config/LevelOutput/Group/Groups_P10102_F10102001/LevelGroup_P10102_F10102001_G131.json",
      "Name": "MapNPC",
      "ID": 131
    },
    {
      "GroupGUID": "611c304d-c910-476d-a0b1-bdb9e3d64940",
      "GroupPath": "Config/LevelOutput/Group/Groups_P10102_F10102001/LevelGroup_P10102_F10102001_G132.json",
      "Name": "MainMission",
      "ID": 132
    },
    {
      "GroupGUID": "9ecac286-220d-4828-8dd4-9203fb3ae297",
      "GroupPath": "Config/LevelOutput/Group/Groups_P10102_F10102001/LevelGroup_P10102_F10102001_G134.json",
      "Name": "MainMission4040120_",
      "ID": 134
    },
    {
      "GroupGUID": "4d9b0319-739f-429e-945f-735881470bb9",
      "GroupPath": "Config/LevelOutput/Group/Groups_P10102_F10102001/LevelGroup_P10102_F10102001_G135.json",
      "Name": "ShopNPC",
      "ID": 135
    },
    {
      "GroupGUID": "aaab0267-c06e-45e7-9e70-76ea37411a6a",
      "GroupPath": "Config/LevelOutput/Group/Groups_P10102_F10102001/LevelGroup_P10102_F10102001_G136.json",
      "Name": "MainMission4040119_",
      "ID": 136
    },
    {
      "GroupGUID": "c885367a-7b0f-495d-95e9-e1fd54831b66",
      "GroupPath": "Config/LevelOutput/Group/Groups_P10102_F10102001/LevelGroup_P10102_F10102001_G137.json",
      "Name": "MainMission4040129_",
      "ID": 137
    },
    {
      "GroupGUID": "ac40f0cf-b4ae-40cf-96f8-8fb0f740bf62",
      "GroupPath": "Config/LevelOutput/Group/Groups_P10102_F10102001/LevelGroup_P10102_F10102001_G138.json",
      "Name": "MainMission4040122_01",
      "ID": 138
    },
    {
      "GroupGUID": "3c01b633-7899-4bf9-afbb-75e6fe070124",
      "GroupPath": "Config/LevelOutput/Group/Groups_P10102_F10102001/LevelGroup_P10102_F10102001_G139.json",
      "Name": "MainMission4040122_02",
      "ID": 139
    },
    {
      "GroupGUID": "0c314a08-4230-47fe-be9c-765e144a95b8",
      "GroupPath": "Config/LevelOutput/Group/Groups_P10102_F10102001/LevelGroup_P10102_F10102001_G140.json",
      "Name": "MainMission4040122_03",
      "ID": 140
    },
    {
      "GroupGUID": "148da05c-bfd1-4b00-acb1-76aad97f2d32",
      "GroupPath": "Config/LevelOutput/Group/Groups_P10102_F10102001/LevelGroup_P10102_F10102001_G141.json",
      "Name": "MainMission4040122_10",
      "ID": 141
    },
    {
      "GroupGUID": "cdeca26d-efac-4e3e-abcd-ccca0cc1c0d6",
      "GroupPath": "Config/LevelOutput/Group/Groups_P10102_F10102001/LevelGroup_P10102_F10102001_G142.json",
      "Name": "MainMission2011601_",
      "ID": 142
    },
    {
      "GroupGUID": "d590166c-4745-430b-b336-eb801af3c488",
      "GroupPath": "Config/LevelOutput/Group/Groups_P10102_F10102001/LevelGroup_P10102_F10102001_G143.json",
      "Name": "New Group",
      "ID": 143
    },
    {
      "GroupGUID": "67321b2d-c27f-4880-b710-acd493775fbc",
      "GroupPath": "Config/LevelOutput/Group/Groups_P10102_F10102001/LevelGroup_P10102_F10102001_G145.json",
      "Name": "MainMission2011901_19",
      "ID": 145
    },
    {
      "GroupGUID": "93fa61eb-8b5d-4783-8ba9-bc177ba04963",
      "GroupPath": "Config/LevelOutput/Group/Groups_P10102_F10102001/LevelGroup_P10102_F10102001_G146.json",
      "Name": "MainMission8000185_Mission",
      "ID": 146
    },
    {
      "GroupGUID": "b3555641-bd4e-4277-a2b2-e6b71dd11e2f",
      "GroupPath": "Config/LevelOutput/Group/Groups_P10102_F10102001/LevelGroup_P10102_F10102001_G147.json",
      "Name": "MainMission1011501_",
      "ID": 147
    },
    {
      "GroupGUID": "1cfd8c86-9ee6-46fc-87ef-3283483907cd",
      "GroupPath": "Config/LevelOutput/Group/Groups_P10102_F10102001/LevelGroup_P10102_F10102001_G148.json",
      "Name": "MainMission8000185_EasterEggNPC",
      "ID": 148,
      "IsDelete": true
    },
    {
      "GroupGUID": "c3dbd895-2db2-49cf-a076-864c9ec21e9a",
      "GroupPath": "Config/LevelOutput/Group/Groups_P10102_F10102001/LevelGroup_P10102_F10102001_G153.json",
      "Name": "MainMission8000187_Mission",
      "ID": 153
    },
    {
      "GroupGUID": "06a20050-570d-4ca3-bc64-53cc0e8c216b",
      "GroupPath": "Config/LevelOutput/Group/Groups_P10102_F10102001/LevelGroup_P10102_F10102001_G150.json",
      "Name": "MainMission2010206_22",
      "ID": 150
    },
    {
      "GroupGUID": "9f05f3a7-86c3-4f24-a3c6-f9db337cb4cb",
      "GroupPath": "Config/LevelOutput/Group/Groups_P10102_F10102001/LevelGroup_P10102_F10102001_G151.json",
      "Name": "MainMission2010206_24_25",
      "ID": 151
    },
    {
      "GroupGUID": "b889ba67-e8ea-4000-adde-fb01647734e9",
      "GroupPath": "Config/LevelOutput/Group/Groups_P10102_F10102001/LevelGroup_P10102_F10102001_G152.json",
      "Name": "MainMission2010206_26",
      "ID": 152
    },
    {
      "GroupGUID": "0c102939-687f-4396-a432-49ab172d7349",
      "GroupPath": "Config/LevelOutput/Group/Groups_P10102_F10102001/LevelGroup_P10102_F10102001_G154.json",
      "Name": "MainMission2010203_08_12",
      "ID": 154
    },
    {
      "GroupGUID": "ed4d28a0-a7b8-47ac-89bc-07aa5132f43d",
      "GroupPath": "Config/LevelOutput/Group/Groups_P10102_F10102001/LevelGroup_P10102_F10102001_G155.json",
      "Name": "MainMission2010203_13_14",
      "ID": 155
    },
    {
      "GroupGUID": "81bbf264-c46a-4767-88a7-b1fe716194a1",
      "GroupPath": "Config/LevelOutput/Group/Groups_P10102_F10102001/LevelGroup_P10102_F10102001_G156.json",
      "Name": "New Group",
      "ID": 156
    },
    {
      "GroupGUID": "de091447-a9d2-44ad-bd11-8a8b6c4a44c7",
      "GroupPath": "Config/LevelOutput/Group/Groups_P10102_F10102001/LevelGroup_P10102_F10102001_G157.json",
      "Name": "MainMission8002104_",
      "ID": 157
    },
    {
      "GroupGUID": "a07e37c6-8f82-499b-8ed6-20f280eca900",
      "GroupPath": "Config/LevelOutput/Group/Groups_P10102_F10102001/LevelGroup_P10102_F10102001_G158.json",
      "Name": "MainMission3012001_01",
      "ID": 158
    },
    {
      "GroupGUID": "260760d7-2ad7-429d-a071-934842c06703",
      "GroupPath": "Config/LevelOutput/Group/Groups_P10102_F10102001/LevelGroup_P10102_F10102001_G159.json",
      "Name": "MainMission3012001_02",
      "ID": 159
    },
    {
      "GroupGUID": "49c2882c-f6d0-4bbc-9e6c-0c406feb0b42",
      "GroupPath": "Config/LevelOutput/Group/Groups_P10102_F10102001/LevelGroup_P10102_F10102001_G160.json",
      "Name": "MainMission3012001_02",
      "ID": 160
    },
    {
      "GroupGUID": "81658e59-10aa-4b2d-863d-515ecc88986c",
      "GroupPath": "Config/LevelOutput/Group/Groups_P10102_F10102001/LevelGroup_P10102_F10102001_G161.json",
      "Name": "MainMission3012001_10",
      "ID": 161
    },
    {
      "GroupGUID": "1540d0c1-206f-4427-9454-b7713f22f3a2",
      "GroupPath": "Config/LevelOutput/Group/Groups_P10102_F10102001/LevelGroup_P10102_F10102001_G163.json",
      "Name": "PPT_Prop",
      "ID": 163
    },
    {
      "GroupGUID": "de740f3e-c4b7-40cd-a050-47af08c05311",
      "GroupPath": "Config/LevelOutput/Group/Groups_P10102_F10102001/LevelGroup_P10102_F10102001_G165.json",
      "Name": "MainMission2010203_18",
      "ID": 165
    },
    {
      "GroupGUID": "a0d685c3-98f7-47e9-85a4-dd380479ee32",
      "GroupPath": "Config/LevelOutput/Group/Groups_P10102_F10102001/LevelGroup_P10102_F10102001_G166.json",
      "Name": "MainMission8014105_Mission",
      "ID": 166
    },
    {
      "GroupGUID": "8d1d9d59-2021-4757-98f6-1facac24c07f",
      "GroupPath": "Config/LevelOutput/Group/Groups_P10102_F10102001/LevelGroup_P10102_F10102001_G168.json",
      "Name": "MainMission8000187_Disui",
      "ID": 168
    },
    {
      "GroupGUID": "4be49a59-6e18-4b69-b286-32ef83e1da2b",
      "GroupPath": "Config/LevelOutput/Group/Groups_P10102_F10102001/LevelGroup_P10102_F10102001_G169.json",
      "Name": "MainMission8000187_Huaban",
      "ID": 169
    },
    {
      "GroupGUID": "206faf1b-47cb-4eaf-8839-77aedb482796",
      "GroupPath": "Config/LevelOutput/Group/Groups_P10102_F10102001/LevelGroup_P10102_F10102001_G170.json",
      "Name": "New Group",
      "ID": 170
    },
    {
      "GroupGUID": "4874235d-1662-4a30-863c-e2e3a1ca0120",
      "GroupPath": "Config/LevelOutput/Group/Groups_P10102_F10102001/LevelGroup_P10102_F10102001_G171.json",
      "Name": "New Group",
      "ID": 171
    },
    {
      "GroupGUID": "4d5df550-6e27-460f-9739-828a2f1133aa",
      "GroupPath": "Config/LevelOutput/Group/Groups_P10102_F10102001/LevelGroup_P10102_F10102001_G173.json",
      "Name": "MainMission8002104_1",
      "ID": 173
    },
    {
      "GroupGUID": "1710c9c5-0ca3-414f-9547-49d2c1c83fb0",
      "GroupPath": "Config/LevelOutput/Group/Groups_P10102_F10102001/LevelGroup_P10102_F10102001_G174.json",
      "Name": "MainMission8002104_2",
      "ID": 174
    },
    {
      "GroupGUID": "37ae2292-8c31-4a06-8082-dbf488252a15",
      "GroupPath": "Config/LevelOutput/Group/Groups_P10102_F10102001/LevelGroup_P10102_F10102001_G175.json",
      "Name": "Book",
      "ID": 175
    },
    {
      "GroupGUID": "6a0e019c-92ba-4c82-a1ec-0bcbf3bf20be",
      "GroupPath": "Config/LevelOutput/Group/Groups_P10102_F10102001/LevelGroup_P10102_F10102001_G176.json",
      "Name": "MainMission8014124_LinkBattleAfter",
      "ID": 176
    },
    {
      "GroupGUID": "14dff372-8eeb-4f9d-9296-2bb3d1562b08",
      "GroupPath": "Config/LevelOutput/Group/Groups_P10102_F10102001/LevelGroup_P10102_F10102001_G177.json",
      "Name": "MainMission8014122_LinkAfter",
      "ID": 177
    }
  ],
  "DefaultEnviroProfile": "Stages/Outputs/Chapter01/EnviroProfile/Chap01_CloseView_ADV_Area_UnderCity_01_Night.enviroProfile.asset",
  "StageData": "Stages/Outputs/Chapter01/Stages/Chap01_ADV_Area_UnderCity_01_StageData/Chap01_ADV_Area_UnderCity_01_StageData.stage",
  "TimeOfDayEnviroProfileMap": {},
  "LayerToAreaMask": [
    1
  ],
  "FloorCustomData": {
    "SavedValues": [
      {
        "ID": 1,
        "Name": "BookGet14",
        "AllowedValues": [],
        "MaxValue": 1
      }
    ]
  },
  "BattleAreaList": [],
  "DimensionList": [
    {}
  ],
  "NavmapConfigPath": "Config/LevelOutput/Map/MapInfo_P10102_F10102001.json",
  "EnableGroupStreaming": false,
  "EnableGroupSpaceConflict": false,
  "IsRestartLevelGraph": false
}