{
  "FloorID": 10101002,
  "FloorName": "FloorName_10101002",
  "StartGroupID": 1,
  "StartAnchorID": 1,
  "GroupList": [
    {
      "GroupGUID": "8576e54e-1776-406c-8d06-7467adecdc78",
      "GroupPath": "Config/LevelOutput/Group/Groups_P10101_F10101002/LevelGroup_P10101_F10101002_G1.json",
      "Name": "Group0",
      "ID": 1
    },
    {
      "GroupGUID": "a751b980-11f6-4cfd-879d-f33e685a1a9a",
      "GroupPath": "Config/LevelOutput/Group/Groups_P10101_F10101002/LevelGroup_P10101_F10101002_G2.json",
      "Name": "Investigative",
      "ID": 2
    },
    {
      "GroupGUID": "151872db-1aa1-4857-964f-80a5d698fa31",
      "GroupPath": "Config/LevelOutput/Group/Groups_P10101_F10101002/LevelGroup_P10101_F10101002_G3.json",
      "Name": "MainMission",
      "ID": 3
    },
    {
      "GroupGUID": "64fb9236-0c58-41f5-9a8c-bde02e4f0982",
      "GroupPath": "Config/LevelOutput/Group/Groups_P10101_F10101002/LevelGroup_P10101_F10101002_G5.json",
      "Name": "MainMission",
      "ID": 5
    },
    {
      "GroupGUID": "6f0837b2-f868-4222-815e-9fb39b7bf048",
      "GroupPath": "Config/LevelOutput/Group/Groups_P10101_F10101002/LevelGroup_P10101_F10101002_G12.json",
      "Name": "MainMission_NPC",
      "ID": 12
    },
    {
      "GroupGUID": "254fb856-1a57-450a-afe4-db658ef3a5d1",
      "GroupPath": "Config/LevelOutput/Group/Groups_P10101_F10101002/LevelGroup_P10101_F10101002_G13.json",
      "Name": "MainMission",
      "ID": 13
    },
    {
      "GroupGUID": "56741e5b-ef74-43b2-a0fa-e87d95f0ab6b",
      "GroupPath": "Config/LevelOutput/Group/Groups_P10101_F10101002/LevelGroup_P10101_F10101002_G16.json",
      "Name": "Sound",
      "ID": 16
    },
    {
      "GroupGUID": "b2a10d68-08ca-4c67-9fbb-163d4de23894",
      "GroupPath": "Config/LevelOutput/Group/Groups_P10101_F10101002/LevelGroup_P10101_F10101002_G17.json",
      "Name": "SubMission",
      "ID": 17
    },
    {
      "GroupGUID": "36b8f1b2-642d-4c7e-8704-e2930d786a90",
      "GroupPath": "Config/LevelOutput/Group/Groups_P10101_F10101002/LevelGroup_P10101_F10101002_G18.json",
      "Name": "Book",
      "ID": 18
    },
    {
      "GroupGUID": "0882128f-f853-4c02-bc2f-4c56169bcdf0",
      "GroupPath": "Config/LevelOutput/Group/Groups_P10101_F10101002/LevelGroup_P10101_F10101002_G19.json",
      "Name": "SimpleMission",
      "ID": 19
    },
    {
      "GroupGUID": "83585050-b463-45b4-b892-76988ed447c7",
      "GroupPath": "Config/LevelOutput/Group/Groups_P10101_F10101002/LevelGroup_P10101_F10101002_G20.json",
      "Name": "NPC",
      "ID": 20
    },
    {
      "GroupGUID": "dfb8755e-f415-43fd-9f8c-809279b30ad9",
      "GroupPath": "Config/LevelOutput/Group/Groups_P10101_F10101002/LevelGroup_P10101_F10101002_G22.json",
      "Name": "NPC",
      "ID": 22
    },
    {
      "GroupGUID": "7e415f0d-8525-4e6a-ac7f-f62948c4393b",
      "GroupPath": "Config/LevelOutput/Group/Groups_P10101_F10101002/LevelGroup_P10101_F10101002_G23.json",
      "Name": "SubMission_Prop",
      "ID": 23
    },
    {
      "GroupGUID": "092ff4f8-e628-48da-b925-9df4f195ae60",
      "GroupPath": "Config/LevelOutput/Group/Groups_P10101_F10101002/LevelGroup_P10101_F10101002_G25.json",
      "Name": "SimpleMission",
      "ID": 25
    },
    {
      "GroupGUID": "a08814f8-af03-47e1-98f2-988023df01c6",
      "GroupPath": "Config/LevelOutput/Group/Groups_P10101_F10101002/LevelGroup_P10101_F10101002_G27.json",
      "Name": "MainMission2011903_03",
      "ID": 27
    },
    {
      "GroupGUID": "c7ee2857-2e3b-47de-9f35-bc5bc61245a1",
      "GroupPath": "Config/LevelOutput/Group/Groups_P10101_F10101002/LevelGroup_P10101_F10101002_G28.json",
      "Name": "MainMission2011903_10",
      "ID": 28
    },
    {
      "GroupGUID": "ba0197e4-a383-4516-ae6f-8bb91485c8af",
      "GroupPath": "Config/LevelOutput/Group/Groups_P10101_F10101002/LevelGroup_P10101_F10101002_G29.json",
      "Name": "MainMission2010201_02_15",
      "ID": 29
    },
    {
      "GroupGUID": "54038dd3-26da-4cf4-8731-55cc60f5fa45",
      "GroupPath": "Config/LevelOutput/Group/Groups_P10101_F10101002/LevelGroup_P10101_F10101002_G30.json",
      "Name": "MainMission2010206_16",
      "ID": 30
    },
    {
      "GroupGUID": "84026c47-eafc-4461-9cde-54f1adaa2e9e",
      "GroupPath": "Config/LevelOutput/Group/Groups_P10101_F10101002/LevelGroup_P10101_F10101002_G31.json",
      "Name": "MainMission2010206_17",
      "ID": 31
    },
    {
      "GroupGUID": "4c0cee48-098f-43de-954f-2fbf55f69e95",
      "GroupPath": "Config/LevelOutput/Group/Groups_P10101_F10101002/LevelGroup_P10101_F10101002_G32.json",
      "Name": "MainMission2010203_01",
      "ID": 32
    },
    {
      "GroupGUID": "186266c9-b852-427d-9a6c-e806c07b4f08",
      "GroupPath": "Config/LevelOutput/Group/Groups_P10101_F10101002/LevelGroup_P10101_F10101002_G33.json",
      "Name": "MainMission2010203_15_16",
      "ID": 33
    },
    {
      "GroupGUID": "cb7081f3-647e-4ca4-a825-ed14405d82b0",
      "GroupPath": "Config/LevelOutput/Group/Groups_P10101_F10101002/LevelGroup_P10101_F10101002_G34.json",
      "Name": "MainMission2010203_17",
      "ID": 34
    },
    {
      "GroupGUID": "42c38599-78d0-4942-a62f-53d0292a7636",
      "GroupPath": "Config/LevelOutput/Group/Groups_P10101_F10101002/LevelGroup_P10101_F10101002_G35.json",
      "Name": "New Group",
      "ID": 35
    },
    {
      "GroupGUID": "2bf43e55-bd2c-42dd-a7df-6fbbff19d3cc",
      "GroupPath": "Config/LevelOutput/Group/Groups_P10101_F10101002/LevelGroup_P10101_F10101002_G36.json",
      "Name": "New Group",
      "ID": 36
    },
    {
      "GroupGUID": "42b5f8f9-44f7-463d-a430-87b83e4f5dfc",
      "GroupPath": "Config/LevelOutput/Group/Groups_P10101_F10101002/LevelGroup_P10101_F10101002_G37.json",
      "Name": "New Group",
      "ID": 37
    },
    {
      "GroupGUID": "14db1796-617c-4519-a07c-a1e5a522d3f6",
      "GroupPath": "Config/LevelOutput/Group/Groups_P10101_F10101002/LevelGroup_P10101_F10101002_G38.json",
      "Name": "Book",
      "ID": 38
    }
  ],
  "DefaultEnviroProfile": "Stages/Outputs/Chapter01/EnviroProfile/Chap01_INT_Office_01.enviroProfile.asset",
  "StageData": "Stages/Outputs/Chapter01/Stages/Chap01_INT_Office_01_StageData/Chap01_INT_Office_01_StageData.stage",
  "MinimapVolumeData": {
    "Scale": 0
  },
  "TimeOfDayEnviroProfileMap": {},
  "LayerToAreaMask": [
    1
  ],
  "FloorCustomData": {
    "SavedValues": [
      {
        "ID": 2,
        "Name": "BookGet14",
        "AllowedValues": [],
        "MaxValue": 1
      }
    ]
  },
  "EnableGroupStreaming": false,
  "EnableGroupSpaceConflict": false,
  "IsRestartLevelGraph": false
}