{
  "FloorID": 10101008,
  "FloorName": "FloorName_10101008",
  "StartGroupID": 2,
  "StartAnchorID": 1,
  "GroupList": [
    {
      "GroupGUID": "9ae9da68-9182-4e8f-b776-e356ef8236b3",
      "GroupPath": "Config/LevelOutput/Group/Groups_P10101_F10101008/LevelGroup_P10101_F10101008_G2.json",
      "Name": "Default_StartAnchor_CheckPoint_BattleArea",
      "ID": 2
    }
  ],
  "DefaultEnviroProfile": "Stages/Outputs/Chapter01/EnviroProfile/Chap01_CloseView_BAT_Street_01_Day.enviroProfile.asset",
  "StageData": "Stages/Outputs/Chapter01/Stages/Chap01_BAT_Area_Square_01_StageData/Chap01_BAT_Area_Square_01_StageData.stage",
  "MinimapVolumeData": {},
  "TimeOfDayEnviroProfileMap": {},
  "LayerToAreaMask": [
    1
  ],
  "IsRestartLevelGraph": false
}