{
  "FloorID": 10101005,
  "FloorName": "FloorName_10101005",
  "StartGroupID": 2,
  "StartAnchorID": 1,
  "GroupList": [
    {
      "GroupGUID": "11cd7cc1-5a6d-423f-8ce7-af26f1d476e4",
      "GroupPath": "Config/LevelOutput/Group/Groups_P10101_F10101005/LevelGroup_P10101_F10101005_G2.json",
      "Name": "Default",
      "ID": 2
    },
    {
      "GroupGUID": "388f20d5-4ce4-409d-8e83-95d20cf0673c",
      "GroupPath": "Config/LevelOutput/Group/Groups_P10101_F10101005/LevelGroup_P10101_F10101005_G37.json",
      "Name": "BattleArea",
      "ID": 37
    },
    {
      "GroupGUID": "66e1ea12-e8cd-4055-832f-3298e748eb01",
      "GroupPath": "Config/LevelOutput/Group/Groups_P10101_F10101005/LevelGroup_P10101_F10101005_G3.json",
      "Name": "NPCs",
      "ID": 3
    },
    {
      "GroupGUID": "250ad4e6-ae1b-4986-bad6-67f0e154edea",
      "GroupPath": "Config/LevelOutput/Group/Groups_P10101_F10101005/LevelGroup_P10101_F10101005_G1.json",
      "Name": "Investigative",
      "ID": 1
    },
    {
      "GroupGUID": "2bae3490-0ebb-4c5d-8d8c-c83ce1cae30e",
      "GroupPath": "Config/LevelOutput/Group/Groups_P10101_F10101005/LevelGroup_P10101_F10101005_G4.json",
      "Name": "MainMission",
      "ID": 4
    },
    {
      "GroupGUID": "25d56554-db2a-4cc7-aee1-0aee78646e1a",
      "GroupPath": "Config/LevelOutput/Group/Groups_P10101_F10101005/LevelGroup_P10101_F10101005_G12.json",
      "Name": "New Group",
      "ID": 12
    },
    {
      "GroupGUID": "0a7edb76-096f-46c6-9f21-b070753fedbe",
      "GroupPath": "Config/LevelOutput/Group/Groups_P10101_F10101005/LevelGroup_P10101_F10101005_G13.json",
      "Name": "MainMission_NPC",
      "ID": 13
    },
    {
      "GroupGUID": "200d259c-58b5-4dcf-8467-f29f10bffc42",
      "GroupPath": "Config/LevelOutput/Group/Groups_P10101_F10101005/LevelGroup_P10101_F10101005_G14.json",
      "Name": "Sound",
      "ID": 14
    },
    {
      "GroupGUID": "0948344e-a1f0-410c-8485-5e7bc55ea18b",
      "GroupPath": "Config/LevelOutput/Group/Groups_P10101_F10101005/LevelGroup_P10101_F10101005_G15.json",
      "Name": "SubMission",
      "ID": 15
    },
    {
      "GroupGUID": "b9545d67-5ffa-4c07-b592-e368ab5c0a10",
      "GroupPath": "Config/LevelOutput/Group/Groups_P10101_F10101005/LevelGroup_P10101_F10101005_G16.json",
      "Name": "MainMission3011408_",
      "ID": 16
    },
    {
      "GroupGUID": "bc6cd646-4e30-4829-b127-81d880300f3d",
      "GroupPath": "Config/LevelOutput/Group/Groups_P10101_F10101005/LevelGroup_P10101_F10101005_G17.json",
      "Name": "MainMission3010205_",
      "ID": 17
    },
    {
      "GroupGUID": "97428732-1548-4c16-b979-c73d59cab8f4",
      "GroupPath": "Config/LevelOutput/Group/Groups_P10101_F10101005/LevelGroup_P10101_F10101005_G18.json",
      "Name": "CrowdBubble",
      "ID": 18
    },
    {
      "GroupGUID": "dc1d6594-61ca-44fb-8ff8-61825914bbec",
      "GroupPath": "Config/LevelOutput/Group/Groups_P10101_F10101005/LevelGroup_P10101_F10101005_G19.json",
      "Name": "DailyMission",
      "ID": 19
    },
    {
      "GroupGUID": "5624ba20-3613-49b2-8c37-0ce46f745122",
      "GroupPath": "Config/LevelOutput/Group/Groups_P10101_F10101005/LevelGroup_P10101_F10101005_G20.json",
      "Name": "DailyMission",
      "ID": 20
    },
    {
      "GroupGUID": "f0992daf-7cfa-4804-866b-ac86651f764b",
      "GroupPath": "Config/LevelOutput/Group/Groups_P10101_F10101005/LevelGroup_P10101_F10101005_G27.json",
      "Name": "New Group",
      "ID": 27
    },
    {
      "GroupGUID": "a9f0680f-0f49-43e4-b3f9-8792049e0e9e",
      "GroupPath": "Config/LevelOutput/Group/Groups_P10101_F10101005/LevelGroup_P10101_F10101005_G28.json",
      "Name": "MainMission8000181_Mission",
      "ID": 28
    },
    {
      "GroupGUID": "abd75486-bc5c-4817-9cdb-ee295f112995",
      "GroupPath": "Config/LevelOutput/Group/Groups_P10101_F10101005/LevelGroup_P10101_F10101005_G29.json",
      "Name": "MainMission8000182_Mission",
      "ID": 29
    },
    {
      "GroupGUID": "fa7650b1-b253-435d-9abf-1ec4ceaa1598",
      "GroupPath": "Config/LevelOutput/Group/Groups_P10101_F10101005/LevelGroup_P10101_F10101005_G30.json",
      "Name": "MainMission8000183_Mission",
      "ID": 30
    },
    {
      "GroupGUID": "1f021d55-8658-450e-bac7-2792b1029c6e",
      "GroupPath": "Config/LevelOutput/Group/Groups_P10101_F10101005/LevelGroup_P10101_F10101005_G31.json",
      "Name": "MainMission8000184_Mission",
      "ID": 31
    },
    {
      "GroupGUID": "e6fa0ad2-b11d-4bd5-af92-383fb8b25944",
      "GroupPath": "Config/LevelOutput/Group/Groups_P10101_F10101005/LevelGroup_P10101_F10101005_G32.json",
      "Name": "MainMission8000185_Mission",
      "ID": 32
    },
    {
      "GroupGUID": "f6c862d7-7e80-4310-80da-1bda1c7fd0bb",
      "GroupPath": "Config/LevelOutput/Group/Groups_P10101_F10101005/LevelGroup_P10101_F10101005_G33.json",
      "Name": "MainMission8000186_Mission",
      "ID": 33
    },
    {
      "GroupGUID": "65fa5a19-5436-436b-9a04-0a779710346c",
      "GroupPath": "Config/LevelOutput/Group/Groups_P10101_F10101005/LevelGroup_P10101_F10101005_G34.json",
      "Name": "MainMission8000181_Mission",
      "ID": 34
    },
    {
      "GroupGUID": "0adf551a-78c3-4f2d-95df-8eb0495ed64b",
      "GroupPath": "Config/LevelOutput/Group/Groups_P10101_F10101005/LevelGroup_P10101_F10101005_G35.json",
      "Name": "New Group",
      "ID": 35
    },
    {
      "GroupGUID": "5084b6bc-5b6b-4405-be49-33c59e3704e6",
      "GroupPath": "Config/LevelOutput/Group/Groups_P10101_F10101005/LevelGroup_P10101_F10101005_G38.json",
      "Name": "MainMission8014104_Mission",
      "ID": 38
    },
    {
      "GroupGUID": "b4252077-5552-4c1d-88f3-0a6cf6af6e1a",
      "GroupPath": "Config/LevelOutput/Group/Groups_P10101_F10101005/LevelGroup_P10101_F10101005_G39.json",
      "Name": "MainMission8014103_Mission",
      "ID": 39
    }
  ],
  "DefaultEnviroProfile": "Stages/Outputs/Chapter01/EnviroProfile/Chap01_CloseView_INT_Hotel_01_Lobby.enviroProfile.asset",
  "StageData": "Stages/Outputs/Chapter01/Stages/Chap01_INT_Hotel_01_Lobby_StageData/Chap01_INT_Hotel_01_Lobby_StageData.stage",
  "MinimapVolumeData": {
    "Scale": 0
  },
  "TimeOfDayEnviroProfileMap": {},
  "LayerToAreaMask": [
    1
  ],
  "IsRestartLevelGraph": false
}