{
  "FloorID": 10101001,
  "FloorName": "FloorName_10101001",
  "StartGroupID": 1,
  "StartAnchorID": 1,
  "GroupList": [
    {
      "GroupGUID": "e9ffe27e-fd37-42fc-9e1f-22818a1a5603",
      "GroupPath": "Config/LevelOutput/Group/Groups_P10101_F10101001/LevelGroup_P10101_F10101001_G1.json",
      "Name": "DefaultData",
      "ID": 1
    },
    {
      "GroupGUID": "576020d1-e318-412a-8510-7a5cff82316d",
      "GroupPath": "Config/LevelOutput/Group/Groups_P10101_F10101001/LevelGroup_P10101_F10101001_G167.json",
      "Name": "Exit",
      "ID": 167
    },
    {
      "GroupGUID": "ac3c1339-f1f2-4d26-ac3c-78aa2acccb57",
      "GroupPath": "Config/LevelOutput/Group/Groups_P10101_F10101001/LevelGroup_P10101_F10101001_G24.json",
      "Name": "BattleArea",
      "ID": 24
    },
    {
      "GroupGUID": "0acb9614-eaf9-4972-b956-a4cbde04c2e6",
      "GroupPath": "Config/LevelOutput/Group/Groups_P10101_F10101001/LevelGroup_P10101_F10101001_G3.json",
      "Name": "Entrance",
      "ID": 3
    },
    {
      "GroupGUID": "891bf02a-c9ef-4c57-b00b-cd3da09d0b2d",
      "GroupPath": "Config/LevelOutput/Group/Groups_P10101_F10101001/LevelGroup_P10101_F10101001_G15.json",
      "Name": "NPC",
      "ID": 15
    },
    {
      "GroupGUID": "70d4ca3b-e5e2-43d6-9397-caf5717ad1ff",
      "GroupPath": "Config/LevelOutput/Group/Groups_P10101_F10101001/LevelGroup_P10101_F10101001_G13.json",
      "Name": "InvestigativeProps",
      "ID": 13
    },
    {
      "GroupGUID": "b70eddc6-e7c2-4ee6-90d8-2b3884249a96",
      "GroupPath": "Config/LevelOutput/Group/Groups_P10101_F10101001/LevelGroup_P10101_F10101001_G75.json",
      "Name": "InvestigativeProps",
      "ID": 75
    },
    {
      "GroupGUID": "5cd2d62d-1c3d-4a28-b847-51a13a8f2164",
      "GroupPath": "Config/LevelOutput/Group/Groups_P10101_F10101001/LevelGroup_P10101_F10101001_G14.json",
      "Name": "Books",
      "ID": 14
    },
    {
      "GroupGUID": "9e9cb11b-14fe-4b08-8294-baa5b7c28cf7",
      "GroupPath": "Config/LevelOutput/Group/Groups_P10101_F10101001/LevelGroup_P10101_F10101001_G161.json",
      "Name": "Chest",
      "ID": 161
    },
    {
      "GroupGUID": "97f03732-b275-49f4-b9ba-cb097eec5ed6",
      "GroupPath": "Config/LevelOutput/Group/Groups_P10101_F10101001/LevelGroup_P10101_F10101001_G9.json",
      "Name": "WayPoint",
      "ID": 9
    },
    {
      "GroupGUID": "294870c7-0a73-4d3b-9096-91c1fc72d1c4",
      "GroupPath": "Config/LevelOutput/Group/Groups_P10101_F10101001/LevelGroup_P10101_F10101001_G7.json",
      "Name": "MainMission1010203_",
      "ID": 7
    },
    {
      "GroupGUID": "83b078b9-562d-4c2c-8c22-72bb6048b042",
      "GroupPath": "Config/LevelOutput/Group/Groups_P10101_F10101001/LevelGroup_P10101_F10101001_G16.json",
      "Name": "MainMission1011002_",
      "ID": 16
    },
    {
      "GroupGUID": "147533e0-73d9-4755-b2ef-09d29a637fae",
      "GroupPath": "Config/LevelOutput/Group/Groups_P10101_F10101001/LevelGroup_P10101_F10101001_G33.json",
      "Name": "MainMission",
      "ID": 33
    },
    {
      "GroupGUID": "82ac87b5-da6f-454c-8ebc-333a2a5e14fb",
      "GroupPath": "Config/LevelOutput/Group/Groups_P10101_F10101001/LevelGroup_P10101_F10101001_G34.json",
      "Name": "MainMission1010204_",
      "ID": 34
    },
    {
      "GroupGUID": "5a9e1be0-e692-4122-bf23-85a4747a880d",
      "GroupPath": "Config/LevelOutput/Group/Groups_P10101_F10101001/LevelGroup_P10101_F10101001_G35.json",
      "Name": "Crowd",
      "ID": 35
    },
    {
      "GroupGUID": "fd8e2609-6f0b-4325-9973-4a778fb5881f",
      "GroupPath": "Config/LevelOutput/Group/Groups_P10101_F10101001/LevelGroup_P10101_F10101001_G43.json",
      "Name": "SE_Test_NPC",
      "ID": 43
    },
    {
      "GroupGUID": "5147df06-f232-46d1-8af2-218f3767342f",
      "GroupPath": "Config/LevelOutput/Group/Groups_P10101_F10101001/LevelGroup_P10101_F10101001_G45.json",
      "Name": "MainMission1010201_",
      "ID": 45
    },
    {
      "GroupGUID": "f00f6bd3-03d8-4034-ad4c-c8735efa98fb",
      "GroupPath": "Config/LevelOutput/Group/Groups_P10101_F10101001/LevelGroup_P10101_F10101001_G58.json",
      "Name": "MainMission1010206_",
      "ID": 58
    },
    {
      "GroupGUID": "1f5be7f9-b64e-4fdd-ba82-8be71fe0c6de",
      "GroupPath": "Config/LevelOutput/Group/Groups_P10101_F10101001/LevelGroup_P10101_F10101001_G59.json",
      "Name": "PrestigeShop",
      "ID": 59
    },
    {
      "GroupGUID": "e3c220a9-6203-4024-9143-a29a87591532",
      "GroupPath": "Config/LevelOutput/Group/Groups_P10101_F10101001/LevelGroup_P10101_F10101001_G46.json",
      "Name": "MainMission0_",
      "ID": 46
    },
    {
      "GroupGUID": "4606e505-a44c-47cb-ba3a-6535f672c0c3",
      "GroupPath": "Config/LevelOutput/Group/Groups_P10101_F10101001/LevelGroup_P10101_F10101001_G54.json",
      "Name": "MainMission_NPC",
      "ID": 54
    },
    {
      "GroupGUID": "539160e5-0816-40db-b5c2-212416308339",
      "GroupPath": "Config/LevelOutput/Group/Groups_P10101_F10101001/LevelGroup_P10101_F10101001_G64.json",
      "Name": "MainMission_NPC",
      "ID": 64
    },
    {
      "GroupGUID": "82f5032a-03db-4810-8d41-ab751264f3c7",
      "GroupPath": "Config/LevelOutput/Group/Groups_P10101_F10101001/LevelGroup_P10101_F10101001_G65.json",
      "Name": "ScenePropSound01",
      "ID": 65
    },
    {
      "GroupGUID": "97087a1d-4d9d-4a2f-99c2-a4b9630d75ad",
      "GroupPath": "Config/LevelOutput/Group/Groups_P10101_F10101001/LevelGroup_P10101_F10101001_G66.json",
      "Name": "ScenePropSound02",
      "ID": 66
    },
    {
      "GroupGUID": "7fa59d77-0a7c-4a4a-a66c-c150bff82df2",
      "GroupPath": "Config/LevelOutput/Group/Groups_P10101_F10101001/LevelGroup_P10101_F10101001_G67.json",
      "Name": "PedestrianGroup",
      "ID": 67
    },
    {
      "GroupGUID": "126ac84f-2056-4d35-ad9f-4a3b799a003c",
      "GroupPath": "Config/LevelOutput/Group/Groups_P10101_F10101001/LevelGroup_P10101_F10101001_G68.json",
      "Name": "MainMission1010206_",
      "ID": 68
    },
    {
      "GroupGUID": "1776a316-639f-4921-836d-8939897d57b9",
      "GroupPath": "Config/LevelOutput/Group/Groups_P10101_F10101001/LevelGroup_P10101_F10101001_G2.json",
      "Name": "NPC_Shop",
      "ID": 2
    },
    {
      "GroupGUID": "e2f7cad8-5f3a-49bc-a852-80d8d1fdd867",
      "GroupPath": "Config/LevelOutput/Group/Groups_P10101_F10101001/LevelGroup_P10101_F10101001_G73.json",
      "Name": "MainMission2011101_",
      "ID": 73
    },
    {
      "GroupGUID": "9fc7d106-2ea4-4318-a7de-e160af94c122",
      "GroupPath": "Config/LevelOutput/Group/Groups_P10101_F10101001/LevelGroup_P10101_F10101001_G74.json",
      "Name": "MainMission2011301_",
      "ID": 74
    },
    {
      "GroupGUID": "f7c44c3e-b96c-438a-a7f1-67b2d95ed171",
      "GroupPath": "Config/LevelOutput/Group/Groups_P10101_F10101001/LevelGroup_P10101_F10101001_G76.json",
      "Name": "MainMission2011401_",
      "ID": 76
    },
    {
      "GroupGUID": "1a6b00f1-85e1-43ed-899b-974fb7904737",
      "GroupPath": "Config/LevelOutput/Group/Groups_P10101_F10101001/LevelGroup_P10101_F10101001_G77.json",
      "Name": "MainMission2011401_",
      "ID": 77
    },
    {
      "GroupGUID": "ea833cc9-72f6-404f-8f4e-0c19a7c8e0af",
      "GroupPath": "Config/LevelOutput/Group/Groups_P10101_F10101001/LevelGroup_P10101_F10101001_G78.json",
      "Name": "MainMission2011401_",
      "ID": 78
    },
    {
      "GroupGUID": "e62eca40-1b6f-46d3-b61e-8a2288c08613",
      "GroupPath": "Config/LevelOutput/Group/Groups_P10101_F10101001/LevelGroup_P10101_F10101001_G79.json",
      "Name": "MainMission2011401_",
      "ID": 79
    },
    {
      "GroupGUID": "ae7d9ef2-b2e0-4c38-8c97-9913786d5415",
      "GroupPath": "Config/LevelOutput/Group/Groups_P10101_F10101001/LevelGroup_P10101_F10101001_G80.json",
      "Name": "MainMission2011401_",
      "ID": 80
    },
    {
      "GroupGUID": "b34e6a3f-77b9-4a13-8761-c75716f733a4",
      "GroupPath": "Config/LevelOutput/Group/Groups_P10101_F10101001/LevelGroup_P10101_F10101001_G81.json",
      "Name": "MainMission2011401_",
      "ID": 81
    },
    {
      "GroupGUID": "a49ce9da-5a95-4c49-a1e9-78be114052a9",
      "GroupPath": "Config/LevelOutput/Group/Groups_P10101_F10101001/LevelGroup_P10101_F10101001_G82.json",
      "Name": "MainMission2011401_",
      "ID": 82
    },
    {
      "GroupGUID": "29a9914c-1b69-4cfb-abaa-8d64b909dc69",
      "GroupPath": "Config/LevelOutput/Group/Groups_P10101_F10101001/LevelGroup_P10101_F10101001_G83.json",
      "Name": "MainMission2011401_",
      "ID": 83
    },
    {
      "GroupGUID": "6195622d-52e5-444c-a18d-d20abd5043ee",
      "GroupPath": "Config/LevelOutput/Group/Groups_P10101_F10101001/LevelGroup_P10101_F10101001_G4.json",
      "Name": "SubMission_2011401",
      "ID": 4
    },
    {
      "GroupGUID": "af62dee4-824b-4ee7-8b09-7cd3797de3b1",
      "GroupPath": "Config/LevelOutput/Group/Groups_P10101_F10101001/LevelGroup_P10101_F10101001_G87.json",
      "Name": "MainMission3010103_",
      "ID": 87
    },
    {
      "GroupGUID": "629da63e-1e89-4c32-a1b7-620795efa7ba",
      "GroupPath": "Config/LevelOutput/Group/Groups_P10101_F10101001/LevelGroup_P10101_F10101001_G88.json",
      "Name": "MainMission3010103_",
      "ID": 88
    },
    {
      "GroupGUID": "41fe1a9d-0e6d-42dc-87e4-2939641cc130",
      "GroupPath": "Config/LevelOutput/Group/Groups_P10101_F10101001/LevelGroup_P10101_F10101001_G89.json",
      "Name": "MainMission3010103_",
      "ID": 89
    },
    {
      "GroupGUID": "13c2c969-c9d0-4b79-b174-f7a72a93303f",
      "GroupPath": "Config/LevelOutput/Group/Groups_P10101_F10101001/LevelGroup_P10101_F10101001_G91.json",
      "Name": "Sound",
      "ID": 91
    },
    {
      "GroupGUID": "df427df3-118a-44ff-984a-42aaf16d55c7",
      "GroupPath": "Config/LevelOutput/Group/Groups_P10101_F10101001/LevelGroup_P10101_F10101001_G92.json",
      "Name": "MainMission1010206_",
      "ID": 92
    },
    {
      "GroupGUID": "4084e06d-f770-424b-a727-22d6d730e8dc",
      "GroupPath": "Config/LevelOutput/Group/Groups_P10101_F10101001/LevelGroup_P10101_F10101001_G94.json",
      "Name": "MainMission1011502_",
      "ID": 94
    },
    {
      "GroupGUID": "61849136-8515-4904-b6fb-6046cbd92a9a",
      "GroupPath": "Config/LevelOutput/Group/Groups_P10101_F10101001/LevelGroup_P10101_F10101001_G95.json",
      "Name": "MainMission1011502_",
      "ID": 95
    },
    {
      "GroupGUID": "8ceb1d52-c024-40bb-aa70-1c449a343c15",
      "GroupPath": "Config/LevelOutput/Group/Groups_P10101_F10101001/LevelGroup_P10101_F10101001_G96.json",
      "Name": "MainMission1011503_",
      "ID": 96
    },
    {
      "GroupGUID": "b1c94c12-07ea-43c3-9ee5-5bc1e97d54e6",
      "GroupPath": "Config/LevelOutput/Group/Groups_P10101_F10101001/LevelGroup_P10101_F10101001_G99.json",
      "Name": "MainMission1011503_",
      "ID": 99
    },
    {
      "GroupGUID": "3a2dcf04-a8f8-4f7a-9f72-dd83b5c7433a",
      "GroupPath": "Config/LevelOutput/Group/Groups_P10101_F10101001/LevelGroup_P10101_F10101001_G100.json",
      "Name": "MainMission1011503_",
      "ID": 100
    },
    {
      "GroupGUID": "d5d662aa-7cf7-4c1c-a57f-5ac5c7a70ef7",
      "GroupPath": "Config/LevelOutput/Group/Groups_P10101_F10101001/LevelGroup_P10101_F10101001_G103.json",
      "Name": "MainMission2011403_",
      "ID": 103
    },
    {
      "GroupGUID": "6d1a342e-ba0f-4d9f-8f2c-4812d719ae7d",
      "GroupPath": "Config/LevelOutput/Group/Groups_P10101_F10101001/LevelGroup_P10101_F10101001_G104.json",
      "Name": "MainMission2011402_",
      "ID": 104
    },
    {
      "GroupGUID": "49df88d3-fb2e-4fea-b232-20544e66353a",
      "GroupPath": "Config/LevelOutput/Group/Groups_P10101_F10101001/LevelGroup_P10101_F10101001_G105.json",
      "Name": "MainMission2011402_",
      "ID": 105
    },
    {
      "GroupGUID": "0056d266-3b66-4bd3-bf7c-71a2e62dc1f0",
      "GroupPath": "Config/LevelOutput/Group/Groups_P10101_F10101001/LevelGroup_P10101_F10101001_G108.json",
      "Name": "MainMission",
      "ID": 108
    },
    {
      "GroupGUID": "4fc040aa-033c-443a-aa7c-d1c472a6c14c",
      "GroupPath": "Config/LevelOutput/Group/Groups_P10101_F10101001/LevelGroup_P10101_F10101001_G109.json",
      "Name": "MainMission",
      "ID": 109
    },
    {
      "GroupGUID": "cd716506-cfde-42ce-8431-a2829dc0483a",
      "GroupPath": "Config/LevelOutput/Group/Groups_P10101_F10101001/LevelGroup_P10101_F10101001_G111.json",
      "Name": "New Group",
      "ID": 111
    },
    {
      "GroupGUID": "df79d029-8014-4d4c-a11c-a96554f55f6f",
      "GroupPath": "Config/LevelOutput/Group/Groups_P10101_F10101001/LevelGroup_P10101_F10101001_G120.json",
      "Name": "CrowdChat",
      "ID": 120
    },
    {
      "GroupGUID": "9038656d-f758-4515-9c01-d929479c08f5",
      "GroupPath": "Config/LevelOutput/Group/Groups_P10101_F10101001/LevelGroup_P10101_F10101001_G124.json",
      "Name": "DailyMission",
      "ID": 124
    },
    {
      "GroupGUID": "effb889d-7ba6-4e3a-a1ec-bc556d2dcb4d",
      "GroupPath": "Config/LevelOutput/Group/Groups_P10101_F10101001/LevelGroup_P10101_F10101001_G125.json",
      "Name": "DailyMission",
      "ID": 125
    },
    {
      "GroupGUID": "056ee960-a3b0-4c6d-bd6c-b5f6c8f9f16f",
      "GroupPath": "Config/LevelOutput/Group/Groups_P10101_F10101001/LevelGroup_P10101_F10101001_G126.json",
      "Name": "MainMission3011404_",
      "ID": 126
    },
    {
      "GroupGUID": "6ea982fe-09c5-43f9-b245-a879743cef9b",
      "GroupPath": "Config/LevelOutput/Group/Groups_P10101_F10101001/LevelGroup_P10101_F10101001_G127.json",
      "Name": "MainMission3011406_",
      "ID": 127
    },
    {
      "GroupGUID": "6e5d2201-9e66-418a-bf05-f0f1b6ad5498",
      "GroupPath": "Config/LevelOutput/Group/Groups_P10101_F10101001/LevelGroup_P10101_F10101001_G128.json",
      "Name": "MainMission4040104_",
      "ID": 128
    },
    {
      "GroupGUID": "22e9380a-c6af-49a6-8aa8-3e244d2b4820",
      "GroupPath": "Config/LevelOutput/Group/Groups_P10101_F10101001/LevelGroup_P10101_F10101001_G129.json",
      "Name": "MainMission4040104_",
      "ID": 129
    },
    {
      "GroupGUID": "4543d056-b367-4262-87f2-3f78f37a022a",
      "GroupPath": "Config/LevelOutput/Group/Groups_P10101_F10101001/LevelGroup_P10101_F10101001_G130.json",
      "Name": "MainMission4040104_",
      "ID": 130
    },
    {
      "GroupGUID": "74ebd402-28aa-4e2f-b6f4-6903dd5cb9a4",
      "GroupPath": "Config/LevelOutput/Group/Groups_P10101_F10101001/LevelGroup_P10101_F10101001_G131.json",
      "Name": "MainMission4040152_",
      "ID": 131
    },
    {
      "GroupGUID": "bdbff05f-343a-415f-9fd9-c02986233ebb",
      "GroupPath": "Config/LevelOutput/Group/Groups_P10101_F10101001/LevelGroup_P10101_F10101001_G138.json",
      "Name": "MainMission3011204_",
      "ID": 138
    },
    {
      "GroupGUID": "d00ee2c0-ddf1-4107-8865-ff3318e4c8cc",
      "GroupPath": "Config/LevelOutput/Group/Groups_P10101_F10101001/LevelGroup_P10101_F10101001_G139.json",
      "Name": "MainMission3011205_",
      "ID": 139
    },
    {
      "GroupGUID": "b8d5f413-a6c0-4d2c-a45c-65862e2c61e8",
      "GroupPath": "Config/LevelOutput/Group/Groups_P10101_F10101001/LevelGroup_P10101_F10101001_G140.json",
      "Name": "DailyMission",
      "ID": 140
    },
    {
      "GroupGUID": "a4b5da0e-e303-4089-bcaf-33f383c882f0",
      "GroupPath": "Config/LevelOutput/Group/Groups_P10101_F10101001/LevelGroup_P10101_F10101001_G141.json",
      "Name": "DailyMission",
      "ID": 141
    },
    {
      "GroupGUID": "05f35bd9-27d0-4853-bdd0-f5464d3cd337",
      "GroupPath": "Config/LevelOutput/Group/Groups_P10101_F10101001/LevelGroup_P10101_F10101001_G142.json",
      "Name": "DailyMission",
      "ID": 142
    },
    {
      "GroupGUID": "1080141b-5d0d-4067-955b-c2dc4fa6714a",
      "GroupPath": "Config/LevelOutput/Group/Groups_P10101_F10101001/LevelGroup_P10101_F10101001_G143.json",
      "Name": "SimpleMission",
      "ID": 143
    },
    {
      "GroupGUID": "40cabe91-afac-4212-baeb-d2cf9cdecc8d",
      "GroupPath": "Config/LevelOutput/Group/Groups_P10101_F10101001/LevelGroup_P10101_F10101001_G145.json",
      "Name": "SimpleMission",
      "ID": 145
    },
    {
      "GroupGUID": "c30c6fc1-c323-42a7-835b-b54cc9e591d8",
      "GroupPath": "Config/LevelOutput/Group/Groups_P10101_F10101001/LevelGroup_P10101_F10101001_G146.json",
      "Name": "SimpleMission",
      "ID": 146
    },
    {
      "GroupGUID": "12594573-298e-45fc-b175-a30ef42c4f95",
      "GroupPath": "Config/LevelOutput/Group/Groups_P10101_F10101001/LevelGroup_P10101_F10101001_G147.json",
      "Name": "SimpleMission",
      "ID": 147
    },
    {
      "GroupGUID": "a30dc829-6270-48fd-a774-a300cab9f19f",
      "GroupPath": "Config/LevelOutput/Group/Groups_P10101_F10101001/LevelGroup_P10101_F10101001_G148.json",
      "Name": "SimpleMission",
      "ID": 148
    },
    {
      "GroupGUID": "4aebd85b-8b73-4a06-b5a5-e8769ab346de",
      "GroupPath": "Config/LevelOutput/Group/Groups_P10101_F10101001/LevelGroup_P10101_F10101001_G149.json",
      "Name": "SimpleMission",
      "ID": 149
    },
    {
      "GroupGUID": "157ee2c8-56ac-4602-aa6c-d2355d248e8f",
      "GroupPath": "Config/LevelOutput/Group/Groups_P10101_F10101001/LevelGroup_P10101_F10101001_G150.json",
      "Name": "SimpleMission",
      "ID": 150
    },
    {
      "GroupGUID": "9055ea5d-660e-4301-91f1-3c74f1ddff7a",
      "GroupPath": "Config/LevelOutput/Group/Groups_P10101_F10101001/LevelGroup_P10101_F10101001_G151.json",
      "Name": "SimpleMission",
      "ID": 151
    },
    {
      "GroupGUID": "03b2c758-1081-499a-85b1-0f1cc1de5f6c",
      "GroupPath": "Config/LevelOutput/Group/Groups_P10101_F10101001/LevelGroup_P10101_F10101001_G152.json",
      "Name": "SimpleMission",
      "ID": 152
    },
    {
      "GroupGUID": "94a9afd9-9a3a-495a-8f20-a594e0e6249b",
      "GroupPath": "Config/LevelOutput/Group/Groups_P10101_F10101001/LevelGroup_P10101_F10101001_G153.json",
      "Name": "SimpleMission",
      "ID": 153
    },
    {
      "GroupGUID": "0cd9a7a2-eaf9-47f0-b3c7-01d24f5e1bd2",
      "GroupPath": "Config/LevelOutput/Group/Groups_P10101_F10101001/LevelGroup_P10101_F10101001_G154.json",
      "Name": "DailyMission",
      "ID": 154
    },
    {
      "GroupGUID": "57e9bf3f-d663-46eb-8e1a-a6b6d992c934",
      "GroupPath": "Config/LevelOutput/Group/Groups_P10101_F10101001/LevelGroup_P10101_F10101001_G155.json",
      "Name": "MainMission3010202_",
      "ID": 155
    },
    {
      "GroupGUID": "334ceadf-dd7e-460b-b066-842861eff2ff",
      "GroupPath": "Config/LevelOutput/Group/Groups_P10101_F10101001/LevelGroup_P10101_F10101001_G156.json",
      "Name": "DailyMission",
      "ID": 156
    },
    {
      "GroupGUID": "03976839-4a2b-45cd-b983-a2f76ce7a609",
      "GroupPath": "Config/LevelOutput/Group/Groups_P10101_F10101001/LevelGroup_P10101_F10101001_G157.json",
      "Name": "DailyMission",
      "ID": 157
    },
    {
      "GroupGUID": "c117a365-67ea-47c3-be76-e5fac50aba1d",
      "GroupPath": "Config/LevelOutput/Group/Groups_P10101_F10101001/LevelGroup_P10101_F10101001_G160.json",
      "Name": "SimpleMission",
      "ID": 160
    },
    {
      "GroupGUID": "a0afd927-e1fb-43c6-b942-1cecb5bd3e8c",
      "GroupPath": "Config/LevelOutput/Group/Groups_P10101_F10101001/LevelGroup_P10101_F10101001_G164.json",
      "Name": "CrowdNormal",
      "ID": 164
    },
    {
      "GroupGUID": "9d5bfe9a-bb15-41df-868f-495630cd5dfe",
      "GroupPath": "Config/LevelOutput/Group/Groups_P10101_F10101001/LevelGroup_P10101_F10101001_G169.json",
      "Name": "NPC",
      "ID": 169
    },
    {
      "GroupGUID": "ccdba54b-dc64-4527-8a28-811cc2bb6c89",
      "GroupPath": "Config/LevelOutput/Group/Groups_P10101_F10101001/LevelGroup_P10101_F10101001_G170.json",
      "Name": "DailyMission",
      "ID": 170
    },
    {
      "GroupGUID": "c46b4697-03ef-4011-a6ee-f5c75cb4bb72",
      "GroupPath": "Config/LevelOutput/Group/Groups_P10101_F10101001/LevelGroup_P10101_F10101001_G172.json",
      "Name": "MainMission4040123_",
      "ID": 172
    },
    {
      "GroupGUID": "9078385f-31a0-4c9b-89bd-757c9cfb066f",
      "GroupPath": "Config/LevelOutput/Group/Groups_P10101_F10101001/LevelGroup_P10101_F10101001_G173.json",
      "Name": "MainMission0_",
      "ID": 173
    },
    {
      "GroupGUID": "9b9eb7e1-c230-4f6d-8359-adf207dc168a",
      "GroupPath": "Config/LevelOutput/Group/Groups_P10101_F10101001/LevelGroup_P10101_F10101001_G174.json",
      "Name": "Book",
      "ID": 174
    },
    {
      "GroupGUID": "dfa5c242-f9db-4f64-a4ee-dfaef894ede1",
      "GroupPath": "Config/LevelOutput/Group/Groups_P10101_F10101001/LevelGroup_P10101_F10101001_G175.json",
      "Name": "Book",
      "ID": 175
    },
    {
      "GroupGUID": "9c8d36f3-2121-4e03-adcc-fccf1dd3f62b",
      "GroupPath": "Config/LevelOutput/Group/Groups_P10101_F10101001/LevelGroup_P10101_F10101001_G176.json",
      "Name": "Book",
      "ID": 176
    },
    {
      "GroupGUID": "1781b371-689a-4930-a61a-fc032c937617",
      "GroupPath": "Config/LevelOutput/Group/Groups_P10101_F10101001/LevelGroup_P10101_F10101001_G177.json",
      "Name": "Book",
      "ID": 177
    },
    {
      "GroupGUID": "b3dd0489-73fe-4fdb-b2e8-913e63a9881e",
      "GroupPath": "Config/LevelOutput/Group/Groups_P10101_F10101001/LevelGroup_P10101_F10101001_G178.json",
      "Name": "Book",
      "ID": 178
    },
    {
      "GroupGUID": "bc10d95c-0c90-4adb-9cda-371d708f65b2",
      "GroupPath": "Config/LevelOutput/Group/Groups_P10101_F10101001/LevelGroup_P10101_F10101001_G179.json",
      "Name": "Book",
      "ID": 179
    },
    {
      "GroupGUID": "700383ad-ec8f-4ee9-bded-0b07ea073b63",
      "GroupPath": "Config/LevelOutput/Group/Groups_P10101_F10101001/LevelGroup_P10101_F10101001_G180.json",
      "Name": "Book",
      "ID": 180
    },
    {
      "GroupGUID": "a1fa5894-770c-402a-b68f-a47d6809b3ad",
      "GroupPath": "Config/LevelOutput/Group/Groups_P10101_F10101001/LevelGroup_P10101_F10101001_G181.json",
      "Name": "Book",
      "ID": 181
    },
    {
      "GroupGUID": "f50434b2-4694-4b60-bc61-1afa2b06243a",
      "GroupPath": "Config/LevelOutput/Group/Groups_P10101_F10101001/LevelGroup_P10101_F10101001_G183.json",
      "Name": "MainMission9999920_Test",
      "ID": 183,
      "IsDelete": true
    },
    {
      "GroupGUID": "0c9de980-f504-44ff-b026-7cfa83ef9a56",
      "GroupPath": "Config/LevelOutput/Group/Groups_P10101_F10101001/LevelGroup_P10101_F10101001_G187.json",
      "Name": "MainMission8000181_Mission",
      "ID": 187
    },
    {
      "GroupGUID": "971256a7-999f-4e44-a56e-7557413f0e99",
      "GroupPath": "Config/LevelOutput/Group/Groups_P10101_F10101001/LevelGroup_P10101_F10101001_G188.json",
      "Name": "MainMission2011901_01",
      "ID": 188
    },
    {
      "GroupGUID": "b029a343-792a-477b-a8d4-6a81a04b643e",
      "GroupPath": "Config/LevelOutput/Group/Groups_P10101_F10101001/LevelGroup_P10101_F10101001_G184.json",
      "Name": "MainMission2011411_",
      "ID": 184
    },
    {
      "GroupGUID": "3c169b72-db98-40cf-8aab-d7d568023fb9",
      "GroupPath": "Config/LevelOutput/Group/Groups_P10101_F10101001/LevelGroup_P10101_F10101001_G185.json",
      "Name": "MainMission2011411_",
      "ID": 185
    },
    {
      "GroupGUID": "26df82a3-b2e3-48c0-a13c-66cedd024dc0",
      "GroupPath": "Config/LevelOutput/Group/Groups_P10101_F10101001/LevelGroup_P10101_F10101001_G186.json",
      "Name": "MainMission2011411_CompanionMission",
      "ID": 186
    },
    {
      "GroupGUID": "1cfabf6e-4425-40be-93fd-b69859ccc2bd",
      "GroupPath": "Config/LevelOutput/Group/Groups_P10101_F10101001/LevelGroup_P10101_F10101001_G189.json",
      "Name": "MainMission2011411_",
      "ID": 189
    },
    {
      "GroupGUID": "502cf84e-cf29-464b-9f6b-483c861349d0",
      "GroupPath": "Config/LevelOutput/Group/Groups_P10101_F10101001/LevelGroup_P10101_F10101001_G190.json",
      "Name": "MainMission8000183_Mission",
      "ID": 190
    },
    {
      "GroupGUID": "592fe12f-0b5c-42f2-a7c6-82f8ed13125c",
      "GroupPath": "Config/LevelOutput/Group/Groups_P10101_F10101001/LevelGroup_P10101_F10101001_G191.json",
      "Name": "MainMission2011903_04",
      "ID": 191
    },
    {
      "GroupGUID": "4848ab62-b792-47ff-96eb-120b398e94ea",
      "GroupPath": "Config/LevelOutput/Group/Groups_P10101_F10101001/LevelGroup_P10101_F10101001_G192.json",
      "Name": "Exit",
      "ID": 192
    },
    {
      "GroupGUID": "2bbb3528-c0ae-4ae8-8bf2-c78cb25940bf",
      "GroupPath": "Config/LevelOutput/Group/Groups_P10101_F10101001/LevelGroup_P10101_F10101001_G193.json",
      "Name": "MainMission8000181_EasterEggNPC",
      "ID": 193
    },
    {
      "GroupGUID": "3dcc076e-34b2-451c-9864-998cae086bb4",
      "GroupPath": "Config/LevelOutput/Group/Groups_P10101_F10101001/LevelGroup_P10101_F10101001_G194.json",
      "Name": "MainMission8000183_EasterEggNPC",
      "ID": 194
    },
    {
      "GroupGUID": "2a8bfb92-7e0a-4108-9642-29c91c2c6708",
      "GroupPath": "Config/LevelOutput/Group/Groups_P10101_F10101001/LevelGroup_P10101_F10101001_G201.json",
      "Name": "MainMission_T",
      "ID": 201
    },
    {
      "GroupGUID": "2ef60d88-0f48-4403-b38c-96d0a20d69fc",
      "GroupPath": "Config/LevelOutput/Group/Groups_P10101_F10101001/LevelGroup_P10101_F10101001_G195.json",
      "Name": "MainMission2010201_09",
      "ID": 195
    },
    {
      "GroupGUID": "50bbf497-51e2-4d8b-ac11-94532b64093e",
      "GroupPath": "Config/LevelOutput/Group/Groups_P10101_F10101001/LevelGroup_P10101_F10101001_G196.json",
      "Name": "MainMission2010201_10",
      "ID": 196
    },
    {
      "GroupGUID": "fed47371-09a1-4477-b43b-78facbdd1ff3",
      "GroupPath": "Config/LevelOutput/Group/Groups_P10101_F10101001/LevelGroup_P10101_F10101001_G197.json",
      "Name": "MainMission2010201_11",
      "ID": 197
    },
    {
      "GroupGUID": "40bf8484-a00e-4c7c-9ccc-ca1f8cdee886",
      "GroupPath": "Config/LevelOutput/Group/Groups_P10101_F10101001/LevelGroup_P10101_F10101001_G198.json",
      "Name": "MainMission2010201_12",
      "ID": 198
    },
    {
      "GroupGUID": "9ceb5801-320e-4e7f-96e1-6c0f55a557e9",
      "GroupPath": "Config/LevelOutput/Group/Groups_P10101_F10101001/LevelGroup_P10101_F10101001_G199.json",
      "Name": "MainMission2010201_13",
      "ID": 199
    },
    {
      "GroupGUID": "6d22c836-7893-4724-8fd4-fdc9e6da0206",
      "GroupPath": "Config/LevelOutput/Group/Groups_P10101_F10101001/LevelGroup_P10101_F10101001_G200.json",
      "Name": "MainMission2010201_15",
      "ID": 200
    },
    {
      "GroupGUID": "5c73adbf-91a3-450f-8c88-4f711d147714",
      "GroupPath": "Config/LevelOutput/Group/Groups_P10101_F10101001/LevelGroup_P10101_F10101001_G202.json",
      "Name": "MainMission2010203_03_07",
      "ID": 202
    },
    {
      "GroupGUID": "f3cbe017-ab1b-4ac4-8747-7468e10cbcbf",
      "GroupPath": "Config/LevelOutput/Group/Groups_P10101_F10101001/LevelGroup_P10101_F10101001_G203.json",
      "Name": "MainMission8002103_",
      "ID": 203
    },
    {
      "GroupGUID": "b9424e49-01d4-4870-a824-818ce3e7d22d",
      "GroupPath": "Config/LevelOutput/Group/Groups_P10101_F10101001/LevelGroup_P10101_F10101001_G204.json",
      "Name": "New Group",
      "ID": 204
    },
    {
      "GroupGUID": "73068618-552c-40f8-b5c3-864e0e2609a0",
      "GroupPath": "Config/LevelOutput/Group/Groups_P10101_F10101001/LevelGroup_P10101_F10101001_G205.json",
      "Name": "New Group",
      "ID": 205
    },
    {
      "GroupGUID": "a6afbacc-eed2-44b6-9bba-0e53d93afb94",
      "GroupPath": "Config/LevelOutput/Group/Groups_P10101_F10101001/LevelGroup_P10101_F10101001_G206.json",
      "Name": "MainMission3010203_",
      "ID": 206
    },
    {
      "GroupGUID": "84d93c7a-8d4e-4d05-8186-29274fbafd56",
      "GroupPath": "Config/LevelOutput/Group/Groups_P10101_F10101001/LevelGroup_P10101_F10101001_G207.json",
      "Name": "MainMission3010204_",
      "ID": 207
    },
    {
      "GroupGUID": "2d1607e1-7e32-4666-a2ac-2642bb2ea62d",
      "GroupPath": "Config/LevelOutput/Group/Groups_P10101_F10101001/LevelGroup_P10101_F10101001_G208.json",
      "Name": "New Group",
      "ID": 208
    },
    {
      "GroupGUID": "94033806-f4ac-4330-b896-bec838bef0af",
      "GroupPath": "Config/LevelOutput/Group/Groups_P10101_F10101001/LevelGroup_P10101_F10101001_G209.json",
      "Name": "MainMission8000181_Shop",
      "ID": 209
    },
    {
      "GroupGUID": "25b9dde8-ebd9-43b5-80ff-c900dff8dbc8",
      "GroupPath": "Config/LevelOutput/Group/Groups_P10101_F10101001/LevelGroup_P10101_F10101001_G210.json",
      "Name": "Museum_Open",
      "ID": 210
    },
    {
      "GroupGUID": "d23476af-7263-4525-90b4-f63fe138ed86",
      "GroupPath": "Config/LevelOutput/Group/Groups_P10101_F10101001/LevelGroup_P10101_F10101001_G211.json",
      "Name": "Museum_Close",
      "ID": 211
    },
    {
      "GroupGUID": "af0ded58-36c7-4aa1-a45a-b8ec6a2d2956",
      "GroupPath": "Config/LevelOutput/Group/Groups_P10101_F10101001/LevelGroup_P10101_F10101001_G212.json",
      "Name": "MainMission8001203_8001203",
      "ID": 212
    },
    {
      "GroupGUID": "0e04ae7e-c285-409c-b691-5ff76c890ae3",
      "GroupPath": "Config/LevelOutput/Group/Groups_P10101_F10101001/LevelGroup_P10101_F10101001_G213.json",
      "Name": "MainMission2010201_14",
      "ID": 213
    },
    {
      "GroupGUID": "d1eab8cd-6a3a-4356-b8c4-df29911cc892",
      "GroupPath": "Config/LevelOutput/Group/Groups_P10101_F10101001/LevelGroup_P10101_F10101001_G217.json",
      "Name": "MainMission8014101_Mission",
      "ID": 217
    },
    {
      "GroupGUID": "d7822b44-1d01-4ca0-9474-487687dffd0f",
      "GroupPath": "Config/LevelOutput/Group/Groups_P10101_F10101001/LevelGroup_P10101_F10101001_G218.json",
      "Name": "MainMission8014102_Mission",
      "ID": 218
    },
    {
      "GroupGUID": "32eaa2c5-038a-4180-b645-57887955bee8",
      "GroupPath": "Config/LevelOutput/Group/Groups_P10101_F10101001/LevelGroup_P10101_F10101001_G219.json",
      "Name": "MainMission8014106_Mission",
      "ID": 219
    },
    {
      "GroupGUID": "e962c434-309c-4dc8-aadc-c552e041ace2",
      "GroupPath": "Config/LevelOutput/Group/Groups_P10101_F10101001/LevelGroup_P10101_F10101001_G220.json",
      "Name": "MainMission8014103_Mission",
      "ID": 220
    },
    {
      "GroupGUID": "322099bd-28a2-4940-8df6-1234fc2a17e1",
      "GroupPath": "Config/LevelOutput/Group/Groups_P10101_F10101001/LevelGroup_P10101_F10101001_G221.json",
      "Name": "MainMission8014105_Mission",
      "ID": 221
    },
    {
      "GroupGUID": "11d93a81-6c78-439e-ba7b-e36d0ec27a43",
      "GroupPath": "Config/LevelOutput/Group/Groups_P10101_F10101001/LevelGroup_P10101_F10101001_G224.json",
      "Name": "MainMission2010201_08",
      "ID": 224
    },
    {
      "GroupGUID": "40b94bea-ac29-4dde-936e-e9ef8b65edfa",
      "GroupPath": "Config/LevelOutput/Group/Groups_P10101_F10101001/LevelGroup_P10101_F10101001_G225.json",
      "Name": "MainMission2011413_lynx",
      "ID": 225
    },
    {
      "GroupGUID": "62c7934a-061b-4f45-9efd-41c319994e73",
      "GroupPath": "Config/LevelOutput/Group/Groups_P10101_F10101001/LevelGroup_P10101_F10101001_G226.json",
      "Name": "MainMission2010206_01",
      "ID": 226
    },
    {
      "GroupGUID": "f3b200a3-e5c1-4176-8c2d-c6beb6e3d393",
      "GroupPath": "Config/LevelOutput/Group/Groups_P10101_F10101001/LevelGroup_P10101_F10101001_G228.json",
      "Name": "New Group",
      "ID": 228
    },
    {
      "GroupGUID": "9d9bd60a-91a4-4a45-bedd-25f79b3a22ea",
      "GroupPath": "Config/LevelOutput/Group/Groups_P10101_F10101001/LevelGroup_P10101_F10101001_G229.json",
      "Name": "New Group",
      "ID": 229
    },
    {
      "GroupGUID": "1c400e16-f405-4b55-9c7d-e80366b589a3",
      "GroupPath": "Config/LevelOutput/Group/Groups_P10101_F10101001/LevelGroup_P10101_F10101001_G230.json",
      "Name": "New Group",
      "ID": 230
    },
    {
      "GroupGUID": "6d0b8ce9-a806-4631-b51a-c23634ff3a18",
      "GroupPath": "Config/LevelOutput/Group/Groups_P10101_F10101001/LevelGroup_P10101_F10101001_G236.json",
      "Name": "MainMission8014136_Link_Before",
      "ID": 236
    },
    {
      "GroupGUID": "f137efed-c616-42b0-8f00-39c05d550278",
      "GroupPath": "Config/LevelOutput/Group/Groups_P10101_F10101001/LevelGroup_P10101_F10101001_G237.json",
      "Name": "MainMission8014136_Link_After",
      "ID": 237
    },
    {
      "GroupGUID": "00c64788-a22e-40aa-80b4-0331f4d5118d",
      "GroupPath": "Config/LevelOutput/Group/Groups_P10101_F10101001/LevelGroup_P10101_F10101001_G234.json",
      "Name": "MainMission8002103_1",
      "ID": 234
    },
    {
      "GroupGUID": "c2f9cb1f-d436-4ffd-959b-9fe32e99e6ec",
      "GroupPath": "Config/LevelOutput/Group/Groups_P10101_F10101001/LevelGroup_P10101_F10101001_G235.json",
      "Name": "MainMission8002103_1",
      "ID": 235
    },
    {
      "GroupGUID": "09f18880-3d4b-470f-8f9e-ea54e850f703",
      "GroupPath": "Config/LevelOutput/Group/Groups_P10101_F10101001/LevelGroup_P10101_F10101001_G238.json",
      "DimensionFilter": {},
      "Name": "Book",
      "ID": 238
    }
  ],
  "DefaultEnviroProfile": "Stages/Outputs/Chapter01/EnviroProfile/Chap01_CloseView_ADV_Area_Square_01_Day.enviroProfile.asset",
  "StageData": "Stages/Outputs/Chapter01/Stages/Chap01_ADV_Area_Square_01_StageData/Chap01_ADV_Area_Square_01_StageData.stage",
  "TimeOfDayEnviroProfileMap": {
    "2": "Stages/Outputs/Chapter01/EnviroProfile/Chap01_CloseView_ADV_Area_Square_01_Night.enviroProfile.asset"
  },
  "LayerToAreaMask": [
    8,
    16
  ],
  "BattleAreaList": [],
  "DimensionList": [
    {}
  ],
  "NavmapConfigPath": "Config/LevelOutput/Map/MapInfo_P10101_F10101001.json",
  "EnableGroupStreaming": false,
  "EnableGroupSpaceConflict": false,
  "IsRestartLevelGraph": false
}