{
  "FloorID": 10101003,
  "FloorName": "FloorName_10101003",
  "StartGroupID": 1,
  "StartAnchorID": 1,
  "GroupList": [
    {
      "GroupGUID": "6b455829-3d07-430e-adeb-e069665ab686",
      "GroupPath": "Config/LevelOutput/Group/Groups_P10101_F10101003/LevelGroup_P10101_F10101003_G1.json",
      "Name": "Default",
      "ID": 1
    },
    {
      "GroupGUID": "10f7bb17-9e83-4024-bfc4-4379c39366da",
      "GroupPath": "Config/LevelOutput/Group/Groups_P10101_F10101003/LevelGroup_P10101_F10101003_G3.json",
      "Name": "NPCs",
      "ID": 3
    },
    {
      "GroupGUID": "66776768-d05a-4e29-9cfb-591409a36531",
      "GroupPath": "Config/LevelOutput/Group/Groups_P10101_F10101003/LevelGroup_P10101_F10101003_G4.json",
      "Name": "SE_Test_NPCs",
      "ID": 4
    },
    {
      "GroupGUID": "9f3b943d-d36f-45c0-88fe-08cf897d636b",
      "GroupPath": "Config/LevelOutput/Group/Groups_P10101_F10101003/LevelGroup_P10101_F10101003_G2.json",
      "Name": "SubMission_201140103",
      "ID": 2
    },
    {
      "GroupGUID": "c5ab47ea-f9b4-4320-a6e1-8b8fec8eeb45",
      "GroupPath": "Config/LevelOutput/Group/Groups_P10101_F10101003/LevelGroup_P10101_F10101003_G6.json",
      "Name": "SubMission_201140103",
      "ID": 6
    },
    {
      "GroupGUID": "65b9cc5d-70e2-483a-90d2-12981f95cec4",
      "GroupPath": "Config/LevelOutput/Group/Groups_P10101_F10101003/LevelGroup_P10101_F10101003_G8.json",
      "Name": "New Group",
      "ID": 8
    },
    {
      "GroupGUID": "e6bce80a-a47b-4a2d-bea5-350a07bb7be3",
      "GroupPath": "Config/LevelOutput/Group/Groups_P10101_F10101003/LevelGroup_P10101_F10101003_G9.json",
      "Name": "Sound",
      "ID": 9
    },
    {
      "GroupGUID": "f64580f8-1a5d-4cfb-a5bd-cf766d5a561c",
      "GroupPath": "Config/LevelOutput/Group/Groups_P10101_F10101003/LevelGroup_P10101_F10101003_G10.json",
      "Name": "DailyMission",
      "ID": 10
    },
    {
      "GroupGUID": "f11fe9a3-d126-4af7-9360-e3552ae856f8",
      "GroupPath": "Config/LevelOutput/Group/Groups_P10101_F10101003/LevelGroup_P10101_F10101003_G11.json",
      "Name": "CrowdBubble",
      "ID": 11
    }
  ],
  "DefaultEnviroProfile": "Stages/Outputs/Chapter01/EnviroProfile/Chap01_INT_FlowerShop_01.enviroProfile.asset",
  "StageData": "Stages/Outputs/Chapter01/Stages/Chap01_INT_FlowerShop_01_StageData/Chap01_INT_FlowerShop_01_StageData.stage",
  "CameraType": "Room",
  "MinimapVolumeData": {
    "Scale": 0
  },
  "TimeOfDayEnviroProfileMap": {},
  "LayerToAreaMask": [
    1
  ],
  "IsRestartLevelGraph": false
}