{
  "FloorID": 10202002,
  "FloorName": "FloorName_10202002",
  "StartGroupID": 2,
  "StartAnchorID": 1,
  "GroupList": [
    {
      "GroupGUID": "943107e8-c990-44f1-a348-076234b3ae0a",
      "GroupPath": "Config/LevelOutput/Group/Groups_P10202_F10202002/LevelGroup_P10202_F10202002_G2.json",
      "Name": "Default",
      "ID": 2
    },
    {
      "GroupGUID": "cbf0db72-3e0d-491d-941f-97334b6b8ebe",
      "GroupPath": "Config/LevelOutput/Group/Groups_P10202_F10202002/LevelGroup_P10202_F10202002_G3.json",
      "Name": "Exit",
      "ID": 3
    },
    {
      "GroupGUID": "517edece-c34b-4eaf-af6b-2e7f95dd2f68",
      "GroupPath": "Config/LevelOutput/Group/Groups_P10202_F10202002/LevelGroup_P10202_F10202002_G4.json",
      "Name": "MainMission102070108",
      "ID": 4
    },
    {
      "GroupGUID": "e579756f-ceee-4092-888b-56c42f4c21ca",
      "GroupPath": "Config/LevelOutput/Group/Groups_P10202_F10202002/LevelGroup_P10202_F10202002_G5.json",
      "Name": "MainMission2020307_",
      "ID": 5
    },
    {
      "GroupGUID": "f3f19a1c-eaa0-4116-a0c4-8d6e7d248756",
      "GroupPath": "Config/LevelOutput/Group/Groups_P10202_F10202002/LevelGroup_P10202_F10202002_G6.json",
      "Name": "MapNpc",
      "ID": 6
    },
    {
      "GroupGUID": "355b7659-42f2-41fb-914f-e1aad476599a",
      "GroupPath": "Config/LevelOutput/Group/Groups_P10202_F10202002/LevelGroup_P10202_F10202002_G14.json",
      "Name": "NPC-Resident",
      "ID": 14
    },
    {
      "GroupGUID": "1e772e64-668b-4988-a184-2e4f7d97b0f9",
      "GroupPath": "Config/LevelOutput/Group/Groups_P10202_F10202002/LevelGroup_P10202_F10202002_G16.json",
      "Name": "Sound",
      "ID": 16
    },
    {
      "GroupGUID": "3585702f-b806-4e3e-a3f9-5e9389aae34a",
      "GroupPath": "Config/LevelOutput/Group/Groups_P10202_F10202002/LevelGroup_P10202_F10202002_G17.json",
      "Name": "SimpleMission",
      "ID": 17
    },
    {
      "GroupGUID": "774a6bff-d19a-4a6b-b73e-9a6f661fb147",
      "GroupPath": "Config/LevelOutput/Group/Groups_P10202_F10202002/LevelGroup_P10202_F10202002_G18.json",
      "Name": "New Group",
      "ID": 18
    },
    {
      "GroupGUID": "330059f0-09f1-4b75-bef1-c82f18885837",
      "GroupPath": "Config/LevelOutput/Group/Groups_P10202_F10202002/LevelGroup_P10202_F10202002_G7.json",
      "Name": "MainMission2020307_02",
      "ID": 7
    },
    {
      "GroupGUID": "38435302-4da0-41a6-a948-9fe0c67f9b5f",
      "GroupPath": "Config/LevelOutput/Group/Groups_P10202_F10202002/LevelGroup_P10202_F10202002_G8.json",
      "Name": "MainMission2020307_03",
      "ID": 8
    },
    {
      "GroupGUID": "2859cd9f-ffee-4f81-b6d5-0612aba88ae9",
      "GroupPath": "Config/LevelOutput/Group/Groups_P10202_F10202002/LevelGroup_P10202_F10202002_G9.json",
      "Name": "MainMission2020307_",
      "ID": 9
    },
    {
      "GroupGUID": "caa14e6e-6597-4d60-949a-0f4f9e82c222",
      "GroupPath": "Config/LevelOutput/Group/Groups_P10202_F10202002/LevelGroup_P10202_F10202002_G10.json",
      "Name": "SubMission_202031002",
      "ID": 10
    },
    {
      "GroupGUID": "f33dfd0d-0d33-4b1c-b646-a848d40ccb7b",
      "GroupPath": "Config/LevelOutput/Group/Groups_P10202_F10202002/LevelGroup_P10202_F10202002_G11.json",
      "Name": "MainMission2020307_05",
      "ID": 11
    },
    {
      "GroupGUID": "1d63765a-58bc-40d1-8077-f67a732e469d",
      "GroupPath": "Config/LevelOutput/Group/Groups_P10202_F10202002/LevelGroup_P10202_F10202002_G12.json",
      "Name": "MainMission2020307_",
      "ID": 12
    },
    {
      "GroupGUID": "aec8e020-8e11-4f2f-ac33-6d60878973d2",
      "GroupPath": "Config/LevelOutput/Group/Groups_P10202_F10202002/LevelGroup_P10202_F10202002_G13.json",
      "Name": "MainMission2020307_22",
      "ID": 13
    },
    {
      "GroupGUID": "71b665a4-f39e-4c83-a87a-6bbc711e08f8",
      "GroupPath": "Config/LevelOutput/Group/Groups_P10202_F10202002/LevelGroup_P10202_F10202002_G20.json",
      "Name": "MainMission2020103_",
      "ID": 20
    },
    {
      "GroupGUID": "bbf084c8-6cb0-4682-bdc9-2b3065060cce",
      "GroupPath": "Config/LevelOutput/Group/Groups_P10202_F10202002/LevelGroup_P10202_F10202002_G21.json",
      "Name": "Crowd",
      "ID": 21
    },
    {
      "GroupGUID": "b28e74ab-6be1-4b1f-9cd8-2b4cd633e2a1",
      "GroupPath": "Config/LevelOutput/Group/Groups_P10202_F10202002/LevelGroup_P10202_F10202002_G22.json",
      "Name": "Books",
      "ID": 22
    },
    {
      "GroupGUID": "59867628-f3db-412a-afae-ebb031c95b07",
      "GroupPath": "Config/LevelOutput/Group/Groups_P10202_F10202002/LevelGroup_P10202_F10202002_G23.json",
      "Name": "New Group",
      "ID": 23
    },
    {
      "GroupGUID": "5b54a33f-a32c-41ed-ac1c-932e2b562e30",
      "GroupPath": "Config/LevelOutput/Group/Groups_P10202_F10202002/LevelGroup_P10202_F10202002_G24.json",
      "Name": "New Group",
      "ID": 24
    },
    {
      "GroupGUID": "a8617531-4740-4c92-94c7-f2aaec46b820",
      "GroupPath": "Config/LevelOutput/Group/Groups_P10202_F10202002/LevelGroup_P10202_F10202002_G25.json",
      "Name": "MainMission2020305_",
      "ID": 25
    },
    {
      "GroupGUID": "4e5af332-2ad4-4922-974c-8aca8e01afd5",
      "GroupPath": "Config/LevelOutput/Group/Groups_P10202_F10202002/LevelGroup_P10202_F10202002_G26.json",
      "Name": "MainMission2021601_01",
      "ID": 26
    },
    {
      "GroupGUID": "8ee0349c-1eaf-41e5-a474-0f56b5285ca0",
      "GroupPath": "Config/LevelOutput/Group/Groups_P10202_F10202002/LevelGroup_P10202_F10202002_G27.json",
      "Name": "MainMission2021602_01",
      "ID": 27
    },
    {
      "GroupGUID": "d88a274e-bd7f-4dea-94c6-a7ce216eeb4d",
      "GroupPath": "Config/LevelOutput/Group/Groups_P10202_F10202002/LevelGroup_P10202_F10202002_G28.json",
      "Name": "Book3",
      "ID": 28
    }
  ],
  "DefaultEnviroProfile": "Stages/Outputs/Chapter02/EnviroProfile/Chap02_CloseView_INT_DiHengSi_Day.enviroProfile.asset",
  "StageData": "Stages/Outputs/Chapter02/Stages/Chap02_INT_DiHengSi_StageData/Chap02_INT_DiHengSi_StageData.stage",
  "MinimapVolumeData": {},
  "TimeOfDayEnviroProfileMap": {},
  "LayerToAreaMask": [
    1
  ],
  "IsRestartLevelGraph": false
}