{
  "FloorID": 10202001,
  "FloorName": "FloorName_10202001",
  "StartGroupID": 1,
  "StartAnchorID": 1,
  "GroupList": [
    {
      "GroupGUID": "827e67f6-547e-4987-974a-7884aded9450",
      "GroupPath": "Config/LevelOutput/Group/Groups_P10202_F10202001/LevelGroup_P10202_F10202001_G1.json",
      "DimensionFilter": {
        "FilterType": "All"
      },
      "Name": "DefaultGroup",
      "ID": 1
    },
    {
      "GroupGUID": "3175855e-2cb1-4112-aae4-3352aae1434f",
      "GroupPath": "Config/LevelOutput/Group/Groups_P10202_F10202001/LevelGroup_P10202_F10202001_G89.json",
      "DimensionFilter": {
        "FilterType": "All"
      },
      "Name": "BATProp",
      "ID": 89
    },
    {
      "GroupGUID": "c4393b58-fa81-41d4-aaf0-4a4616735a80",
      "GroupPath": "Config/LevelOutput/Group/Groups_P10202_F10202001/LevelGroup_P10202_F10202001_G73.json",
      "DimensionFilter": {
        "FilterType": "All"
      },
      "Name": "Airwall",
      "ID": 73
    },
    {
      "GroupGUID": "5dfefd47-d390-4039-b08b-cf177db035bc",
      "GroupPath": "Config/LevelOutput/Group/Groups_P10202_F10202001/LevelGroup_P10202_F10202001_G170.json",
      "DimensionFilter": {
        "FilterType": "All"
      },
      "Name": "ChallengeEntrance",
      "ID": 170
    },
    {
      "GroupGUID": "433b960a-dcf7-4954-8306-7e9ffbc07e2a",
      "GroupPath": "Config/LevelOutput/Group/Groups_P10202_F10202001/LevelGroup_P10202_F10202001_G96.json",
      "DimensionFilter": {
        "FilterType": "All"
      },
      "Name": "Exit",
      "ID": 96
    },
    {
      "GroupGUID": "c10e054a-2d4b-45c0-a511-2b6c6b2c2011",
      "GroupPath": "Config/LevelOutput/Group/Groups_P10202_F10202001/LevelGroup_P10202_F10202001_G2.json",
      "DimensionFilter": {
        "FilterType": "All"
      },
      "Name": "Exit",
      "ID": 2
    },
    {
      "GroupGUID": "918e2aa9-9e51-4e01-a949-67f45d6a36d8",
      "GroupPath": "Config/LevelOutput/Group/Groups_P10202_F10202001/LevelGroup_P10202_F10202001_G63.json",
      "DimensionFilter": {
        "FilterType": "All"
      },
      "Name": "Exit-X2-1",
      "ID": 63
    },
    {
      "GroupGUID": "c94333a6-1add-4b73-b56c-3a5b3f4d57e2",
      "GroupPath": "Config/LevelOutput/Group/Groups_P10202_F10202001/LevelGroup_P10202_F10202001_G106.json",
      "DimensionFilter": {
        "FilterType": "All"
      },
      "Name": "Exit-Alley_Before",
      "ID": 106
    },
    {
      "GroupGUID": "b9b4db3b-72ca-4a16-b944-4241b719c87c",
      "GroupPath": "Config/LevelOutput/Group/Groups_P10202_F10202001/LevelGroup_P10202_F10202001_G107.json",
      "DimensionFilter": {
        "FilterType": "All"
      },
      "Name": "Exit-Alley-After",
      "ID": 107
    },
    {
      "GroupGUID": "e917bb2f-d748-47d0-9258-db31b6f745c3",
      "GroupPath": "Config/LevelOutput/Group/Groups_P10202_F10202001/LevelGroup_P10202_F10202001_G137.json",
      "DimensionFilter": {
        "FilterType": "All"
      },
      "Name": "Exit-SuiGarden",
      "ID": 137
    },
    {
      "GroupGUID": "c2e5f007-accc-4b6b-91e2-0dc39fbf4c3f",
      "GroupPath": "Config/LevelOutput/Group/Groups_P10202_F10202001/LevelGroup_P10202_F10202001_G70.json",
      "DimensionFilter": {},
      "Name": "MainMission1020701_300000",
      "ID": 70
    },
    {
      "GroupGUID": "a49769ca-e941-4d87-addd-3dbafbc7ea5e",
      "GroupPath": "Config/LevelOutput/Group/Groups_P10202_F10202001/LevelGroup_P10202_F10202001_G101.json",
      "DimensionFilter": {
        "FilterType": "All"
      },
      "Name": "SceneProp",
      "ID": 101
    },
    {
      "GroupGUID": "fdaa9fbb-44a6-45d9-ae09-fdb02b408a12",
      "GroupPath": "Config/LevelOutput/Group/Groups_P10202_F10202001/LevelGroup_P10202_F10202001_G102.json",
      "DimensionFilter": {
        "FilterType": "All"
      },
      "Name": "SceneProp",
      "ID": 102
    },
    {
      "GroupGUID": "c7fec54e-486b-4557-9266-4791e5ad42d8",
      "GroupPath": "Config/LevelOutput/Group/Groups_P10202_F10202001/LevelGroup_P10202_F10202001_G103.json",
      "DimensionFilter": {
        "FilterType": "All"
      },
      "Name": "SceneProp",
      "ID": 103
    },
    {
      "GroupGUID": "a7170931-536a-4664-8a56-f2e7404a1a55",
      "GroupPath": "Config/LevelOutput/Group/Groups_P10202_F10202001/LevelGroup_P10202_F10202001_G25.json",
      "DimensionFilter": {
        "FilterType": "All"
      },
      "Name": "Pedestrians",
      "ID": 25
    },
    {
      "GroupGUID": "84479e10-4db8-4067-b2a1-c7bab7c1e33e",
      "GroupPath": "Config/LevelOutput/Group/Groups_P10202_F10202001/LevelGroup_P10202_F10202001_G61.json",
      "DimensionFilter": {
        "FilterType": "All"
      },
      "Name": "Chest",
      "ID": 61
    },
    {
      "GroupGUID": "f96e55ae-b052-4530-8da2-a49ed2f32738",
      "GroupPath": "Config/LevelOutput/Group/Groups_P10202_F10202001/LevelGroup_P10202_F10202001_G67.json",
      "DimensionFilter": {
        "FilterType": "All"
      },
      "Name": "Books",
      "ID": 67
    },
    {
      "GroupGUID": "2a486fa5-977a-4aa8-92c4-d3f86643aacc",
      "GroupPath": "Config/LevelOutput/Group/Groups_P10202_F10202001/LevelGroup_P10202_F10202001_G3.json",
      "DimensionFilter": {},
      "Name": "MainMission1020701_",
      "ID": 3
    },
    {
      "GroupGUID": "d7c31d8d-5968-48f4-9dab-6a65ac12c330",
      "GroupPath": "Config/LevelOutput/Group/Groups_P10202_F10202001/LevelGroup_P10202_F10202001_G4.json",
      "DimensionFilter": {},
      "Name": "MainMission1020701_",
      "ID": 4
    },
    {
      "GroupGUID": "d7b4653d-caef-4820-93f5-f55d7ae27124",
      "GroupPath": "Config/LevelOutput/Group/Groups_P10202_F10202001/LevelGroup_P10202_F10202001_G5.json",
      "DimensionFilter": {},
      "Name": "MainMission1020701_",
      "ID": 5
    },
    {
      "GroupGUID": "f4d8a58c-6006-4497-8857-d3b602d072eb",
      "GroupPath": "Config/LevelOutput/Group/Groups_P10202_F10202001/LevelGroup_P10202_F10202001_G6.json",
      "DimensionFilter": {},
      "Name": "MainMission1020701_",
      "ID": 6
    },
    {
      "GroupGUID": "152c76be-57af-412b-bd7d-0fa29a298129",
      "GroupPath": "Config/LevelOutput/Group/Groups_P10202_F10202001/LevelGroup_P10202_F10202001_G7.json",
      "DimensionFilter": {},
      "Name": "MainMission1020701_",
      "ID": 7
    },
    {
      "GroupGUID": "ab8edd91-719e-4acc-b4a6-cdf006da4f99",
      "GroupPath": "Config/LevelOutput/Group/Groups_P10202_F10202001/LevelGroup_P10202_F10202001_G8.json",
      "DimensionFilter": {},
      "Name": "MainMission1020701_",
      "ID": 8
    },
    {
      "GroupGUID": "45a14f79-9656-4ecd-8c98-ddceb54aad10",
      "GroupPath": "Config/LevelOutput/Group/Groups_P10202_F10202001/LevelGroup_P10202_F10202001_G9.json",
      "DimensionFilter": {},
      "Name": "MainMission1020701_",
      "ID": 9
    },
    {
      "GroupGUID": "e5edd30f-7534-4bfc-8575-3a8b09dbe5eb",
      "GroupPath": "Config/LevelOutput/Group/Groups_P10202_F10202001/LevelGroup_P10202_F10202001_G10.json",
      "DimensionFilter": {},
      "Name": "MainMission1020702_",
      "ID": 10
    },
    {
      "GroupGUID": "0ddaa7e7-8f7f-453b-9ae7-e0432852546b",
      "GroupPath": "Config/LevelOutput/Group/Groups_P10202_F10202001/LevelGroup_P10202_F10202001_G11.json",
      "DimensionFilter": {},
      "Name": "MainMission1020701_",
      "ID": 11
    },
    {
      "GroupGUID": "72f623de-225c-4e61-ab63-841fbb1d407e",
      "GroupPath": "Config/LevelOutput/Group/Groups_P10202_F10202001/LevelGroup_P10202_F10202001_G12.json",
      "DimensionFilter": {},
      "Name": "MainMission1020702_",
      "ID": 12
    },
    {
      "GroupGUID": "bb7ff195-1a02-4e12-91b7-4002d639cee1",
      "GroupPath": "Config/LevelOutput/Group/Groups_P10202_F10202001/LevelGroup_P10202_F10202001_G13.json",
      "DimensionFilter": {},
      "Name": "MainMission1020702_",
      "ID": 13
    },
    {
      "GroupGUID": "5cf5859f-5efd-4e1f-98a3-0447d7e63d4e",
      "GroupPath": "Config/LevelOutput/Group/Groups_P10202_F10202001/LevelGroup_P10202_F10202001_G14.json",
      "DimensionFilter": {},
      "Name": "MainMission1020702_",
      "ID": 14
    },
    {
      "GroupGUID": "cff673fe-d4bb-4533-95cf-5317168c5732",
      "GroupPath": "Config/LevelOutput/Group/Groups_P10202_F10202001/LevelGroup_P10202_F10202001_G15.json",
      "DimensionFilter": {
        "FilterType": "All"
      },
      "Name": "MainMission102070114",
      "ID": 15
    },
    {
      "GroupGUID": "4b9e9049-bfed-4ae6-b39f-46e883c21901",
      "GroupPath": "Config/LevelOutput/Group/Groups_P10202_F10202001/LevelGroup_P10202_F10202001_G16.json",
      "DimensionFilter": {},
      "Name": "MainMission1020702_",
      "ID": 16
    },
    {
      "GroupGUID": "54e01e7c-8faa-447e-a2d9-3a0592b2663f",
      "GroupPath": "Config/LevelOutput/Group/Groups_P10202_F10202001/LevelGroup_P10202_F10202001_G17.json",
      "DimensionFilter": {},
      "Name": "MainMission1020702_",
      "ID": 17
    },
    {
      "GroupGUID": "3e1be9cc-b7e3-4820-a437-cb7fd7ac49b9",
      "GroupPath": "Config/LevelOutput/Group/Groups_P10202_F10202001/LevelGroup_P10202_F10202001_G18.json",
      "DimensionFilter": {},
      "Name": "MainMission1020702_",
      "ID": 18
    },
    {
      "GroupGUID": "f34490e1-b86e-4660-af0b-e549d3198443",
      "GroupPath": "Config/LevelOutput/Group/Groups_P10202_F10202001/LevelGroup_P10202_F10202001_G20.json",
      "DimensionFilter": {},
      "Name": "MainMission1020702_",
      "ID": 20
    },
    {
      "GroupGUID": "fb877dc8-8563-49b2-a871-d31432bc92f0",
      "GroupPath": "Config/LevelOutput/Group/Groups_P10202_F10202001/LevelGroup_P10202_F10202001_G21.json",
      "DimensionFilter": {},
      "Name": "MainMission1020702_",
      "ID": 21
    },
    {
      "GroupGUID": "d30efdf4-180a-4097-a34b-66eba5fbd734",
      "GroupPath": "Config/LevelOutput/Group/Groups_P10202_F10202001/LevelGroup_P10202_F10202001_G22.json",
      "DimensionFilter": {},
      "Name": "MainMission1020701_",
      "ID": 22
    },
    {
      "GroupGUID": "30a11221-c5b5-428c-a0a4-095d96d4165f",
      "GroupPath": "Config/LevelOutput/Group/Groups_P10202_F10202001/LevelGroup_P10202_F10202001_G23.json",
      "DimensionFilter": {},
      "Name": "MainMission1020701_",
      "ID": 23
    },
    {
      "GroupGUID": "248962ee-ab58-4dac-a459-d31e0bf78d08",
      "GroupPath": "Config/LevelOutput/Group/Groups_P10202_F10202001/LevelGroup_P10202_F10202001_G24.json",
      "DimensionFilter": {},
      "Name": "MainMission1020702_",
      "ID": 24
    },
    {
      "GroupGUID": "052b0568-3fe3-4732-835d-b2289724084d",
      "GroupPath": "Config/LevelOutput/Group/Groups_P10202_F10202001/LevelGroup_P10202_F10202001_G26.json",
      "DimensionFilter": {},
      "Name": "MainMission1020701_",
      "ID": 26
    },
    {
      "GroupGUID": "82c59ae5-d10e-473c-abcd-369956b9ace0",
      "GroupPath": "Config/LevelOutput/Group/Groups_P10202_F10202001/LevelGroup_P10202_F10202001_G28.json",
      "DimensionFilter": {},
      "Name": "MainMission1020701_",
      "ID": 28
    },
    {
      "GroupGUID": "7ab06a86-806f-416c-9ee6-6e85787633bb",
      "GroupPath": "Config/LevelOutput/Group/Groups_P10202_F10202001/LevelGroup_P10202_F10202001_G42.json",
      "DimensionFilter": {
        "FilterType": "All"
      },
      "Name": "Sound",
      "ID": 42
    },
    {
      "GroupGUID": "6a711d1f-78ee-4da1-9f1e-41ed7c2374ab",
      "GroupPath": "Config/LevelOutput/Group/Groups_P10202_F10202001/LevelGroup_P10202_F10202001_G43.json",
      "DimensionFilter": {
        "FilterType": "All"
      },
      "Name": "TownNpc-Client",
      "ID": 43
    },
    {
      "GroupGUID": "49ad1f1c-5419-4c1d-bdda-681562c94a01",
      "GroupPath": "Config/LevelOutput/Group/Groups_P10202_F10202001/LevelGroup_P10202_F10202001_G44.json",
      "DimensionFilter": {
        "FilterType": "All"
      },
      "Name": "SimpleMission",
      "ID": 44
    },
    {
      "GroupGUID": "e6c17a47-9141-4978-a2d1-6c890192fb68",
      "GroupPath": "Config/LevelOutput/Group/Groups_P10202_F10202001/LevelGroup_P10202_F10202001_G47.json",
      "DimensionFilter": {},
      "Name": "MainMission2020103_",
      "ID": 47
    },
    {
      "GroupGUID": "edb677ad-7877-4e57-b1d1-94e4386acb12",
      "GroupPath": "Config/LevelOutput/Group/Groups_P10202_F10202001/LevelGroup_P10202_F10202001_G48.json",
      "DimensionFilter": {},
      "Name": "MainMission2020103_",
      "ID": 48
    },
    {
      "GroupGUID": "b048bb4e-ac24-4e52-a765-f37c10776d34",
      "GroupPath": "Config/LevelOutput/Group/Groups_P10202_F10202001/LevelGroup_P10202_F10202001_G49.json",
      "DimensionFilter": {},
      "Name": "MainMission2020103_",
      "ID": 49
    },
    {
      "GroupGUID": "d56af2f9-4b81-47cf-b1a6-b997691f51e2",
      "GroupPath": "Config/LevelOutput/Group/Groups_P10202_F10202001/LevelGroup_P10202_F10202001_G50.json",
      "DimensionFilter": {},
      "Name": "MainMission2020103_",
      "ID": 50
    },
    {
      "GroupGUID": "69658e3d-d7fb-44ea-8fa1-7fa18db80910",
      "GroupPath": "Config/LevelOutput/Group/Groups_P10202_F10202001/LevelGroup_P10202_F10202001_G51.json",
      "DimensionFilter": {},
      "Name": "MainMission2020103_",
      "ID": 51
    },
    {
      "GroupGUID": "fdad7a69-d030-45ba-b574-c4307c8596b0",
      "GroupPath": "Config/LevelOutput/Group/Groups_P10202_F10202001/LevelGroup_P10202_F10202001_G52.json",
      "DimensionFilter": {},
      "Name": "MainMission2020103_",
      "ID": 52
    },
    {
      "GroupGUID": "a000b599-d1a6-4d24-ada6-0ae0243afc5b",
      "GroupPath": "Config/LevelOutput/Group/Groups_P10202_F10202001/LevelGroup_P10202_F10202001_G53.json",
      "DimensionFilter": {},
      "Name": "MainMission2020103_",
      "ID": 53
    },
    {
      "GroupGUID": "433bcbd9-d6be-4efb-869c-39648dbfcaf9",
      "GroupPath": "Config/LevelOutput/Group/Groups_P10202_F10202001/LevelGroup_P10202_F10202001_G55.json",
      "DimensionFilter": {},
      "Name": "MainMission2020103_",
      "ID": 55
    },
    {
      "GroupGUID": "f41ac530-67b8-4d23-8f3b-eca088ea201d",
      "GroupPath": "Config/LevelOutput/Group/Groups_P10202_F10202001/LevelGroup_P10202_F10202001_G56.json",
      "DimensionFilter": {
        "FilterType": "All"
      },
      "Name": "MainMission0_",
      "ID": 56
    },
    {
      "GroupGUID": "2b5b40d2-437b-4948-bcd8-bf683f89d5cb",
      "GroupPath": "Config/LevelOutput/Group/Groups_P10202_F10202001/LevelGroup_P10202_F10202001_G58.json",
      "DimensionFilter": {
        "FilterType": "All"
      },
      "Name": "CrowdMember",
      "ID": 58
    },
    {
      "GroupGUID": "1142a7ae-dea9-4484-a02f-99e321959ed8",
      "GroupPath": "Config/LevelOutput/Group/Groups_P10202_F10202001/LevelGroup_P10202_F10202001_G59.json",
      "DimensionFilter": {
        "FilterType": "All"
      },
      "Name": "StarSkiff",
      "ID": 59
    },
    {
      "GroupGUID": "0cc9c9fa-e6c6-442d-b549-6eaf6f2330cd",
      "GroupPath": "Config/LevelOutput/Group/Groups_P10202_F10202001/LevelGroup_P10202_F10202001_G62.json",
      "DimensionFilter": {},
      "Name": "MainMission4040222_",
      "ID": 62
    },
    {
      "GroupGUID": "38a730d1-9b0b-4cfa-95ab-bacf87bc6d68",
      "GroupPath": "Config/LevelOutput/Group/Groups_P10202_F10202001/LevelGroup_P10202_F10202001_G64.json",
      "DimensionFilter": {
        "FilterType": "All"
      },
      "Name": "Shop",
      "ID": 64
    },
    {
      "GroupGUID": "6b82f6ce-3587-432d-afc2-c6d9638f7891",
      "GroupPath": "Config/LevelOutput/Group/Groups_P10202_F10202001/LevelGroup_P10202_F10202001_G65.json",
      "DimensionFilter": {
        "FilterType": "All"
      },
      "Name": "PropDialogue",
      "ID": 65
    },
    {
      "GroupGUID": "aaf33933-1d37-4ebb-8528-ea54f35c6d41",
      "GroupPath": "Config/LevelOutput/Group/Groups_P10202_F10202001/LevelGroup_P10202_F10202001_G68.json",
      "DimensionFilter": {
        "FilterType": "All"
      },
      "Name": "CrowdMemberBeforerMain",
      "ID": 68
    },
    {
      "GroupGUID": "eb615827-42f4-4d73-a0f4-28660c152b43",
      "GroupPath": "Config/LevelOutput/Group/Groups_P10202_F10202001/LevelGroup_P10202_F10202001_G69.json",
      "DimensionFilter": {
        "FilterType": "All"
      },
      "Name": "CrowdMemberAfterMain",
      "ID": 69
    },
    {
      "GroupGUID": "287fc532-ce8a-4cd2-a3be-fd90c9d07d62",
      "GroupPath": "Config/LevelOutput/Group/Groups_P10202_F10202001/LevelGroup_P10202_F10202001_G74.json",
      "DimensionFilter": {
        "FilterType": "All"
      },
      "Name": "SceneGroup",
      "ID": 74
    },
    {
      "GroupGUID": "1179f5a2-ead5-4921-bdd4-aaa05c25f6f1",
      "GroupPath": "Config/LevelOutput/Group/Groups_P10202_F10202001/LevelGroup_P10202_F10202001_G75.json",
      "DimensionFilter": {
        "FilterType": "All"
      },
      "Name": "MainMission4040202_",
      "ID": 75
    },
    {
      "GroupGUID": "ffbe8210-b99b-4ad7-af01-0fa94dc546f5",
      "GroupPath": "Config/LevelOutput/Group/Groups_P10202_F10202001/LevelGroup_P10202_F10202001_G76.json",
      "DimensionFilter": {
        "FilterType": "All"
      },
      "Name": "TownNPC_Guangda",
      "ID": 76
    },
    {
      "GroupGUID": "73b0a002-1691-4b70-b510-e11482a65bc6",
      "GroupPath": "Config/LevelOutput/Group/Groups_P10202_F10202001/LevelGroup_P10202_F10202001_G77.json",
      "DimensionFilter": {
        "FilterType": "All"
      },
      "Name": "enviroProfile",
      "ID": 77
    },
    {
      "GroupGUID": "5cbd7ee8-8a5a-431d-95df-6de378cde761",
      "GroupPath": "Config/LevelOutput/Group/Groups_P10202_F10202001/LevelGroup_P10202_F10202001_G78.json",
      "DimensionFilter": {
        "FilterType": "All"
      },
      "Name": "TownNPC_Server",
      "ID": 78
    },
    {
      "GroupGUID": "f09adb15-a9dc-4d50-aa0f-4f1c5d149b0d",
      "GroupPath": "Config/LevelOutput/Group/Groups_P10202_F10202001/LevelGroup_P10202_F10202001_G79.json",
      "DimensionFilter": {},
      "Name": "MainMission2020104_03",
      "ID": 79
    },
    {
      "GroupGUID": "7877bdfc-01c9-4712-8183-3a966abbcb13",
      "GroupPath": "Config/LevelOutput/Group/Groups_P10202_F10202001/LevelGroup_P10202_F10202001_G80.json",
      "DimensionFilter": {},
      "Name": "MainMission2020104_04",
      "ID": 80
    },
    {
      "GroupGUID": "3929c466-af30-46ec-b20b-b5830cbe8535",
      "GroupPath": "Config/LevelOutput/Group/Groups_P10202_F10202001/LevelGroup_P10202_F10202001_G81.json",
      "DimensionFilter": {},
      "Name": "MainMission2020104_05",
      "ID": 81
    },
    {
      "GroupGUID": "a39c05ea-19b2-4179-8df8-d3769cb64ad7",
      "GroupPath": "Config/LevelOutput/Group/Groups_P10202_F10202001/LevelGroup_P10202_F10202001_G82.json",
      "DimensionFilter": {},
      "Name": "MainMission2020104_09",
      "ID": 82
    },
    {
      "GroupGUID": "57951c5e-4a27-4ef6-89b1-ea99a7bf7b82",
      "GroupPath": "Config/LevelOutput/Group/Groups_P10202_F10202001/LevelGroup_P10202_F10202001_G83.json",
      "DimensionFilter": {},
      "Name": "MainMission2020104_14",
      "ID": 83
    },
    {
      "GroupGUID": "9fb84bc4-3c69-4435-ba1c-bf8bbe3e9434",
      "GroupPath": "Config/LevelOutput/Group/Groups_P10202_F10202001/LevelGroup_P10202_F10202001_G86.json",
      "DimensionFilter": {},
      "Name": "MainMission2020105_01",
      "ID": 86,
      "IsDelete": true
    },
    {
      "GroupGUID": "d4bc021f-a32d-438c-9cf3-64748d8e5ae3",
      "GroupPath": "Config/LevelOutput/Group/Groups_P10202_F10202001/LevelGroup_P10202_F10202001_G88.json",
      "DimensionFilter": {},
      "Name": "MainMission2020104_29",
      "ID": 88
    },
    {
      "GroupGUID": "fcb05b73-a759-4f15-979e-8e1d21506e9b",
      "GroupPath": "Config/LevelOutput/Group/Groups_P10202_F10202001/LevelGroup_P10202_F10202001_G93.json",
      "DimensionFilter": {
        "FilterType": "All"
      },
      "Name": "MainMission2020104_29",
      "ID": 93
    },
    {
      "GroupGUID": "8b58e8fa-4104-418f-8c42-02409c3c9bdd",
      "GroupPath": "Config/LevelOutput/Group/Groups_P10202_F10202001/LevelGroup_P10202_F10202001_G94.json",
      "DimensionFilter": {
        "FilterType": "All"
      },
      "Name": "JianMu_Sfx_Sound",
      "ID": 94
    },
    {
      "GroupGUID": "98258648-4451-4b18-bdac-856c495472ec",
      "GroupPath": "Config/LevelOutput/Group/Groups_P10202_F10202001/LevelGroup_P10202_F10202001_G32.json",
      "DimensionFilter": {
        "FilterType": "All"
      },
      "Name": "Submission202030504",
      "ID": 32
    },
    {
      "GroupGUID": "470b581b-c849-408d-b355-363f902273a0",
      "GroupPath": "Config/LevelOutput/Group/Groups_P10202_F10202001/LevelGroup_P10202_F10202001_G33.json",
      "DimensionFilter": {
        "FilterType": "All"
      },
      "Name": "Submission202030509",
      "ID": 33
    },
    {
      "GroupGUID": "4c081b7a-cffb-4915-b28a-574338f0156b",
      "GroupPath": "Config/LevelOutput/Group/Groups_P10202_F10202001/LevelGroup_P10202_F10202001_G34.json",
      "DimensionFilter": {},
      "Name": "MainMission2020305_",
      "ID": 34
    },
    {
      "GroupGUID": "49296b37-e392-4b2e-acdd-e0483491c3a0",
      "GroupPath": "Config/LevelOutput/Group/Groups_P10202_F10202001/LevelGroup_P10202_F10202001_G35.json",
      "DimensionFilter": {},
      "Name": "MainMission2020307_12",
      "ID": 35
    },
    {
      "GroupGUID": "bb3effa6-abe5-4c66-a537-d4c02de05e14",
      "GroupPath": "Config/LevelOutput/Group/Groups_P10202_F10202001/LevelGroup_P10202_F10202001_G36.json",
      "DimensionFilter": {},
      "Name": "MainMission2020307_",
      "ID": 36
    },
    {
      "GroupGUID": "dcd8bc55-cacc-4eca-b5be-cb268fff4782",
      "GroupPath": "Config/LevelOutput/Group/Groups_P10202_F10202001/LevelGroup_P10202_F10202001_G37.json",
      "DimensionFilter": {},
      "Name": "MainMission2020307_11",
      "ID": 37
    },
    {
      "GroupGUID": "855d4644-ae76-4a20-87aa-552fa52659d1",
      "GroupPath": "Config/LevelOutput/Group/Groups_P10202_F10202001/LevelGroup_P10202_F10202001_G38.json",
      "DimensionFilter": {},
      "Name": "MainMission2020307_",
      "ID": 38
    },
    {
      "GroupGUID": "88e8c224-96be-42d2-bd2a-27d7e7b53712",
      "GroupPath": "Config/LevelOutput/Group/Groups_P10202_F10202001/LevelGroup_P10202_F10202001_G39.json",
      "DimensionFilter": {},
      "Name": "MainMission2020307_04",
      "ID": 39
    },
    {
      "GroupGUID": "2dc85dce-5f59-46d7-a5df-5489e8dd503d",
      "GroupPath": "Config/LevelOutput/Group/Groups_P10202_F10202001/LevelGroup_P10202_F10202001_G40.json",
      "DimensionFilter": {
        "FilterType": "All"
      },
      "Name": "Town_NPC",
      "ID": 40
    },
    {
      "GroupGUID": "5dd6d3fc-6192-46f0-8176-720545a085ef",
      "GroupPath": "Config/LevelOutput/Group/Groups_P10202_F10202001/LevelGroup_P10202_F10202001_G97.json",
      "DimensionFilter": {},
      "Name": "MainMission4040211_",
      "ID": 97
    },
    {
      "GroupGUID": "aca964ed-4b35-405e-9e1f-e8e75d4a409c",
      "GroupPath": "Config/LevelOutput/Group/Groups_P10202_F10202001/LevelGroup_P10202_F10202001_G84.json",
      "DimensionFilter": {},
      "Name": "MainMission2020307_05",
      "ID": 84
    },
    {
      "GroupGUID": "1604346c-e238-4d99-82a1-eec579ec9c8a",
      "GroupPath": "Config/LevelOutput/Group/Groups_P10202_F10202001/LevelGroup_P10202_F10202001_G95.json",
      "DimensionFilter": {},
      "Name": "MainMission2020305_03",
      "ID": 95
    },
    {
      "GroupGUID": "47154d0c-c7d1-489e-8c44-ad3851249896",
      "GroupPath": "Config/LevelOutput/Group/Groups_P10202_F10202001/LevelGroup_P10202_F10202001_G92.json",
      "DimensionFilter": {},
      "Name": "MainMission2020305_04",
      "ID": 92
    },
    {
      "GroupGUID": "1b0a1b69-9446-4d7f-a447-12a43aae71ba",
      "GroupPath": "Config/LevelOutput/Group/Groups_P10202_F10202001/LevelGroup_P10202_F10202001_G29.json",
      "DimensionFilter": {
        "FilterType": "All"
      },
      "Name": "MainMission0_",
      "ID": 29
    },
    {
      "GroupGUID": "2762ade5-6fb7-4c58-bf8f-0de6e1c01e35",
      "GroupPath": "Config/LevelOutput/Group/Groups_P10202_F10202001/LevelGroup_P10202_F10202001_G30.json",
      "DimensionFilter": {},
      "Name": "MainMission2020305_",
      "ID": 30
    },
    {
      "GroupGUID": "ae05f9dc-9333-4407-afd6-9c4f486032e1",
      "GroupPath": "Config/LevelOutput/Group/Groups_P10202_F10202001/LevelGroup_P10202_F10202001_G31.json",
      "DimensionFilter": {},
      "Name": "MainMission2020305_",
      "ID": 31
    },
    {
      "GroupGUID": "c8756c43-7e02-4629-9201-f0deb2048ba0",
      "GroupPath": "Config/LevelOutput/Group/Groups_P10202_F10202001/LevelGroup_P10202_F10202001_G90.json",
      "DimensionFilter": {},
      "Name": "MainMission2020601_1",
      "ID": 90
    },
    {
      "GroupGUID": "2211d530-4680-43ee-a66e-5f9f98f5c113",
      "GroupPath": "Config/LevelOutput/Group/Groups_P10202_F10202001/LevelGroup_P10202_F10202001_G91.json",
      "DimensionFilter": {},
      "Name": "MainMission1021702_AfterStoryQQ",
      "ID": 91
    },
    {
      "GroupGUID": "e9dd406d-26aa-4df5-9dc4-76a1c4c333e3",
      "GroupPath": "Config/LevelOutput/Group/Groups_P10202_F10202001/LevelGroup_P10202_F10202001_G98.json",
      "DimensionFilter": {},
      "Name": "MainMission6020201_",
      "ID": 98
    },
    {
      "GroupGUID": "b54707f1-869b-4d81-8b19-787718a36294",
      "GroupPath": "Config/LevelOutput/Group/Groups_P10202_F10202001/LevelGroup_P10202_F10202001_G99.json",
      "DimensionFilter": {
        "FilterType": "All"
      },
      "Name": "MainMission1021702_AF_gaobie",
      "ID": 99
    },
    {
      "GroupGUID": "659c68d7-189f-4283-ae75-183510b0278f",
      "GroupPath": "Config/LevelOutput/Group/Groups_P10202_F10202001/LevelGroup_P10202_F10202001_G105.json",
      "DimensionFilter": {},
      "Name": "MainMission8003201_01",
      "ID": 105
    },
    {
      "GroupGUID": "55d0cf6f-8633-45b4-9d0e-3764a4cbd066",
      "GroupPath": "Config/LevelOutput/Group/Groups_P10202_F10202001/LevelGroup_P10202_F10202001_G108.json",
      "DimensionFilter": {},
      "Name": "MainMission2021601_01",
      "ID": 108
    },
    {
      "GroupGUID": "e180d59f-7225-4eae-a789-b89b218914d5",
      "GroupPath": "Config/LevelOutput/Group/Groups_P10202_F10202001/LevelGroup_P10202_F10202001_G110.json",
      "DimensionFilter": {},
      "Name": "MainMission2021601_02",
      "ID": 110
    },
    {
      "GroupGUID": "4479657f-61b7-4bbb-9e69-74bb35de37c7",
      "GroupPath": "Config/LevelOutput/Group/Groups_P10202_F10202001/LevelGroup_P10202_F10202001_G111.json",
      "DimensionFilter": {},
      "Name": "MainMission2020901_",
      "ID": 111
    },
    {
      "GroupGUID": "3f08b341-85f2-4da3-b7d3-5c772de3ad83",
      "GroupPath": "Config/LevelOutput/Group/Groups_P10202_F10202001/LevelGroup_P10202_F10202001_G112.json",
      "DimensionFilter": {},
      "Name": "MainMission2020901_",
      "ID": 112
    },
    {
      "GroupGUID": "611392a9-8132-474b-ad81-4a0f0f91d3c4",
      "GroupPath": "Config/LevelOutput/Group/Groups_P10202_F10202001/LevelGroup_P10202_F10202001_G113.json",
      "DimensionFilter": {},
      "Name": "MainMission2020901_",
      "ID": 113
    },
    {
      "GroupGUID": "58a24488-52ed-4a51-93ee-5ebf53eeeb85",
      "GroupPath": "Config/LevelOutput/Group/Groups_P10202_F10202001/LevelGroup_P10202_F10202001_G114.json",
      "DimensionFilter": {},
      "Name": "MainMission2020901_",
      "ID": 114
    },
    {
      "GroupGUID": "49370547-4e6b-42a8-84be-da7ada1b8e3a",
      "GroupPath": "Config/LevelOutput/Group/Groups_P10202_F10202001/LevelGroup_P10202_F10202001_G115.json",
      "DimensionFilter": {},
      "Name": "MainMission2020901_",
      "ID": 115
    },
    {
      "GroupGUID": "3bf97994-d2fa-443e-8eb8-2157acf3c0f1",
      "GroupPath": "Config/LevelOutput/Group/Groups_P10202_F10202001/LevelGroup_P10202_F10202001_G116.json",
      "DimensionFilter": {},
      "Name": "MainMission2020901_",
      "ID": 116
    },
    {
      "GroupGUID": "79881b7d-4e09-4653-8200-b2e576ca7db3",
      "GroupPath": "Config/LevelOutput/Group/Groups_P10202_F10202001/LevelGroup_P10202_F10202001_G117.json",
      "DimensionFilter": {},
      "Name": "MainMission2021602_01",
      "ID": 117
    },
    {
      "GroupGUID": "697ed206-3754-41a3-88ee-bb820ab7a640",
      "GroupPath": "Config/LevelOutput/Group/Groups_P10202_F10202001/LevelGroup_P10202_F10202001_G118.json",
      "DimensionFilter": {},
      "Name": "MainMission2020901_",
      "ID": 118
    },
    {
      "GroupGUID": "4b7fc451-e29b-40f3-a5c3-760a82588315",
      "GroupPath": "Config/LevelOutput/Group/Groups_P10202_F10202001/LevelGroup_P10202_F10202001_G119.json",
      "DimensionFilter": {
        "FilterType": "All"
      },
      "Name": "Bianzhong",
      "ID": 119
    },
    {
      "GroupGUID": "ec731941-9d0c-4a71-bf27-d95d9d4240e8",
      "GroupPath": "Config/LevelOutput/Group/Groups_P10202_F10202001/LevelGroup_P10202_F10202001_G120.json",
      "DimensionFilter": {},
      "Name": "MainMission2020203_",
      "ID": 120
    },
    {
      "GroupGUID": "edf6d037-8047-409b-84ee-00989a0527a5",
      "GroupPath": "Config/LevelOutput/Group/Groups_P10202_F10202001/LevelGroup_P10202_F10202001_G121.json",
      "DimensionFilter": {},
      "Name": "MainMission2020901_",
      "ID": 121
    },
    {
      "GroupGUID": "3c3219f4-13eb-49ff-b3e6-5e5fa3aa6378",
      "GroupPath": "Config/LevelOutput/Group/Groups_P10202_F10202001/LevelGroup_P10202_F10202001_G122.json",
      "DimensionFilter": {
        "FilterType": "All"
      },
      "Name": "DanShu_Diary01",
      "ID": 122
    },
    {
      "GroupGUID": "d5e2b5f2-0ecb-4a51-b2e6-8727fbd85a63",
      "GroupPath": "Config/LevelOutput/Group/Groups_P10202_F10202001/LevelGroup_P10202_F10202001_G123.json",
      "DimensionFilter": {},
      "Name": "MainMission1021702_BLQQ",
      "ID": 123
    },
    {
      "GroupGUID": "96e48505-cdec-44d0-b712-c4a254792f6a",
      "GroupPath": "Config/LevelOutput/Group/Groups_P10202_F10202001/LevelGroup_P10202_F10202001_G124.json",
      "DimensionFilter": {},
      "Name": "MainMission2020901_",
      "ID": 124
    },
    {
      "GroupGUID": "b0cc59b2-c1a0-4d3c-bf8f-243a3bbff5bd",
      "GroupPath": "Config/LevelOutput/Group/Groups_P10202_F10202001/LevelGroup_P10202_F10202001_G125.json",
      "DimensionFilter": {
        "FilterType": "All"
      },
      "Name": "MissionBook",
      "ID": 125
    },
    {
      "GroupGUID": "10d0dd1a-b168-41e9-ba15-be2600a12569",
      "GroupPath": "Config/LevelOutput/Group/Groups_P10202_F10202001/LevelGroup_P10202_F10202001_G126.json",
      "DimensionFilter": {
        "FilterType": "All"
      },
      "Name": "MissionBook",
      "ID": 126
    },
    {
      "GroupGUID": "552b521e-15ad-4951-91ed-2259016eefc9",
      "GroupPath": "Config/LevelOutput/Group/Groups_P10202_F10202001/LevelGroup_P10202_F10202001_G127.json",
      "DimensionFilter": {
        "FilterType": "All"
      },
      "Name": "MissionBook",
      "ID": 127
    },
    {
      "GroupGUID": "3665d612-72c9-4ed4-ac0e-79d48c794b2f",
      "GroupPath": "Config/LevelOutput/Group/Groups_P10202_F10202001/LevelGroup_P10202_F10202001_G128.json",
      "DimensionFilter": {
        "FilterType": "All"
      },
      "Name": "MissionBook",
      "ID": 128
    },
    {
      "GroupGUID": "e95be163-2f69-4a0e-bb47-0c9dd9104768",
      "GroupPath": "Config/LevelOutput/Group/Groups_P10202_F10202001/LevelGroup_P10202_F10202001_G129.json",
      "DimensionFilter": {},
      "Name": "MainMission2020901_",
      "ID": 129
    },
    {
      "GroupGUID": "a3e562a3-3169-4263-9817-b380eea41771",
      "GroupPath": "Config/LevelOutput/Group/Groups_P10202_F10202001/LevelGroup_P10202_F10202001_G130.json",
      "DimensionFilter": {},
      "Name": "MainMission8015102_Qingque",
      "ID": 130
    },
    {
      "GroupGUID": "2c4c9a09-e68c-4aeb-811b-9f7af631f5dc",
      "GroupPath": "Config/LevelOutput/Group/Groups_P10202_F10202001/LevelGroup_P10202_F10202001_G131.json",
      "DimensionFilter": {
        "FilterType": "All"
      },
      "Name": "NPCqingque",
      "ID": 131
    },
    {
      "GroupGUID": "078522bc-e0c7-4ac1-ac54-ee7127cf24b0",
      "GroupPath": "Config/LevelOutput/Group/Groups_P10202_F10202001/LevelGroup_P10202_F10202001_G133.json",
      "DimensionFilter": {
        "FilterType": "All"
      },
      "Name": "NPCWillGone",
      "ID": 133
    },
    {
      "GroupGUID": "ff14f6da-ec6e-4698-8fc4-f315be4a379e",
      "GroupPath": "Config/LevelOutput/Group/Groups_P10202_F10202001/LevelGroup_P10202_F10202001_G134.json",
      "DimensionFilter": {},
      "Name": "MainMission4040255_",
      "ID": 134
    },
    {
      "GroupGUID": "40940b4b-7b73-4bcc-9639-ec84d041890e",
      "GroupPath": "Config/LevelOutput/Group/Groups_P10202_F10202001/LevelGroup_P10202_F10202001_G135.json",
      "DimensionFilter": {},
      "Name": "MainMission4040255_",
      "ID": 135
    },
    {
      "GroupGUID": "6491b0a5-df0a-4939-8e96-aa4922a2a64f",
      "GroupPath": "Config/LevelOutput/Group/Groups_P10202_F10202001/LevelGroup_P10202_F10202001_G144.json",
      "DimensionFilter": {
        "FilterType": "All"
      },
      "Name": "CommandRobotPuzzle",
      "ID": 144
    },
    {
      "GroupGUID": "d20a45fb-e278-4074-863f-73d1ef497537",
      "GroupPath": "Config/LevelOutput/Group/Groups_P10202_F10202001/LevelGroup_P10202_F10202001_G150.json",
      "DimensionFilter": {},
      "Name": "MainMission8015152_02",
      "ID": 150
    },
    {
      "GroupGUID": "5e71e86c-6fd8-4582-bc79-7c792cc986c2",
      "GroupPath": "Config/LevelOutput/Group/Groups_P10202_F10202001/LevelGroup_P10202_F10202001_G151.json",
      "DimensionFilter": {},
      "Name": "MainMission8015151_801515101",
      "ID": 151
    },
    {
      "GroupGUID": "ec9f1e6a-435e-493b-a532-3407ce5d8a14",
      "GroupPath": "Config/LevelOutput/Group/Groups_P10202_F10202001/LevelGroup_P10202_F10202001_G152.json",
      "DimensionFilter": {},
      "Name": "MainMission8015153_8015153",
      "ID": 152
    },
    {
      "GroupGUID": "ec2a6412-a529-4c2a-9117-0595817d4024",
      "GroupPath": "Config/LevelOutput/Group/Groups_P10202_F10202001/LevelGroup_P10202_F10202001_G153.json",
      "DimensionFilter": {},
      "Name": "MainMission8015152_01",
      "ID": 153
    },
    {
      "GroupGUID": "4fac9186-3e28-4f53-9b45-773e489500e6",
      "GroupPath": "Config/LevelOutput/Group/Groups_P10202_F10202001/LevelGroup_P10202_F10202001_G154.json",
      "DimensionFilter": {},
      "Name": "MainMission8015152_03",
      "ID": 154
    },
    {
      "GroupGUID": "03ffc1bd-d26b-4e39-900b-2e5a86314a54",
      "GroupPath": "Config/LevelOutput/Group/Groups_P10202_F10202001/LevelGroup_P10202_F10202001_G155.json",
      "DimensionFilter": {},
      "Name": "MainMission8015152_04",
      "ID": 155
    },
    {
      "GroupGUID": "744623c6-6a9e-4e34-859f-21258e7e2ba6",
      "GroupPath": "Config/LevelOutput/Group/Groups_P10202_F10202001/LevelGroup_P10202_F10202001_G156.json",
      "DimensionFilter": {},
      "Name": "MainMission8014132_LinkBattle_Before",
      "ID": 156
    },
    {
      "GroupGUID": "7137eee7-9abd-448e-91fb-70c9d87e85ab",
      "GroupPath": "Config/LevelOutput/Group/Groups_P10202_F10202001/LevelGroup_P10202_F10202001_G157.json",
      "DimensionFilter": {},
      "Name": "MainMission8014132_LinkBattle_After",
      "ID": 157
    },
    {
      "GroupGUID": "17ebc49d-0890-4def-ad67-aa73993d07a8",
      "GroupPath": "Config/LevelOutput/Group/Groups_P10202_F10202001/LevelGroup_P10202_F10202001_G159.json",
      "ExportTarget": "Dev",
      "DimensionFilter": {},
      "Name": "MainMission9920001_01",
      "ID": 159,
      "IsDelete": true
    },
    {
      "GroupGUID": "5e496963-77bf-4227-9ea2-0e493e2aebb1",
      "GroupPath": "Config/LevelOutput/Group/Groups_P10202_F10202001/LevelGroup_P10202_F10202001_G160.json",
      "DimensionFilter": {},
      "Name": "MainMission4040260_1",
      "ID": 160
    },
    {
      "GroupGUID": "f3f38500-2c43-49d8-86b5-c2f617bb1a0e",
      "GroupPath": "Config/LevelOutput/Group/Groups_P10202_F10202001/LevelGroup_P10202_F10202001_G161.json",
      "DimensionFilter": {},
      "Name": "MainMission8014133_LinkAfter",
      "ID": 161
    },
    {
      "GroupGUID": "ee185d29-4cc2-4f9e-a2f1-bfb68e17e04c",
      "GroupPath": "Config/LevelOutput/Group/Groups_P10202_F10202001/LevelGroup_P10202_F10202001_G162.json",
      "DimensionFilter": {},
      "Name": "MainMission8015153_801515310",
      "ID": 162
    },
    {
      "GroupGUID": "5cc58c8b-2fe3-4417-8831-1bf21a4f56fc",
      "GroupPath": "Config/LevelOutput/Group/Groups_P10202_F10202001/LevelGroup_P10202_F10202001_G163.json",
      "DimensionFilter": {},
      "Name": "MainMission8015153_801515310",
      "ID": 163
    },
    {
      "GroupGUID": "3646fe85-866d-494f-9c7f-6c6b2d0ff0d8",
      "GroupPath": "Config/LevelOutput/Group/Groups_P10202_F10202001/LevelGroup_P10202_F10202001_G164.json",
      "DimensionFilter": {},
      "Name": "MainMission2020111_01",
      "ID": 164
    },
    {
      "GroupGUID": "ec8678cd-f6b1-43dc-bc33-ec2fc2f4af16",
      "GroupPath": "Config/LevelOutput/Group/Groups_P10202_F10202001/LevelGroup_P10202_F10202001_G166.json",
      "DimensionFilter": {},
      "Name": "MainMission8015161_1",
      "ID": 166
    },
    {
      "GroupGUID": "cfd65269-42db-4550-a767-36250e75351c",
      "GroupPath": "Config/LevelOutput/Group/Groups_P10202_F10202001/LevelGroup_P10202_F10202001_G167.json",
      "DimensionFilter": {},
      "Name": "MainMission8015172_02",
      "ID": 167
    },
    {
      "GroupGUID": "45204cbb-a9e9-44d8-97d8-b06c071783a3",
      "GroupPath": "Config/LevelOutput/Group/Groups_P10202_F10202001/LevelGroup_P10202_F10202001_G168.json",
      "DimensionFilter": {},
      "Name": "MainMission8015172_06",
      "ID": 168
    },
    {
      "GroupGUID": "574529f5-10cd-4e01-b4b0-0892f65d90a8",
      "GroupPath": "Config/LevelOutput/Group/Groups_P10202_F10202001/LevelGroup_P10202_F10202001_G169.json",
      "DimensionFilter": {
        "FilterType": "All"
      },
      "Name": "Reading",
      "ID": 169
    },
    {
      "GroupGUID": "fed5b835-636c-42f3-89c4-069ab4d037d6",
      "GroupPath": "Config/LevelOutput/Group/Groups_P10202_F10202001/LevelGroup_P10202_F10202001_G171.json",
      "DimensionFilter": {},
      "Name": "MainMission8017101_801710102",
      "ID": 171
    },
    {
      "GroupGUID": "4ad48ddf-d67a-4549-97c2-d7026d5c5717",
      "GroupPath": "Config/LevelOutput/Group/Groups_P10202_F10202001/LevelGroup_P10202_F10202001_G172.json",
      "DimensionFilter": {},
      "Name": "MainMission8017101_801710103",
      "ID": 172
    },
    {
      "GroupGUID": "848bc0f8-bb94-4e04-bdd7-9b8c75d8b22b",
      "GroupPath": "Config/LevelOutput/Group/Groups_P10202_F10202001/LevelGroup_P10202_F10202001_G173.json",
      "DimensionFilter": {},
      "Name": "MainMission8017101_801710104",
      "ID": 173
    },
    {
      "GroupGUID": "e1c8abc6-731b-4062-b35b-8e5bd1e0ec5c",
      "GroupPath": "Config/LevelOutput/Group/Groups_P10202_F10202001/LevelGroup_P10202_F10202001_G177.json",
      "DimensionFilter": {},
      "Name": "MainMission8017101_801710103",
      "ID": 177
    }
  ],
  "DefaultEnviroProfile": "Stages/Outputs/Chapter02/EnviroProfile/Chap02_CloseView_ADV_X02_Sanctum_Night.enviroProfile.asset",
  "StageData": "Stages/Outputs/Chapter02/Stages/Chap02_ADV_X02_Sanctum_StageData/Chap02_ADV_X02_Sanctum_StageData.stage",
  "TimeOfDayEnviroProfileMap": {},
  "LayerToAreaMask": [
    1
  ],
  "FloorCustomData": {
    "SavedValues": [
      {
        "ID": 1,
        "Name": "LoadBianZhong",
        "AllowedValues": [],
        "MaxValue": 1
      },
      {
        "ID": 2,
        "Name": "ChallengeStoryEntrance",
        "AllowedValues": [
          0,
          1
        ],
        "MaxValue": 1
      }
    ]
  },
  "BattleAreaList": [],
  "DimensionList": [
    {}
  ],
  "NavmapConfigPath": "Config/LevelOutput/Map/MapInfo_P10202_F10202001.json",
  "EnableGroupStreaming": false,
  "EnableGroupSpaceConflict": false,
  "IsRestartLevelGraph": false
}