{
  "FloorID": 10202004,
  "FloorName": "FloorName_10202004",
  "StartGroupID": 1,
  "StartAnchorID": 1,
  "GroupList": [
    {
      "GroupGUID": "d20dff27-5615-47a7-a094-bc3c03b27c7a",
      "GroupPath": "Config/LevelOutput/Group/Groups_P10202_F10202004/LevelGroup_P10202_F10202004_G1.json",
      "DimensionFilter": {
        "FilterType": "All"
      },
      "Name": "DefaultGroup",
      "ID": 1
    },
    {
      "GroupGUID": "e587aa1b-eacd-48f2-b157-9333b0bafa07",
      "GroupPath": "Config/LevelOutput/Group/Groups_P10202_F10202004/LevelGroup_P10202_F10202004_G2.json",
      "DimensionFilter": {},
      "Name": "MainMission1021702_AfterStoryJR",
      "ID": 2
    },
    {
      "GroupGUID": "7cd6fb5f-e85d-4caf-8372-77883e39bca0",
      "GroupPath": "Config/LevelOutput/Group/Groups_P10202_F10202004/LevelGroup_P10202_F10202004_G3.json",
      "DimensionFilter": {
        "FilterType": "All"
      },
      "Name": "Cargo",
      "ID": 3
    },
    {
      "GroupGUID": "5c2fc351-40ce-42a9-b4ea-2cbb509e8699",
      "GroupPath": "Config/LevelOutput/Group/Groups_P10202_F10202004/LevelGroup_P10202_F10202004_G4.json",
      "DimensionFilter": {
        "FilterType": "All"
      },
      "Name": "PreformanceTest",
      "ID": 4
    },
    {
      "GroupGUID": "ac1ca0d1-76c1-4d0a-8259-61ca992ac2a6",
      "GroupPath": "Config/LevelOutput/Group/Groups_P10202_F10202004/LevelGroup_P10202_F10202004_G5.json",
      "DimensionFilter": {
        "FilterType": "All"
      },
      "Name": "BirdPath02",
      "ID": 5
    },
    {
      "GroupGUID": "112d9821-4021-48c3-b777-dad695c9daba",
      "GroupPath": "Config/LevelOutput/Group/Groups_P10202_F10202004/LevelGroup_P10202_F10202004_G161.json",
      "DimensionFilter": {
        "FilterType": "All"
      },
      "Name": "BirdPath03",
      "ID": 161
    },
    {
      "GroupGUID": "d34d5556-7519-4e25-aade-ca54b118b4c1",
      "GroupPath": "Config/LevelOutput/Group/Groups_P10202_F10202004/LevelGroup_P10202_F10202004_G163.json",
      "DimensionFilter": {
        "FilterType": "All"
      },
      "Name": "BirdPath05",
      "ID": 163
    },
    {
      "GroupGUID": "8cfc1d63-7c88-42f7-bd12-d30ea4ca0d65",
      "GroupPath": "Config/LevelOutput/Group/Groups_P10202_F10202004/LevelGroup_P10202_F10202004_G162.json",
      "DimensionFilter": {
        "FilterType": "All"
      },
      "Name": "BirdPath04",
      "ID": 162
    },
    {
      "GroupGUID": "e773555c-de0e-488d-8e33-5466f5d4ae21",
      "GroupPath": "Config/LevelOutput/Group/Groups_P10202_F10202004/LevelGroup_P10202_F10202004_G164.json",
      "DimensionFilter": {
        "FilterType": "All"
      },
      "Name": "BirdPath06",
      "ID": 164
    },
    {
      "GroupGUID": "94c7fe24-e77a-4fcb-bcd2-a68fe183fb9c",
      "GroupPath": "Config/LevelOutput/Group/Groups_P10202_F10202004/LevelGroup_P10202_F10202004_G165.json",
      "DimensionFilter": {
        "FilterType": "All"
      },
      "Name": "BirdPath08",
      "ID": 165
    },
    {
      "GroupGUID": "a1b3e5bd-6a33-4d59-a8c7-c062dba3dc86",
      "GroupPath": "Config/LevelOutput/Group/Groups_P10202_F10202004/LevelGroup_P10202_F10202004_G189.json",
      "DimensionFilter": {
        "FilterType": "All"
      },
      "Name": "BirdPath01",
      "ID": 189
    },
    {
      "GroupGUID": "7e543153-7ca4-4697-abdf-1aa779a3f7ab",
      "GroupPath": "Config/LevelOutput/Group/Groups_P10202_F10202004/LevelGroup_P10202_F10202004_G190.json",
      "DimensionFilter": {
        "FilterType": "All"
      },
      "Name": "BirdPath07",
      "ID": 190
    },
    {
      "GroupGUID": "72c3772a-a75b-496e-a4ad-55e5e2be23f6",
      "GroupPath": "Config/LevelOutput/Group/Groups_P10202_F10202004/LevelGroup_P10202_F10202004_G191.json",
      "DimensionFilter": {
        "FilterType": "All"
      },
      "Name": "BirdPath09",
      "ID": 191
    },
    {
      "GroupGUID": "17d8f5d2-9aa5-45f0-92d5-ed515a880aa1",
      "GroupPath": "Config/LevelOutput/Group/Groups_P10202_F10202004/LevelGroup_P10202_F10202004_G192.json",
      "DimensionFilter": {
        "FilterType": "All"
      },
      "Name": "BirdPath",
      "ID": 192
    },
    {
      "GroupGUID": "93c08309-9fb5-437c-bcf8-f31ed8bbef36",
      "GroupPath": "Config/LevelOutput/Group/Groups_P10202_F10202004/LevelGroup_P10202_F10202004_G52.json",
      "DimensionFilter": {
        "FilterType": "All"
      },
      "Name": "Exit-Alley",
      "ID": 52
    },
    {
      "GroupGUID": "c3c756b1-73b7-4625-be59-4dcffb9832c9",
      "GroupPath": "Config/LevelOutput/Group/Groups_P10202_F10202004/LevelGroup_P10202_F10202004_G25.json",
      "DimensionFilter": {
        "FilterType": "All"
      },
      "Name": "CrowdBeforeAfter",
      "ID": 25
    },
    {
      "GroupGUID": "9a1a82a2-a49e-4a65-a17f-3bbf282b42e0",
      "GroupPath": "Config/LevelOutput/Group/Groups_P10202_F10202004/LevelGroup_P10202_F10202004_G7.json",
      "DimensionFilter": {
        "FilterType": "All"
      },
      "Name": "CrowdBeforeChange",
      "ID": 7
    },
    {
      "GroupGUID": "4cf0d62a-d2bb-4bb1-bec2-547a2ec1d841",
      "GroupPath": "Config/LevelOutput/Group/Groups_P10202_F10202004/LevelGroup_P10202_F10202004_G6.json",
      "DimensionFilter": {
        "FilterType": "All"
      },
      "Name": "CrowdMember",
      "ID": 6
    },
    {
      "GroupGUID": "d1cf276f-bee5-4328-afcd-02f5c09885d2",
      "GroupPath": "Config/LevelOutput/Group/Groups_P10202_F10202004/LevelGroup_P10202_F10202004_G9.json",
      "DimensionFilter": {
        "FilterType": "All"
      },
      "Name": "CrowdEat_Before",
      "ID": 9
    },
    {
      "GroupGUID": "eacd3e29-0bd5-4922-97de-db297b96d265",
      "GroupPath": "Config/LevelOutput/Group/Groups_P10202_F10202004/LevelGroup_P10202_F10202004_G10.json",
      "DimensionFilter": {
        "FilterType": "All"
      },
      "Name": "CrowdEat_After",
      "ID": 10
    },
    {
      "GroupGUID": "2f9ede5b-dc41-4c66-85bf-13aa2acdb6e9",
      "GroupPath": "Config/LevelOutput/Group/Groups_P10202_F10202004/LevelGroup_P10202_F10202004_G11.json",
      "DimensionFilter": {
        "FilterType": "All"
      },
      "Name": "CrowdPhone_Before",
      "ID": 11
    },
    {
      "GroupGUID": "950611da-b303-4272-9ec4-21d21221e0e8",
      "GroupPath": "Config/LevelOutput/Group/Groups_P10202_F10202004/LevelGroup_P10202_F10202004_G12.json",
      "DimensionFilter": {
        "FilterType": "All"
      },
      "Name": "CrowdPhone_After",
      "ID": 12
    },
    {
      "GroupGUID": "7a6ce184-4049-45fc-b575-a9af2744b1d8",
      "GroupPath": "Config/LevelOutput/Group/Groups_P10202_F10202004/LevelGroup_P10202_F10202004_G13.json",
      "DimensionFilter": {
        "FilterType": "All"
      },
      "Name": "CrowdMed_Before",
      "ID": 13
    },
    {
      "GroupGUID": "644c5dc4-42cf-4506-a155-0163fc5e2f50",
      "GroupPath": "Config/LevelOutput/Group/Groups_P10202_F10202004/LevelGroup_P10202_F10202004_G14.json",
      "DimensionFilter": {
        "FilterType": "All"
      },
      "Name": "CrowdMed_After",
      "ID": 14
    },
    {
      "GroupGUID": "74b05099-4b64-4c9d-acb0-1324a1c7da95",
      "GroupPath": "Config/LevelOutput/Group/Groups_P10202_F10202004/LevelGroup_P10202_F10202004_G15.json",
      "DimensionFilter": {
        "FilterType": "All"
      },
      "Name": "CrowdEatA_Before",
      "ID": 15
    },
    {
      "GroupGUID": "1eba0c30-16b5-40cb-a0db-be9f9d6f3bf6",
      "GroupPath": "Config/LevelOutput/Group/Groups_P10202_F10202004/LevelGroup_P10202_F10202004_G16.json",
      "DimensionFilter": {
        "FilterType": "All"
      },
      "Name": "CrowdEatA_After",
      "ID": 16
    },
    {
      "GroupGUID": "e329aa61-24fb-48e8-8af7-447dbb3f287d",
      "GroupPath": "Config/LevelOutput/Group/Groups_P10202_F10202004/LevelGroup_P10202_F10202004_G17.json",
      "DimensionFilter": {
        "FilterType": "All"
      },
      "Name": "CrowdEatBig_Before",
      "ID": 17
    },
    {
      "GroupGUID": "d6717a26-1c05-4236-9272-c6e799b45fea",
      "GroupPath": "Config/LevelOutput/Group/Groups_P10202_F10202004/LevelGroup_P10202_F10202004_G18.json",
      "DimensionFilter": {
        "FilterType": "All"
      },
      "Name": "CrowdEatBig_After",
      "ID": 18
    },
    {
      "GroupGUID": "1e9c9762-1a53-4522-aa65-7721a6276811",
      "GroupPath": "Config/LevelOutput/Group/Groups_P10202_F10202004/LevelGroup_P10202_F10202004_G19.json",
      "DimensionFilter": {
        "FilterType": "All"
      },
      "Name": "CrowdFakeTea_Before",
      "ID": 19
    },
    {
      "GroupGUID": "fd3715c0-e238-4873-8b7d-8ae495d4cef7",
      "GroupPath": "Config/LevelOutput/Group/Groups_P10202_F10202004/LevelGroup_P10202_F10202004_G20.json",
      "DimensionFilter": {
        "FilterType": "All"
      },
      "Name": "CrowdFakeTea_After",
      "ID": 20
    },
    {
      "GroupGUID": "27ebc32f-854e-4bb1-bcc2-e163e7e494a5",
      "GroupPath": "Config/LevelOutput/Group/Groups_P10202_F10202004/LevelGroup_P10202_F10202004_G21.json",
      "DimensionFilter": {
        "FilterType": "All"
      },
      "Name": "CrowdEatB_Before",
      "ID": 21
    },
    {
      "GroupGUID": "4d766be4-670f-49c1-86c3-17b7472b2e8b",
      "GroupPath": "Config/LevelOutput/Group/Groups_P10202_F10202004/LevelGroup_P10202_F10202004_G22.json",
      "DimensionFilter": {
        "FilterType": "All"
      },
      "Name": "CrowdEatB_After",
      "ID": 22
    },
    {
      "GroupGUID": "50281380-a336-4ee9-a683-98e5713fadb6",
      "GroupPath": "Config/LevelOutput/Group/Groups_P10202_F10202004/LevelGroup_P10202_F10202004_G23.json",
      "DimensionFilter": {
        "FilterType": "All"
      },
      "Name": "CrowdDark_Before",
      "ID": 23
    },
    {
      "GroupGUID": "70b1f494-1d05-419d-bc7d-1d76b5d14921",
      "GroupPath": "Config/LevelOutput/Group/Groups_P10202_F10202004/LevelGroup_P10202_F10202004_G24.json",
      "DimensionFilter": {
        "FilterType": "All"
      },
      "Name": "CrowdDark_After",
      "ID": 24
    },
    {
      "GroupGUID": "1bae6a2a-0b04-4dda-8572-6804efd40284",
      "GroupPath": "Config/LevelOutput/Group/Groups_P10202_F10202004/LevelGroup_P10202_F10202004_G26.json",
      "DimensionFilter": {
        "FilterType": "All"
      },
      "Name": "CrowdOld_Before",
      "ID": 26
    },
    {
      "GroupGUID": "4e74d32e-b80e-4d0f-bf43-99bfbeb92c17",
      "GroupPath": "Config/LevelOutput/Group/Groups_P10202_F10202004/LevelGroup_P10202_F10202004_G27.json",
      "DimensionFilter": {
        "FilterType": "All"
      },
      "Name": "CrowdOld_After",
      "ID": 27
    },
    {
      "GroupGUID": "a0067278-946e-457e-a93b-ef0080e1a3d1",
      "GroupPath": "Config/LevelOutput/Group/Groups_P10202_F10202004/LevelGroup_P10202_F10202004_G85.json",
      "DimensionFilter": {
        "FilterType": "All"
      },
      "Name": "DefaultChest",
      "ID": 85
    },
    {
      "GroupGUID": "71f74ab1-3318-4192-ac38-b61ac82373f5",
      "GroupPath": "Config/LevelOutput/Group/Groups_P10202_F10202004/LevelGroup_P10202_F10202004_G29.json",
      "DimensionFilter": {
        "FilterType": "All"
      },
      "Name": "AssistantNPC",
      "ID": 29
    },
    {
      "GroupGUID": "c65c4093-370f-4612-ac35-4c1882c18ff6",
      "GroupPath": "Config/LevelOutput/Group/Groups_P10202_F10202004/LevelGroup_P10202_F10202004_G30.json",
      "DimensionFilter": {
        "FilterType": "All"
      },
      "Name": "New Group",
      "ID": 30
    },
    {
      "GroupGUID": "df4509f1-0545-4e85-b288-928076e86c56",
      "GroupPath": "Config/LevelOutput/Group/Groups_P10202_F10202004/LevelGroup_P10202_F10202004_G32.json",
      "DimensionFilter": {},
      "Name": "MainMission8003202_01",
      "ID": 32
    },
    {
      "GroupGUID": "6f9ca666-f27e-4e3f-9dcf-57a695fed930",
      "GroupPath": "Config/LevelOutput/Group/Groups_P10202_F10202004/LevelGroup_P10202_F10202004_G33.json",
      "DimensionFilter": {},
      "Name": "MainMission8003202_02",
      "ID": 33
    },
    {
      "GroupGUID": "81f341fd-b3c8-4774-96e6-993ea7d9de4b",
      "GroupPath": "Config/LevelOutput/Group/Groups_P10202_F10202004/LevelGroup_P10202_F10202004_G34.json",
      "DimensionFilter": {},
      "Name": "MainMission8003202_03",
      "ID": 34
    },
    {
      "GroupGUID": "90d30259-a55f-4c6a-926b-40f8c09fe774",
      "GroupPath": "Config/LevelOutput/Group/Groups_P10202_F10202004/LevelGroup_P10202_F10202004_G35.json",
      "DimensionFilter": {},
      "Name": "MainMission8003202_04",
      "ID": 35
    },
    {
      "GroupGUID": "88f34060-f2b3-4385-a0c1-e2902193d973",
      "GroupPath": "Config/LevelOutput/Group/Groups_P10202_F10202004/LevelGroup_P10202_F10202004_G175.json",
      "DimensionFilter": {},
      "Name": "MainMission8003202_04_02",
      "ID": 175
    },
    {
      "GroupGUID": "f9a9cd5c-f600-4d1d-b2b7-0cd7ad0494fe",
      "GroupPath": "Config/LevelOutput/Group/Groups_P10202_F10202004/LevelGroup_P10202_F10202004_G36.json",
      "DimensionFilter": {},
      "Name": "MainMission8003202_05",
      "ID": 36
    },
    {
      "GroupGUID": "011fc05a-b5e5-4cbe-932c-473bbfd281ce",
      "GroupPath": "Config/LevelOutput/Group/Groups_P10202_F10202004/LevelGroup_P10202_F10202004_G289.json",
      "DimensionFilter": {},
      "Name": "MainMission8003202_05_02",
      "ID": 289
    },
    {
      "GroupGUID": "5d9693fa-180a-4d34-9726-acf8322d50fd",
      "GroupPath": "Config/LevelOutput/Group/Groups_P10202_F10202004/LevelGroup_P10202_F10202004_G37.json",
      "DimensionFilter": {},
      "Name": "MainMission8003202_06",
      "ID": 37
    },
    {
      "GroupGUID": "bc305c4b-8bd7-4f6c-aba7-c34dfe42afde",
      "GroupPath": "Config/LevelOutput/Group/Groups_P10202_F10202004/LevelGroup_P10202_F10202004_G38.json",
      "DimensionFilter": {},
      "Name": "MainMission8003202_07",
      "ID": 38
    },
    {
      "GroupGUID": "b2fd008b-66e9-448f-84b5-f951a827a04d",
      "GroupPath": "Config/LevelOutput/Group/Groups_P10202_F10202004/LevelGroup_P10202_F10202004_G197.json",
      "DimensionFilter": {},
      "Name": "MainMission8003202_07_2",
      "ID": 197
    },
    {
      "GroupGUID": "b0048dae-36e4-4ef5-a972-12054f9a564f",
      "GroupPath": "Config/LevelOutput/Group/Groups_P10202_F10202004/LevelGroup_P10202_F10202004_G200.json",
      "DimensionFilter": {},
      "Name": "MainMission8003202_07_3",
      "ID": 200
    },
    {
      "GroupGUID": "7875c112-93e5-43e2-891b-126ba921e586",
      "GroupPath": "Config/LevelOutput/Group/Groups_P10202_F10202004/LevelGroup_P10202_F10202004_G39.json",
      "DimensionFilter": {},
      "Name": "MainMission8003202_08",
      "ID": 39
    },
    {
      "GroupGUID": "b8a09bd4-138e-4984-a5f9-cfa12d8ded23",
      "GroupPath": "Config/LevelOutput/Group/Groups_P10202_F10202004/LevelGroup_P10202_F10202004_G40.json",
      "DimensionFilter": {},
      "Name": "MainMission8003202_09",
      "ID": 40
    },
    {
      "GroupGUID": "a89ea94b-9ccd-4f33-bf37-f7ace58cf5be",
      "GroupPath": "Config/LevelOutput/Group/Groups_P10202_F10202004/LevelGroup_P10202_F10202004_G211.json",
      "DimensionFilter": {},
      "Name": "MainMission8003202_09_2",
      "ID": 211
    },
    {
      "GroupGUID": "91d954d7-5f5e-4791-b496-c908cae24259",
      "GroupPath": "Config/LevelOutput/Group/Groups_P10202_F10202004/LevelGroup_P10202_F10202004_G41.json",
      "DimensionFilter": {},
      "Name": "MainMission8003213_01",
      "ID": 41
    },
    {
      "GroupGUID": "3bee6286-b9ba-4ab3-8464-bc9b4df5d1f7",
      "GroupPath": "Config/LevelOutput/Group/Groups_P10202_F10202004/LevelGroup_P10202_F10202004_G42.json",
      "DimensionFilter": {},
      "Name": "MainMission8003213_02",
      "ID": 42
    },
    {
      "GroupGUID": "e5624151-d853-4d21-829a-2d348f7512fa",
      "GroupPath": "Config/LevelOutput/Group/Groups_P10202_F10202004/LevelGroup_P10202_F10202004_G43.json",
      "DimensionFilter": {},
      "Name": "MainMission8003202_12",
      "ID": 43
    },
    {
      "GroupGUID": "84794ce2-2477-431e-a608-1eaaeab2415b",
      "GroupPath": "Config/LevelOutput/Group/Groups_P10202_F10202004/LevelGroup_P10202_F10202004_G44.json",
      "DimensionFilter": {},
      "Name": "MainMission8003213_04",
      "ID": 44
    },
    {
      "GroupGUID": "6116edeb-a99b-4f72-a6ea-eb1d5f0f52d1",
      "GroupPath": "Config/LevelOutput/Group/Groups_P10202_F10202004/LevelGroup_P10202_F10202004_G79.json",
      "DimensionFilter": {},
      "Name": "MainMission8003214_01",
      "ID": 79,
      "IsDelete": true
    },
    {
      "GroupGUID": "2ab29e65-526b-4306-afa4-a1193f179d70",
      "GroupPath": "Config/LevelOutput/Group/Groups_P10202_F10202004/LevelGroup_P10202_F10202004_G53.json",
      "DimensionFilter": {},
      "Name": "MainMission8003217_01",
      "ID": 53,
      "IsDelete": true
    },
    {
      "GroupGUID": "cf107232-a333-4e96-8459-74ab7a7444b6",
      "GroupPath": "Config/LevelOutput/Group/Groups_P10202_F10202004/LevelGroup_P10202_F10202004_G89.json",
      "DimensionFilter": {},
      "Name": "MainMission8003217_01",
      "ID": 89
    },
    {
      "GroupGUID": "48a3c19b-17dc-4cff-a8e9-817645876f5b",
      "GroupPath": "Config/LevelOutput/Group/Groups_P10202_F10202004/LevelGroup_P10202_F10202004_G46.json",
      "DimensionFilter": {},
      "Name": "MainMission8003203_01",
      "ID": 46
    },
    {
      "GroupGUID": "73c10fd7-dbb8-4044-856e-494d85798855",
      "GroupPath": "Config/LevelOutput/Group/Groups_P10202_F10202004/LevelGroup_P10202_F10202004_G101.json",
      "DimensionFilter": {},
      "Name": "MainMission8003203_01_2",
      "ID": 101
    },
    {
      "GroupGUID": "2ab2a0a2-b961-4a23-b31f-bed5f3f2f856",
      "GroupPath": "Config/LevelOutput/Group/Groups_P10202_F10202004/LevelGroup_P10202_F10202004_G102.json",
      "DimensionFilter": {},
      "Name": "MainMission8003203_01_3",
      "ID": 102
    },
    {
      "GroupGUID": "fe443d24-5b9a-49bf-bfec-cd6c8308edb7",
      "GroupPath": "Config/LevelOutput/Group/Groups_P10202_F10202004/LevelGroup_P10202_F10202004_G47.json",
      "DimensionFilter": {},
      "Name": "MainMission8003203_02",
      "ID": 47
    },
    {
      "GroupGUID": "b5008e6f-5f47-4918-8904-cfcfe46480ae",
      "GroupPath": "Config/LevelOutput/Group/Groups_P10202_F10202004/LevelGroup_P10202_F10202004_G103.json",
      "DimensionFilter": {},
      "Name": "MainMission8003203_02_2",
      "ID": 103
    },
    {
      "GroupGUID": "00ac2d95-15ed-4987-b3e6-ccfac9551442",
      "GroupPath": "Config/LevelOutput/Group/Groups_P10202_F10202004/LevelGroup_P10202_F10202004_G48.json",
      "DimensionFilter": {},
      "Name": "MainMission8003203_03",
      "ID": 48
    },
    {
      "GroupGUID": "f41d4ff4-88d3-4a61-801e-99e1e1c26fb5",
      "GroupPath": "Config/LevelOutput/Group/Groups_P10202_F10202004/LevelGroup_P10202_F10202004_G202.json",
      "DimensionFilter": {},
      "Name": "MainMission8003203_03_2",
      "ID": 202
    },
    {
      "GroupGUID": "8d08b9fb-fd98-4478-895c-c55975d0387e",
      "GroupPath": "Config/LevelOutput/Group/Groups_P10202_F10202004/LevelGroup_P10202_F10202004_G203.json",
      "DimensionFilter": {},
      "Name": "MainMission8003203_03_3",
      "ID": 203
    },
    {
      "GroupGUID": "7cbffa8d-7c95-476d-8d8b-ff3f70230e1b",
      "GroupPath": "Config/LevelOutput/Group/Groups_P10202_F10202004/LevelGroup_P10202_F10202004_G49.json",
      "DimensionFilter": {},
      "Name": "MainMission8003203_04",
      "ID": 49
    },
    {
      "GroupGUID": "80cd14a8-f8c3-45a8-8c0b-7a804b15bb34",
      "GroupPath": "Config/LevelOutput/Group/Groups_P10202_F10202004/LevelGroup_P10202_F10202004_G74.json",
      "DimensionFilter": {},
      "Name": "MainMission8003203_04_2",
      "ID": 74
    },
    {
      "GroupGUID": "91884242-49a6-4e97-b261-aebbe937a882",
      "GroupPath": "Config/LevelOutput/Group/Groups_P10202_F10202004/LevelGroup_P10202_F10202004_G50.json",
      "DimensionFilter": {},
      "Name": "MainMission8003203_05",
      "ID": 50
    },
    {
      "GroupGUID": "180a2021-930c-44dd-8c5d-bdcee5e0ab6a",
      "GroupPath": "Config/LevelOutput/Group/Groups_P10202_F10202004/LevelGroup_P10202_F10202004_G75.json",
      "DimensionFilter": {},
      "Name": "MainMission8003203_05_2",
      "ID": 75
    },
    {
      "GroupGUID": "2da9ea25-907c-467a-889f-2f0067928794",
      "GroupPath": "Config/LevelOutput/Group/Groups_P10202_F10202004/LevelGroup_P10202_F10202004_G51.json",
      "DimensionFilter": {},
      "Name": "MainMission8003203_06",
      "ID": 51
    },
    {
      "GroupGUID": "7f23c3d6-e745-45d0-a737-6435a73c0c9d",
      "GroupPath": "Config/LevelOutput/Group/Groups_P10202_F10202004/LevelGroup_P10202_F10202004_G76.json",
      "DimensionFilter": {},
      "Name": "MainMission8003203_06_2",
      "ID": 76
    },
    {
      "GroupGUID": "a94612cc-9c18-4554-a289-10f2cd8c4e12",
      "GroupPath": "Config/LevelOutput/Group/Groups_P10202_F10202004/LevelGroup_P10202_F10202004_G61.json",
      "DimensionFilter": {},
      "Name": "MainMission8003203_07",
      "ID": 61
    },
    {
      "GroupGUID": "b235383c-37c1-4fea-b175-a6bda17ec54e",
      "GroupPath": "Config/LevelOutput/Group/Groups_P10202_F10202004/LevelGroup_P10202_F10202004_G133.json",
      "DimensionFilter": {},
      "Name": "MainMission8003203_07_2",
      "ID": 133
    },
    {
      "GroupGUID": "e0d6d4fa-fba9-4440-9fff-290558cd1f68",
      "GroupPath": "Config/LevelOutput/Group/Groups_P10202_F10202004/LevelGroup_P10202_F10202004_G77.json",
      "DimensionFilter": {},
      "Name": "MainMission8003203_08",
      "ID": 77
    },
    {
      "GroupGUID": "489c2ec2-1e54-40c5-82e8-1b6a9c0dd374",
      "GroupPath": "Config/LevelOutput/Group/Groups_P10202_F10202004/LevelGroup_P10202_F10202004_G82.json",
      "DimensionFilter": {},
      "Name": "MainMission8003215_01",
      "ID": 82,
      "IsDelete": true
    },
    {
      "GroupGUID": "9dc29cf1-884c-42be-b572-caba85fcceec",
      "GroupPath": "Config/LevelOutput/Group/Groups_P10202_F10202004/LevelGroup_P10202_F10202004_G277.json",
      "DimensionFilter": {
        "FilterType": "All"
      },
      "Name": "Cam_Special",
      "ID": 277
    },
    {
      "GroupGUID": "cf4ea1d2-9136-4690-9dff-5ab1889dd7d2",
      "GroupPath": "Config/LevelOutput/Group/Groups_P10202_F10202004/LevelGroup_P10202_F10202004_G84.json",
      "DimensionFilter": {},
      "Name": "MainMission8003205_00",
      "ID": 84,
      "IsDelete": true
    },
    {
      "GroupGUID": "a28cf9d1-1420-4386-b42a-f5b8deaa3267",
      "GroupPath": "Config/LevelOutput/Group/Groups_P10202_F10202004/LevelGroup_P10202_F10202004_G54.json",
      "DimensionFilter": {},
      "Name": "MainMission8003205_01",
      "ID": 54
    },
    {
      "GroupGUID": "b1e0e43a-f3d1-4444-a2f8-0ec9755b654c",
      "GroupPath": "Config/LevelOutput/Group/Groups_P10202_F10202004/LevelGroup_P10202_F10202004_G55.json",
      "DimensionFilter": {},
      "Name": "MainMission8003205_02",
      "ID": 55
    },
    {
      "GroupGUID": "bcb8e66e-0c1c-493d-a0dc-de5c9cebabed",
      "GroupPath": "Config/LevelOutput/Group/Groups_P10202_F10202004/LevelGroup_P10202_F10202004_G56.json",
      "DimensionFilter": {},
      "Name": "MainMission8003206_01",
      "ID": 56
    },
    {
      "GroupGUID": "6066de6d-84f0-4147-a6dc-83e4f0762ee6",
      "GroupPath": "Config/LevelOutput/Group/Groups_P10202_F10202004/LevelGroup_P10202_F10202004_G57.json",
      "DimensionFilter": {},
      "Name": "MainMission8003206_02",
      "ID": 57
    },
    {
      "GroupGUID": "6e25bde2-f3e2-46a5-84a6-eda4bd129b8b",
      "GroupPath": "Config/LevelOutput/Group/Groups_P10202_F10202004/LevelGroup_P10202_F10202004_G223.json",
      "DimensionFilter": {},
      "Name": "MainMission8003206_02_2",
      "ID": 223
    },
    {
      "GroupGUID": "e4ee1525-6894-4a72-b872-dd6d66644f45",
      "GroupPath": "Config/LevelOutput/Group/Groups_P10202_F10202004/LevelGroup_P10202_F10202004_G58.json",
      "DimensionFilter": {},
      "Name": "MainMission8003206_03",
      "ID": 58
    },
    {
      "GroupGUID": "d9b09182-f132-4e20-bd8a-e3a2122ad1b2",
      "GroupPath": "Config/LevelOutput/Group/Groups_P10202_F10202004/LevelGroup_P10202_F10202004_G96.json",
      "DimensionFilter": {},
      "Name": "MainMission8003206_04",
      "ID": 96
    },
    {
      "GroupGUID": "e63b1384-f496-4229-9f3f-0a441eb17086",
      "GroupPath": "Config/LevelOutput/Group/Groups_P10202_F10202004/LevelGroup_P10202_F10202004_G86.json",
      "DimensionFilter": {},
      "Name": "MainMission8003206_06",
      "ID": 86
    },
    {
      "GroupGUID": "94206e7e-ab25-47f9-b0aa-2f50b03b055f",
      "GroupPath": "Config/LevelOutput/Group/Groups_P10202_F10202004/LevelGroup_P10202_F10202004_G59.json",
      "DimensionFilter": {},
      "Name": "MainMission8003206_04",
      "ID": 59
    },
    {
      "GroupGUID": "7fb0d8e9-fd05-4afa-bdd2-1951696ae343",
      "GroupPath": "Config/LevelOutput/Group/Groups_P10202_F10202004/LevelGroup_P10202_F10202004_G60.json",
      "DimensionFilter": {},
      "Name": "MainMission8003206_05",
      "ID": 60
    },
    {
      "GroupGUID": "c74f63e5-dbcf-446a-81ee-bb981bf8ff02",
      "GroupPath": "Config/LevelOutput/Group/Groups_P10202_F10202004/LevelGroup_P10202_F10202004_G80.json",
      "DimensionFilter": {},
      "Name": "MainMission8003218_01",
      "ID": 80,
      "IsDelete": true
    },
    {
      "GroupGUID": "0d02bf70-684f-45d4-9a28-14619835d2ca",
      "GroupPath": "Config/LevelOutput/Group/Groups_P10202_F10202004/LevelGroup_P10202_F10202004_G90.json",
      "DimensionFilter": {},
      "Name": "MainMission8003218_01",
      "ID": 90
    },
    {
      "GroupGUID": "82ef88b1-5ba3-480f-86b8-9a167c7189e8",
      "GroupPath": "Config/LevelOutput/Group/Groups_P10202_F10202004/LevelGroup_P10202_F10202004_G62.json",
      "DimensionFilter": {},
      "Name": "MainMission8003208_01",
      "ID": 62
    },
    {
      "GroupGUID": "fa18e6b7-d445-4e3d-b70e-537a95b6a5c0",
      "GroupPath": "Config/LevelOutput/Group/Groups_P10202_F10202004/LevelGroup_P10202_F10202004_G206.json",
      "DimensionFilter": {},
      "Name": "MainMission8003208_02",
      "ID": 206
    },
    {
      "GroupGUID": "a7a993b1-2b9a-463b-a3cf-ab39d8f9482b",
      "GroupPath": "Config/LevelOutput/Group/Groups_P10202_F10202004/LevelGroup_P10202_F10202004_G208.json",
      "DimensionFilter": {},
      "Name": "MainMission8003208_03",
      "ID": 208
    },
    {
      "GroupGUID": "1413759b-73a6-49dd-8291-607e6a3b5285",
      "GroupPath": "Config/LevelOutput/Group/Groups_P10202_F10202004/LevelGroup_P10202_F10202004_G83.json",
      "DimensionFilter": {},
      "Name": "MainMission8003216_01",
      "ID": 83,
      "IsDelete": true
    },
    {
      "GroupGUID": "7b9865a7-3766-4e7d-9779-580d8a285b60",
      "GroupPath": "Config/LevelOutput/Group/Groups_P10202_F10202004/LevelGroup_P10202_F10202004_G92.json",
      "DimensionFilter": {},
      "Name": "MainMission8003209_08",
      "ID": 92,
      "IsDelete": true
    },
    {
      "GroupGUID": "5fadcf3a-ac85-434f-be62-fe3b5ef01b0d",
      "GroupPath": "Config/LevelOutput/Group/Groups_P10202_F10202004/LevelGroup_P10202_F10202004_G63.json",
      "DimensionFilter": {},
      "Name": "MainMission8003209_01",
      "ID": 63
    },
    {
      "GroupGUID": "cd7a50f2-3f12-4236-8ddd-bc0d4f27a4da",
      "GroupPath": "Config/LevelOutput/Group/Groups_P10202_F10202004/LevelGroup_P10202_F10202004_G64.json",
      "DimensionFilter": {},
      "Name": "MainMission8003209_02",
      "ID": 64
    },
    {
      "GroupGUID": "e3747fbe-b05c-462c-a673-f89044ce99e6",
      "GroupPath": "Config/LevelOutput/Group/Groups_P10202_F10202004/LevelGroup_P10202_F10202004_G65.json",
      "DimensionFilter": {},
      "Name": "MainMission8003209_03",
      "ID": 65
    },
    {
      "GroupGUID": "5a5f613a-feab-4f87-81e9-578709672c48",
      "GroupPath": "Config/LevelOutput/Group/Groups_P10202_F10202004/LevelGroup_P10202_F10202004_G66.json",
      "DimensionFilter": {},
      "Name": "MainMission8003209_04",
      "ID": 66
    },
    {
      "GroupGUID": "6e9d2337-d1b8-42e5-8342-f7e0f10b635d",
      "GroupPath": "Config/LevelOutput/Group/Groups_P10202_F10202004/LevelGroup_P10202_F10202004_G67.json",
      "DimensionFilter": {},
      "Name": "MainMission8003209_05",
      "ID": 67
    },
    {
      "GroupGUID": "630a2fec-e38c-47c6-a526-f5e9df1b15fc",
      "GroupPath": "Config/LevelOutput/Group/Groups_P10202_F10202004/LevelGroup_P10202_F10202004_G68.json",
      "DimensionFilter": {},
      "Name": "MainMission8003209_06",
      "ID": 68
    },
    {
      "GroupGUID": "d13b92f2-e13f-4fc6-97af-181175498d36",
      "GroupPath": "Config/LevelOutput/Group/Groups_P10202_F10202004/LevelGroup_P10202_F10202004_G69.json",
      "DimensionFilter": {},
      "Name": "MainMission8003209_07",
      "ID": 69
    },
    {
      "GroupGUID": "2984c468-14af-42a0-8f53-4dcaabfed794",
      "GroupPath": "Config/LevelOutput/Group/Groups_P10202_F10202004/LevelGroup_P10202_F10202004_G81.json",
      "DimensionFilter": {},
      "Name": "MainMission8003219_01",
      "ID": 81,
      "IsDelete": true
    },
    {
      "GroupGUID": "1d89a43a-c069-4074-995b-bd6d01fe9eb3",
      "GroupPath": "Config/LevelOutput/Group/Groups_P10202_F10202004/LevelGroup_P10202_F10202004_G100.json",
      "DimensionFilter": {},
      "Name": "MainMission8003209_08",
      "ID": 100
    },
    {
      "GroupGUID": "6501783f-46fb-41fc-9f4e-636d5f00fc26",
      "GroupPath": "Config/LevelOutput/Group/Groups_P10202_F10202004/LevelGroup_P10202_F10202004_G266.json",
      "DimensionFilter": {},
      "Name": "MainMission8003209_08_2",
      "ID": 266
    },
    {
      "GroupGUID": "ae8e53a4-1096-4867-b62e-d20efe820c85",
      "GroupPath": "Config/LevelOutput/Group/Groups_P10202_F10202004/LevelGroup_P10202_F10202004_G104.json",
      "DimensionFilter": {},
      "Name": "MainMission8003209_09",
      "ID": 104
    },
    {
      "GroupGUID": "76f71463-e5c0-493b-b1ff-a240f7290052",
      "GroupPath": "Config/LevelOutput/Group/Groups_P10202_F10202004/LevelGroup_P10202_F10202004_G267.json",
      "DimensionFilter": {},
      "Name": "MainMission8003209_09_02",
      "ID": 267
    },
    {
      "GroupGUID": "7d9c7ba5-1c77-45fa-94b6-e9daba8d0655",
      "GroupPath": "Config/LevelOutput/Group/Groups_P10202_F10202004/LevelGroup_P10202_F10202004_G105.json",
      "DimensionFilter": {},
      "Name": "MainMission8003209_10",
      "ID": 105
    },
    {
      "GroupGUID": "679d6405-52f1-4cca-ab1f-2cf7a0289c0d",
      "GroupPath": "Config/LevelOutput/Group/Groups_P10202_F10202004/LevelGroup_P10202_F10202004_G268.json",
      "DimensionFilter": {},
      "Name": "MainMission8003209_10_02",
      "ID": 268
    },
    {
      "GroupGUID": "f8381903-a845-494f-8270-2521d06a1781",
      "GroupPath": "Config/LevelOutput/Group/Groups_P10202_F10202004/LevelGroup_P10202_F10202004_G91.json",
      "DimensionFilter": {},
      "Name": "MainMission8003219_01",
      "ID": 91
    },
    {
      "GroupGUID": "1ff2cd17-d97d-4ceb-9080-ddd62fccf1b8",
      "GroupPath": "Config/LevelOutput/Group/Groups_P10202_F10202004/LevelGroup_P10202_F10202004_G70.json",
      "DimensionFilter": {},
      "Name": "MainMission8003211_01",
      "ID": 70
    },
    {
      "GroupGUID": "20f7f1fc-1f6c-405b-a4f6-9878ae9f977c",
      "GroupPath": "Config/LevelOutput/Group/Groups_P10202_F10202004/LevelGroup_P10202_F10202004_G71.json",
      "DimensionFilter": {},
      "Name": "MainMission8003212_02",
      "ID": 71
    },
    {
      "GroupGUID": "5e99d9ca-042b-4067-ba03-b813c97f35a4",
      "GroupPath": "Config/LevelOutput/Group/Groups_P10202_F10202004/LevelGroup_P10202_F10202004_G72.json",
      "DimensionFilter": {},
      "Name": "MainMission8003212_03",
      "ID": 72
    },
    {
      "GroupGUID": "a7d04a24-6a8d-42f4-b26c-be33ab201e15",
      "GroupPath": "Config/LevelOutput/Group/Groups_P10202_F10202004/LevelGroup_P10202_F10202004_G78.json",
      "DimensionFilter": {
        "FilterType": "All"
      },
      "Name": "Tree_MissionUsed",
      "ID": 78
    },
    {
      "GroupGUID": "923a0f55-d14c-4ee9-a638-b75a02f1bca6",
      "GroupPath": "Config/LevelOutput/Group/Groups_P10202_F10202004/LevelGroup_P10202_F10202004_G87.json",
      "DimensionFilter": {},
      "Name": "MainMission8003240_01",
      "ID": 87
    },
    {
      "GroupGUID": "7a26c4ef-f091-43d5-bbee-5794e365f8e6",
      "GroupPath": "Config/LevelOutput/Group/Groups_P10202_F10202004/LevelGroup_P10202_F10202004_G98.json",
      "DimensionFilter": {},
      "Name": "MainMission8003241_01",
      "ID": 98
    },
    {
      "GroupGUID": "edcd9c2a-a3d2-4198-827d-26765e6d848f",
      "GroupPath": "Config/LevelOutput/Group/Groups_P10202_F10202004/LevelGroup_P10202_F10202004_G88.json",
      "DimensionFilter": {},
      "Name": "MainMission8003256_01",
      "ID": 88,
      "IsDelete": true
    },
    {
      "GroupGUID": "a9d2c516-9560-4d4c-9d92-8819dd2603d6",
      "GroupPath": "Config/LevelOutput/Group/Groups_P10202_F10202004/LevelGroup_P10202_F10202004_G95.json",
      "DimensionFilter": {},
      "Name": "MainMission9930021_01",
      "ID": 95,
      "IsDelete": true
    },
    {
      "GroupGUID": "30c84f1d-4782-4e03-b14c-f5c8eb1b6999",
      "GroupPath": "Config/LevelOutput/Group/Groups_P10202_F10202004/LevelGroup_P10202_F10202004_G99.json",
      "DimensionFilter": {
        "FilterType": "All"
      },
      "Name": "MissingBird",
      "ID": 99
    },
    {
      "GroupGUID": "14af31e2-0e90-47b7-93d6-ce918b16c507",
      "GroupPath": "Config/LevelOutput/Group/Groups_P10202_F10202004/LevelGroup_P10202_F10202004_G107.json",
      "DimensionFilter": {},
      "Name": "MainMission8003244_01",
      "ID": 107
    },
    {
      "GroupGUID": "9a74b5b6-0be1-4b85-b05b-e5b0aaac3fa8",
      "GroupPath": "Config/LevelOutput/Group/Groups_P10202_F10202004/LevelGroup_P10202_F10202004_G108.json",
      "DimensionFilter": {},
      "Name": "MainMission8003244_02",
      "ID": 108
    },
    {
      "GroupGUID": "06c21e48-fca0-43fb-b192-8d3e32e23ee5",
      "GroupPath": "Config/LevelOutput/Group/Groups_P10202_F10202004/LevelGroup_P10202_F10202004_G109.json",
      "DimensionFilter": {},
      "Name": "MainMission8003244_03",
      "ID": 109
    },
    {
      "GroupGUID": "bdba7700-5bcd-48fd-96ac-1935ddc627db",
      "GroupPath": "Config/LevelOutput/Group/Groups_P10202_F10202004/LevelGroup_P10202_F10202004_G110.json",
      "DimensionFilter": {},
      "Name": "MainMission8003244_04",
      "ID": 110
    },
    {
      "GroupGUID": "eb4be588-9779-4640-8c23-f93330cb2224",
      "GroupPath": "Config/LevelOutput/Group/Groups_P10202_F10202004/LevelGroup_P10202_F10202004_G111.json",
      "DimensionFilter": {},
      "Name": "MainMission8003244_05",
      "ID": 111
    },
    {
      "GroupGUID": "ff256393-11cd-4951-b94a-28e8948439f1",
      "GroupPath": "Config/LevelOutput/Group/Groups_P10202_F10202004/LevelGroup_P10202_F10202004_G112.json",
      "DimensionFilter": {},
      "Name": "MainMission8003244_06",
      "ID": 112
    },
    {
      "GroupGUID": "cb1a401c-4693-4f3f-9b5e-322dd9ba2536",
      "GroupPath": "Config/LevelOutput/Group/Groups_P10202_F10202004/LevelGroup_P10202_F10202004_G194.json",
      "DimensionFilter": {},
      "Name": "MainMission8003244_02_2",
      "ID": 194
    },
    {
      "GroupGUID": "429962c2-c6bb-4fb6-ad57-f747f37c6e50",
      "GroupPath": "Config/LevelOutput/Group/Groups_P10202_F10202004/LevelGroup_P10202_F10202004_G113.json",
      "DimensionFilter": {},
      "Name": "MainMission8003244_07",
      "ID": 113
    },
    {
      "GroupGUID": "1f2d72b3-ce72-4a0d-a7be-d59cd885a9b7",
      "GroupPath": "Config/LevelOutput/Group/Groups_P10202_F10202004/LevelGroup_P10202_F10202004_G114.json",
      "DimensionFilter": {},
      "Name": "MainMission8003244_08",
      "ID": 114
    },
    {
      "GroupGUID": "6c7dab2c-0ce1-4f40-8ba7-ac26f6bc3ae1",
      "GroupPath": "Config/LevelOutput/Group/Groups_P10202_F10202004/LevelGroup_P10202_F10202004_G115.json",
      "DimensionFilter": {},
      "Name": "MainMission8003245_01",
      "ID": 115
    },
    {
      "GroupGUID": "e7fcc243-4149-4a3b-b544-b3107036d40a",
      "GroupPath": "Config/LevelOutput/Group/Groups_P10202_F10202004/LevelGroup_P10202_F10202004_G116.json",
      "DimensionFilter": {},
      "Name": "MainMission8003242_01",
      "ID": 116
    },
    {
      "GroupGUID": "d49b5579-bf0b-497f-9f12-d134da898e48",
      "GroupPath": "Config/LevelOutput/Group/Groups_P10202_F10202004/LevelGroup_P10202_F10202004_G117.json",
      "DimensionFilter": {},
      "Name": "MainMission8003242_02",
      "ID": 117
    },
    {
      "GroupGUID": "0c5081ca-a3e8-4201-8f3c-df14d894eb57",
      "GroupPath": "Config/LevelOutput/Group/Groups_P10202_F10202004/LevelGroup_P10202_F10202004_G118.json",
      "DimensionFilter": {},
      "Name": "MainMission8003243_01",
      "ID": 118
    },
    {
      "GroupGUID": "ba93753f-ffb3-414f-a7e0-3217fec97e26",
      "GroupPath": "Config/LevelOutput/Group/Groups_P10202_F10202004/LevelGroup_P10202_F10202004_G31.json",
      "DimensionFilter": {
        "FilterType": "All"
      },
      "Name": "PortPoly",
      "ID": 31
    },
    {
      "GroupGUID": "ef448f82-d89a-40a1-925d-71410f4955f9",
      "GroupPath": "Config/LevelOutput/Group/Groups_P10202_F10202004/LevelGroup_P10202_F10202004_G125.json",
      "DimensionFilter": {
        "FilterType": "All"
      },
      "Name": "PortPoly",
      "ID": 125
    },
    {
      "GroupGUID": "d418cc70-4a6d-4aa7-9ba7-61ab5f821904",
      "GroupPath": "Config/LevelOutput/Group/Groups_P10202_F10202004/LevelGroup_P10202_F10202004_G126.json",
      "DimensionFilter": {
        "FilterType": "All"
      },
      "Name": "PortPoly",
      "ID": 126
    },
    {
      "GroupGUID": "c0df6f98-6d24-4241-9589-3279decf58c8",
      "GroupPath": "Config/LevelOutput/Group/Groups_P10202_F10202004/LevelGroup_P10202_F10202004_G119.json",
      "DimensionFilter": {
        "FilterType": "All"
      },
      "Name": "MainMission0_",
      "ID": 119
    },
    {
      "GroupGUID": "998cf850-5718-4ff9-9e1e-3187f4366f87",
      "GroupPath": "Config/LevelOutput/Group/Groups_P10202_F10202004/LevelGroup_P10202_F10202004_G120.json",
      "DimensionFilter": {
        "FilterType": "All"
      },
      "Name": "PortPoly",
      "ID": 120
    },
    {
      "GroupGUID": "85c2b4f7-bd79-4738-a824-c3f2446c413d",
      "GroupPath": "Config/LevelOutput/Group/Groups_P10202_F10202004/LevelGroup_P10202_F10202004_G121.json",
      "DimensionFilter": {
        "FilterType": "All"
      },
      "Name": "PortPoly",
      "ID": 121
    },
    {
      "GroupGUID": "9efda841-ca19-4a79-8bf5-93605bc3cdce",
      "GroupPath": "Config/LevelOutput/Group/Groups_P10202_F10202004/LevelGroup_P10202_F10202004_G122.json",
      "DimensionFilter": {
        "FilterType": "All"
      },
      "Name": "PortPoly",
      "ID": 122
    },
    {
      "GroupGUID": "5c7f4ea6-9ecb-4422-a8b0-34fee9d7c0a2",
      "GroupPath": "Config/LevelOutput/Group/Groups_P10202_F10202004/LevelGroup_P10202_F10202004_G123.json",
      "DimensionFilter": {
        "FilterType": "All"
      },
      "Name": "PortPoly",
      "ID": 123
    },
    {
      "GroupGUID": "99fc0038-f003-4634-8e04-acca01a360a2",
      "GroupPath": "Config/LevelOutput/Group/Groups_P10202_F10202004/LevelGroup_P10202_F10202004_G124.json",
      "DimensionFilter": {
        "FilterType": "All"
      },
      "Name": "PortPoly",
      "ID": 124
    },
    {
      "GroupGUID": "50c889cc-10f2-4ca3-8d65-044f751b7fd9",
      "GroupPath": "Config/LevelOutput/Group/Groups_P10202_F10202004/LevelGroup_P10202_F10202004_G127.json",
      "DimensionFilter": {
        "FilterType": "All"
      },
      "Name": "PortPoly",
      "ID": 127
    },
    {
      "GroupGUID": "7e9c9a5f-0b17-4aab-af0e-f78847404ac9",
      "GroupPath": "Config/LevelOutput/Group/Groups_P10202_F10202004/LevelGroup_P10202_F10202004_G128.json",
      "DimensionFilter": {
        "FilterType": "All"
      },
      "Name": "PortPoly",
      "ID": 128
    },
    {
      "GroupGUID": "1ab843a4-77c4-4257-b82c-1ba848715c6c",
      "GroupPath": "Config/LevelOutput/Group/Groups_P10202_F10202004/LevelGroup_P10202_F10202004_G129.json",
      "DimensionFilter": {
        "FilterType": "All"
      },
      "Name": "PortPoly",
      "ID": 129
    },
    {
      "GroupGUID": "72b0f4c9-ce13-4efd-8664-140bfc229f2c",
      "GroupPath": "Config/LevelOutput/Group/Groups_P10202_F10202004/LevelGroup_P10202_F10202004_G130.json",
      "DimensionFilter": {
        "FilterType": "All"
      },
      "Name": "PortPoly",
      "ID": 130
    },
    {
      "GroupGUID": "fd3c1530-a6ec-457c-acbe-b619862224cd",
      "GroupPath": "Config/LevelOutput/Group/Groups_P10202_F10202004/LevelGroup_P10202_F10202004_G131.json",
      "DimensionFilter": {
        "FilterType": "All"
      },
      "Name": "PortPoly",
      "ID": 131
    },
    {
      "GroupGUID": "d011ce2e-00a7-4759-89d5-d31997083644",
      "GroupPath": "Config/LevelOutput/Group/Groups_P10202_F10202004/LevelGroup_P10202_F10202004_G132.json",
      "DimensionFilter": {
        "FilterType": "All"
      },
      "Name": "PortPoly",
      "ID": 132
    },
    {
      "GroupGUID": "2f7f78bd-096a-4719-8119-14612e155c5b",
      "GroupPath": "Config/LevelOutput/Group/Groups_P10202_F10202004/LevelGroup_P10202_F10202004_G134.json",
      "DimensionFilter": {},
      "Name": "MainMission8003260_01",
      "ID": 134
    },
    {
      "GroupGUID": "610e2ffc-05ac-47c7-88b8-10d4f6d1cd9e",
      "GroupPath": "Config/LevelOutput/Group/Groups_P10202_F10202004/LevelGroup_P10202_F10202004_G135.json",
      "DimensionFilter": {},
      "Name": "MainMission8003261_01",
      "ID": 135
    },
    {
      "GroupGUID": "54b2c1cd-c5a3-4a7e-9b2b-caa916532736",
      "GroupPath": "Config/LevelOutput/Group/Groups_P10202_F10202004/LevelGroup_P10202_F10202004_G136.json",
      "DimensionFilter": {},
      "Name": "MainMission8003262_01",
      "ID": 136
    },
    {
      "GroupGUID": "fb50a9a9-e06f-45b0-9268-82b1357d8e3c",
      "GroupPath": "Config/LevelOutput/Group/Groups_P10202_F10202004/LevelGroup_P10202_F10202004_G137.json",
      "DimensionFilter": {},
      "Name": "MainMission8003262_02",
      "ID": 137
    },
    {
      "GroupGUID": "609d0357-6b97-43f7-a1dc-4e28423fcdc9",
      "GroupPath": "Config/LevelOutput/Group/Groups_P10202_F10202004/LevelGroup_P10202_F10202004_G138.json",
      "DimensionFilter": {},
      "Name": "MainMission8003262_03",
      "ID": 138
    },
    {
      "GroupGUID": "ab094afc-ae86-45dd-b794-bf78ba61db55",
      "GroupPath": "Config/LevelOutput/Group/Groups_P10202_F10202004/LevelGroup_P10202_F10202004_G139.json",
      "DimensionFilter": {},
      "Name": "MainMission8003263_01",
      "ID": 139
    },
    {
      "GroupGUID": "ca5628ed-7305-4839-813c-278166469852",
      "GroupPath": "Config/LevelOutput/Group/Groups_P10202_F10202004/LevelGroup_P10202_F10202004_G140.json",
      "DimensionFilter": {},
      "Name": "MainMission8003263_02",
      "ID": 140
    },
    {
      "GroupGUID": "d5f9ea2e-26f7-4da9-8b03-7f17e356a055",
      "GroupPath": "Config/LevelOutput/Group/Groups_P10202_F10202004/LevelGroup_P10202_F10202004_G141.json",
      "DimensionFilter": {},
      "Name": "MainMission8003263_03",
      "ID": 141
    },
    {
      "GroupGUID": "a7814f66-9868-4571-b5f6-f140bde64a16",
      "GroupPath": "Config/LevelOutput/Group/Groups_P10202_F10202004/LevelGroup_P10202_F10202004_G142.json",
      "DimensionFilter": {
        "FilterType": "All"
      },
      "Name": "NPC01",
      "ID": 142
    },
    {
      "GroupGUID": "ff13a9cd-3380-4c2d-8a1b-1eec0ff78b09",
      "GroupPath": "Config/LevelOutput/Group/Groups_P10202_F10202004/LevelGroup_P10202_F10202004_G143.json",
      "DimensionFilter": {
        "FilterType": "All"
      },
      "Name": "NPC02",
      "ID": 143
    },
    {
      "GroupGUID": "b6f6d60f-8ff2-4f25-b413-6e686c9bc62d",
      "GroupPath": "Config/LevelOutput/Group/Groups_P10202_F10202004/LevelGroup_P10202_F10202004_G144.json",
      "DimensionFilter": {
        "FilterType": "All"
      },
      "Name": "NPC03",
      "ID": 144
    },
    {
      "GroupGUID": "6749f810-e581-430d-8499-11e859f05966",
      "GroupPath": "Config/LevelOutput/Group/Groups_P10202_F10202004/LevelGroup_P10202_F10202004_G145.json",
      "DimensionFilter": {},
      "Name": "MainMission8003248_",
      "ID": 145
    },
    {
      "GroupGUID": "17010832-7cd0-45e3-a08c-2b3a5cce42d5",
      "GroupPath": "Config/LevelOutput/Group/Groups_P10202_F10202004/LevelGroup_P10202_F10202004_G146.json",
      "DimensionFilter": {
        "FilterType": "All"
      },
      "Name": "NPC05",
      "ID": 146
    },
    {
      "GroupGUID": "b23c8f89-3abd-4348-87bc-c85888448679",
      "GroupPath": "Config/LevelOutput/Group/Groups_P10202_F10202004/LevelGroup_P10202_F10202004_G147.json",
      "DimensionFilter": {
        "FilterType": "All"
      },
      "Name": "NPC06",
      "ID": 147
    },
    {
      "GroupGUID": "cbb81a6d-aba7-493e-914d-3d5ef7739d20",
      "GroupPath": "Config/LevelOutput/Group/Groups_P10202_F10202004/LevelGroup_P10202_F10202004_G148.json",
      "DimensionFilter": {
        "FilterType": "All"
      },
      "Name": "NPC07",
      "ID": 148
    },
    {
      "GroupGUID": "2b3dfb5e-79a9-4ff3-95a5-1ece507858c2",
      "GroupPath": "Config/LevelOutput/Group/Groups_P10202_F10202004/LevelGroup_P10202_F10202004_G149.json",
      "DimensionFilter": {
        "FilterType": "All"
      },
      "Name": "MainMission0_",
      "ID": 149
    },
    {
      "GroupGUID": "e060c68a-581f-4c64-b64a-09efc4bbc7a2",
      "GroupPath": "Config/LevelOutput/Group/Groups_P10202_F10202004/LevelGroup_P10202_F10202004_G150.json",
      "DimensionFilter": {
        "FilterType": "All"
      },
      "Name": "NPC09",
      "ID": 150
    },
    {
      "GroupGUID": "9c3f104b-df25-411b-866a-ccb6dca09b72",
      "GroupPath": "Config/LevelOutput/Group/Groups_P10202_F10202004/LevelGroup_P10202_F10202004_G151.json",
      "DimensionFilter": {
        "FilterType": "All"
      },
      "Name": "NPC10",
      "ID": 151
    },
    {
      "GroupGUID": "4020b091-a399-444d-b4e6-a86d894cda3f",
      "GroupPath": "Config/LevelOutput/Group/Groups_P10202_F10202004/LevelGroup_P10202_F10202004_G152.json",
      "DimensionFilter": {
        "FilterType": "All"
      },
      "Name": "NPC11",
      "ID": 152
    },
    {
      "GroupGUID": "80e19ee9-6b0b-40fe-ba87-c5c6a6301b9a",
      "GroupPath": "Config/LevelOutput/Group/Groups_P10202_F10202004/LevelGroup_P10202_F10202004_G153.json",
      "DimensionFilter": {
        "FilterType": "All"
      },
      "Name": "NPC12",
      "ID": 153
    },
    {
      "GroupGUID": "6fb71836-d65a-4a8d-a70e-545d9017aeeb",
      "GroupPath": "Config/LevelOutput/Group/Groups_P10202_F10202004/LevelGroup_P10202_F10202004_G154.json",
      "DimensionFilter": {
        "FilterType": "All"
      },
      "Name": "NPC13",
      "ID": 154
    },
    {
      "GroupGUID": "da500abe-f559-4e09-9aa8-5197cfe71749",
      "GroupPath": "Config/LevelOutput/Group/Groups_P10202_F10202004/LevelGroup_P10202_F10202004_G155.json",
      "DimensionFilter": {
        "FilterType": "All"
      },
      "Name": "NPC14",
      "ID": 155
    },
    {
      "GroupGUID": "bea8468a-326e-4742-9f7b-80b4b5b514b1",
      "GroupPath": "Config/LevelOutput/Group/Groups_P10202_F10202004/LevelGroup_P10202_F10202004_G156.json",
      "DimensionFilter": {
        "FilterType": "All"
      },
      "Name": "NPC15",
      "ID": 156
    },
    {
      "GroupGUID": "09c24ed3-6a56-42d0-85fb-c1b40099e86b",
      "GroupPath": "Config/LevelOutput/Group/Groups_P10202_F10202004/LevelGroup_P10202_F10202004_G157.json",
      "DimensionFilter": {
        "FilterType": "All"
      },
      "Name": "MainMission8003240_02",
      "ID": 157
    },
    {
      "GroupGUID": "7f820c89-cd51-4f67-8fd1-a4e61986f89b",
      "GroupPath": "Config/LevelOutput/Group/Groups_P10202_F10202004/LevelGroup_P10202_F10202004_G158.json",
      "DimensionFilter": {
        "FilterType": "All"
      },
      "Name": "MainMission8003242_01",
      "ID": 158
    },
    {
      "GroupGUID": "43a3af93-9841-4e17-b16d-65fa0e439e1e",
      "GroupPath": "Config/LevelOutput/Group/Groups_P10202_F10202004/LevelGroup_P10202_F10202004_G159.json",
      "DimensionFilter": {
        "FilterType": "All"
      },
      "Name": "MainMission8003244_02",
      "ID": 159
    },
    {
      "GroupGUID": "48600f62-7e35-4965-a1da-761b2f7370de",
      "GroupPath": "Config/LevelOutput/Group/Groups_P10202_F10202004/LevelGroup_P10202_F10202004_G160.json",
      "DimensionFilter": {},
      "Name": "MainMission8003280_01",
      "ID": 160
    },
    {
      "GroupGUID": "08ad89ff-1b72-4c83-a55b-061b657ba944",
      "GroupPath": "Config/LevelOutput/Group/Groups_P10202_F10202004/LevelGroup_P10202_F10202004_G166.json",
      "DimensionFilter": {
        "FilterType": "All"
      },
      "Name": "CrowdPlay_Before",
      "ID": 166
    },
    {
      "GroupGUID": "019561bd-2440-4050-a8f2-d36552165525",
      "GroupPath": "Config/LevelOutput/Group/Groups_P10202_F10202004/LevelGroup_P10202_F10202004_G167.json",
      "DimensionFilter": {
        "FilterType": "All"
      },
      "Name": "CrowdPlay_After",
      "ID": 167
    },
    {
      "GroupGUID": "f216f0f8-ba38-4a59-a1ff-53c7c205902d",
      "GroupPath": "Config/LevelOutput/Group/Groups_P10202_F10202004/LevelGroup_P10202_F10202004_G168.json",
      "DimensionFilter": {
        "FilterType": "All"
      },
      "Name": "BasicCrowd",
      "ID": 168
    },
    {
      "GroupGUID": "305613fd-8744-4dde-a36b-8f856e314888",
      "GroupPath": "Config/LevelOutput/Group/Groups_P10202_F10202004/LevelGroup_P10202_F10202004_G169.json",
      "DimensionFilter": {
        "FilterType": "All"
      },
      "Name": "Ship1",
      "ID": 169
    },
    {
      "GroupGUID": "7155a527-f096-47bf-a54c-bc207af4ba45",
      "GroupPath": "Config/LevelOutput/Group/Groups_P10202_F10202004/LevelGroup_P10202_F10202004_G170.json",
      "DimensionFilter": {
        "FilterType": "All"
      },
      "Name": "Ship2",
      "ID": 170
    },
    {
      "GroupGUID": "805bf25c-76bc-46fd-ac7c-012532cad354",
      "GroupPath": "Config/LevelOutput/Group/Groups_P10202_F10202004/LevelGroup_P10202_F10202004_G171.json",
      "DimensionFilter": {
        "FilterType": "All"
      },
      "Name": "Ship3",
      "ID": 171
    },
    {
      "GroupGUID": "3a480e40-0011-4df6-a55e-9702f39dca1d",
      "GroupPath": "Config/LevelOutput/Group/Groups_P10202_F10202004/LevelGroup_P10202_F10202004_G217.json",
      "DimensionFilter": {
        "FilterType": "All"
      },
      "Name": "Ship4",
      "ID": 217
    },
    {
      "GroupGUID": "c71c5b91-5994-428a-ae44-8d1d70698f15",
      "GroupPath": "Config/LevelOutput/Group/Groups_P10202_F10202004/LevelGroup_P10202_F10202004_G172.json",
      "DimensionFilter": {
        "FilterType": "All"
      },
      "Name": "CrowdEatC_After",
      "ID": 172
    },
    {
      "GroupGUID": "58b6fbab-1676-4176-abd1-ed9bd4e2ce3a",
      "GroupPath": "Config/LevelOutput/Group/Groups_P10202_F10202004/LevelGroup_P10202_F10202004_G173.json",
      "DimensionFilter": {},
      "Name": "MainMission8003264_",
      "ID": 173
    },
    {
      "GroupGUID": "7791f891-1f13-49a5-9cf0-885fffe5505d",
      "GroupPath": "Config/LevelOutput/Group/Groups_P10202_F10202004/LevelGroup_P10202_F10202004_G176.json",
      "DimensionFilter": {},
      "Name": "MainMission8003264_",
      "ID": 176
    },
    {
      "GroupGUID": "7a70e636-90a1-442f-ae82-e9155e14a08b",
      "GroupPath": "Config/LevelOutput/Group/Groups_P10202_F10202004/LevelGroup_P10202_F10202004_G177.json",
      "DimensionFilter": {},
      "Name": "MainMission8003264_",
      "ID": 177
    },
    {
      "GroupGUID": "27240119-299a-4b7b-8249-b2b98c68d6a4",
      "GroupPath": "Config/LevelOutput/Group/Groups_P10202_F10202004/LevelGroup_P10202_F10202004_G179.json",
      "DimensionFilter": {
        "FilterType": "All"
      },
      "Name": "ShopCamera",
      "ID": 179
    },
    {
      "GroupGUID": "0bfdad8f-fe69-4d3a-8cdb-79fa8e096927",
      "GroupPath": "Config/LevelOutput/Group/Groups_P10202_F10202004/LevelGroup_P10202_F10202004_G180.json",
      "DimensionFilter": {},
      "Name": "MainMission8003265_",
      "ID": 180
    },
    {
      "GroupGUID": "fc2345a1-ad34-4d33-a73e-0e66230f80c8",
      "GroupPath": "Config/LevelOutput/Group/Groups_P10202_F10202004/LevelGroup_P10202_F10202004_G181.json",
      "DimensionFilter": {},
      "Name": "MainMission8003265_",
      "ID": 181
    },
    {
      "GroupGUID": "31e8216b-5350-474c-9c17-9be395184c82",
      "GroupPath": "Config/LevelOutput/Group/Groups_P10202_F10202004/LevelGroup_P10202_F10202004_G182.json",
      "DimensionFilter": {},
      "Name": "MainMission8003265_",
      "ID": 182
    },
    {
      "GroupGUID": "6101dd8c-54a2-41ad-9ac4-c67a578e6660",
      "GroupPath": "Config/LevelOutput/Group/Groups_P10202_F10202004/LevelGroup_P10202_F10202004_G183.json",
      "DimensionFilter": {},
      "Name": "MainMission8003265_",
      "ID": 183
    },
    {
      "GroupGUID": "f73a7fc9-d3bb-454c-bbd9-fe8adf5356b9",
      "GroupPath": "Config/LevelOutput/Group/Groups_P10202_F10202004/LevelGroup_P10202_F10202004_G184.json",
      "DimensionFilter": {
        "FilterType": "All"
      },
      "Name": "CrowdBeforeAfter",
      "ID": 184
    },
    {
      "GroupGUID": "c75f445c-642f-47fa-815e-70d4da455d35",
      "GroupPath": "Config/LevelOutput/Group/Groups_P10202_F10202004/LevelGroup_P10202_F10202004_G185.json",
      "DimensionFilter": {
        "FilterType": "All"
      },
      "Name": "CrowdAfterdistribution ",
      "ID": 185
    },
    {
      "GroupGUID": "4093f0fa-e9e7-4eff-8ab2-b98409936d30",
      "GroupPath": "Config/LevelOutput/Group/Groups_P10202_F10202004/LevelGroup_P10202_F10202004_G186.json",
      "DimensionFilter": {
        "FilterType": "All"
      },
      "Name": "CrowdAftership",
      "ID": 186
    },
    {
      "GroupGUID": "781d51ec-f4b3-4103-89ac-0969036baf31",
      "GroupPath": "Config/LevelOutput/Group/Groups_P10202_F10202004/LevelGroup_P10202_F10202004_G187.json",
      "DimensionFilter": {},
      "Name": "MainMission8003269_",
      "ID": 187
    },
    {
      "GroupGUID": "7c462737-edf3-455f-9751-143823a67b66",
      "GroupPath": "Config/LevelOutput/Group/Groups_P10202_F10202004/LevelGroup_P10202_F10202004_G188.json",
      "DimensionFilter": {},
      "Name": "MainMission8003269_",
      "ID": 188
    },
    {
      "GroupGUID": "4a585285-e2e4-4e84-868b-66775b542048",
      "GroupPath": "Config/LevelOutput/Group/Groups_P10202_F10202004/LevelGroup_P10202_F10202004_G193.json",
      "DimensionFilter": {},
      "Name": "MainMission2021701_HH_TX_GNF",
      "ID": 193
    },
    {
      "GroupGUID": "79a243d4-868f-47cf-95df-9321509f0d84",
      "GroupPath": "Config/LevelOutput/Group/Groups_P10202_F10202004/LevelGroup_P10202_F10202004_G195.json",
      "DimensionFilter": {},
      "Name": "MainMission8003247_",
      "ID": 195
    },
    {
      "GroupGUID": "1d394017-a2f0-4cba-9ff7-93bc8645485a",
      "GroupPath": "Config/LevelOutput/Group/Groups_P10202_F10202004/LevelGroup_P10202_F10202004_G196.json",
      "DimensionFilter": {},
      "Name": "MainMission8003248_",
      "ID": 196
    },
    {
      "GroupGUID": "d2bb2448-e960-4240-9d79-39271a4b3e00",
      "GroupPath": "Config/LevelOutput/Group/Groups_P10202_F10202004/LevelGroup_P10202_F10202004_G198.json",
      "DimensionFilter": {},
      "Name": "MainMission0_",
      "ID": 198
    },
    {
      "GroupGUID": "3b5b245c-931f-4f51-9145-0abdd0ea23b8",
      "GroupPath": "Config/LevelOutput/Group/Groups_P10202_F10202004/LevelGroup_P10202_F10202004_G199.json",
      "DimensionFilter": {
        "FilterType": "All"
      },
      "Name": "Gameplay_CallPuppy_ForSpecialVision",
      "ID": 199
    },
    {
      "GroupGUID": "d44cde2c-99a3-44e8-8d93-43a7c0b89d38",
      "GroupPath": "Config/LevelOutput/Group/Groups_P10202_F10202004/LevelGroup_P10202_F10202004_G201.json",
      "DimensionFilter": {
        "FilterType": "All"
      },
      "Name": "NPC16",
      "ID": 201
    },
    {
      "GroupGUID": "20f1fe02-2174-4a77-9021-d35cbaa4a01b",
      "GroupPath": "Config/LevelOutput/Group/Groups_P10202_F10202004/LevelGroup_P10202_F10202004_G204.json",
      "DimensionFilter": {},
      "Name": "MainMission8003249_",
      "ID": 204
    },
    {
      "GroupGUID": "193dde61-7769-4925-9193-ff899c8f2660",
      "GroupPath": "Config/LevelOutput/Group/Groups_P10202_F10202004/LevelGroup_P10202_F10202004_G205.json",
      "DimensionFilter": {},
      "Name": "MainMission8003251_",
      "ID": 205
    },
    {
      "GroupGUID": "1fc5d65c-7228-422c-b4d9-c0e969e7dd49",
      "GroupPath": "Config/LevelOutput/Group/Groups_P10202_F10202004/LevelGroup_P10202_F10202004_G207.json",
      "DimensionFilter": {},
      "Name": "MainMission8015101_Mission",
      "ID": 207
    },
    {
      "GroupGUID": "77aa3bc4-0873-456a-9057-f3a58afa0059",
      "GroupPath": "Config/LevelOutput/Group/Groups_P10202_F10202004/LevelGroup_P10202_F10202004_G210.json",
      "DimensionFilter": {
        "FilterType": "All"
      },
      "Name": "ChaseBird",
      "ID": 210
    },
    {
      "GroupGUID": "7e744745-9815-4194-8a1e-826364045f77",
      "GroupPath": "Config/LevelOutput/Group/Groups_P10202_F10202004/LevelGroup_P10202_F10202004_G212.json",
      "DimensionFilter": {
        "FilterType": "All"
      },
      "Name": "EnvitonmentChange",
      "ID": 212
    },
    {
      "GroupGUID": "b067fe83-69de-431f-aecd-39ecbd5fa9aa",
      "GroupPath": "Config/LevelOutput/Group/Groups_P10202_F10202004/LevelGroup_P10202_F10202004_G213.json",
      "DimensionFilter": {
        "FilterType": "All"
      },
      "Name": "EnvironmentStage0",
      "ID": 213
    },
    {
      "GroupGUID": "d78eca3e-94f3-47b3-8453-390fd0b5c9fe",
      "GroupPath": "Config/LevelOutput/Group/Groups_P10202_F10202004/LevelGroup_P10202_F10202004_G214.json",
      "DimensionFilter": {
        "FilterType": "All"
      },
      "Name": "EnvironmentStage1",
      "ID": 214
    },
    {
      "GroupGUID": "14c56617-3b8f-4f43-a3bb-2bc5aaa96f2f",
      "GroupPath": "Config/LevelOutput/Group/Groups_P10202_F10202004/LevelGroup_P10202_F10202004_G215.json",
      "DimensionFilter": {
        "FilterType": "All"
      },
      "Name": "EnvironmentStage2",
      "ID": 215
    },
    {
      "GroupGUID": "e72267b4-e698-45ac-9c43-1e2054d35347",
      "GroupPath": "Config/LevelOutput/Group/Groups_P10202_F10202004/LevelGroup_P10202_F10202004_G216.json",
      "DimensionFilter": {
        "FilterType": "All"
      },
      "Name": "EnvironmentStage3",
      "ID": 216
    },
    {
      "GroupGUID": "67916555-983d-4c73-992e-36f6fc1873a6",
      "GroupPath": "Config/LevelOutput/Group/Groups_P10202_F10202004/LevelGroup_P10202_F10202004_G218.json",
      "DimensionFilter": {
        "FilterType": "All"
      },
      "Name": "PropDialogue",
      "ID": 218
    },
    {
      "GroupGUID": "2cdf5c29-01d5-42ad-94f3-8f262a4503ed",
      "GroupPath": "Config/LevelOutput/Group/Groups_P10202_F10202004/LevelGroup_P10202_F10202004_G219.json",
      "DimensionFilter": {
        "FilterType": "All"
      },
      "Name": "ChaseBird",
      "ID": 219
    },
    {
      "GroupGUID": "4320ea83-ba59-4679-8a15-fcabf9040ef7",
      "GroupPath": "Config/LevelOutput/Group/Groups_P10202_F10202004/LevelGroup_P10202_F10202004_G221.json",
      "DimensionFilter": {
        "FilterType": "All"
      },
      "Name": "AWangALai",
      "ID": 221
    },
    {
      "GroupGUID": "1da83223-f217-44f8-86b5-244c7393e7b7",
      "GroupPath": "Config/LevelOutput/Group/Groups_P10202_F10202004/LevelGroup_P10202_F10202004_G222.json",
      "DimensionFilter": {
        "FilterType": "All"
      },
      "Name": "XiYe",
      "ID": 222
    },
    {
      "GroupGUID": "0f3985be-e5af-4000-bb4d-4f5312561818",
      "GroupPath": "Config/LevelOutput/Group/Groups_P10202_F10202004/LevelGroup_P10202_F10202004_G225.json",
      "DimensionFilter": {
        "FilterType": "All"
      },
      "Name": "Xiaolaoda",
      "ID": 225
    },
    {
      "GroupGUID": "02a0f39c-51db-4a84-a73a-9542827e2b1b",
      "GroupPath": "Config/LevelOutput/Group/Groups_P10202_F10202004/LevelGroup_P10202_F10202004_G226.json",
      "DimensionFilter": {
        "FilterType": "All"
      },
      "Name": "PropDialogue4040248_01",
      "ID": 226
    },
    {
      "GroupGUID": "150fadf5-24d2-4eed-909f-3f1b9af7f76a",
      "GroupPath": "Config/LevelOutput/Group/Groups_P10202_F10202004/LevelGroup_P10202_F10202004_G227.json",
      "DimensionFilter": {
        "FilterType": "All"
      },
      "Name": "PropDialogue4040248_01",
      "ID": 227
    },
    {
      "GroupGUID": "f0ff4f27-4d34-43d0-a3e4-61745e796e18",
      "GroupPath": "Config/LevelOutput/Group/Groups_P10202_F10202004/LevelGroup_P10202_F10202004_G228.json",
      "DimensionFilter": {
        "FilterType": "All"
      },
      "Name": "PropDialogue4040248_02",
      "ID": 228
    },
    {
      "GroupGUID": "4858d1a0-ef4e-4dfe-b0fb-a4896c934045",
      "GroupPath": "Config/LevelOutput/Group/Groups_P10202_F10202004/LevelGroup_P10202_F10202004_G229.json",
      "DimensionFilter": {
        "FilterType": "All"
      },
      "Name": "PropDialogue4040248_02",
      "ID": 229
    },
    {
      "GroupGUID": "73c450b4-8bab-4863-860f-81e514c25ba3",
      "GroupPath": "Config/LevelOutput/Group/Groups_P10202_F10202004/LevelGroup_P10202_F10202004_G230.json",
      "DimensionFilter": {
        "FilterType": "All"
      },
      "Name": "PropDialogue4040248_03",
      "ID": 230
    },
    {
      "GroupGUID": "a0f9bd3a-f946-49be-9e5b-846ec9a2a660",
      "GroupPath": "Config/LevelOutput/Group/Groups_P10202_F10202004/LevelGroup_P10202_F10202004_G231.json",
      "DimensionFilter": {
        "FilterType": "All"
      },
      "Name": "PropDialogue4040248_03",
      "ID": 231
    },
    {
      "GroupGUID": "e085c036-c0db-4175-911b-80a6a15cef9d",
      "GroupPath": "Config/LevelOutput/Group/Groups_P10202_F10202004/LevelGroup_P10202_F10202004_G232.json",
      "DimensionFilter": {
        "FilterType": "All"
      },
      "Name": "PropDialogue4040248_04",
      "ID": 232
    },
    {
      "GroupGUID": "21e51ad2-aef2-4e45-98d3-53abcee5a3ea",
      "GroupPath": "Config/LevelOutput/Group/Groups_P10202_F10202004/LevelGroup_P10202_F10202004_G233.json",
      "DimensionFilter": {
        "FilterType": "All"
      },
      "Name": "PropDialogue4040248_04",
      "ID": 233
    },
    {
      "GroupGUID": "468f0918-f63c-48da-8bb7-e69d827e44db",
      "GroupPath": "Config/LevelOutput/Group/Groups_P10202_F10202004/LevelGroup_P10202_F10202004_G234.json",
      "DimensionFilter": {
        "FilterType": "All"
      },
      "Name": "PropDialogue4040248_05",
      "ID": 234
    },
    {
      "GroupGUID": "bf81992a-5133-48c8-b18f-ffb7b2e09e22",
      "GroupPath": "Config/LevelOutput/Group/Groups_P10202_F10202004/LevelGroup_P10202_F10202004_G235.json",
      "DimensionFilter": {
        "FilterType": "All"
      },
      "Name": "PropDialogue4040248_05",
      "ID": 235
    },
    {
      "GroupGUID": "316f0c6a-079b-4188-ac6e-97414460c5a5",
      "GroupPath": "Config/LevelOutput/Group/Groups_P10202_F10202004/LevelGroup_P10202_F10202004_G236.json",
      "DimensionFilter": {
        "FilterType": "All"
      },
      "Name": "PropDialogue4040248_06",
      "ID": 236
    },
    {
      "GroupGUID": "dc972a73-db27-49b1-98e2-2cdd87a8e815",
      "GroupPath": "Config/LevelOutput/Group/Groups_P10202_F10202004/LevelGroup_P10202_F10202004_G237.json",
      "DimensionFilter": {
        "FilterType": "All"
      },
      "Name": "PropDialogue4040248_06",
      "ID": 237
    },
    {
      "GroupGUID": "66914f37-551e-48c4-b5d5-d09378e302ed",
      "GroupPath": "Config/LevelOutput/Group/Groups_P10202_F10202004/LevelGroup_P10202_F10202004_G238.json",
      "DimensionFilter": {
        "FilterType": "All"
      },
      "Name": "PropDialogue4040248_07",
      "ID": 238
    },
    {
      "GroupGUID": "7031a525-940a-41ad-8051-09e4acecc8fe",
      "GroupPath": "Config/LevelOutput/Group/Groups_P10202_F10202004/LevelGroup_P10202_F10202004_G239.json",
      "DimensionFilter": {
        "FilterType": "All"
      },
      "Name": "PropDialogue4040248_07",
      "ID": 239
    },
    {
      "GroupGUID": "15792b49-d473-4198-9726-c18ff35fe79f",
      "GroupPath": "Config/LevelOutput/Group/Groups_P10202_F10202004/LevelGroup_P10202_F10202004_G240.json",
      "DimensionFilter": {
        "FilterType": "All"
      },
      "Name": "PropDialogue4040248_08",
      "ID": 240
    },
    {
      "GroupGUID": "3177e94a-da2a-4a04-8158-fd8a8b08000a",
      "GroupPath": "Config/LevelOutput/Group/Groups_P10202_F10202004/LevelGroup_P10202_F10202004_G241.json",
      "DimensionFilter": {
        "FilterType": "All"
      },
      "Name": "PropDialogue4040248_08",
      "ID": 241
    },
    {
      "GroupGUID": "e36449e5-4fb4-4ad6-8e9d-cb7d72628b57",
      "GroupPath": "Config/LevelOutput/Group/Groups_P10202_F10202004/LevelGroup_P10202_F10202004_G242.json",
      "DimensionFilter": {
        "FilterType": "All"
      },
      "Name": "PropDialogue4040248_09",
      "ID": 242
    },
    {
      "GroupGUID": "95d6e9fb-aaa3-4d5f-abe0-eb8f94349b93",
      "GroupPath": "Config/LevelOutput/Group/Groups_P10202_F10202004/LevelGroup_P10202_F10202004_G243.json",
      "DimensionFilter": {
        "FilterType": "All"
      },
      "Name": "PropDialogue4040248_09",
      "ID": 243
    },
    {
      "GroupGUID": "c14c3095-12c4-406b-88d4-949da563d51b",
      "GroupPath": "Config/LevelOutput/Group/Groups_P10202_F10202004/LevelGroup_P10202_F10202004_G244.json",
      "DimensionFilter": {
        "FilterType": "All"
      },
      "Name": "PropDialogue4040248_10",
      "ID": 244
    },
    {
      "GroupGUID": "a393fd6e-cb80-4a96-b61e-0568e7ff72c4",
      "GroupPath": "Config/LevelOutput/Group/Groups_P10202_F10202004/LevelGroup_P10202_F10202004_G245.json",
      "DimensionFilter": {
        "FilterType": "All"
      },
      "Name": "PropDialogue4040248_10",
      "ID": 245
    },
    {
      "GroupGUID": "a5388b10-a0e6-4889-b859-b799d8d67cbc",
      "GroupPath": "Config/LevelOutput/Group/Groups_P10202_F10202004/LevelGroup_P10202_F10202004_G248.json",
      "DimensionFilter": {
        "FilterType": "All"
      },
      "Name": "Sound_01",
      "ID": 248
    },
    {
      "GroupGUID": "6134e6f3-5c46-479e-b9c5-aed72839d9e4",
      "GroupPath": "Config/LevelOutput/Group/Groups_P10202_F10202004/LevelGroup_P10202_F10202004_G250.json",
      "DimensionFilter": {},
      "Name": "MainMission3020101_Daily1",
      "ID": 250
    },
    {
      "GroupGUID": "1a710d4a-a133-4196-b8ad-3a16406cad85",
      "GroupPath": "Config/LevelOutput/Group/Groups_P10202_F10202004/LevelGroup_P10202_F10202004_G251.json",
      "DimensionFilter": {},
      "Name": "MainMission3020102_Daily2",
      "ID": 251
    },
    {
      "GroupGUID": "72449534-3a34-423e-bb29-c9c5e5171335",
      "GroupPath": "Config/LevelOutput/Group/Groups_P10202_F10202004/LevelGroup_P10202_F10202004_G252.json",
      "DimensionFilter": {},
      "Name": "MainMission3020103_Daily3",
      "ID": 252
    },
    {
      "GroupGUID": "fbad4154-c15c-4425-9726-2c161ed07a22",
      "GroupPath": "Config/LevelOutput/Group/Groups_P10202_F10202004/LevelGroup_P10202_F10202004_G253.json",
      "DimensionFilter": {},
      "Name": "MainMission3020104_Daily4",
      "ID": 253
    },
    {
      "GroupGUID": "f1220efe-36c7-45c7-a66a-5a07b4c194bf",
      "GroupPath": "Config/LevelOutput/Group/Groups_P10202_F10202004/LevelGroup_P10202_F10202004_G254.json",
      "DimensionFilter": {},
      "Name": "MainMission3020105_Daily5",
      "ID": 254
    },
    {
      "GroupGUID": "f1004c40-c469-49e6-afbc-fa5ec438b61f",
      "GroupPath": "Config/LevelOutput/Group/Groups_P10202_F10202004/LevelGroup_P10202_F10202004_G255.json",
      "DimensionFilter": {},
      "Name": "MainMission3020106_Daily6",
      "ID": 255
    },
    {
      "GroupGUID": "f4073221-0fe9-4c35-9f7d-a51d755e2db8",
      "GroupPath": "Config/LevelOutput/Group/Groups_P10202_F10202004/LevelGroup_P10202_F10202004_G249.json",
      "DimensionFilter": {},
      "Name": "MainMission8003266_",
      "ID": 249
    },
    {
      "GroupGUID": "f788af83-e08e-461f-89ae-9da7a875cd08",
      "GroupPath": "Config/LevelOutput/Group/Groups_P10202_F10202004/LevelGroup_P10202_F10202004_G260.json",
      "DimensionFilter": {},
      "Name": "MainMission8003266_",
      "ID": 260
    },
    {
      "GroupGUID": "e5a0b254-5188-4b52-90b1-abb531556830",
      "GroupPath": "Config/LevelOutput/Group/Groups_P10202_F10202004/LevelGroup_P10202_F10202004_G264.json",
      "DimensionFilter": {},
      "Name": "MainMission8003267_",
      "ID": 264
    },
    {
      "GroupGUID": "2254e95a-50db-44db-97e8-09ec6b898134",
      "GroupPath": "Config/LevelOutput/Group/Groups_P10202_F10202004/LevelGroup_P10202_F10202004_G265.json",
      "DimensionFilter": {},
      "Name": "MainMission8003267_",
      "ID": 265
    },
    {
      "GroupGUID": "4ce6ff4d-508c-41a9-8c17-b68739ce4ec3",
      "GroupPath": "Config/LevelOutput/Group/Groups_P10202_F10202004/LevelGroup_P10202_F10202004_G269.json",
      "DimensionFilter": {},
      "Name": "MainMission8003250_",
      "ID": 269
    },
    {
      "GroupGUID": "e8c759b4-1474-4684-ba86-40b6e08b89c8",
      "GroupPath": "Config/LevelOutput/Group/Groups_P10202_F10202004/LevelGroup_P10202_F10202004_G270.json",
      "DimensionFilter": {},
      "Name": "MainMission8003250_",
      "ID": 270
    },
    {
      "GroupGUID": "b5c395f8-4209-49f9-8ecc-aa8f6f31c643",
      "GroupPath": "Config/LevelOutput/Group/Groups_P10202_F10202004/LevelGroup_P10202_F10202004_G272.json",
      "DimensionFilter": {
        "FilterType": "All"
      },
      "Name": "Sound_02",
      "ID": 272
    },
    {
      "GroupGUID": "b43ddc91-b2dd-47ab-af0e-6a463349584e",
      "GroupPath": "Config/LevelOutput/Group/Groups_P10202_F10202004/LevelGroup_P10202_F10202004_G273.json",
      "DimensionFilter": {
        "FilterType": "All"
      },
      "Name": "NPC04",
      "ID": 273
    },
    {
      "GroupGUID": "0dafebf8-e511-4845-9d4e-b19e7b7b0cbb",
      "GroupPath": "Config/LevelOutput/Group/Groups_P10202_F10202004/LevelGroup_P10202_F10202004_G274.json",
      "DimensionFilter": {},
      "Name": "MainMission4040251_",
      "ID": 274
    },
    {
      "GroupGUID": "1bbce533-af37-4d79-bd30-d4c9332d033b",
      "GroupPath": "Config/LevelOutput/Group/Groups_P10202_F10202004/LevelGroup_P10202_F10202004_G275.json",
      "DimensionFilter": {
        "FilterType": "All"
      },
      "Name": "NPC16",
      "ID": 275
    },
    {
      "GroupGUID": "a3b4c7a2-5494-4341-ac99-1741c0393a96",
      "GroupPath": "Config/LevelOutput/Group/Groups_P10202_F10202004/LevelGroup_P10202_F10202004_G278.json",
      "DimensionFilter": {
        "FilterType": "All"
      },
      "Name": "NPC18",
      "ID": 278
    },
    {
      "GroupGUID": "12c2f598-c0ea-4341-8bb2-61674f51ff48",
      "GroupPath": "Config/LevelOutput/Group/Groups_P10202_F10202004/LevelGroup_P10202_F10202004_G280.json",
      "DimensionFilter": {
        "FilterType": "All"
      },
      "Name": "NPC19",
      "ID": 280
    },
    {
      "GroupGUID": "165af989-3182-480d-bfc1-de0fffeb7689",
      "GroupPath": "Config/LevelOutput/Group/Groups_P10202_F10202004/LevelGroup_P10202_F10202004_G281.json",
      "DimensionFilter": {
        "FilterType": "All"
      },
      "Name": "Shop",
      "ID": 281
    },
    {
      "GroupGUID": "ae56e6de-ac09-4fe7-ad33-0928a4448259",
      "GroupPath": "Config/LevelOutput/Group/Groups_P10202_F10202004/LevelGroup_P10202_F10202004_G283.json",
      "DimensionFilter": {
        "FilterType": "All"
      },
      "Name": "Book",
      "ID": 283
    },
    {
      "GroupGUID": "2808e9b2-6f49-42ec-bc18-2336891d3dd3",
      "GroupPath": "Config/LevelOutput/Group/Groups_P10202_F10202004/LevelGroup_P10202_F10202004_G284.json",
      "DimensionFilter": {
        "FilterType": "All"
      },
      "Name": "MainMission8003250_",
      "ID": 284
    },
    {
      "GroupGUID": "692ad227-29cb-4b19-a4e2-66a7fce4e07f",
      "GroupPath": "Config/LevelOutput/Group/Groups_P10202_F10202004/LevelGroup_P10202_F10202004_G285.json",
      "DimensionFilter": {
        "FilterType": "All"
      },
      "Name": "NPC01",
      "ID": 285
    },
    {
      "GroupGUID": "1caa33a2-6cea-4443-98d7-abab9789cd69",
      "GroupPath": "Config/LevelOutput/Group/Groups_P10202_F10202004/LevelGroup_P10202_F10202004_G286.json",
      "DimensionFilter": {},
      "Name": "MainMission8015151_801515102",
      "ID": 286
    },
    {
      "GroupGUID": "f0ea3a8a-accf-467e-832f-b10311a2c184",
      "GroupPath": "Config/LevelOutput/Group/Groups_P10202_F10202004/LevelGroup_P10202_F10202004_G287.json",
      "DimensionFilter": {},
      "Name": "MainMission8015151_801515103",
      "ID": 287
    },
    {
      "GroupGUID": "d44b6b21-3c4f-4d67-b074-ba32c9bd25a0",
      "GroupPath": "Config/LevelOutput/Group/Groups_P10202_F10202004/LevelGroup_P10202_F10202004_G288.json",
      "DimensionFilter": {},
      "Name": "MainMission8015153_801515303",
      "ID": 288
    },
    {
      "GroupGUID": "3526397c-d6cf-40fb-b19d-b79a61c23ec7",
      "GroupPath": "Config/LevelOutput/Group/Groups_P10202_F10202004/LevelGroup_P10202_F10202004_G290.json",
      "DimensionFilter": {
        "FilterType": "All"
      },
      "Name": "NPC_GNF",
      "ID": 290
    },
    {
      "GroupGUID": "57ef093b-2709-43af-84b7-19771cf81b1b",
      "GroupPath": "Config/LevelOutput/Group/Groups_P10202_F10202004/LevelGroup_P10202_F10202004_G291.json",
      "DimensionFilter": {},
      "Name": "MainMission2021705_HH_TX_SuShang",
      "ID": 291
    },
    {
      "GroupGUID": "44cf0322-07bc-4bbf-8604-4de1dff26b42",
      "GroupPath": "Config/LevelOutput/Group/Groups_P10202_F10202004/LevelGroup_P10202_F10202004_G292.json",
      "DimensionFilter": {},
      "Name": "MainMission8015153_801515306",
      "ID": 292
    },
    {
      "GroupGUID": "488af776-9d03-45f0-9a6d-fbb39693f7c2",
      "GroupPath": "Config/LevelOutput/Group/Groups_P10202_F10202004/LevelGroup_P10202_F10202004_G293.json",
      "DimensionFilter": {},
      "Name": "MainMission8015153_801515307",
      "ID": 293
    },
    {
      "GroupGUID": "9c198a7f-3975-4bd7-89bb-bb43cc6f34b0",
      "GroupPath": "Config/LevelOutput/Group/Groups_P10202_F10202004/LevelGroup_P10202_F10202004_G294.json",
      "DimensionFilter": {},
      "Name": "MainMission8015153_801515308",
      "ID": 294
    },
    {
      "GroupGUID": "5cd47776-77d5-4878-9b08-e9f85159ebb2",
      "GroupPath": "Config/LevelOutput/Group/Groups_P10202_F10202004/LevelGroup_P10202_F10202004_G298.json",
      "DimensionFilter": {},
      "Name": "MainMission8015153_09",
      "ID": 298
    },
    {
      "GroupGUID": "bb9b4be9-4371-49a6-933f-b400eb07efa5",
      "GroupPath": "Config/LevelOutput/Group/Groups_P10202_F10202004/LevelGroup_P10202_F10202004_G299.json",
      "DimensionFilter": {},
      "Name": "MainMission8015161_1",
      "ID": 299
    },
    {
      "GroupGUID": "94d199b0-74db-4b0a-99a3-7eed8acb344d",
      "GroupPath": "Config/LevelOutput/Group/Groups_P10202_F10202004/LevelGroup_P10202_F10202004_G300.json",
      "DimensionFilter": {},
      "Name": "MainMission8015153_10",
      "ID": 300
    },
    {
      "GroupGUID": "9596b493-2d10-4acf-9e66-c5ba32eeca6a",
      "GroupPath": "Config/LevelOutput/Group/Groups_P10202_F10202004/LevelGroup_P10202_F10202004_G301.json",
      "DimensionFilter": {},
      "Name": "MainMission8015172_03",
      "ID": 301
    },
    {
      "GroupGUID": "4ef91bfc-8e3e-47af-a5c6-4429a0bc2cd6",
      "GroupPath": "Config/LevelOutput/Group/Groups_P10202_F10202004/LevelGroup_P10202_F10202004_G302.json",
      "DimensionFilter": {},
      "Name": "MainMission8015173_05",
      "ID": 302
    },
    {
      "GroupGUID": "a881bd79-c13b-4c81-b628-3482e391490f",
      "GroupPath": "Config/LevelOutput/Group/Groups_P10202_F10202004/LevelGroup_P10202_F10202004_G303.json",
      "DimensionFilter": {},
      "Name": "MainMission8015173_06",
      "ID": 303
    },
    {
      "GroupGUID": "b48fc32b-5058-484d-92d9-8d0c93312dfa",
      "GroupPath": "Config/LevelOutput/Group/Groups_P10202_F10202004/LevelGroup_P10202_F10202004_G304.json",
      "DimensionFilter": {},
      "Name": "MainMission8015173_09",
      "ID": 304
    },
    {
      "GroupGUID": "cf4d3a6f-b748-410e-afb3-6e971d02285b",
      "GroupPath": "Config/LevelOutput/Group/Groups_P10202_F10202004/LevelGroup_P10202_F10202004_G307.json",
      "DimensionFilter": {
        "FilterType": "All"
      },
      "Name": "New Group",
      "ID": 307
    },
    {
      "GroupGUID": "324630eb-ee01-4c36-a98c-f4d7e00dbb16",
      "GroupPath": "Config/LevelOutput/Group/Groups_P10202_F10202004/LevelGroup_P10202_F10202004_G308.json",
      "DimensionFilter": {},
      "Name": "MainMission9020601_01",
      "ID": 308,
      "IsDelete": true
    },
    {
      "GroupGUID": "c0173456-7057-44bd-9db5-e79903c73709",
      "GroupPath": "Config/LevelOutput/Group/Groups_P10202_F10202004/LevelGroup_P10202_F10202004_G309.json",
      "DimensionFilter": {},
      "Name": "MainMission9020601_02",
      "ID": 309,
      "IsDelete": true
    },
    {
      "GroupGUID": "04e47c60-36a6-402b-8977-3887940a1f6a",
      "GroupPath": "Config/LevelOutput/Group/Groups_P10202_F10202004/LevelGroup_P10202_F10202004_G310.json",
      "DimensionFilter": {},
      "Name": "New Group",
      "ID": 310,
      "IsDelete": true
    }
  ],
  "DefaultEnviroProfile": "Stages/Outputs/Chapter02/EnviroProfile/Chap02_CloseView_ADV_X02_JinrenXiang_Night.enviroProfile.asset",
  "StageData": "Stages/Outputs/Chapter02/Stages/Chap02_ADV_X02_Sanctum_BackAlley_StageData/Chap02_ADV_X02_Sanctum_BackAlley_StageData.stage",
  "TimeOfDayEnviroProfileMap": {},
  "LayerToAreaMask": [
    1
  ],
  "FloorCustomData": {
    "SavedValues": [
      {
        "ID": 1,
        "Name": "State_800326402",
        "AllowedValues": [
          0,
          1
        ],
        "MaxValue": 1
      },
      {
        "ID": 2,
        "Name": "JinRenFinish",
        "AllowedValues": [],
        "MaxValue": 1
      },
      {
        "ID": 3,
        "Name": "GNFloarding",
        "AllowedValues": [],
        "MaxValue": 1
      }
    ]
  },
  "BattleAreaList": [],
  "DimensionList": [
    {}
  ],
  "NavmapConfigPath": "Config/LevelOutput/Map/MapInfo_P10202_F10202004.json",
  "EnableGroupStreaming": false,
  "EnableGroupSpaceConflict": false,
  "IsRestartLevelGraph": false
}