{
  "FloorID": 10201001,
  "FloorName": "MazeText_Empty",
  "StartGroupID": 1,
  "StartAnchorID": 1,
  "GroupList": [
    {
      "GroupGUID": "7c7212da-0d43-4797-bd63-87727655686f",
      "GroupPath": "Config/LevelOutput/Group/Groups_P10201_F10201001/LevelGroup_P10201_F10201001_G1.json",
      "DimensionFilter": {
        "FilterType": "All"
      },
      "Name": "DefaultGroup",
      "ID": 1
    },
    {
      "GroupGUID": "ae5fa31f-2fa9-43ae-a2eb-257014670376",
      "GroupPath": "Config/LevelOutput/Group/Groups_P10201_F10201001/LevelGroup_P10201_F10201001_G2.json",
      "DimensionFilter": {
        "FilterType": "All"
      },
      "Name": "MapEntrance",
      "ID": 2
    },
    {
      "GroupGUID": "ddb4716b-3f60-4605-a491-f1e6d585c43a",
      "GroupPath": "Config/LevelOutput/Group/Groups_P10201_F10201001/LevelGroup_P10201_F10201001_G111.json",
      "DimensionFilter": {
        "FilterType": "All"
      },
      "Name": "New Group",
      "ID": 111
    },
    {
      "GroupGUID": "75b1c7e4-38b7-4586-a656-b8ac894d2c90",
      "GroupPath": "Config/LevelOutput/Group/Groups_P10201_F10201001/LevelGroup_P10201_F10201001_G50.json",
      "DimensionFilter": {
        "FilterType": "All"
      },
      "Name": "Entrance",
      "ID": 50
    },
    {
      "GroupGUID": "ea82f941-6150-4ab1-8e39-868e958b58e3",
      "GroupPath": "Config/LevelOutput/Group/Groups_P10201_F10201001/LevelGroup_P10201_F10201001_G14.json",
      "DimensionFilter": {
        "FilterType": "All"
      },
      "Name": "Airwall",
      "ID": 14
    },
    {
      "GroupGUID": "17da181e-acc8-4428-93cd-87545c0c8674",
      "GroupPath": "Config/LevelOutput/Group/Groups_P10201_F10201001/LevelGroup_P10201_F10201001_G15.json",
      "DimensionFilter": {
        "FilterType": "All"
      },
      "Name": "Pedestrian",
      "ID": 15
    },
    {
      "GroupGUID": "c6ee369d-dcef-4c64-a03e-d0009e667ab6",
      "GroupPath": "Config/LevelOutput/Group/Groups_P10201_F10201001/LevelGroup_P10201_F10201001_G59.json",
      "DimensionFilter": {
        "FilterType": "All"
      },
      "Name": "Book",
      "ID": 59
    },
    {
      "GroupGUID": "5d5501ee-684a-4329-8501-736b866388e0",
      "GroupPath": "Config/LevelOutput/Group/Groups_P10201_F10201001/LevelGroup_P10201_F10201001_G60.json",
      "DimensionFilter": {
        "FilterType": "All"
      },
      "Name": "Chest",
      "ID": 60
    },
    {
      "GroupGUID": "3562cbbb-e57f-40f5-9653-d5800c89f8aa",
      "GroupPath": "Config/LevelOutput/Group/Groups_P10201_F10201001/LevelGroup_P10201_F10201001_G3.json",
      "DimensionFilter": {
        "FilterType": "All"
      },
      "Name": "MainMission_102030101",
      "ID": 3
    },
    {
      "GroupGUID": "6296bf57-1a9b-4e01-a889-accb102b178f",
      "GroupPath": "Config/LevelOutput/Group/Groups_P10201_F10201001/LevelGroup_P10201_F10201001_G4.json",
      "DimensionFilter": {},
      "Name": "MainMission_102030112",
      "ID": 4
    },
    {
      "GroupGUID": "0ec1516b-0ac1-49e3-b240-6e69b1eb18b2",
      "GroupPath": "Config/LevelOutput/Group/Groups_P10201_F10201001/LevelGroup_P10201_F10201001_G5.json",
      "DimensionFilter": {},
      "Name": "MainMission_102030113",
      "ID": 5
    },
    {
      "GroupGUID": "cd640242-053e-420e-a0cd-e16e5a75bee4",
      "GroupPath": "Config/LevelOutput/Group/Groups_P10201_F10201001/LevelGroup_P10201_F10201001_G6.json",
      "DimensionFilter": {
        "FilterType": "All"
      },
      "Name": "MainMission_1020501",
      "ID": 6
    },
    {
      "GroupGUID": "bb07e380-7255-42c3-a0c9-f5f07f6c73b0",
      "GroupPath": "Config/LevelOutput/Group/Groups_P10201_F10201001/LevelGroup_P10201_F10201001_G7.json",
      "DimensionFilter": {},
      "Name": "MainMission_102030124",
      "ID": 7
    },
    {
      "GroupGUID": "0de91972-e38d-46af-9da4-51fd1ba95295",
      "GroupPath": "Config/LevelOutput/Group/Groups_P10201_F10201001/LevelGroup_P10201_F10201001_G8.json",
      "DimensionFilter": {},
      "Name": "MainMission_102030102",
      "ID": 8
    },
    {
      "GroupGUID": "2ad6a1c0-e1f1-4efb-be54-c23527fe533c",
      "GroupPath": "Config/LevelOutput/Group/Groups_P10201_F10201001/LevelGroup_P10201_F10201001_G9.json",
      "DimensionFilter": {},
      "Name": "MainMission_102030121",
      "ID": 9
    },
    {
      "GroupGUID": "ace35b02-e2ac-4314-ba9b-45548a04ac63",
      "GroupPath": "Config/LevelOutput/Group/Groups_P10201_F10201001/LevelGroup_P10201_F10201001_G10.json",
      "DimensionFilter": {
        "FilterType": "All"
      },
      "Name": "StarSkiff01",
      "ID": 10
    },
    {
      "GroupGUID": "2e21970e-6b24-4049-8c88-cde1b2bbdbde",
      "GroupPath": "Config/LevelOutput/Group/Groups_P10201_F10201001/LevelGroup_P10201_F10201001_G72.json",
      "DimensionFilter": {
        "FilterType": "All"
      },
      "Name": "StarSkiff02",
      "ID": 72
    },
    {
      "GroupGUID": "96d38db1-43a3-45b9-a506-46742925206c",
      "GroupPath": "Config/LevelOutput/Group/Groups_P10201_F10201001/LevelGroup_P10201_F10201001_G11.json",
      "DimensionFilter": {},
      "Name": "MainMissionTrack",
      "ID": 11
    },
    {
      "GroupGUID": "269bab98-2195-4bcd-9a2e-7a7d60a52d8c",
      "GroupPath": "Config/LevelOutput/Group/Groups_P10201_F10201001/LevelGroup_P10201_F10201001_G13.json",
      "DimensionFilter": {
        "FilterType": "All"
      },
      "Name": "MainMissionTrack",
      "ID": 13
    },
    {
      "GroupGUID": "1b629e9f-fb5c-4df4-8dcc-58b310bf6f21",
      "GroupPath": "Config/LevelOutput/Group/Groups_P10201_F10201001/LevelGroup_P10201_F10201001_G16.json",
      "DimensionFilter": {
        "FilterType": "All"
      },
      "Name": "Anchor",
      "ID": 16
    },
    {
      "GroupGUID": "1b1a6650-25d0-4d0c-a285-fdedacb9291e",
      "GroupPath": "Config/LevelOutput/Group/Groups_P10201_F10201001/LevelGroup_P10201_F10201001_G17.json",
      "DimensionFilter": {},
      "Name": "TownNpc",
      "ID": 17
    },
    {
      "GroupGUID": "40f0af0b-65c0-4197-8fee-63bc3a7c59ea",
      "GroupPath": "Config/LevelOutput/Group/Groups_P10201_F10201001/LevelGroup_P10201_F10201001_G19.json",
      "DimensionFilter": {
        "FilterType": "All"
      },
      "Name": "Sound",
      "ID": 19
    },
    {
      "GroupGUID": "c7fa77e9-1a04-4f91-82b2-7b4e46bebbc8",
      "GroupPath": "Config/LevelOutput/Group/Groups_P10201_F10201001/LevelGroup_P10201_F10201001_G20.json",
      "DimensionFilter": {
        "FilterType": "All"
      },
      "Name": "TownNpc-Client",
      "ID": 20
    },
    {
      "GroupGUID": "27d60967-84ec-4c45-a079-c7cdb0f03403",
      "GroupPath": "Config/LevelOutput/Group/Groups_P10201_F10201001/LevelGroup_P10201_F10201001_G21.json",
      "DimensionFilter": {
        "FilterType": "All"
      },
      "Name": "TownNpc-CoS",
      "ID": 21
    },
    {
      "GroupGUID": "ee994f47-850f-4c32-9300-14dfb4bc3c04",
      "GroupPath": "Config/LevelOutput/Group/Groups_P10201_F10201001/LevelGroup_P10201_F10201001_G22.json",
      "DimensionFilter": {
        "FilterType": "All"
      },
      "Name": "TownNpc-Mission",
      "ID": 22
    },
    {
      "GroupGUID": "bf2a1376-2655-466b-aa40-bc524f53c1d0",
      "GroupPath": "Config/LevelOutput/Group/Groups_P10201_F10201001/LevelGroup_P10201_F10201001_G23.json",
      "DimensionFilter": {
        "FilterType": "All"
      },
      "Name": "TownNpc-Mission",
      "ID": 23
    },
    {
      "GroupGUID": "ec5e3d4e-179b-408b-8c03-1b14aa45d546",
      "GroupPath": "Config/LevelOutput/Group/Groups_P10201_F10201001/LevelGroup_P10201_F10201001_G25.json",
      "DimensionFilter": {
        "FilterType": "All"
      },
      "Name": "Shop",
      "ID": 25
    },
    {
      "GroupGUID": "6e95cf34-1cd8-43bd-bee9-de686ee16069",
      "GroupPath": "Config/LevelOutput/Group/Groups_P10201_F10201001/LevelGroup_P10201_F10201001_G26.json",
      "DimensionFilter": {
        "FilterType": "All"
      },
      "Name": "TownNpc-C",
      "ID": 26
    },
    {
      "GroupGUID": "7a913fc3-5a88-4ac1-861d-6c1e62c42a6d",
      "GroupPath": "Config/LevelOutput/Group/Groups_P10201_F10201001/LevelGroup_P10201_F10201001_G28.json",
      "DimensionFilter": {},
      "Name": "MainMission2020302_",
      "ID": 28
    },
    {
      "GroupGUID": "ba07855a-a443-416d-8117-28f4a715e228",
      "GroupPath": "Config/LevelOutput/Group/Groups_P10201_F10201001/LevelGroup_P10201_F10201001_G29.json",
      "DimensionFilter": {},
      "Name": "SubMission_2020302",
      "ID": 29
    },
    {
      "GroupGUID": "f114a198-42cb-4263-ae9d-e25b594bc7df",
      "GroupPath": "Config/LevelOutput/Group/Groups_P10201_F10201001/LevelGroup_P10201_F10201001_G30.json",
      "DimensionFilter": {},
      "Name": "SubMission_2020302",
      "ID": 30
    },
    {
      "GroupGUID": "040be73f-caa7-4af4-af59-924259553653",
      "GroupPath": "Config/LevelOutput/Group/Groups_P10201_F10201001/LevelGroup_P10201_F10201001_G31.json",
      "DimensionFilter": {},
      "Name": "SubMission_2020302",
      "ID": 31
    },
    {
      "GroupGUID": "1ffed6f5-b0dc-442d-b3b8-12a2cb92cf07",
      "GroupPath": "Config/LevelOutput/Group/Groups_P10201_F10201001/LevelGroup_P10201_F10201001_G44.json",
      "DimensionFilter": {},
      "Name": "Gameplay_CallPuppy_ForSpecialVision",
      "ID": 44
    },
    {
      "GroupGUID": "04665993-e06f-49a4-bc61-330aae7d2a43",
      "GroupPath": "Config/LevelOutput/Group/Groups_P10201_F10201001/LevelGroup_P10201_F10201001_G46.json",
      "DimensionFilter": {},
      "Name": "Gameplay_CallPuppy_ForSpecialVision",
      "ID": 46
    },
    {
      "GroupGUID": "da79fe21-cc37-4b4a-96a9-54094db92c4d",
      "GroupPath": "Config/LevelOutput/Group/Groups_P10201_F10201001/LevelGroup_P10201_F10201001_G55.json",
      "DimensionFilter": {
        "FilterType": "All"
      },
      "Name": "MainMission_102030101",
      "ID": 55
    },
    {
      "GroupGUID": "9e004f29-1745-468e-ae75-cacc9f1560ab",
      "GroupPath": "Config/LevelOutput/Group/Groups_P10201_F10201001/LevelGroup_P10201_F10201001_G63.json",
      "DimensionFilter": {
        "FilterType": "All"
      },
      "Name": "CrowdNormal-Yunqijun",
      "ID": 63
    },
    {
      "GroupGUID": "dc60a74d-519c-47d4-9a25-32ee3d509dea",
      "GroupPath": "Config/LevelOutput/Group/Groups_P10201_F10201001/LevelGroup_P10201_F10201001_G61.json",
      "DimensionFilter": {
        "FilterType": "All"
      },
      "Name": "TownNpc-CoS",
      "ID": 61
    },
    {
      "GroupGUID": "329e2d9d-4403-4806-a6d5-ae156d8ae426",
      "GroupPath": "Config/LevelOutput/Group/Groups_P10201_F10201001/LevelGroup_P10201_F10201001_G62.json",
      "DimensionFilter": {},
      "Name": "CrowdAlert-Yunqijun",
      "ID": 62
    },
    {
      "GroupGUID": "264c2c0a-06b5-439c-83f2-ab3a58621e2f",
      "GroupPath": "Config/LevelOutput/Group/Groups_P10201_F10201001/LevelGroup_P10201_F10201001_G65.json",
      "DimensionFilter": {
        "FilterType": "All"
      },
      "Name": "CrowdNormal-Folk",
      "ID": 65
    },
    {
      "GroupGUID": "50ec1b09-9900-44fe-984d-61f059817771",
      "GroupPath": "Config/LevelOutput/Group/Groups_P10201_F10201001/LevelGroup_P10201_F10201001_G66.json",
      "DimensionFilter": {},
      "Name": "CrowdAlert-Loop",
      "ID": 66
    },
    {
      "GroupGUID": "260f5eab-b78c-4b51-9f76-b47d2d8f0ecd",
      "GroupPath": "Config/LevelOutput/Group/Groups_P10201_F10201001/LevelGroup_P10201_F10201001_G67.json",
      "DimensionFilter": {
        "FilterType": "All"
      },
      "Name": "CrowdNormal-Loop",
      "ID": 67
    },
    {
      "GroupGUID": "186f9822-0be1-482e-b341-72603b9d6e53",
      "GroupPath": "Config/LevelOutput/Group/Groups_P10201_F10201001/LevelGroup_P10201_F10201001_G68.json",
      "DimensionFilter": {
        "FilterType": "All"
      },
      "Name": "CrowdOutside_P",
      "ID": 68
    },
    {
      "GroupGUID": "9a46e004-3f39-4f2d-a2c5-1eb553420838",
      "GroupPath": "Config/LevelOutput/Group/Groups_P10201_F10201001/LevelGroup_P10201_F10201001_G69.json",
      "DimensionFilter": {
        "FilterType": "All"
      },
      "Name": "CrowdOutside_C",
      "ID": 69
    },
    {
      "GroupGUID": "6c1d9ce8-813a-43d8-bc67-4e80cd51b298",
      "GroupPath": "Config/LevelOutput/Group/Groups_P10201_F10201001/LevelGroup_P10201_F10201001_G75.json",
      "DimensionFilter": {
        "FilterType": "All"
      },
      "Name": "TownNpc",
      "ID": 75
    },
    {
      "GroupGUID": "09497fc7-4a93-4a19-9f65-c961a2380caa",
      "GroupPath": "Config/LevelOutput/Group/Groups_P10201_F10201001/LevelGroup_P10201_F10201001_G35.json",
      "DimensionFilter": {},
      "Name": "Passerby_2020303",
      "ID": 35
    },
    {
      "GroupGUID": "aefc39be-fd93-4463-b62d-a040438f5581",
      "GroupPath": "Config/LevelOutput/Group/Groups_P10201_F10201001/LevelGroup_P10201_F10201001_G36.json",
      "DimensionFilter": {},
      "Name": "qingque_2020303",
      "ID": 36
    },
    {
      "GroupGUID": "0404b622-e2e3-46ab-996b-ba6ee3b1ddd7",
      "GroupPath": "Config/LevelOutput/Group/Groups_P10201_F10201001/LevelGroup_P10201_F10201001_G54.json",
      "DimensionFilter": {},
      "Name": "Passerby_202030313",
      "ID": 54
    },
    {
      "GroupGUID": "5c4965d9-194b-4887-be0a-948658540d6c",
      "GroupPath": "Config/LevelOutput/Group/Groups_P10201_F10201001/LevelGroup_P10201_F10201001_G58.json",
      "DimensionFilter": {},
      "Name": "LogisticsRobot_Mission",
      "ID": 58
    },
    {
      "GroupGUID": "b474fd73-608f-4f02-aed2-eed04dc5a405",
      "GroupPath": "Config/LevelOutput/Group/Groups_P10201_F10201001/LevelGroup_P10201_F10201001_G76.json",
      "DimensionFilter": {
        "FilterType": "All"
      },
      "Name": "MainMission2020401",
      "ID": 76
    },
    {
      "GroupGUID": "c9225bcc-996d-4bb9-a52a-48fc8dbe10b2",
      "GroupPath": "Config/LevelOutput/Group/Groups_P10201_F10201001/LevelGroup_P10201_F10201001_G80.json",
      "DimensionFilter": {},
      "Name": "SimpleMission",
      "ID": 80
    },
    {
      "GroupGUID": "b95c1f58-68e8-4b89-9142-1d3c30736055",
      "GroupPath": "Config/LevelOutput/Group/Groups_P10201_F10201001/LevelGroup_P10201_F10201001_G86.json",
      "DimensionFilter": {},
      "Name": "SimpleMission",
      "ID": 86
    },
    {
      "GroupGUID": "8e976558-41be-44c4-b74b-e64baa2067d7",
      "GroupPath": "Config/LevelOutput/Group/Groups_P10201_F10201001/LevelGroup_P10201_F10201001_G91.json",
      "DimensionFilter": {},
      "Name": "SimpleMission",
      "ID": 91
    },
    {
      "GroupGUID": "f0facfd4-281a-4779-82db-67243f5099a8",
      "GroupPath": "Config/LevelOutput/Group/Groups_P10201_F10201001/LevelGroup_P10201_F10201001_G93.json",
      "DimensionFilter": {},
      "Name": "SimpleMission",
      "ID": 93
    },
    {
      "GroupGUID": "b114e9bc-ffbc-4059-8d28-9e1163c4ed7d",
      "GroupPath": "Config/LevelOutput/Group/Groups_P10201_F10201001/LevelGroup_P10201_F10201001_G94.json",
      "DimensionFilter": {
        "FilterType": "All"
      },
      "Name": "SimpleMission",
      "ID": 94
    },
    {
      "GroupGUID": "2ef8e9af-4d0d-49df-88c8-5897a29da21a",
      "GroupPath": "Config/LevelOutput/Group/Groups_P10201_F10201001/LevelGroup_P10201_F10201001_G95.json",
      "DimensionFilter": {},
      "Name": "SimpleMission",
      "ID": 95
    },
    {
      "GroupGUID": "a3d6d7df-b4c0-41f1-bbfb-261bc9319559",
      "GroupPath": "Config/LevelOutput/Group/Groups_P10201_F10201001/LevelGroup_P10201_F10201001_G97.json",
      "DimensionFilter": {},
      "Name": "MainMission4040212_",
      "ID": 97
    },
    {
      "GroupGUID": "fa45a880-556b-499f-8724-520fac11ad97",
      "GroupPath": "Config/LevelOutput/Group/Groups_P10201_F10201001/LevelGroup_P10201_F10201001_G99.json",
      "DimensionFilter": {},
      "Name": "MainMission2020403",
      "ID": 99
    },
    {
      "GroupGUID": "1a5db2a9-9229-4f30-a232-a2f65025ecfe",
      "GroupPath": "Config/LevelOutput/Group/Groups_P10201_F10201001/LevelGroup_P10201_F10201001_G100.json",
      "DimensionFilter": {
        "FilterType": "All"
      },
      "Name": "SimpleMission",
      "ID": 100
    },
    {
      "GroupGUID": "59e47235-285c-407a-9162-0c45acfe3c4f",
      "GroupPath": "Config/LevelOutput/Group/Groups_P10201_F10201001/LevelGroup_P10201_F10201001_G101.json",
      "DimensionFilter": {},
      "Name": "MainMission2020403_Anchor",
      "ID": 101
    },
    {
      "GroupGUID": "2214b4df-8f9e-42de-898f-fcc4a179d6dd",
      "GroupPath": "Config/LevelOutput/Group/Groups_P10201_F10201001/LevelGroup_P10201_F10201001_G102.json",
      "DimensionFilter": {
        "FilterType": "All"
      },
      "Name": "Shop",
      "ID": 102
    },
    {
      "GroupGUID": "e8986320-61ec-4d47-a2c6-01fec6117f84",
      "GroupPath": "Config/LevelOutput/Group/Groups_P10201_F10201001/LevelGroup_P10201_F10201001_G104.json",
      "DimensionFilter": {},
      "Name": "MainMission2020403_EasterEgg",
      "ID": 104
    },
    {
      "GroupGUID": "72b33933-6141-4d25-aa70-5b095057be33",
      "GroupPath": "Config/LevelOutput/Group/Groups_P10201_F10201001/LevelGroup_P10201_F10201001_G105.json",
      "DimensionFilter": {
        "FilterType": "All"
      },
      "Name": "PropDialogue",
      "ID": 105
    },
    {
      "GroupGUID": "ec755475-e018-4809-89fa-1bf406a7a0fd",
      "GroupPath": "Config/LevelOutput/Group/Groups_P10201_F10201001/LevelGroup_P10201_F10201001_G107.json",
      "DimensionFilter": {},
      "Name": "MainMission4040222_",
      "ID": 107
    },
    {
      "GroupGUID": "136fc5b8-3813-47de-a41b-d6962f32d643",
      "GroupPath": "Config/LevelOutput/Group/Groups_P10201_F10201001/LevelGroup_P10201_F10201001_G108.json",
      "DimensionFilter": {
        "FilterType": "All"
      },
      "Name": "MainMission0_",
      "ID": 108
    },
    {
      "GroupGUID": "51121194-1fce-4404-90a0-20cc2b62766a",
      "GroupPath": "Config/LevelOutput/Group/Groups_P10201_F10201001/LevelGroup_P10201_F10201001_G109.json",
      "DimensionFilter": {
        "FilterType": "All"
      },
      "Name": "MainMission",
      "ID": 109
    },
    {
      "GroupGUID": "0ab31c4c-732d-4d08-9770-abc9b562a6e6",
      "GroupPath": "Config/LevelOutput/Group/Groups_P10201_F10201001/LevelGroup_P10201_F10201001_G110.json",
      "DimensionFilter": {
        "FilterType": "All"
      },
      "Name": "MainMission",
      "ID": 110
    },
    {
      "GroupGUID": "0bd14cfb-2791-416d-bc11-6f1e6a6c596e",
      "GroupPath": "Config/LevelOutput/Group/Groups_P10201_F10201001/LevelGroup_P10201_F10201001_G112.json",
      "DimensionFilter": {
        "FilterType": "All"
      },
      "Name": "SimpleMission",
      "ID": 112
    },
    {
      "GroupGUID": "afebb9a5-4c32-43ea-8d1a-c9fdf82eb16d",
      "GroupPath": "Config/LevelOutput/Group/Groups_P10201_F10201001/LevelGroup_P10201_F10201001_G114.json",
      "DimensionFilter": {},
      "Name": "MainMission4040223_01",
      "ID": 114
    },
    {
      "GroupGUID": "322b6c6c-3105-4d4e-81f6-68e58a9d7a5f",
      "GroupPath": "Config/LevelOutput/Group/Groups_P10201_F10201001/LevelGroup_P10201_F10201001_G115.json",
      "DimensionFilter": {},
      "Name": "MainMission2020104_01",
      "ID": 115
    },
    {
      "GroupGUID": "8abaa8eb-f897-4415-a940-b96ea68078f2",
      "GroupPath": "Config/LevelOutput/Group/Groups_P10201_F10201001/LevelGroup_P10201_F10201001_G71.json",
      "DimensionFilter": {},
      "Name": "MainMission2020313_Mission",
      "ID": 71
    },
    {
      "GroupGUID": "43391fe2-d437-4834-80fb-60b23f579b07",
      "GroupPath": "Config/LevelOutput/Group/Groups_P10201_F10201001/LevelGroup_P10201_F10201001_G51.json",
      "DimensionFilter": {},
      "Name": "SubMission202030631",
      "ID": 51
    },
    {
      "GroupGUID": "1878b6e4-8211-4daf-ade7-0c3e9237fea2",
      "GroupPath": "Config/LevelOutput/Group/Groups_P10201_F10201001/LevelGroup_P10201_F10201001_G52.json",
      "DimensionFilter": {
        "FilterType": "All"
      },
      "Name": "SubMission202030634",
      "ID": 52
    },
    {
      "GroupGUID": "4f7b8f8b-123d-47b7-a85f-76ec9697141d",
      "GroupPath": "Config/LevelOutput/Group/Groups_P10201_F10201001/LevelGroup_P10201_F10201001_G53.json",
      "DimensionFilter": {
        "FilterType": "All"
      },
      "Name": "SubMission202030634",
      "ID": 53
    },
    {
      "GroupGUID": "3af26765-09a8-4590-ac63-ab3f7672f00a",
      "GroupPath": "Config/LevelOutput/Group/Groups_P10201_F10201001/LevelGroup_P10201_F10201001_G120.json",
      "DimensionFilter": {
        "FilterType": "All"
      },
      "Name": "PropDialogue_Mission",
      "ID": 120
    },
    {
      "GroupGUID": "7cf20a7e-d28d-4450-a3b8-d795c8ae66b5",
      "GroupPath": "Config/LevelOutput/Group/Groups_P10201_F10201001/LevelGroup_P10201_F10201001_G121.json",
      "DimensionFilter": {},
      "Name": "MainMission4040212_",
      "ID": 121
    },
    {
      "GroupGUID": "e522344f-c2b2-4f05-8851-9bc254cb37b3",
      "GroupPath": "Config/LevelOutput/Group/Groups_P10201_F10201001/LevelGroup_P10201_F10201001_G122.json",
      "DimensionFilter": {
        "FilterType": "All"
      },
      "Name": "PropDialogueGuangdian1",
      "ID": 122
    },
    {
      "GroupGUID": "8c2d5e75-e805-4cbf-9911-3bd2b939269f",
      "GroupPath": "Config/LevelOutput/Group/Groups_P10201_F10201001/LevelGroup_P10201_F10201001_G77.json",
      "DimensionFilter": {},
      "Name": "MainMission6020101_",
      "ID": 77
    },
    {
      "GroupGUID": "69bbe1fc-eb81-4a53-8310-d7c03bc89c79",
      "GroupPath": "Config/LevelOutput/Group/Groups_P10201_F10201001/LevelGroup_P10201_F10201001_G78.json",
      "DimensionFilter": {},
      "Name": "MainMission6020101_",
      "ID": 78
    },
    {
      "GroupGUID": "d248c481-651f-4298-b8fb-f02c63d61022",
      "GroupPath": "Config/LevelOutput/Group/Groups_P10201_F10201001/LevelGroup_P10201_F10201001_G84.json",
      "DimensionFilter": {},
      "Name": "MainMission6020101_",
      "ID": 84
    },
    {
      "GroupGUID": "11e255a2-d679-4608-978c-fc9ce8486f4d",
      "GroupPath": "Config/LevelOutput/Group/Groups_P10201_F10201001/LevelGroup_P10201_F10201001_G90.json",
      "DimensionFilter": {},
      "Name": "MainMission6020101_",
      "ID": 90
    },
    {
      "GroupGUID": "a1d9c12a-f977-4c09-81bd-326d5321f48f",
      "GroupPath": "Config/LevelOutput/Group/Groups_P10201_F10201001/LevelGroup_P10201_F10201001_G123.json",
      "DimensionFilter": {
        "FilterType": "All"
      },
      "Name": "PropDialogueGuangdian1",
      "ID": 123
    },
    {
      "GroupGUID": "3a9b5be5-f473-41ed-8601-b13b8473664f",
      "GroupPath": "Config/LevelOutput/Group/Groups_P10201_F10201001/LevelGroup_P10201_F10201001_G124.json",
      "DimensionFilter": {
        "FilterType": "All"
      },
      "Name": "PropDialogueGuangdian1",
      "ID": 124
    },
    {
      "GroupGUID": "c44475c3-015a-4123-b3a5-fb9b8f652306",
      "GroupPath": "Config/LevelOutput/Group/Groups_P10201_F10201001/LevelGroup_P10201_F10201001_G125.json",
      "DimensionFilter": {
        "FilterType": "All"
      },
      "Name": "PropDialogueGuangdian1",
      "ID": 125
    },
    {
      "GroupGUID": "65482cb1-405f-4062-b1b1-e41713729823",
      "GroupPath": "Config/LevelOutput/Group/Groups_P10201_F10201001/LevelGroup_P10201_F10201001_G127.json",
      "DimensionFilter": {
        "FilterType": "All"
      },
      "Name": "PropDialogueGuangdian1",
      "ID": 127
    },
    {
      "GroupGUID": "bc078cbe-3632-4ef4-8606-f8b9b4dc577c",
      "GroupPath": "Config/LevelOutput/Group/Groups_P10201_F10201001/LevelGroup_P10201_F10201001_G131.json",
      "DimensionFilter": {
        "FilterType": "All"
      },
      "Name": "MainMission2020201_",
      "ID": 131
    },
    {
      "GroupGUID": "43ea2f7a-f2cd-405d-9607-f064d73258cf",
      "GroupPath": "Config/LevelOutput/Group/Groups_P10201_F10201001/LevelGroup_P10201_F10201001_G132.json",
      "DimensionFilter": {},
      "Name": "MainMission1021702_AF_Sushang",
      "ID": 132
    },
    {
      "GroupGUID": "ed1d4d7a-5520-42d9-ab50-dabb3b26a311",
      "GroupPath": "Config/LevelOutput/Group/Groups_P10201_F10201001/LevelGroup_P10201_F10201001_G133.json",
      "DimensionFilter": {
        "FilterType": "All"
      },
      "Name": "RaidGuide",
      "ID": 133
    },
    {
      "GroupGUID": "63d7adfa-79bb-4998-8161-41b49a731640",
      "GroupPath": "Config/LevelOutput/Group/Groups_P10201_F10201001/LevelGroup_P10201_F10201001_G117.json",
      "DimensionFilter": {},
      "Name": "MainMission1021702_AfterStoryXCHYK",
      "ID": 117
    },
    {
      "GroupGUID": "76d0b19d-ff4b-49c5-9fe4-47d1047013b3",
      "GroupPath": "Config/LevelOutput/Group/Groups_P10201_F10201001/LevelGroup_P10201_F10201001_G118.json",
      "DimensionFilter": {},
      "Name": "MainMission1021702_XCMM",
      "ID": 118
    },
    {
      "GroupGUID": "2b045e0c-6b61-4bec-9f57-8e0937e6bf7a",
      "GroupPath": "Config/LevelOutput/Group/Groups_P10201_F10201001/LevelGroup_P10201_F10201001_G119.json",
      "DimensionFilter": {},
      "Name": "MainMission1021702_AfterStory_XCJY",
      "ID": 119
    },
    {
      "GroupGUID": "450cc63a-08d1-4dd4-8710-50a117a77c37",
      "GroupPath": "Config/LevelOutput/Group/Groups_P10201_F10201001/LevelGroup_P10201_F10201001_G137.json",
      "DimensionFilter": {},
      "Name": "MainMission2020201_",
      "ID": 137
    },
    {
      "GroupGUID": "4442d527-052c-4cdb-a167-050501011c85",
      "GroupPath": "Config/LevelOutput/Group/Groups_P10201_F10201001/LevelGroup_P10201_F10201001_G138.json",
      "DimensionFilter": {},
      "Name": "MainMission2021601_01",
      "ID": 138
    },
    {
      "GroupGUID": "2b1d86ab-4058-4c3b-b83b-1bfa74d49000",
      "GroupPath": "Config/LevelOutput/Group/Groups_P10201_F10201001/LevelGroup_P10201_F10201001_G139.json",
      "DimensionFilter": {},
      "Name": "MainMission6020101_",
      "ID": 139
    },
    {
      "GroupGUID": "11e6c23e-d631-4da6-8031-9edef8730cde",
      "GroupPath": "Config/LevelOutput/Group/Groups_P10201_F10201001/LevelGroup_P10201_F10201001_G140.json",
      "DimensionFilter": {},
      "Name": "MainMission8003211_01",
      "ID": 140
    },
    {
      "GroupGUID": "72a51c9d-c79e-4611-96c8-30757c0cbd43",
      "GroupPath": "Config/LevelOutput/Group/Groups_P10201_F10201001/LevelGroup_P10201_F10201001_G141.json",
      "DimensionFilter": {
        "FilterType": "All"
      },
      "Name": "New Group",
      "ID": 141
    },
    {
      "GroupGUID": "9321b020-233d-49d1-970e-b4a81ab2c785",
      "GroupPath": "Config/LevelOutput/Group/Groups_P10201_F10201001/LevelGroup_P10201_F10201001_G142.json",
      "DimensionFilter": {},
      "Name": "MainMission2020901_",
      "ID": 142
    },
    {
      "GroupGUID": "3d40b956-d882-48a7-829d-b0499291ca27",
      "GroupPath": "Config/LevelOutput/Group/Groups_P10201_F10201001/LevelGroup_P10201_F10201001_G143.json",
      "DimensionFilter": {},
      "Name": "MainMission2020901_",
      "ID": 143
    },
    {
      "GroupGUID": "fc838fed-9fa1-4f16-9847-74dbacb8b486",
      "GroupPath": "Config/LevelOutput/Group/Groups_P10201_F10201001/LevelGroup_P10201_F10201001_G144.json",
      "DimensionFilter": {},
      "Name": "MainMission2020901_",
      "ID": 144
    },
    {
      "GroupGUID": "e49e6049-8335-4e11-86bc-76b545f783ca",
      "GroupPath": "Config/LevelOutput/Group/Groups_P10201_F10201001/LevelGroup_P10201_F10201001_G145.json",
      "DimensionFilter": {},
      "Name": "MainMission2020901_",
      "ID": 145
    },
    {
      "GroupGUID": "423e1156-71b4-4475-8ebe-a8e7361b070f",
      "GroupPath": "Config/LevelOutput/Group/Groups_P10201_F10201001/LevelGroup_P10201_F10201001_G146.json",
      "DimensionFilter": {},
      "Name": "MainMission2020901_",
      "ID": 146
    },
    {
      "GroupGUID": "2e2e48ca-7973-4b4c-9f87-2570d20d4334",
      "GroupPath": "Config/LevelOutput/Group/Groups_P10201_F10201001/LevelGroup_P10201_F10201001_G147.json",
      "DimensionFilter": {},
      "Name": "MainMission2020901_",
      "ID": 147
    },
    {
      "GroupGUID": "ca58158d-2502-4fd3-8186-e6ada9022c57",
      "GroupPath": "Config/LevelOutput/Group/Groups_P10201_F10201001/LevelGroup_P10201_F10201001_G148.json",
      "DimensionFilter": {},
      "Name": "MainMission2020901_",
      "ID": 148
    },
    {
      "GroupGUID": "38e6da7f-11d1-4c75-8e7e-b99846109418",
      "GroupPath": "Config/LevelOutput/Group/Groups_P10201_F10201001/LevelGroup_P10201_F10201001_G149.json",
      "DimensionFilter": {},
      "Name": "MainMission2020901_",
      "ID": 149
    },
    {
      "GroupGUID": "a6c10990-3471-4ce2-b40f-44f7bbcaa51e",
      "GroupPath": "Config/LevelOutput/Group/Groups_P10201_F10201001/LevelGroup_P10201_F10201001_G150.json",
      "DimensionFilter": {},
      "Name": "MainMission2020901_",
      "ID": 150
    },
    {
      "GroupGUID": "4fdf8da2-0052-4099-82b0-c01070ed1c3c",
      "GroupPath": "Config/LevelOutput/Group/Groups_P10201_F10201001/LevelGroup_P10201_F10201001_G151.json",
      "DimensionFilter": {},
      "Name": "MainMission2020901_",
      "ID": 151
    },
    {
      "GroupGUID": "0ae55f60-c2b2-4674-9bcb-f7ea38143acc",
      "GroupPath": "Config/LevelOutput/Group/Groups_P10201_F10201001/LevelGroup_P10201_F10201001_G152.json",
      "DimensionFilter": {},
      "Name": "MainMission2020901_",
      "ID": 152
    },
    {
      "GroupGUID": "a99e9c9d-b5c8-4887-80a3-fc62c3f8eec8",
      "GroupPath": "Config/LevelOutput/Group/Groups_P10201_F10201001/LevelGroup_P10201_F10201001_G154.json",
      "DimensionFilter": {},
      "Name": "MainMission8003211_01",
      "ID": 154
    },
    {
      "GroupGUID": "8aa8e851-9c47-4a7d-8700-a4efa2214c79",
      "GroupPath": "Config/LevelOutput/Group/Groups_P10201_F10201001/LevelGroup_P10201_F10201001_G155.json",
      "DimensionFilter": {},
      "Name": "MainMission8003211_02",
      "ID": 155
    },
    {
      "GroupGUID": "2093ad2a-c91b-405b-baeb-c3e5d1f59636",
      "GroupPath": "Config/LevelOutput/Group/Groups_P10201_F10201001/LevelGroup_P10201_F10201001_G156.json",
      "DimensionFilter": {},
      "Name": "MainMission2020901_",
      "ID": 156
    },
    {
      "GroupGUID": "b123e060-3cf3-4507-bb2c-6969b2de0f2a",
      "GroupPath": "Config/LevelOutput/Group/Groups_P10201_F10201001/LevelGroup_P10201_F10201001_G157.json",
      "DimensionFilter": {},
      "Name": "MainMission2020203_",
      "ID": 157
    },
    {
      "GroupGUID": "ebdb72c1-98a2-43da-a1e2-f1e8360b37e6",
      "GroupPath": "Config/LevelOutput/Group/Groups_P10201_F10201001/LevelGroup_P10201_F10201001_G158.json",
      "DimensionFilter": {},
      "Name": "MainMission2020203_",
      "ID": 158
    },
    {
      "GroupGUID": "ea49519c-570f-45f9-844d-dcc6256228a9",
      "GroupPath": "Config/LevelOutput/Group/Groups_P10201_F10201001/LevelGroup_P10201_F10201001_G159.json",
      "DimensionFilter": {},
      "Name": "MainMission2020203_",
      "ID": 159
    },
    {
      "GroupGUID": "59ac4514-0a8b-40fd-ae2d-06a10290ef61",
      "GroupPath": "Config/LevelOutput/Group/Groups_P10201_F10201001/LevelGroup_P10201_F10201001_G160.json",
      "DimensionFilter": {},
      "Name": "MainMission2020203_",
      "ID": 160
    },
    {
      "GroupGUID": "ed4612ef-c1dd-4dc5-b2d7-6767ddedcedb",
      "GroupPath": "Config/LevelOutput/Group/Groups_P10201_F10201001/LevelGroup_P10201_F10201001_G161.json",
      "DimensionFilter": {},
      "Name": "MainMission2020203_",
      "ID": 161
    },
    {
      "GroupGUID": "dafdbec6-a72e-4ead-b284-db1a281e9f07",
      "GroupPath": "Config/LevelOutput/Group/Groups_P10201_F10201001/LevelGroup_P10201_F10201001_G162.json",
      "DimensionFilter": {},
      "Name": "MainMission2020202_",
      "ID": 162
    },
    {
      "GroupGUID": "cf4c62c1-bd6d-40ef-abdf-74f084a3e45b",
      "GroupPath": "Config/LevelOutput/Group/Groups_P10201_F10201001/LevelGroup_P10201_F10201001_G163.json",
      "DimensionFilter": {},
      "Name": "MainMission2020901_",
      "ID": 163
    },
    {
      "GroupGUID": "df28d4bc-ea52-43f6-829c-dcb2939b9e00",
      "GroupPath": "Config/LevelOutput/Group/Groups_P10201_F10201001/LevelGroup_P10201_F10201001_G164.json",
      "DimensionFilter": {
        "FilterType": "All"
      },
      "Name": "NPC_Taode",
      "ID": 164
    },
    {
      "GroupGUID": "103df43e-da0b-4651-869a-2ec45680ae59",
      "GroupPath": "Config/LevelOutput/Group/Groups_P10201_F10201001/LevelGroup_P10201_F10201001_G165.json",
      "DimensionFilter": {},
      "Name": "MainMission8014103_Mission",
      "ID": 165
    },
    {
      "GroupGUID": "b4283337-cc02-4574-95f6-7f9bce59bc95",
      "GroupPath": "Config/LevelOutput/Group/Groups_P10201_F10201001/LevelGroup_P10201_F10201001_G166.json",
      "DimensionFilter": {},
      "Name": "MainMission8014104_Mission",
      "ID": 166
    },
    {
      "GroupGUID": "be2ce71e-5c2e-4288-af8f-dd72318e24cd",
      "GroupPath": "Config/LevelOutput/Group/Groups_P10201_F10201001/LevelGroup_P10201_F10201001_G167.json",
      "DimensionFilter": {},
      "Name": "MainMission8002211_",
      "ID": 167
    },
    {
      "GroupGUID": "14a9ea8c-d099-4e7a-a07f-6fa70c73df49",
      "GroupPath": "Config/LevelOutput/Group/Groups_P10201_F10201001/LevelGroup_P10201_F10201001_G168.json",
      "DimensionFilter": {},
      "Name": "MainMission8002211_",
      "ID": 168,
      "IsDelete": true
    },
    {
      "GroupGUID": "60b8a96a-da78-4528-a9b8-13bb3feb8258",
      "GroupPath": "Config/LevelOutput/Group/Groups_P10201_F10201001/LevelGroup_P10201_F10201001_G170.json",
      "DimensionFilter": {
        "FilterType": "All"
      },
      "Name": "Acnhor",
      "ID": 170
    },
    {
      "GroupGUID": "5dc3652f-72b8-4a9b-bcf6-901c34aaffa0",
      "GroupPath": "Config/LevelOutput/Group/Groups_P10201_F10201001/LevelGroup_P10201_F10201001_G171.json",
      "DimensionFilter": {
        "FilterType": "All"
      },
      "Name": "PropDialogue4040246",
      "ID": 171
    },
    {
      "GroupGUID": "3e4ed616-faee-44ea-805c-d5a4e4b81dce",
      "GroupPath": "Config/LevelOutput/Group/Groups_P10201_F10201001/LevelGroup_P10201_F10201001_G172.json",
      "DimensionFilter": {
        "FilterType": "All"
      },
      "Name": "PropDialogue4040246_01",
      "ID": 172
    },
    {
      "GroupGUID": "31b619cd-1e66-4d22-aace-84fa4e0e0982",
      "GroupPath": "Config/LevelOutput/Group/Groups_P10201_F10201001/LevelGroup_P10201_F10201001_G173.json",
      "DimensionFilter": {},
      "Name": "MainMission1021703_DT",
      "ID": 173
    },
    {
      "GroupGUID": "23d48a33-43a6-4567-a220-84c0e1d1dd5b",
      "GroupPath": "Config/LevelOutput/Group/Groups_P10201_F10201001/LevelGroup_P10201_F10201001_G174.json",
      "DimensionFilter": {
        "FilterType": "All"
      },
      "Name": "New Group",
      "ID": 174
    },
    {
      "GroupGUID": "e10a3b4f-a057-4753-9d78-0a180a8bc9d0",
      "GroupPath": "Config/LevelOutput/Group/Groups_P10201_F10201001/LevelGroup_P10201_F10201001_G175.json",
      "DimensionFilter": {
        "FilterType": "All"
      },
      "Name": "MainMission0_",
      "ID": 175
    },
    {
      "GroupGUID": "008888c8-a83e-483f-96b5-2fefdf74688a",
      "GroupPath": "Config/LevelOutput/Group/Groups_P10201_F10201001/LevelGroup_P10201_F10201001_G176.json",
      "DimensionFilter": {
        "FilterType": "All"
      },
      "Name": "Crowd12Add",
      "ID": 176
    },
    {
      "GroupGUID": "8041cb19-7cdc-4b75-8450-df9d2e614fcc",
      "GroupPath": "Config/LevelOutput/Group/Groups_P10201_F10201001/LevelGroup_P10201_F10201001_G177.json",
      "DimensionFilter": {
        "FilterType": "All"
      },
      "Name": "PropDialogueGuangdian",
      "ID": 177
    },
    {
      "GroupGUID": "03bdde75-a05f-47cd-a2a7-f36842056dd5",
      "GroupPath": "Config/LevelOutput/Group/Groups_P10201_F10201001/LevelGroup_P10201_F10201001_G178.json",
      "DimensionFilter": {
        "FilterType": "All"
      },
      "Name": "PropDialogueGuangdian",
      "ID": 178
    },
    {
      "GroupGUID": "aa2b3bea-e9d1-4ba3-89df-44c6afd6c27e",
      "GroupPath": "Config/LevelOutput/Group/Groups_P10201_F10201001/LevelGroup_P10201_F10201001_G179.json",
      "DimensionFilter": {
        "FilterType": "All"
      },
      "Name": "PropDialogueGuangdian",
      "ID": 179
    },
    {
      "GroupGUID": "bb51a522-eb56-4011-9fb5-db0d96b89b90",
      "GroupPath": "Config/LevelOutput/Group/Groups_P10201_F10201001/LevelGroup_P10201_F10201001_G180.json",
      "DimensionFilter": {
        "FilterType": "All"
      },
      "Name": "PropDialogueGuangdian",
      "ID": 180
    },
    {
      "GroupGUID": "93c2f64b-ff61-460e-8277-883a04d3edb5",
      "GroupPath": "Config/LevelOutput/Group/Groups_P10201_F10201001/LevelGroup_P10201_F10201001_G181.json",
      "DimensionFilter": {
        "FilterType": "All"
      },
      "Name": "PropDialogueGuangdian",
      "ID": 181
    },
    {
      "GroupGUID": "1c2c69cc-5708-4d49-bce0-48608a6ea8e7",
      "GroupPath": "Config/LevelOutput/Group/Groups_P10201_F10201001/LevelGroup_P10201_F10201001_G182.json",
      "DimensionFilter": {
        "FilterType": "All"
      },
      "Name": "CrowdDuring1021702",
      "ID": 182
    },
    {
      "GroupGUID": "16e0c160-81c4-475c-a12c-229a3727efab",
      "GroupPath": "Config/LevelOutput/Group/Groups_P10201_F10201001/LevelGroup_P10201_F10201001_G183.json",
      "DimensionFilter": {},
      "Name": "MainMission8015103_Mission",
      "ID": 183
    },
    {
      "GroupGUID": "41f03faf-dc17-4d8c-906c-2ee938afd315",
      "GroupPath": "Config/LevelOutput/Group/Groups_P10201_F10201001/LevelGroup_P10201_F10201001_G184.json",
      "DimensionFilter": {
        "FilterType": "All"
      },
      "Name": "KeliOu",
      "ID": 184
    },
    {
      "GroupGUID": "1db1f08e-5056-4f53-8689-05344aa42e2b",
      "GroupPath": "Config/LevelOutput/Group/Groups_P10201_F10201001/LevelGroup_P10201_F10201001_G185.json",
      "DimensionFilter": {
        "FilterType": "All"
      },
      "Name": "NPCsushang",
      "ID": 185
    },
    {
      "GroupGUID": "94528f52-1deb-417d-b47f-3b3b2970a22c",
      "GroupPath": "Config/LevelOutput/Group/Groups_P10201_F10201001/LevelGroup_P10201_F10201001_G186.json",
      "DimensionFilter": {},
      "Name": "MainMission8015151_05",
      "ID": 186
    },
    {
      "GroupGUID": "8fbeb294-0ba6-452d-a9da-fd52e0ff73b2",
      "GroupPath": "Config/LevelOutput/Group/Groups_P10201_F10201001/LevelGroup_P10201_F10201001_G187.json",
      "DimensionFilter": {},
      "Name": "MainMission8015151_06",
      "ID": 187
    },
    {
      "GroupGUID": "f932bcdd-9a21-4b52-845d-d17f2ace4d3f",
      "GroupPath": "Config/LevelOutput/Group/Groups_P10201_F10201001/LevelGroup_P10201_F10201001_G188.json",
      "DimensionFilter": {},
      "Name": "MainMission8015151_06a",
      "ID": 188
    },
    {
      "GroupGUID": "39da2ffc-b49f-4b8a-ab37-3f38aa4e9f0e",
      "GroupPath": "Config/LevelOutput/Group/Groups_P10201_F10201001/LevelGroup_P10201_F10201001_G189.json",
      "DimensionFilter": {},
      "Name": "MainMission8015171_801517101",
      "ID": 189
    },
    {
      "GroupGUID": "22dd70fd-0ea6-4817-a745-f2a76b941d58",
      "GroupPath": "Config/LevelOutput/Group/Groups_P10201_F10201001/LevelGroup_P10201_F10201001_G190.json",
      "DimensionFilter": {
        "FilterType": "All"
      },
      "Name": "Reading",
      "ID": 190
    },
    {
      "GroupGUID": "b286708b-1c64-4217-99a2-ff85c76215d1",
      "GroupPath": "Config/LevelOutput/Group/Groups_P10201_F10201001/LevelGroup_P10201_F10201001_G191.json",
      "DimensionFilter": {},
      "Name": "MainMission9020402_1",
      "ID": 191,
      "IsDelete": true
    }
  ],
  "DefaultEnviroProfile": "Stages/Outputs/Chapter02/EnviroProfile/Chap02_CloseView_ADV_X01_Starskiff_Day.enviroProfile.asset",
  "StageData": "Stages/Outputs/Chapter02/Stages/Chap02_ADV_X01_Starskiff_StageData/Chap02_ADV_X01_Starskiff_StageData.stage",
  "TimeOfDayEnviroProfileMap": {},
  "LayerToAreaMask": [
    1
  ],
  "BattleAreaList": [],
  "DimensionList": [
    {}
  ],
  "NavmapConfigPath": "Config/LevelOutput/Map/MapInfo_P10201_F10201001.json",
  "EnableGroupStreaming": false,
  "EnableGroupSpaceConflict": false,
  "IsRestartLevelGraph": false
}