{
  "FloorID": 10305001,
  "FloorName": "FloorName_10305001",
  "StartGroupID": 2,
  "StartAnchorID": 1,
  "GroupList": [
    {
      "GroupGUID": "27601a1c-1fc2-4c64-bcd9-90079b312b6b",
      "GroupPath": "Config/LevelOutput/Group/Groups_P10305_F10305001/LevelGroup_P10305_F10305001_G2.json",
      "DimensionFilter": {
        "FilterType": "All"
      },
      "Name": "DefaultGroup",
      "ID": 2
    },
    {
      "GroupGUID": "3d26306d-ba06-43ed-9496-81c99430eb6c",
      "GroupPath": "Config/LevelOutput/Group/Groups_P10305_F10305001/LevelGroup_P10305_F10305001_G31.json",
      "DimensionFilter": {
        "FilterType": "All"
      },
      "Name": "Anchor",
      "ID": 31
    },
    {
      "GroupGUID": "ee5d77f6-d738-4f79-be74-f83c7c2c8840",
      "GroupPath": "Config/LevelOutput/Group/Groups_P10305_F10305001/LevelGroup_P10305_F10305001_G83.json",
      "DimensionFilter": {
        "FilterType": "All"
      },
      "Name": "Entrance_01",
      "ID": 83
    },
    {
      "GroupGUID": "3f3fc24a-b1ac-4875-99bc-5f274b716915",
      "GroupPath": "Config/LevelOutput/Group/Groups_P10305_F10305001/LevelGroup_P10305_F10305001_G9.json",
      "DimensionFilter": {
        "FilterType": "All"
      },
      "Name": "Entrance_02",
      "ID": 9
    },
    {
      "GroupGUID": "eb989a99-e940-46d2-a0ac-fe6f20d63363",
      "GroupPath": "Config/LevelOutput/Group/Groups_P10305_F10305001/LevelGroup_P10305_F10305001_G33.json",
      "DimensionFilter": {
        "FilterType": "All"
      },
      "Name": "Entrance_03",
      "ID": 33
    },
    {
      "GroupGUID": "d2e6c949-616c-4b4e-adf3-63ace1830447",
      "GroupPath": "Config/LevelOutput/Group/Groups_P10305_F10305001/LevelGroup_P10305_F10305001_G10.json",
      "DimensionFilter": {
        "FilterType": "All"
      },
      "Name": "Teleport_Elev",
      "ID": 10
    },
    {
      "GroupGUID": "91d1f200-c397-4afc-94c5-87d023422256",
      "GroupPath": "Config/LevelOutput/Group/Groups_P10305_F10305001/LevelGroup_P10305_F10305001_G8.json",
      "DimensionFilter": {
        "FilterType": "All"
      },
      "Name": "Chest",
      "ID": 8
    },
    {
      "GroupGUID": "dfab898c-0bf9-480e-aab7-ff63f47a9beb",
      "GroupPath": "Config/LevelOutput/Group/Groups_P10305_F10305001/LevelGroup_P10305_F10305001_G12.json",
      "DimensionFilter": {
        "FilterType": "All"
      },
      "Name": "Camera01",
      "ID": 12
    },
    {
      "GroupGUID": "cc6b215a-eec6-4cfb-871c-b1db70eb44d6",
      "GroupPath": "Config/LevelOutput/Group/Groups_P10305_F10305001/LevelGroup_P10305_F10305001_G13.json",
      "DimensionFilter": {
        "FilterType": "All"
      },
      "Name": "Camera02",
      "ID": 13
    },
    {
      "GroupGUID": "00e530c5-50d3-410e-bad8-f55e411250ac",
      "GroupPath": "Config/LevelOutput/Group/Groups_P10305_F10305001/LevelGroup_P10305_F10305001_G14.json",
      "DimensionFilter": {
        "FilterType": "All"
      },
      "Name": "Camera03",
      "ID": 14
    },
    {
      "GroupGUID": "1b296833-5715-4105-8b70-b837e8573d17",
      "GroupPath": "Config/LevelOutput/Group/Groups_P10305_F10305001/LevelGroup_P10305_F10305001_G15.json",
      "DimensionFilter": {
        "FilterType": "All"
      },
      "Name": "Camera04",
      "ID": 15
    },
    {
      "GroupGUID": "c01d8830-6518-44fe-9bd9-a986e56c1883",
      "GroupPath": "Config/LevelOutput/Group/Groups_P10305_F10305001/LevelGroup_P10305_F10305001_G92.json",
      "DimensionFilter": {
        "FilterType": "All"
      },
      "Name": "BlockLine",
      "ID": 92
    },
    {
      "GroupGUID": "72d5ddea-b3ed-48b5-9f52-d47ecb6dd0bb",
      "GroupPath": "Config/LevelOutput/Group/Groups_P10305_F10305001/LevelGroup_P10305_F10305001_G62.json",
      "DimensionFilter": {
        "FilterType": "All"
      },
      "Name": "JazzBand",
      "ID": 62
    },
    {
      "GroupGUID": "9e930799-7650-4e9a-ae29-f60acd84cc26",
      "GroupPath": "Config/LevelOutput/Group/Groups_P10305_F10305001/LevelGroup_P10305_F10305001_G3.json",
      "DimensionFilter": {
        "FilterType": "All"
      },
      "Name": "NPC",
      "ID": 3
    },
    {
      "GroupGUID": "29e6ca3b-6d78-48e7-b471-5f9e8d0e4827",
      "GroupPath": "Config/LevelOutput/Group/Groups_P10305_F10305001/LevelGroup_P10305_F10305001_G4.json",
      "DimensionFilter": {
        "FilterType": "All"
      },
      "Name": "Crowd",
      "ID": 4
    },
    {
      "GroupGUID": "64a73c56-ae58-428a-9d1b-9ec99d963f53",
      "GroupPath": "Config/LevelOutput/Group/Groups_P10305_F10305001/LevelGroup_P10305_F10305001_G5.json",
      "DimensionFilter": {
        "FilterType": "All"
      },
      "Name": "Traffic",
      "ID": 5
    },
    {
      "GroupGUID": "ba8e237a-ed88-437b-9135-9cdc56b8f4b5",
      "GroupPath": "Config/LevelOutput/Group/Groups_P10305_F10305001/LevelGroup_P10305_F10305001_G6.json",
      "DimensionFilter": {},
      "Name": "Find",
      "ID": 6
    },
    {
      "GroupGUID": "7f1da45f-a10c-479c-a734-8cea7cf2c952",
      "GroupPath": "Config/LevelOutput/Group/Groups_P10305_F10305001/LevelGroup_P10305_F10305001_G61.json",
      "DimensionFilter": {
        "FilterType": "All"
      },
      "Name": "Door",
      "ID": 61
    },
    {
      "GroupGUID": "e1e18352-7454-4862-a439-2c9b84af7d11",
      "GroupPath": "Config/LevelOutput/Group/Groups_P10305_F10305001/LevelGroup_P10305_F10305001_G72.json",
      "DimensionFilter": {
        "FilterType": "All"
      },
      "Name": "Door",
      "ID": 72
    },
    {
      "GroupGUID": "c2dd4184-cb7e-4666-8e5c-8f0807346dc8",
      "GroupPath": "Config/LevelOutput/Group/Groups_P10305_F10305001/LevelGroup_P10305_F10305001_G73.json",
      "DimensionFilter": {
        "FilterType": "All"
      },
      "Name": "Door",
      "ID": 73
    },
    {
      "GroupGUID": "b0d8e569-4186-4edf-9a0b-d79534876a18",
      "GroupPath": "Config/LevelOutput/Group/Groups_P10305_F10305001/LevelGroup_P10305_F10305001_G74.json",
      "DimensionFilter": {
        "FilterType": "All"
      },
      "Name": "Door",
      "ID": 74
    },
    {
      "GroupGUID": "ef171a7a-d6cd-4427-af07-aa6e31bd4c9c",
      "GroupPath": "Config/LevelOutput/Group/Groups_P10305_F10305001/LevelGroup_P10305_F10305001_G16.json",
      "DimensionFilter": {},
      "Name": "MainMission1030201_01",
      "ID": 16
    },
    {
      "GroupGUID": "3cda5b19-3c44-49f2-906c-746f7d1f25d4",
      "GroupPath": "Config/LevelOutput/Group/Groups_P10305_F10305001/LevelGroup_P10305_F10305001_G17.json",
      "DimensionFilter": {},
      "Name": "MainMission1030201_02",
      "ID": 17
    },
    {
      "GroupGUID": "f8db8266-afa4-4336-9701-3322873c2519",
      "GroupPath": "Config/LevelOutput/Group/Groups_P10305_F10305001/LevelGroup_P10305_F10305001_G18.json",
      "DimensionFilter": {},
      "Name": "MainMission1030201_04",
      "ID": 18
    },
    {
      "GroupGUID": "54b2af82-34da-44c9-9031-58da102cc7ca",
      "GroupPath": "Config/LevelOutput/Group/Groups_P10305_F10305001/LevelGroup_P10305_F10305001_G19.json",
      "DimensionFilter": {},
      "Name": "MainMission1030201_06",
      "ID": 19
    },
    {
      "GroupGUID": "91bcd92c-3398-4eac-b7f1-78a0a7f8aaf4",
      "GroupPath": "Config/LevelOutput/Group/Groups_P10305_F10305001/LevelGroup_P10305_F10305001_G20.json",
      "DimensionFilter": {},
      "Name": "MainMission2030001_04",
      "ID": 20
    },
    {
      "GroupGUID": "c1a8868e-41a5-4279-b75f-751f7081ad4d",
      "GroupPath": "Config/LevelOutput/Group/Groups_P10305_F10305001/LevelGroup_P10305_F10305001_G21.json",
      "DimensionFilter": {},
      "Name": "NPC",
      "ID": 21
    },
    {
      "GroupGUID": "97f5fd40-4448-4308-b259-3686d74c5408",
      "GroupPath": "Config/LevelOutput/Group/Groups_P10305_F10305001/LevelGroup_P10305_F10305001_G22.json",
      "DimensionFilter": {},
      "Name": "NPC",
      "ID": 22
    },
    {
      "GroupGUID": "9aad19b2-7852-43a5-ad5f-7556f10a75f6",
      "GroupPath": "Config/LevelOutput/Group/Groups_P10305_F10305001/LevelGroup_P10305_F10305001_G70.json",
      "DimensionFilter": {},
      "Name": "MainMission4240304_New Group",
      "ID": 70
    },
    {
      "GroupGUID": "b0d49bb8-ae67-4cdd-aa16-80d521584549",
      "GroupPath": "Config/LevelOutput/Group/Groups_P10305_F10305001/LevelGroup_P10305_F10305001_G24.json",
      "DimensionFilter": {},
      "Name": "MainMission0_NPC",
      "ID": 24
    },
    {
      "GroupGUID": "1befc570-1426-4eb0-a9d0-d52e32f93ab0",
      "GroupPath": "Config/LevelOutput/Group/Groups_P10305_F10305001/LevelGroup_P10305_F10305001_G25.json",
      "DimensionFilter": {},
      "Name": "NPC",
      "ID": 25
    },
    {
      "GroupGUID": "07f841b9-0b11-4bd8-93d3-0ee5e9a1c957",
      "GroupPath": "Config/LevelOutput/Group/Groups_P10305_F10305001/LevelGroup_P10305_F10305001_G26.json",
      "DimensionFilter": {},
      "Name": "MainMission1030201_10",
      "ID": 26
    },
    {
      "GroupGUID": "d87cc695-1707-49f2-96b4-16664d115492",
      "GroupPath": "Config/LevelOutput/Group/Groups_P10305_F10305001/LevelGroup_P10305_F10305001_G28.json",
      "DimensionFilter": {
        "FilterType": "All"
      },
      "Name": "NPC",
      "ID": 28
    },
    {
      "GroupGUID": "a7788768-87ca-4f3a-9991-3d167c4edc2d",
      "GroupPath": "Config/LevelOutput/Group/Groups_P10305_F10305001/LevelGroup_P10305_F10305001_G29.json",
      "DimensionFilter": {
        "FilterType": "All"
      },
      "Name": "Crowd",
      "ID": 29
    },
    {
      "GroupGUID": "3f3ad256-4c56-4f44-9e67-dfb8e7b81faa",
      "GroupPath": "Config/LevelOutput/Group/Groups_P10305_F10305001/LevelGroup_P10305_F10305001_G30.json",
      "DimensionFilter": {},
      "Name": "Find",
      "ID": 30
    },
    {
      "GroupGUID": "b63e1ed6-b20a-4523-a24e-b5f5f9638dd4",
      "GroupPath": "Config/LevelOutput/Group/Groups_P10305_F10305001/LevelGroup_P10305_F10305001_G34.json",
      "DimensionFilter": {},
      "Name": "MainMission1030201_07",
      "ID": 34
    },
    {
      "GroupGUID": "61d7e627-7cd8-4599-9ae0-90bb4b5b1921",
      "GroupPath": "Config/LevelOutput/Group/Groups_P10305_F10305001/LevelGroup_P10305_F10305001_G35.json",
      "DimensionFilter": {},
      "Name": "MainMission1030201_08",
      "ID": 35
    },
    {
      "GroupGUID": "abcf9d7f-087c-4dcd-9756-b57822c2cc33",
      "GroupPath": "Config/LevelOutput/Group/Groups_P10305_F10305001/LevelGroup_P10305_F10305001_G36.json",
      "DimensionFilter": {},
      "Name": "MainMission1030201_09",
      "ID": 36
    },
    {
      "GroupGUID": "b26ae539-0fa1-49b9-82f0-07c55332fdc5",
      "GroupPath": "Config/LevelOutput/Group/Groups_P10305_F10305001/LevelGroup_P10305_F10305001_G37.json",
      "DimensionFilter": {},
      "Name": "MainMission1030201_09",
      "ID": 37
    },
    {
      "GroupGUID": "bd4f5b70-9021-4d45-9952-4c094f8ea005",
      "GroupPath": "Config/LevelOutput/Group/Groups_P10305_F10305001/LevelGroup_P10305_F10305001_G38.json",
      "DimensionFilter": {},
      "Name": "MainMission1030201_08",
      "ID": 38
    },
    {
      "GroupGUID": "1da3c7f5-7fdd-41da-b934-68e805ac1e2b",
      "GroupPath": "Config/LevelOutput/Group/Groups_P10305_F10305001/LevelGroup_P10305_F10305001_G39.json",
      "DimensionFilter": {},
      "Name": "MainMission1030201_15",
      "ID": 39
    },
    {
      "GroupGUID": "4eb47428-34ab-4037-bc3b-2b4d67be5a6e",
      "GroupPath": "Config/LevelOutput/Group/Groups_P10305_F10305001/LevelGroup_P10305_F10305001_G40.json",
      "DimensionFilter": {},
      "Name": "MainMission1030601_01",
      "ID": 40
    },
    {
      "GroupGUID": "6bb8218d-ca01-4b0a-aba5-d4535128a241",
      "GroupPath": "Config/LevelOutput/Group/Groups_P10305_F10305001/LevelGroup_P10305_F10305001_G41.json",
      "DimensionFilter": {},
      "Name": "MainMission1030601_02",
      "ID": 41
    },
    {
      "GroupGUID": "7e33d0be-565f-44c6-ab6a-5d241354805d",
      "GroupPath": "Config/LevelOutput/Group/Groups_P10305_F10305001/LevelGroup_P10305_F10305001_G42.json",
      "DimensionFilter": {},
      "Name": "MainMission2030001_09",
      "ID": 42
    },
    {
      "GroupGUID": "7e3e833f-8f4e-46d6-afa6-71e80b352165",
      "GroupPath": "Config/LevelOutput/Group/Groups_P10305_F10305001/LevelGroup_P10305_F10305001_G43.json",
      "DimensionFilter": {},
      "Name": "MainMission2030001_10",
      "ID": 43
    },
    {
      "GroupGUID": "f21be896-b5e5-45b4-9782-7d35cb70815e",
      "GroupPath": "Config/LevelOutput/Group/Groups_P10305_F10305001/LevelGroup_P10305_F10305001_G44.json",
      "DimensionFilter": {},
      "Name": "MainMission2030001_11",
      "ID": 44
    },
    {
      "GroupGUID": "a579f707-30a2-4583-a5c9-d18bc95110d7",
      "GroupPath": "Config/LevelOutput/Group/Groups_P10305_F10305001/LevelGroup_P10305_F10305001_G45.json",
      "DimensionFilter": {},
      "Name": "MainMission1030501_36",
      "ID": 45
    },
    {
      "GroupGUID": "c89843d7-2473-4081-91f0-e862c6366472",
      "GroupPath": "Config/LevelOutput/Group/Groups_P10305_F10305001/LevelGroup_P10305_F10305001_G46.json",
      "DimensionFilter": {},
      "Name": "MainMission2021803_02",
      "ID": 46
    },
    {
      "GroupGUID": "b49bf016-99da-4382-ae75-28fb23ad279f",
      "GroupPath": "Config/LevelOutput/Group/Groups_P10305_F10305001/LevelGroup_P10305_F10305001_G47.json",
      "DimensionFilter": {},
      "Name": "NPC",
      "ID": 47
    },
    {
      "GroupGUID": "2dd1a757-df86-45d1-b9e3-3687942aeafa",
      "GroupPath": "Config/LevelOutput/Group/Groups_P10305_F10305001/LevelGroup_P10305_F10305001_G48.json",
      "DimensionFilter": {},
      "Name": "NPC",
      "ID": 48
    },
    {
      "GroupGUID": "63f8783b-84db-4fae-a4a4-c43b37936c6a",
      "GroupPath": "Config/LevelOutput/Group/Groups_P10305_F10305001/LevelGroup_P10305_F10305001_G49.json",
      "DimensionFilter": {},
      "Name": "NPC",
      "ID": 49
    },
    {
      "GroupGUID": "6c020bff-c579-460e-bf60-a23414ba1b78",
      "GroupPath": "Config/LevelOutput/Group/Groups_P10305_F10305001/LevelGroup_P10305_F10305001_G50.json",
      "DimensionFilter": {},
      "Name": "NPC",
      "ID": 50
    },
    {
      "GroupGUID": "426bfd32-f3e9-46e0-b40d-537b1e581602",
      "GroupPath": "Config/LevelOutput/Group/Groups_P10305_F10305001/LevelGroup_P10305_F10305001_G51.json",
      "DimensionFilter": {},
      "Name": "NPC",
      "ID": 51
    },
    {
      "GroupGUID": "84e047a9-99c4-489e-92fd-a3bdf97f107e",
      "GroupPath": "Config/LevelOutput/Group/Groups_P10305_F10305001/LevelGroup_P10305_F10305001_G52.json",
      "DimensionFilter": {},
      "Name": "NPC",
      "ID": 52
    },
    {
      "GroupGUID": "04b0ea5f-c1d0-4871-9335-f31bbe90d87b",
      "GroupPath": "Config/LevelOutput/Group/Groups_P10305_F10305001/LevelGroup_P10305_F10305001_G53.json",
      "DimensionFilter": {},
      "Name": "NPC",
      "ID": 53
    },
    {
      "GroupGUID": "18574712-fabc-4b9f-86f1-fb142cd25f7e",
      "GroupPath": "Config/LevelOutput/Group/Groups_P10305_F10305001/LevelGroup_P10305_F10305001_G55.json",
      "DimensionFilter": {},
      "Name": "MainMission1030601_32",
      "ID": 55
    },
    {
      "GroupGUID": "33aa538e-c3a2-4e40-b89c-942172a52e91",
      "GroupPath": "Config/LevelOutput/Group/Groups_P10305_F10305001/LevelGroup_P10305_F10305001_G57.json",
      "DimensionFilter": {},
      "Name": "MainMission1031201_0",
      "ID": 57
    },
    {
      "GroupGUID": "bf6e7166-9c59-43a1-86ce-919fe3bf5d78",
      "GroupPath": "Config/LevelOutput/Group/Groups_P10305_F10305001/LevelGroup_P10305_F10305001_G58.json",
      "DimensionFilter": {},
      "Name": "MainMission1031201_1",
      "ID": 58
    },
    {
      "GroupGUID": "9986606d-41e0-442c-99a9-1f7c81788a26",
      "GroupPath": "Config/LevelOutput/Group/Groups_P10305_F10305001/LevelGroup_P10305_F10305001_G59.json",
      "DimensionFilter": {},
      "Name": "MainMission1030601_21",
      "ID": 59
    },
    {
      "GroupGUID": "89bd06b7-e2e8-4c8c-adbb-2d533ccb4fb8",
      "GroupPath": "Config/LevelOutput/Group/Groups_P10305_F10305001/LevelGroup_P10305_F10305001_G60.json",
      "DimensionFilter": {},
      "Name": "MainMission1031501_40",
      "ID": 60
    },
    {
      "GroupGUID": "c5211616-b72a-4002-9eef-7ea51e356d45",
      "GroupPath": "Config/LevelOutput/Group/Groups_P10305_F10305001/LevelGroup_P10305_F10305001_G63.json",
      "DimensionFilter": {},
      "Name": "MainMission1031201_2",
      "ID": 63
    },
    {
      "GroupGUID": "5dcaaced-b3bf-46b3-9670-b280fab20db5",
      "GroupPath": "Config/LevelOutput/Group/Groups_P10305_F10305001/LevelGroup_P10305_F10305001_G64.json",
      "DimensionFilter": {},
      "Name": "MainMission1030201_02",
      "ID": 64
    },
    {
      "GroupGUID": "04f9d8e3-2c36-4a7a-907f-8c0b8988f5cc",
      "GroupPath": "Config/LevelOutput/Group/Groups_P10305_F10305001/LevelGroup_P10305_F10305001_G66.json",
      "DimensionFilter": {
        "FilterType": "All"
      },
      "Name": "BGM",
      "ID": 66
    },
    {
      "GroupGUID": "2e0bac6b-3ba9-4c09-a615-aae5c98e13e5",
      "GroupPath": "Config/LevelOutput/Group/Groups_P10305_F10305001/LevelGroup_P10305_F10305001_G67.json",
      "DimensionFilter": {},
      "Name": "MainMission4040311_Dog",
      "ID": 67
    },
    {
      "GroupGUID": "1c27b24c-1694-485b-a54f-39676ebd1141",
      "GroupPath": "Config/LevelOutput/Group/Groups_P10305_F10305001/LevelGroup_P10305_F10305001_G68.json",
      "DimensionFilter": {},
      "Name": "Find",
      "ID": 68
    },
    {
      "GroupGUID": "4aa34208-86cc-4dee-847a-5a04d5e06adc",
      "GroupPath": "Config/LevelOutput/Group/Groups_P10305_F10305001/LevelGroup_P10305_F10305001_G69.json",
      "DimensionFilter": {},
      "Name": "MainMission4240306_02",
      "ID": 69
    },
    {
      "GroupGUID": "ff391404-84d5-4304-aab4-888712487ac0",
      "GroupPath": "Config/LevelOutput/Group/Groups_P10305_F10305001/LevelGroup_P10305_F10305001_G71.json",
      "DimensionFilter": {},
      "Name": "MainMission4240306_03",
      "ID": 71
    },
    {
      "GroupGUID": "0da0cf40-69a8-4a49-b711-01dbc4438776",
      "GroupPath": "Config/LevelOutput/Group/Groups_P10305_F10305001/LevelGroup_P10305_F10305001_G76.json",
      "DimensionFilter": {},
      "Name": "MainMission2030101_01",
      "ID": 76
    },
    {
      "GroupGUID": "bc5cfa73-da3a-48ce-8c3f-646233484952",
      "GroupPath": "Config/LevelOutput/Group/Groups_P10305_F10305001/LevelGroup_P10305_F10305001_G98.json",
      "DimensionFilter": {},
      "Name": "MainMission2030101_02",
      "ID": 98
    },
    {
      "GroupGUID": "f1226363-9b5f-4a82-8e90-6e9b009d5e73",
      "GroupPath": "Config/LevelOutput/Group/Groups_P10305_F10305001/LevelGroup_P10305_F10305001_G77.json",
      "DimensionFilter": {
        "FilterType": "All"
      },
      "Name": "Sound",
      "ID": 77
    },
    {
      "GroupGUID": "da020185-be1a-4203-898b-921803fe7960",
      "GroupPath": "Config/LevelOutput/Group/Groups_P10305_F10305001/LevelGroup_P10305_F10305001_G78.json",
      "DimensionFilter": {},
      "Name": "MainMission4340103_01",
      "ID": 78
    },
    {
      "GroupGUID": "b94d3d12-82fb-4bd6-b489-c1f534edae0f",
      "GroupPath": "Config/LevelOutput/Group/Groups_P10305_F10305001/LevelGroup_P10305_F10305001_G79.json",
      "DimensionFilter": {},
      "Name": "MainMission4340103_05",
      "ID": 79
    },
    {
      "GroupGUID": "3515a557-9276-4222-8eee-6851e8755612",
      "GroupPath": "Config/LevelOutput/Group/Groups_P10305_F10305001/LevelGroup_P10305_F10305001_G80.json",
      "DimensionFilter": {},
      "Name": "MainMission4340101_01",
      "ID": 80
    },
    {
      "GroupGUID": "42045637-6d46-40e7-8919-a79d66691d30",
      "GroupPath": "Config/LevelOutput/Group/Groups_P10305_F10305001/LevelGroup_P10305_F10305001_G81.json",
      "DimensionFilter": {},
      "Name": "MainMission4340101_02",
      "ID": 81
    },
    {
      "GroupGUID": "4e0a70bf-cafe-4259-ae68-a1cfaa047b10",
      "GroupPath": "Config/LevelOutput/Group/Groups_P10305_F10305001/LevelGroup_P10305_F10305001_G82.json",
      "DimensionFilter": {},
      "Name": "MainMission4340101_03",
      "ID": 82
    },
    {
      "GroupGUID": "90c29429-cd2a-4626-8e37-4173bb23925b",
      "GroupPath": "Config/LevelOutput/Group/Groups_P10305_F10305001/LevelGroup_P10305_F10305001_G84.json",
      "DimensionFilter": {},
      "Name": "MainMission2030301_New Group",
      "ID": 84
    },
    {
      "GroupGUID": "d3a9e771-bf8b-4781-98ed-6e6ca635009f",
      "GroupPath": "Config/LevelOutput/Group/Groups_P10305_F10305001/LevelGroup_P10305_F10305001_G85.json",
      "DimensionFilter": {},
      "Name": "MainMission2030301_New Group",
      "ID": 85
    },
    {
      "GroupGUID": "10b56823-6a87-4955-981d-e592a8efe45d",
      "GroupPath": "Config/LevelOutput/Group/Groups_P10305_F10305001/LevelGroup_P10305_F10305001_G86.json",
      "DimensionFilter": {},
      "Name": "MainMission2030301_New Group",
      "ID": 86
    },
    {
      "GroupGUID": "ed15b9fb-b901-462b-aebd-6305513c9028",
      "GroupPath": "Config/LevelOutput/Group/Groups_P10305_F10305001/LevelGroup_P10305_F10305001_G87.json",
      "DimensionFilter": {},
      "Name": "MainMission2030301_New Group",
      "ID": 87
    },
    {
      "GroupGUID": "38d042f4-2a7b-40d8-a409-5be49a14edc2",
      "GroupPath": "Config/LevelOutput/Group/Groups_P10305_F10305001/LevelGroup_P10305_F10305001_G88.json",
      "DimensionFilter": {},
      "Name": "MainMission2030301_New Group",
      "ID": 88
    },
    {
      "GroupGUID": "bc61ca08-3b1e-4c5f-8ad5-3ef43641a9ab",
      "GroupPath": "Config/LevelOutput/Group/Groups_P10305_F10305001/LevelGroup_P10305_F10305001_G89.json",
      "DimensionFilter": {},
      "Name": "MainMission2030301_New Group",
      "ID": 89
    },
    {
      "GroupGUID": "2184fba9-9b8e-4e4a-b863-21b373711ea9",
      "GroupPath": "Config/LevelOutput/Group/Groups_P10305_F10305001/LevelGroup_P10305_F10305001_G90.json",
      "DimensionFilter": {},
      "Name": "MainMission2030301_New Group",
      "ID": 90
    },
    {
      "GroupGUID": "42027e5a-eba2-4661-9620-ea9841e2c64f",
      "GroupPath": "Config/LevelOutput/Group/Groups_P10305_F10305001/LevelGroup_P10305_F10305001_G91.json",
      "DimensionFilter": {},
      "Name": "MainMission2030301_New Group",
      "ID": 91
    },
    {
      "GroupGUID": "cfe3aa97-093b-4b1b-bb7a-dfe7fd96ea14",
      "GroupPath": "Config/LevelOutput/Group/Groups_P10305_F10305001/LevelGroup_P10305_F10305001_G93.json",
      "DimensionFilter": {},
      "Name": "Find37Room",
      "ID": 93
    },
    {
      "GroupGUID": "0546804c-c529-45e1-b512-c6ff66c7a39a",
      "GroupPath": "Config/LevelOutput/Group/Groups_P10305_F10305001/LevelGroup_P10305_F10305001_G94.json",
      "DimensionFilter": {},
      "Name": "FindKL_Room",
      "ID": 94
    },
    {
      "GroupGUID": "71c089d6-a0f7-4926-8e05-8b07b304b28c",
      "GroupPath": "Config/LevelOutput/Group/Groups_P10305_F10305001/LevelGroup_P10305_F10305001_G95.json",
      "DimensionFilter": {},
      "Name": "MainMission2030301_New Group",
      "ID": 95
    },
    {
      "GroupGUID": "a2604f39-8284-465a-9ca5-203d36d6d69c",
      "GroupPath": "Config/LevelOutput/Group/Groups_P10305_F10305001/LevelGroup_P10305_F10305001_G96.json",
      "DimensionFilter": {},
      "Name": "NPC",
      "ID": 96
    },
    {
      "GroupGUID": "3d0c61fa-29f7-4860-9f14-746de1b4a585",
      "GroupPath": "Config/LevelOutput/Group/Groups_P10305_F10305001/LevelGroup_P10305_F10305001_G97.json",
      "DimensionFilter": {},
      "Name": "Music",
      "ID": 97
    },
    {
      "GroupGUID": "8c1680f4-104e-44a7-b400-6aa2bb573043",
      "GroupPath": "Config/LevelOutput/Group/Groups_P10305_F10305001/LevelGroup_P10305_F10305001_G102.json",
      "DimensionFilter": {
        "FilterType": "All"
      },
      "Name": "Sound-Reverb",
      "ID": 102
    },
    {
      "GroupGUID": "18fbc960-232c-492c-bbb4-8033df3e0daa",
      "GroupPath": "Config/LevelOutput/Group/Groups_P10305_F10305001/LevelGroup_P10305_F10305001_G103.json",
      "DimensionFilter": {},
      "Name": "MainMission4040314_Bird",
      "ID": 103
    },
    {
      "GroupGUID": "44a2b951-fc2c-4643-9e60-04c368172284",
      "GroupPath": "Config/LevelOutput/Group/Groups_P10305_F10305001/LevelGroup_P10305_F10305001_G104.json",
      "DimensionFilter": {},
      "Name": "MainMission4240310_NPC",
      "ID": 104
    },
    {
      "GroupGUID": "fa70b0d5-c796-4a88-82ea-ae55c1f8d3be",
      "GroupPath": "Config/LevelOutput/Group/Groups_P10305_F10305001/LevelGroup_P10305_F10305001_G105.json",
      "DimensionFilter": {},
      "Name": "Room",
      "ID": 105
    },
    {
      "GroupGUID": "67fc2f7b-4f0a-4235-b0e4-1b6b944495b3",
      "GroupPath": "Config/LevelOutput/Group/Groups_P10305_F10305001/LevelGroup_P10305_F10305001_G106.json",
      "DimensionFilter": {},
      "Name": "MainMission4040303_BlackCard",
      "ID": 106
    },
    {
      "GroupGUID": "45b394aa-3622-4c13-9935-d84d1dbb45aa",
      "GroupPath": "Config/LevelOutput/Group/Groups_P10305_F10305001/LevelGroup_P10305_F10305001_G107.json",
      "DimensionFilter": {
        "FilterType": "All"
      },
      "Name": "AchievementTrigger",
      "ID": 107
    },
    {
      "GroupGUID": "69fc44f2-7bd8-4d83-8747-00cfe432d864",
      "GroupPath": "Config/LevelOutput/Group/Groups_P10305_F10305001/LevelGroup_P10305_F10305001_G108.json",
      "DimensionFilter": {},
      "Name": "MainMission1033001_New Group",
      "ID": 108
    },
    {
      "GroupGUID": "fd37d1dc-a0dc-4b82-aac6-1de830ef6007",
      "GroupPath": "Config/LevelOutput/Group/Groups_P10305_F10305001/LevelGroup_P10305_F10305001_G109.json",
      "DimensionFilter": {},
      "Name": "MainMission1033001_New Group",
      "ID": 109
    },
    {
      "GroupGUID": "02217064-1b03-4a66-a7c6-ef6ccf3d2ae5",
      "GroupPath": "Config/LevelOutput/Group/Groups_P10305_F10305001/LevelGroup_P10305_F10305001_G110.json",
      "DimensionFilter": {},
      "Name": "MainMission1033001_New Group",
      "ID": 110
    },
    {
      "GroupGUID": "233a05d6-e368-4601-8919-2e2c572d2737",
      "GroupPath": "Config/LevelOutput/Group/Groups_P10305_F10305001/LevelGroup_P10305_F10305001_G111.json",
      "DimensionFilter": {},
      "Name": "MainMission1033001_New Group",
      "ID": 111
    },
    {
      "GroupGUID": "8fb3df7a-17bb-4e67-ac4a-d3394a711432",
      "GroupPath": "Config/LevelOutput/Group/Groups_P10305_F10305001/LevelGroup_P10305_F10305001_G112.json",
      "DimensionFilter": {},
      "Name": "MainMission2030203_01",
      "ID": 112
    },
    {
      "GroupGUID": "b6af7b35-f085-494b-a897-88611e641856",
      "GroupPath": "Config/LevelOutput/Group/Groups_P10305_F10305001/LevelGroup_P10305_F10305001_G113.json",
      "DimensionFilter": {
        "FilterType": "All"
      },
      "Name": "NPC",
      "ID": 113
    },
    {
      "GroupGUID": "f5dabde3-281f-447f-8e97-d5bc054a90e0",
      "GroupPath": "Config/LevelOutput/Group/Groups_P10305_F10305001/LevelGroup_P10305_F10305001_G114.json",
      "DimensionFilter": {},
      "Name": "MainMission1033001_New Group",
      "ID": 114
    },
    {
      "GroupGUID": "b0a1c0d9-e787-42d3-ad94-bac98e817481",
      "GroupPath": "Config/LevelOutput/Group/Groups_P10305_F10305001/LevelGroup_P10305_F10305001_G115.json",
      "DimensionFilter": {},
      "Name": "MainMission2030301_New Group",
      "ID": 115
    },
    {
      "GroupGUID": "2f53a00e-61a6-4f8f-9bd6-03c148bce0d8",
      "GroupPath": "Config/LevelOutput/Group/Groups_P10305_F10305001/LevelGroup_P10305_F10305001_G117.json",
      "DimensionFilter": {
        "FilterType": "Expression",
        "FilterExpression": {
          "ExpressionList": [
            {
              "$type": "RPG.GameCore.LevelDimensionFilterIDExpression",
              "DimensionIDList": [
                1
              ]
            }
          ]
        }
      },
      "Name": "MainMission1032602_03",
      "ID": 117
    },
    {
      "GroupGUID": "49b322db-9e29-4ddd-99d5-82f3de780b06",
      "GroupPath": "Config/LevelOutput/Group/Groups_P10305_F10305001/LevelGroup_P10305_F10305001_G118.json",
      "DimensionFilter": {
        "FilterType": "Expression",
        "FilterExpression": {
          "ExpressionList": [
            {
              "$type": "RPG.GameCore.LevelDimensionFilterIDExpression",
              "DimensionIDList": [
                1
              ]
            }
          ]
        }
      },
      "Name": "MainMission1032602_04",
      "ID": 118
    },
    {
      "GroupGUID": "e8216738-7610-422d-9098-d18708dfde33",
      "GroupPath": "Config/LevelOutput/Group/Groups_P10305_F10305001/LevelGroup_P10305_F10305001_G119.json",
      "DimensionFilter": {
        "FilterType": "Expression",
        "FilterExpression": {
          "ExpressionList": [
            {
              "$type": "RPG.GameCore.LevelDimensionFilterIDExpression",
              "DimensionIDList": [
                1
              ]
            }
          ]
        }
      },
      "Name": "MainMission1032602_05",
      "ID": 119
    },
    {
      "GroupGUID": "11002221-f762-46c8-b198-e0cec7886ecf",
      "GroupPath": "Config/LevelOutput/Group/Groups_P10305_F10305001/LevelGroup_P10305_F10305001_G120.json",
      "DimensionFilter": {
        "FilterType": "Expression",
        "FilterExpression": {
          "ExpressionList": [
            {
              "$type": "RPG.GameCore.LevelDimensionFilterIDExpression",
              "DimensionIDList": [
                1
              ]
            }
          ]
        }
      },
      "Name": "MainMission1032602_07",
      "ID": 120
    },
    {
      "GroupGUID": "2bea6790-28da-402d-b6c5-edc7f0e17406",
      "GroupPath": "Config/LevelOutput/Group/Groups_P10305_F10305001/LevelGroup_P10305_F10305001_G121.json",
      "DimensionFilter": {
        "FilterType": "Expression",
        "FilterExpression": {
          "ExpressionList": [
            {
              "$type": "RPG.GameCore.LevelDimensionFilterIDExpression",
              "DimensionIDList": [
                1
              ]
            }
          ]
        }
      },
      "Name": "MainMission1032602_08",
      "ID": 121
    },
    {
      "GroupGUID": "90925500-5231-4636-816c-05955eeed323",
      "GroupPath": "Config/LevelOutput/Group/Groups_P10305_F10305001/LevelGroup_P10305_F10305001_G122.json",
      "DimensionFilter": {
        "FilterType": "Expression",
        "FilterExpression": {
          "ExpressionList": [
            {
              "$type": "RPG.GameCore.LevelDimensionFilterIDExpression",
              "DimensionIDList": [
                1
              ]
            }
          ]
        }
      },
      "Name": "MainMission1032602_10",
      "ID": 122
    },
    {
      "GroupGUID": "7e125798-2464-49cc-ba26-098d5377ce5a",
      "GroupPath": "Config/LevelOutput/Group/Groups_P10305_F10305001/LevelGroup_P10305_F10305001_G123.json",
      "DimensionFilter": {
        "FilterType": "Expression",
        "FilterExpression": {
          "ExpressionList": [
            {
              "$type": "RPG.GameCore.LevelDimensionFilterIDExpression",
              "DimensionIDList": [
                1
              ]
            }
          ]
        }
      },
      "Name": "MainMission1032602_11",
      "ID": 123
    },
    {
      "GroupGUID": "e690a2d2-7fd9-4d05-94c7-e9f3c3b2d72d",
      "GroupPath": "Config/LevelOutput/Group/Groups_P10305_F10305001/LevelGroup_P10305_F10305001_G127.json",
      "DimensionFilter": {
        "FilterType": "Expression",
        "FilterExpression": {
          "ExpressionList": [
            {
              "$type": "RPG.GameCore.LevelDimensionFilterIDExpression",
              "DimensionIDList": [
                1
              ]
            }
          ]
        }
      },
      "Name": "MainMission1032602_12",
      "ID": 127
    },
    {
      "GroupGUID": "4e4e92db-fddb-4cf1-9625-c1e2d1574a58",
      "GroupPath": "Config/LevelOutput/Group/Groups_P10305_F10305001/LevelGroup_P10305_F10305001_G128.json",
      "DimensionFilter": {
        "FilterType": "Expression",
        "FilterExpression": {
          "ExpressionList": [
            {
              "$type": "RPG.GameCore.LevelDimensionFilterIDExpression",
              "DimensionIDList": [
                1
              ]
            }
          ]
        }
      },
      "Name": "MainMission1032602_10",
      "ID": 128
    },
    {
      "GroupGUID": "20745ed9-7b68-477c-ac4c-fdcb1d6a8e44",
      "GroupPath": "Config/LevelOutput/Group/Groups_P10305_F10305001/LevelGroup_P10305_F10305001_G130.json",
      "DimensionFilter": {
        "FilterType": "All"
      },
      "Name": "AveRoom",
      "ID": 130
    },
    {
      "GroupGUID": "c9534751-7325-4526-95a3-f5f6100af1ae",
      "GroupPath": "Config/LevelOutput/Group/Groups_P10305_F10305001/LevelGroup_P10305_F10305001_G132.json",
      "DimensionFilter": {
        "FilterType": "Expression",
        "FilterExpression": {
          "ExpressionList": [
            {
              "$type": "RPG.GameCore.LevelDimensionFilterIDExpression",
              "DimensionIDList": [
                1
              ]
            }
          ]
        }
      },
      "Name": "MainMission1032602_01",
      "ID": 132
    },
    {
      "GroupGUID": "0df0c8b3-ffdf-4ba4-accd-da601cc9b769",
      "GroupPath": "Config/LevelOutput/Group/Groups_P10305_F10305001/LevelGroup_P10305_F10305001_G136.json",
      "DimensionFilter": {
        "FilterType": "Expression",
        "FilterExpression": {
          "ExpressionList": [
            {
              "$type": "RPG.GameCore.LevelDimensionFilterIDExpression",
              "DimensionIDList": [
                1
              ]
            }
          ]
        }
      },
      "Name": "NPC",
      "ID": 136
    }
  ],
  "DefaultEnviroProfile": "Stages/Outputs/Chapter03/EnviroProfile/Chap03_CloseView_ADV_INT_P00_night_01.enviroProfile.asset",
  "StageData": "Stages/Outputs/Chapter03/Stages/Chap03_ADV_P00_StageData/Chap03_ADV_P00_StageData.stage",
  "TimeOfDayEnviroProfileMap": {},
  "LayerToAreaMask": [
    8,
    16,
    32
  ],
  "FloorCustomData": {
    "CustomValues": [
      {
        "$type": "RPG.GameCore.FloorCustomFloatConfig",
        "ID": 10001,
        "Name": "MissionFCV_103020104"
      },
      {
        "$type": "RPG.GameCore.FloorCustomFloatConfig",
        "DefaultValue": 1,
        "ID": 10002,
        "Name": "MissionFCV_103020108"
      },
      {
        "$type": "RPG.GameCore.FloorCustomFloatConfig",
        "ID": 10004,
        "Name": "FCV_DoorDOpen"
      }
    ],
    "SavedValues": [
      {
        "ID": 4,
        "Name": "FSV_DoorA",
        "DefaultValue": 2,
        "AllowedValues": [
          0,
          1,
          2
        ],
        "MaxValue": 2
      },
      {
        "ID": 5,
        "Name": "FSV_DoorB",
        "AllowedValues": [
          0,
          1,
          2
        ],
        "MaxValue": 2
      },
      {
        "ID": 6,
        "Name": "FSV_DoorC",
        "AllowedValues": [
          0,
          1,
          2
        ],
        "MaxValue": 2
      },
      {
        "ID": 7,
        "Name": "FSV_DoorD",
        "AllowedValues": [
          0,
          1,
          2
        ],
        "MaxValue": 2
      },
      {
        "ID": 9,
        "Name": "FSV_Elev",
        "AllowedValues": [
          0,
          1
        ],
        "MaxValue": 1
      },
      {
        "ID": 11,
        "Name": "FSV_Entrance",
        "AllowedValues": [
          0,
          1
        ],
        "MaxValue": 1
      }
    ]
  },
  "BattleAreaList": [],
  "DimensionList": [
    {},
    {
      "ID": 1,
      "OverrideBattleAreaList": []
    }
  ],
  "CameraPrefabPath": "Level/Maze/Chapter03/Chap03_ADV_P05_LevelArea.prefab",
  "NavmapConfigPath": "Config/LevelOutput/Map/MapInfo_P10305_F10305001.json",
  "IsRestartLevelGraph": false
}