{
  "FloorID": 10304001,
  "FloorName": "FloorName_10304001",
  "StartGroupID": 7,
  "StartAnchorID": 1,
  "GroupList": [
    {
      "GroupGUID": "11d29d09-a2e3-4e10-898c-9505f0aa4308",
      "GroupPath": "Config/LevelOutput/Group/Groups_P10304_F10304001/LevelGroup_P10304_F10304001_G1.json",
      "DimensionFilter": {},
      "Name": "DefaultGroup",
      "ID": 1
    },
    {
      "GroupGUID": "045b1a8d-1e6e-4818-ae8d-b425f123fc9a",
      "GroupPath": "Config/LevelOutput/Group/Groups_P10304_F10304001/LevelGroup_P10304_F10304001_G30.json",
      "DimensionFilter": {
        "FilterType": "All"
      },
      "Name": "BattleArea",
      "ID": 30
    },
    {
      "GroupGUID": "a1fee891-f933-4e0b-b7f3-c978d888ac37",
      "GroupPath": "Config/LevelOutput/Group/Groups_P10304_F10304001/LevelGroup_P10304_F10304001_G136.json",
      "DimensionFilter": {
        "FilterType": "All"
      },
      "Name": "BlockLine",
      "ID": 136
    },
    {
      "GroupGUID": "301eec9d-59e0-49b7-bc1f-eef95970dc3b",
      "GroupPath": "Config/LevelOutput/Group/Groups_P10304_F10304001/LevelGroup_P10304_F10304001_G6.json",
      "DimensionFilter": {
        "FilterType": "All"
      },
      "Name": "Crowd",
      "ID": 6
    },
    {
      "GroupGUID": "a2b9c122-0495-4ab7-b57e-daa7df392061",
      "GroupPath": "Config/LevelOutput/Group/Groups_P10304_F10304001/LevelGroup_P10304_F10304001_G7.json",
      "DimensionFilter": {},
      "Name": "Teleport",
      "ID": 7
    },
    {
      "GroupGUID": "1472a591-6c2a-4bfe-972f-5d64c4cd19f5",
      "GroupPath": "Config/LevelOutput/Group/Groups_P10304_F10304001/LevelGroup_P10304_F10304001_G85.json",
      "DimensionFilter": {
        "FilterType": "All"
      },
      "Name": "Teleport2",
      "ID": 85
    },
    {
      "GroupGUID": "f8589c46-79d7-43fa-a7df-1077a72f703c",
      "GroupPath": "Config/LevelOutput/Group/Groups_P10304_F10304001/LevelGroup_P10304_F10304001_G8.json",
      "DimensionFilter": {},
      "Name": "Default_Chest",
      "ID": 8
    },
    {
      "GroupGUID": "30e07873-b58d-4eae-b506-79bb69c6e933",
      "GroupPath": "Config/LevelOutput/Group/Groups_P10304_F10304001/LevelGroup_P10304_F10304001_G9.json",
      "DimensionFilter": {},
      "Name": "RailBall",
      "ID": 9
    },
    {
      "GroupGUID": "f7b119e3-cc3e-41a6-b517-de08987de6fe",
      "GroupPath": "Config/LevelOutput/Group/Groups_P10304_F10304001/LevelGroup_P10304_F10304001_G10.json",
      "DimensionFilter": {},
      "Name": "Switch",
      "ID": 10
    },
    {
      "GroupGUID": "bcb6c273-fb97-42ee-a069-5e77defe6291",
      "GroupPath": "Config/LevelOutput/Group/Groups_P10304_F10304001/LevelGroup_P10304_F10304001_G40.json",
      "DimensionFilter": {
        "FilterType": "All"
      },
      "Name": "Clocker",
      "ID": 40
    },
    {
      "GroupGUID": "0a9c958d-8d91-4e58-83cf-2b55783b7725",
      "GroupPath": "Config/LevelOutput/Group/Groups_P10304_F10304001/LevelGroup_P10304_F10304001_G135.json",
      "DimensionFilter": {
        "FilterType": "All"
      },
      "Name": "Hat",
      "ID": 135
    },
    {
      "GroupGUID": "52552098-395f-4049-8bda-a9d4b4306330",
      "GroupPath": "Config/LevelOutput/Group/Groups_P10304_F10304001/LevelGroup_P10304_F10304001_G137.json",
      "DimensionFilter": {
        "FilterType": "All"
      },
      "Name": "Entrance",
      "ID": 137
    },
    {
      "GroupGUID": "288e9863-911b-467e-a449-660d192b29ed",
      "GroupPath": "Config/LevelOutput/Group/Groups_P10304_F10304001/LevelGroup_P10304_F10304001_G11.json",
      "DimensionFilter": {},
      "Name": "Elevator",
      "ID": 11
    },
    {
      "GroupGUID": "c9488374-170e-43a3-a4be-5a94d1291212",
      "GroupPath": "Config/LevelOutput/Group/Groups_P10304_F10304001/LevelGroup_P10304_F10304001_G12.json",
      "DimensionFilter": {},
      "Name": "MainMission1032401_01",
      "ID": 12
    },
    {
      "GroupGUID": "adca114b-b1f6-4440-811f-0059b403731a",
      "GroupPath": "Config/LevelOutput/Group/Groups_P10304_F10304001/LevelGroup_P10304_F10304001_G13.json",
      "DimensionFilter": {},
      "Name": "MainMission1032602_02",
      "ID": 13
    },
    {
      "GroupGUID": "0c0a9398-b11b-4c66-9ae5-45ecd99e1ae6",
      "GroupPath": "Config/LevelOutput/Group/Groups_P10304_F10304001/LevelGroup_P10304_F10304001_G14.json",
      "DimensionFilter": {},
      "Name": "MainMission1032401_02",
      "ID": 14
    },
    {
      "GroupGUID": "d2d68463-781f-4ee8-8879-4cc682ceb666",
      "GroupPath": "Config/LevelOutput/Group/Groups_P10304_F10304001/LevelGroup_P10304_F10304001_G15.json",
      "DimensionFilter": {},
      "Name": "MainMission1032401_03",
      "ID": 15,
      "IsDelete": true
    },
    {
      "GroupGUID": "f0828f3c-8617-4a20-89f6-4213dadc96fb",
      "GroupPath": "Config/LevelOutput/Group/Groups_P10304_F10304001/LevelGroup_P10304_F10304001_G16.json",
      "DimensionFilter": {},
      "Name": "MainMission1032401_04",
      "ID": 16
    },
    {
      "GroupGUID": "d4e3b58a-10be-49b5-8cda-b9b06358feab",
      "GroupPath": "Config/LevelOutput/Group/Groups_P10304_F10304001/LevelGroup_P10304_F10304001_G17.json",
      "DimensionFilter": {},
      "Name": "MainMission1032401_05",
      "ID": 17
    },
    {
      "GroupGUID": "797d0dc8-540d-4837-8a9c-bd6e3b315c6a",
      "GroupPath": "Config/LevelOutput/Group/Groups_P10304_F10304001/LevelGroup_P10304_F10304001_G19.json",
      "DimensionFilter": {},
      "Name": "MainMission1032401_06",
      "ID": 19
    },
    {
      "GroupGUID": "bc32ea48-ebdb-45fe-a3c1-a2bed28de80e",
      "GroupPath": "Config/LevelOutput/Group/Groups_P10304_F10304001/LevelGroup_P10304_F10304001_G18.json",
      "DimensionFilter": {},
      "Name": "TV",
      "ID": 18
    },
    {
      "GroupGUID": "d063f47b-8316-4665-900c-59c6771c83ba",
      "GroupPath": "Config/LevelOutput/Group/Groups_P10304_F10304001/LevelGroup_P10304_F10304001_G22.json",
      "DimensionFilter": {},
      "Name": "MainMission1032401_New Group",
      "ID": 22
    },
    {
      "GroupGUID": "e374bae6-9278-47d2-9fdd-75db08bc5c9d",
      "GroupPath": "Config/LevelOutput/Group/Groups_P10304_F10304001/LevelGroup_P10304_F10304001_G23.json",
      "DimensionFilter": {},
      "Name": "MainMission1032401_New Group",
      "ID": 23
    },
    {
      "GroupGUID": "d615f5e8-672d-40fe-9f09-34608a836b52",
      "GroupPath": "Config/LevelOutput/Group/Groups_P10304_F10304001/LevelGroup_P10304_F10304001_G24.json",
      "DimensionFilter": {},
      "Name": "MainMission1032401_New Group",
      "ID": 24
    },
    {
      "GroupGUID": "8a6d2f0f-5822-47c4-9f82-ddffcd1c2cc2",
      "GroupPath": "Config/LevelOutput/Group/Groups_P10304_F10304001/LevelGroup_P10304_F10304001_G25.json",
      "DimensionFilter": {},
      "Name": "MainMission1032401_New Group",
      "ID": 25
    },
    {
      "GroupGUID": "5bbd2cc6-b63e-4c19-9c3a-a2cc57aeed87",
      "GroupPath": "Config/LevelOutput/Group/Groups_P10304_F10304001/LevelGroup_P10304_F10304001_G26.json",
      "DimensionFilter": {},
      "Name": "MainMission1032401_New Group",
      "ID": 26
    },
    {
      "GroupGUID": "97dd32d5-2503-4ce1-a7b1-ebd0c724c0d6",
      "GroupPath": "Config/LevelOutput/Group/Groups_P10304_F10304001/LevelGroup_P10304_F10304001_G27.json",
      "DimensionFilter": {},
      "Name": "MainMission1032401_New Group",
      "ID": 27
    },
    {
      "GroupGUID": "f68eef2e-31ef-49af-97d8-8a32f014c951",
      "GroupPath": "Config/LevelOutput/Group/Groups_P10304_F10304001/LevelGroup_P10304_F10304001_G28.json",
      "DimensionFilter": {},
      "Name": "MainMission1032501_New Group",
      "ID": 28
    },
    {
      "GroupGUID": "44fe327f-78b9-42b3-b61b-7c3a75651321",
      "GroupPath": "Config/LevelOutput/Group/Groups_P10304_F10304001/LevelGroup_P10304_F10304001_G29.json",
      "DimensionFilter": {},
      "Name": "MainMission1032501_New Group",
      "ID": 29
    },
    {
      "GroupGUID": "5f8b201f-b741-414f-90c7-bb54a47f31b0",
      "GroupPath": "Config/LevelOutput/Group/Groups_P10304_F10304001/LevelGroup_P10304_F10304001_G31.json",
      "DimensionFilter": {},
      "Name": "MainMission1032501_New Group",
      "ID": 31
    },
    {
      "GroupGUID": "c1abf05a-e036-42e6-b3fc-b5bdf22ab86b",
      "GroupPath": "Config/LevelOutput/Group/Groups_P10304_F10304001/LevelGroup_P10304_F10304001_G32.json",
      "DimensionFilter": {},
      "Name": "MainMission1032501_New Group",
      "ID": 32
    },
    {
      "GroupGUID": "49498a20-2817-4e86-9ed7-b948d59f7d11",
      "GroupPath": "Config/LevelOutput/Group/Groups_P10304_F10304001/LevelGroup_P10304_F10304001_G33.json",
      "DimensionFilter": {},
      "Name": "MainMission1032501_New Group",
      "ID": 33
    },
    {
      "GroupGUID": "bc6a929a-4f72-41da-a4de-97c96cd4c479",
      "GroupPath": "Config/LevelOutput/Group/Groups_P10304_F10304001/LevelGroup_P10304_F10304001_G34.json",
      "DimensionFilter": {},
      "Name": "MainMission1032501_New Group",
      "ID": 34
    },
    {
      "GroupGUID": "542d5d3d-2554-42c8-9bd9-d43e6584f520",
      "GroupPath": "Config/LevelOutput/Group/Groups_P10304_F10304001/LevelGroup_P10304_F10304001_G38.json",
      "DimensionFilter": {},
      "Name": "MainMission1032701_05",
      "ID": 38
    },
    {
      "GroupGUID": "5721e226-9a55-47ef-9dce-3d3ea9e353d8",
      "GroupPath": "Config/LevelOutput/Group/Groups_P10304_F10304001/LevelGroup_P10304_F10304001_G39.json",
      "DimensionFilter": {},
      "Name": "MainMission1032901_01",
      "ID": 39
    },
    {
      "GroupGUID": "fa0f51e7-53d0-4c64-bb96-69db7fae84eb",
      "GroupPath": "Config/LevelOutput/Group/Groups_P10304_F10304001/LevelGroup_P10304_F10304001_G41.json",
      "DimensionFilter": {},
      "Name": "MainMission8022103_01",
      "ID": 41
    },
    {
      "GroupGUID": "0a858fc7-7e52-41ad-a1c3-c3d803ef5799",
      "GroupPath": "Config/LevelOutput/Group/Groups_P10304_F10304001/LevelGroup_P10304_F10304001_G42.json",
      "DimensionFilter": {},
      "Name": "MainMission8022103_02",
      "ID": 42
    },
    {
      "GroupGUID": "15097b4f-947a-4b0e-97c4-e8bfac8e47db",
      "GroupPath": "Config/LevelOutput/Group/Groups_P10304_F10304001/LevelGroup_P10304_F10304001_G43.json",
      "DimensionFilter": {},
      "Name": "MainMission8022103_03",
      "ID": 43
    },
    {
      "GroupGUID": "3765efbd-cd8f-4d63-94d8-8306130ee4d5",
      "GroupPath": "Config/LevelOutput/Group/Groups_P10304_F10304001/LevelGroup_P10304_F10304001_G44.json",
      "DimensionFilter": {
        "FilterType": "All"
      },
      "Name": "Tpl_OrigamiBird_Normal",
      "ID": 44
    },
    {
      "GroupGUID": "55f990ac-aff1-49e2-a6d7-593cce632ad0",
      "GroupPath": "Config/LevelOutput/Group/Groups_P10304_F10304001/LevelGroup_P10304_F10304001_G45.json",
      "DimensionFilter": {
        "FilterType": "All"
      },
      "Name": "Tpl_OrigamiBird_Normal",
      "ID": 45
    },
    {
      "GroupGUID": "01fd1c2d-7686-47f3-a6d4-92eb885d5dac",
      "GroupPath": "Config/LevelOutput/Group/Groups_P10304_F10304001/LevelGroup_P10304_F10304001_G46.json",
      "DimensionFilter": {
        "FilterType": "All"
      },
      "Name": "OrigamiBird_HaveCamera",
      "ID": 46
    },
    {
      "GroupGUID": "e4d15d24-a02f-4eb2-8320-f583ffd39b0f",
      "GroupPath": "Config/LevelOutput/Group/Groups_P10304_F10304001/LevelGroup_P10304_F10304001_G47.json",
      "DimensionFilter": {
        "FilterType": "All"
      },
      "Name": "OrigamiBird_Normal",
      "ID": 47
    },
    {
      "GroupGUID": "daca7a86-6c1b-4341-867b-0d84a703ffbf",
      "GroupPath": "Config/LevelOutput/Group/Groups_P10304_F10304001/LevelGroup_P10304_F10304001_G48.json",
      "DimensionFilter": {
        "FilterType": "All"
      },
      "Name": "OrigamiBird_WithDes",
      "ID": 48
    },
    {
      "GroupGUID": "0c7a70d1-7ae7-40c2-a999-a3e050fadece",
      "GroupPath": "Config/LevelOutput/Group/Groups_P10304_F10304001/LevelGroup_P10304_F10304001_G49.json",
      "DimensionFilter": {
        "FilterType": "All"
      },
      "Name": "OrigamiBird_HaveCamera",
      "ID": 49
    },
    {
      "GroupGUID": "4382a83d-17e8-401a-b2e3-a6615bc8e9dd",
      "GroupPath": "Config/LevelOutput/Group/Groups_P10304_F10304001/LevelGroup_P10304_F10304001_G50.json",
      "DimensionFilter": {
        "FilterType": "All"
      },
      "Name": "OrigamiBird_HaveCamera",
      "ID": 50
    },
    {
      "GroupGUID": "bee7c4b6-13dd-4279-bc92-3698067a0827",
      "GroupPath": "Config/LevelOutput/Group/Groups_P10304_F10304001/LevelGroup_P10304_F10304001_G51.json",
      "DimensionFilter": {
        "FilterType": "All"
      },
      "Name": "OrigamiBird_Normal",
      "ID": 51
    },
    {
      "GroupGUID": "a96d6a9b-8a4f-4154-b666-5fca5f444b95",
      "GroupPath": "Config/LevelOutput/Group/Groups_P10304_F10304001/LevelGroup_P10304_F10304001_G52.json",
      "DimensionFilter": {
        "FilterType": "All"
      },
      "Name": "OrigamiBird_WithDes",
      "ID": 52
    },
    {
      "GroupGUID": "0870384d-9e0c-46c8-8ecc-f5eea087035a",
      "GroupPath": "Config/LevelOutput/Group/Groups_P10304_F10304001/LevelGroup_P10304_F10304001_G53.json",
      "DimensionFilter": {
        "FilterType": "All"
      },
      "Name": "OrigamiBird_Normal",
      "ID": 53
    },
    {
      "GroupGUID": "47d5ce3f-262d-466e-8e47-ed79caa310f1",
      "GroupPath": "Config/LevelOutput/Group/Groups_P10304_F10304001/LevelGroup_P10304_F10304001_G54.json",
      "DimensionFilter": {
        "FilterType": "All"
      },
      "Name": "Tpl_OrigamiBird_Normal",
      "ID": 54
    },
    {
      "GroupGUID": "e17836a8-06e9-4786-a7b3-352ddcd7bb08",
      "GroupPath": "Config/LevelOutput/Group/Groups_P10304_F10304001/LevelGroup_P10304_F10304001_G55.json",
      "DimensionFilter": {
        "FilterType": "All"
      },
      "Name": "OrigamiBird_Normal",
      "ID": 55
    },
    {
      "GroupGUID": "992337be-ef2d-4c47-a092-63130f0051ed",
      "GroupPath": "Config/LevelOutput/Group/Groups_P10304_F10304001/LevelGroup_P10304_F10304001_G56.json",
      "DimensionFilter": {
        "FilterType": "All"
      },
      "Name": "OrigamiBird_WithDes",
      "ID": 56
    },
    {
      "GroupGUID": "3a510195-645f-42ee-9d1a-b85c40f2048b",
      "GroupPath": "Config/LevelOutput/Group/Groups_P10304_F10304001/LevelGroup_P10304_F10304001_G57.json",
      "DimensionFilter": {
        "FilterType": "All"
      },
      "Name": "Tpl_OrigamiBird_WithDes",
      "ID": 57
    },
    {
      "GroupGUID": "360d47b7-37f9-4ebf-ad1d-f87e2ece7180",
      "GroupPath": "Config/LevelOutput/Group/Groups_P10304_F10304001/LevelGroup_P10304_F10304001_G58.json",
      "DimensionFilter": {
        "FilterType": "All"
      },
      "Name": "OrigamiBird_Stair",
      "ID": 58
    },
    {
      "GroupGUID": "4cc5689d-316a-474c-a2e6-fac750ed6a2a",
      "GroupPath": "Config/LevelOutput/Group/Groups_P10304_F10304001/LevelGroup_P10304_F10304001_G59.json",
      "DimensionFilter": {
        "FilterType": "All"
      },
      "Name": "OrigamiBird_HaveCamera",
      "ID": 59
    },
    {
      "GroupGUID": "044c481a-8b93-4c38-b245-633662b3603c",
      "GroupPath": "Config/LevelOutput/Group/Groups_P10304_F10304001/LevelGroup_P10304_F10304001_G60.json",
      "DimensionFilter": {
        "FilterType": "All"
      },
      "Name": "OrigamiBird_ThreeTimesALL",
      "ID": 60
    },
    {
      "GroupGUID": "c683d872-2fd4-4a93-a868-7a6eb2c58017",
      "GroupPath": "Config/LevelOutput/Group/Groups_P10304_F10304001/LevelGroup_P10304_F10304001_G61.json",
      "DimensionFilter": {
        "FilterType": "All"
      },
      "Name": "OrigamiBird_ThreeTimes",
      "ID": 61
    },
    {
      "GroupGUID": "814037df-134f-4fea-8058-a391c51c1746",
      "GroupPath": "Config/LevelOutput/Group/Groups_P10304_F10304001/LevelGroup_P10304_F10304001_G62.json",
      "DimensionFilter": {
        "FilterType": "All"
      },
      "Name": "Tpl_OrigamiBird_Chasing",
      "ID": 62
    },
    {
      "GroupGUID": "b4ff4125-bf3e-4c56-b88d-a8c717712a40",
      "GroupPath": "Config/LevelOutput/Group/Groups_P10304_F10304001/LevelGroup_P10304_F10304001_G63.json",
      "DimensionFilter": {
        "FilterType": "All"
      },
      "Name": "OrigamiBird_Normal",
      "ID": 63
    },
    {
      "GroupGUID": "edfae87d-f9a2-4352-9cb1-00db8c35115e",
      "GroupPath": "Config/LevelOutput/Group/Groups_P10304_F10304001/LevelGroup_P10304_F10304001_G64.json",
      "DimensionFilter": {
        "FilterType": "All"
      },
      "Name": "OrigamiBirdColony",
      "ID": 64
    },
    {
      "GroupGUID": "bd5eef33-f86f-48db-934e-cb7b323d24ee",
      "GroupPath": "Config/LevelOutput/Group/Groups_P10304_F10304001/LevelGroup_P10304_F10304001_G143.json",
      "DimensionFilter": {
        "FilterType": "All"
      },
      "Name": "OrigamiBirdColony",
      "ID": 143
    },
    {
      "GroupGUID": "9246f81a-cb8c-45c5-87ef-f0bf341102c4",
      "GroupPath": "Config/LevelOutput/Group/Groups_P10304_F10304001/LevelGroup_P10304_F10304001_G150.json",
      "DimensionFilter": {
        "FilterType": "All"
      },
      "Name": "OrigamiBirdColony",
      "ID": 150
    },
    {
      "GroupGUID": "87fc9fcd-4d69-4331-9d98-b357798f0b60",
      "GroupPath": "Config/LevelOutput/Group/Groups_P10304_F10304001/LevelGroup_P10304_F10304001_G65.json",
      "DimensionFilter": {},
      "Name": "MainMission1032401_New Group",
      "ID": 65
    },
    {
      "GroupGUID": "90515579-58fd-4ce8-9867-d3d2a9b0a2ec",
      "GroupPath": "Config/LevelOutput/Group/Groups_P10304_F10304001/LevelGroup_P10304_F10304001_G66.json",
      "DimensionFilter": {},
      "Name": "MainMission2030401_DreamPoem",
      "ID": 66
    },
    {
      "GroupGUID": "3a655dc3-1b08-4e67-8225-f8d2d31baa37",
      "GroupPath": "Config/LevelOutput/Group/Groups_P10304_F10304001/LevelGroup_P10304_F10304001_G67.json",
      "DimensionFilter": {},
      "Name": "MainMission2030401_DeramPoem",
      "ID": 67
    },
    {
      "GroupGUID": "7459496f-81e8-4c1a-8280-4a34e84dadcf",
      "GroupPath": "Config/LevelOutput/Group/Groups_P10304_F10304001/LevelGroup_P10304_F10304001_G75.json",
      "DimensionFilter": {
        "FilterType": "All"
      },
      "Name": "ClockToy",
      "ID": 75
    },
    {
      "GroupGUID": "97eadd59-bd0d-4cb9-a2de-cc6312215991",
      "GroupPath": "Config/LevelOutput/Group/Groups_P10304_F10304001/LevelGroup_P10304_F10304001_G76.json",
      "DimensionFilter": {
        "FilterType": "All"
      },
      "Name": "ClockToy",
      "ID": 76
    },
    {
      "GroupGUID": "3e817a52-5ccb-412e-8cf8-a2f6b823a344",
      "GroupPath": "Config/LevelOutput/Group/Groups_P10304_F10304001/LevelGroup_P10304_F10304001_G77.json",
      "DimensionFilter": {
        "FilterType": "All"
      },
      "Name": "ClockToy",
      "ID": 77
    },
    {
      "GroupGUID": "f2976263-de34-4c73-ae7d-c9bb784acd70",
      "GroupPath": "Config/LevelOutput/Group/Groups_P10304_F10304001/LevelGroup_P10304_F10304001_G78.json",
      "DimensionFilter": {
        "FilterType": "All"
      },
      "Name": "SpecialDistructable",
      "ID": 78
    },
    {
      "GroupGUID": "f149b82f-147e-47a3-baff-6826da5e6cc2",
      "GroupPath": "Config/LevelOutput/Group/Groups_P10304_F10304001/LevelGroup_P10304_F10304001_G79.json",
      "DimensionFilter": {},
      "Name": "MainMission4340115_01",
      "ID": 79
    },
    {
      "GroupGUID": "efde4ffd-a9c8-4f45-afd7-6a2e06614fc1",
      "GroupPath": "Config/LevelOutput/Group/Groups_P10304_F10304001/LevelGroup_P10304_F10304001_G80.json",
      "DimensionFilter": {},
      "Name": "MainMission4340115_02",
      "ID": 80
    },
    {
      "GroupGUID": "3cbdb5ee-f0bd-4136-9673-d2e6d5cbef4c",
      "GroupPath": "Config/LevelOutput/Group/Groups_P10304_F10304001/LevelGroup_P10304_F10304001_G81.json",
      "DimensionFilter": {},
      "Name": "MainMission4340115_03",
      "ID": 81
    },
    {
      "GroupGUID": "6985d4f6-1ad4-4451-ae86-b0ce4128b584",
      "GroupPath": "Config/LevelOutput/Group/Groups_P10304_F10304001/LevelGroup_P10304_F10304001_G82.json",
      "DimensionFilter": {},
      "Name": "MainMission4340115_04",
      "ID": 82
    },
    {
      "GroupGUID": "9a3a2e29-1a58-4224-b241-e7f365728515",
      "GroupPath": "Config/LevelOutput/Group/Groups_P10304_F10304001/LevelGroup_P10304_F10304001_G83.json",
      "DimensionFilter": {},
      "Name": "MainMission4340115_05",
      "ID": 83
    },
    {
      "GroupGUID": "82a41603-dac9-486c-8975-2ee9aeb7163f",
      "GroupPath": "Config/LevelOutput/Group/Groups_P10304_F10304001/LevelGroup_P10304_F10304001_G84.json",
      "DimensionFilter": {},
      "Name": "MainMission2030401_DreamPoem",
      "ID": 84,
      "IsDelete": true
    },
    {
      "GroupGUID": "d48b18da-308f-4706-938d-2cdf2a583291",
      "GroupPath": "Config/LevelOutput/Group/Groups_P10304_F10304001/LevelGroup_P10304_F10304001_G86.json",
      "DimensionFilter": {
        "FilterType": "All"
      },
      "Name": "Find",
      "ID": 86
    },
    {
      "GroupGUID": "362cd196-d544-45e9-b6ce-9d64d04f9d97",
      "GroupPath": "Config/LevelOutput/Group/Groups_P10304_F10304001/LevelGroup_P10304_F10304001_G87.json",
      "DimensionFilter": {},
      "Name": "MainMission4040337_FindMission",
      "ID": 87
    },
    {
      "GroupGUID": "14fd9f63-a491-4af8-b43b-a2bbd04425e5",
      "GroupPath": "Config/LevelOutput/Group/Groups_P10304_F10304001/LevelGroup_P10304_F10304001_G88.json",
      "DimensionFilter": {},
      "Name": "MainMission4040337_FindMission",
      "ID": 88
    },
    {
      "GroupGUID": "cf1701aa-4a5d-4100-b3b8-fc2f3047c1bf",
      "GroupPath": "Config/LevelOutput/Group/Groups_P10304_F10304001/LevelGroup_P10304_F10304001_G89.json",
      "DimensionFilter": {},
      "Name": "MainMission4040337_FindMission",
      "ID": 89
    },
    {
      "GroupGUID": "ebf59c88-2df9-49ca-93ad-b3e6b0a2734a",
      "GroupPath": "Config/LevelOutput/Group/Groups_P10304_F10304001/LevelGroup_P10304_F10304001_G90.json",
      "DimensionFilter": {},
      "Name": "MainMission4040337_FindMission",
      "ID": 90
    },
    {
      "GroupGUID": "5a5d5e2d-5f35-4b97-b2fe-4cf9707a1623",
      "GroupPath": "Config/LevelOutput/Group/Groups_P10304_F10304001/LevelGroup_P10304_F10304001_G91.json",
      "DimensionFilter": {},
      "Name": "MainMission4040337_FindMission",
      "ID": 91
    },
    {
      "GroupGUID": "b89c0701-64a0-446f-8613-1bd9377635ed",
      "GroupPath": "Config/LevelOutput/Group/Groups_P10304_F10304001/LevelGroup_P10304_F10304001_G92.json",
      "DimensionFilter": {},
      "Name": "MainMission4040337_FindMission",
      "ID": 92
    },
    {
      "GroupGUID": "ecf9be42-996e-4f67-84dd-f7f86ce4dd7a",
      "GroupPath": "Config/LevelOutput/Group/Groups_P10304_F10304001/LevelGroup_P10304_F10304001_G93.json",
      "DimensionFilter": {},
      "Name": "MainMission4040337_FindMission",
      "ID": 93
    },
    {
      "GroupGUID": "8fa197a9-d8df-4aaa-a53d-597954349b5d",
      "GroupPath": "Config/LevelOutput/Group/Groups_P10304_F10304001/LevelGroup_P10304_F10304001_G94.json",
      "DimensionFilter": {
        "FilterType": "All"
      },
      "Name": "Tpl_MainMission4340163_Temp1",
      "ID": 94
    },
    {
      "GroupGUID": "a97277ef-9c0f-4eb3-9cad-0b61aca95a1d",
      "GroupPath": "Config/LevelOutput/Group/Groups_P10304_F10304001/LevelGroup_P10304_F10304001_G95.json",
      "DimensionFilter": {
        "FilterType": "All"
      },
      "Name": "Tpl_MainMission4340164_TrashBin",
      "ID": 95
    },
    {
      "GroupGUID": "2b4a1ee4-0b0c-45e6-9c19-a21a83b2d4f6",
      "GroupPath": "Config/LevelOutput/Group/Groups_P10304_F10304001/LevelGroup_P10304_F10304001_G96.json",
      "DimensionFilter": {
        "FilterType": "All"
      },
      "Name": "Sound",
      "ID": 96
    },
    {
      "GroupGUID": "42a177a4-96b8-45ad-b647-2377e6eb2f11",
      "GroupPath": "Config/LevelOutput/Group/Groups_P10304_F10304001/LevelGroup_P10304_F10304001_G97.json",
      "DimensionFilter": {
        "FilterType": "All"
      },
      "Name": "Crowd",
      "ID": 97
    },
    {
      "GroupGUID": "1ae2aec9-2c35-4b43-abb6-8009a8e8cbc0",
      "GroupPath": "Config/LevelOutput/Group/Groups_P10304_F10304001/LevelGroup_P10304_F10304001_G98.json",
      "DimensionFilter": {
        "FilterType": "All"
      },
      "Name": "Crowd",
      "ID": 98
    },
    {
      "GroupGUID": "36e812d5-e30b-4dcd-bbed-eeca61678f32",
      "GroupPath": "Config/LevelOutput/Group/Groups_P10304_F10304001/LevelGroup_P10304_F10304001_G99.json",
      "DimensionFilter": {
        "FilterType": "All"
      },
      "Name": "Crowd",
      "ID": 99
    },
    {
      "GroupGUID": "dd0e0323-15b3-4936-a7d6-7bd4d6b23a85",
      "GroupPath": "Config/LevelOutput/Group/Groups_P10304_F10304001/LevelGroup_P10304_F10304001_G100.json",
      "DimensionFilter": {},
      "Name": "MainMission4340116_01",
      "ID": 100
    },
    {
      "GroupGUID": "5eff9349-d8c3-438c-a97e-a187ab4565d4",
      "GroupPath": "Config/LevelOutput/Group/Groups_P10304_F10304001/LevelGroup_P10304_F10304001_G101.json",
      "DimensionFilter": {},
      "Name": "MainMission4340116_02",
      "ID": 101
    },
    {
      "GroupGUID": "a603c23c-b947-4063-a8e8-afe00235d76e",
      "GroupPath": "Config/LevelOutput/Group/Groups_P10304_F10304001/LevelGroup_P10304_F10304001_G102.json",
      "DimensionFilter": {},
      "Name": "MainMission4340116_03",
      "ID": 102
    },
    {
      "GroupGUID": "9414a619-baf6-42ce-bb18-db99a666200b",
      "GroupPath": "Config/LevelOutput/Group/Groups_P10304_F10304001/LevelGroup_P10304_F10304001_G103.json",
      "DimensionFilter": {},
      "Name": "MainMission4340116_04",
      "ID": 103
    },
    {
      "GroupGUID": "e1edd6f9-7417-4e47-916f-9906c0231d7d",
      "GroupPath": "Config/LevelOutput/Group/Groups_P10304_F10304001/LevelGroup_P10304_F10304001_G104.json",
      "DimensionFilter": {},
      "Name": "MainMission4340116_05",
      "ID": 104
    },
    {
      "GroupGUID": "96f74386-4892-48e6-95f7-c31f814d8095",
      "GroupPath": "Config/LevelOutput/Group/Groups_P10304_F10304001/LevelGroup_P10304_F10304001_G105.json",
      "DimensionFilter": {},
      "Name": "MainMission4340116_06",
      "ID": 105
    },
    {
      "GroupGUID": "ec281935-58a5-4d0b-b7c5-ccec12d646bf",
      "GroupPath": "Config/LevelOutput/Group/Groups_P10304_F10304001/LevelGroup_P10304_F10304001_G107.json",
      "DimensionFilter": {
        "FilterType": "All"
      },
      "Name": "NPC",
      "ID": 107
    },
    {
      "GroupGUID": "93501abd-9b4d-45e7-8214-348b331e432a",
      "GroupPath": "Config/LevelOutput/Group/Groups_P10304_F10304001/LevelGroup_P10304_F10304001_G108.json",
      "DimensionFilter": {},
      "Name": "MainMission4340116_07",
      "ID": 108
    },
    {
      "GroupGUID": "b0962ee1-293d-40eb-9086-a6f8acde3b6a",
      "GroupPath": "Config/LevelOutput/Group/Groups_P10304_F10304001/LevelGroup_P10304_F10304001_G109.json",
      "DimensionFilter": {},
      "Name": "MainMission4040311_Dog",
      "ID": 109
    },
    {
      "GroupGUID": "2e6fc828-8cf1-43ed-9075-e92a0f21c86e",
      "GroupPath": "Config/LevelOutput/Group/Groups_P10304_F10304001/LevelGroup_P10304_F10304001_G110.json",
      "DimensionFilter": {
        "FilterType": "All"
      },
      "Name": "ST",
      "ID": 110
    },
    {
      "GroupGUID": "9f59e775-196d-41c4-b90b-78577a67df69",
      "GroupPath": "Config/LevelOutput/Group/Groups_P10304_F10304001/LevelGroup_P10304_F10304001_G111.json",
      "DimensionFilter": {},
      "Name": "MainMission4040338_Find",
      "ID": 111
    },
    {
      "GroupGUID": "c238acd2-7ee5-4638-bc39-c6cca084f45f",
      "GroupPath": "Config/LevelOutput/Group/Groups_P10304_F10304001/LevelGroup_P10304_F10304001_G112.json",
      "DimensionFilter": {},
      "Name": "MainMission4040338_Find",
      "ID": 112
    },
    {
      "GroupGUID": "bb271888-7c80-44ad-ba2a-3bf5b9ad52ce",
      "GroupPath": "Config/LevelOutput/Group/Groups_P10304_F10304001/LevelGroup_P10304_F10304001_G113.json",
      "DimensionFilter": {},
      "Name": "MainMission4040338_Find",
      "ID": 113
    },
    {
      "GroupGUID": "fbad4a96-d239-45c4-9fb9-f8f415c57d6a",
      "GroupPath": "Config/LevelOutput/Group/Groups_P10304_F10304001/LevelGroup_P10304_F10304001_G114.json",
      "DimensionFilter": {},
      "Name": "MainMission4040340_Sub1",
      "ID": 114
    },
    {
      "GroupGUID": "15ea3383-955f-4e5c-9d49-8d010edaada4",
      "GroupPath": "Config/LevelOutput/Group/Groups_P10304_F10304001/LevelGroup_P10304_F10304001_G115.json",
      "DimensionFilter": {},
      "Name": "MainMission4040340_Sub2",
      "ID": 115
    },
    {
      "GroupGUID": "c696a5ba-beb4-4856-956b-a3b73810aa0e",
      "GroupPath": "Config/LevelOutput/Group/Groups_P10304_F10304001/LevelGroup_P10304_F10304001_G116.json",
      "DimensionFilter": {
        "FilterType": "All"
      },
      "Name": "NPC",
      "ID": 116
    },
    {
      "GroupGUID": "1516070d-a650-48e9-8797-be1f56a77bc1",
      "GroupPath": "Config/LevelOutput/Group/Groups_P10304_F10304001/LevelGroup_P10304_F10304001_G117.json",
      "DimensionFilter": {
        "FilterType": "All"
      },
      "Name": "NPC",
      "ID": 117
    },
    {
      "GroupGUID": "05450cea-da8a-4216-94dd-32fd138379c2",
      "GroupPath": "Config/LevelOutput/Group/Groups_P10304_F10304001/LevelGroup_P10304_F10304001_G118.json",
      "DimensionFilter": {
        "FilterType": "All"
      },
      "Name": "NPC",
      "ID": 118
    },
    {
      "GroupGUID": "f0656aa8-1b4e-4000-b145-ab1399ffaa94",
      "GroupPath": "Config/LevelOutput/Group/Groups_P10304_F10304001/LevelGroup_P10304_F10304001_G119.json",
      "DimensionFilter": {
        "FilterType": "All"
      },
      "Name": "NPC",
      "ID": 119
    },
    {
      "GroupGUID": "4e7f38f6-7e6e-4be6-9a66-7ea5b97ba817",
      "GroupPath": "Config/LevelOutput/Group/Groups_P10304_F10304001/LevelGroup_P10304_F10304001_G120.json",
      "DimensionFilter": {
        "FilterType": "All"
      },
      "Name": "NPC",
      "ID": 120
    },
    {
      "GroupGUID": "5cf97de3-f8db-4c65-b307-f122156d3eef",
      "GroupPath": "Config/LevelOutput/Group/Groups_P10304_F10304001/LevelGroup_P10304_F10304001_G121.json",
      "DimensionFilter": {
        "FilterType": "All"
      },
      "Name": "NPC",
      "ID": 121
    },
    {
      "GroupGUID": "b14a0a61-764e-42cc-93b8-f284294d2d56",
      "GroupPath": "Config/LevelOutput/Group/Groups_P10304_F10304001/LevelGroup_P10304_F10304001_G122.json",
      "DimensionFilter": {
        "FilterType": "All"
      },
      "Name": "NPC",
      "ID": 122
    },
    {
      "GroupGUID": "e72346b0-27d3-465e-ab35-59cea00c19ba",
      "GroupPath": "Config/LevelOutput/Group/Groups_P10304_F10304001/LevelGroup_P10304_F10304001_G123.json",
      "DimensionFilter": {
        "FilterType": "All"
      },
      "Name": "NPC",
      "ID": 123
    },
    {
      "GroupGUID": "924a3dce-b341-4cb2-a64e-4fad3ac04e99",
      "GroupPath": "Config/LevelOutput/Group/Groups_P10304_F10304001/LevelGroup_P10304_F10304001_G124.json",
      "DimensionFilter": {
        "FilterType": "All"
      },
      "Name": "NPC",
      "ID": 124
    },
    {
      "GroupGUID": "219fd062-447a-4278-b775-9a2f560fb6a2",
      "GroupPath": "Config/LevelOutput/Group/Groups_P10304_F10304001/LevelGroup_P10304_F10304001_G125.json",
      "DimensionFilter": {
        "FilterType": "All"
      },
      "Name": "NPC",
      "ID": 125
    },
    {
      "GroupGUID": "40e7c260-07f9-4388-8e33-969387804801",
      "GroupPath": "Config/LevelOutput/Group/Groups_P10304_F10304001/LevelGroup_P10304_F10304001_G126.json",
      "DimensionFilter": {
        "FilterType": "All"
      },
      "Name": "NPC",
      "ID": 126
    },
    {
      "GroupGUID": "dd09ce2d-4565-466e-87b6-3618be1fbe2a",
      "GroupPath": "Config/LevelOutput/Group/Groups_P10304_F10304001/LevelGroup_P10304_F10304001_G127.json",
      "DimensionFilter": {
        "FilterType": "All"
      },
      "Name": "NPC",
      "ID": 127
    },
    {
      "GroupGUID": "9763b8ce-7198-4a15-93d3-94337d925b7e",
      "GroupPath": "Config/LevelOutput/Group/Groups_P10304_F10304001/LevelGroup_P10304_F10304001_G128.json",
      "DimensionFilter": {
        "FilterType": "All"
      },
      "Name": "NPC",
      "ID": 128
    },
    {
      "GroupGUID": "742a72b6-1b26-460f-9fc6-41d84341f018",
      "GroupPath": "Config/LevelOutput/Group/Groups_P10304_F10304001/LevelGroup_P10304_F10304001_G129.json",
      "DimensionFilter": {
        "FilterType": "All"
      },
      "Name": "NPC",
      "ID": 129
    },
    {
      "GroupGUID": "48c01925-a9c6-4f7a-af36-5fd2d8dbf232",
      "GroupPath": "Config/LevelOutput/Group/Groups_P10304_F10304001/LevelGroup_P10304_F10304001_G130.json",
      "DimensionFilter": {
        "FilterType": "All"
      },
      "Name": "NPC",
      "ID": 130
    },
    {
      "GroupGUID": "1009f588-2ab5-495b-9e0f-2efb4c72238f",
      "GroupPath": "Config/LevelOutput/Group/Groups_P10304_F10304001/LevelGroup_P10304_F10304001_G131.json",
      "DimensionFilter": {
        "FilterType": "All"
      },
      "Name": "DefaultDistructable",
      "ID": 131
    },
    {
      "GroupGUID": "2f420c83-a792-48f3-a53c-b9f29f063874",
      "GroupPath": "Config/LevelOutput/Group/Groups_P10304_F10304001/LevelGroup_P10304_F10304001_G132.json",
      "DimensionFilter": {
        "FilterType": "All"
      },
      "Name": "DefaultDistructable",
      "ID": 132
    },
    {
      "GroupGUID": "fb5acd04-ff05-4208-99fe-cb10b656da01",
      "GroupPath": "Config/LevelOutput/Group/Groups_P10304_F10304001/LevelGroup_P10304_F10304001_G133.json",
      "DimensionFilter": {
        "FilterType": "All"
      },
      "Name": "Default_Chest",
      "ID": 133
    },
    {
      "GroupGUID": "4396bc99-f74f-4e33-b34a-a61de67ca09a",
      "GroupPath": "Config/LevelOutput/Group/Groups_P10304_F10304001/LevelGroup_P10304_F10304001_G134.json",
      "DimensionFilter": {
        "FilterType": "All"
      },
      "Name": "sound-reverb",
      "ID": 134
    },
    {
      "GroupGUID": "aa9cde52-1617-447d-adbb-9ad6b2fadd43",
      "GroupPath": "Config/LevelOutput/Group/Groups_P10304_F10304001/LevelGroup_P10304_F10304001_G138.json",
      "DimensionFilter": {},
      "Name": "Book",
      "ID": 138
    },
    {
      "GroupGUID": "8e3a174c-ab53-4d61-a969-37fb2b42c6a4",
      "GroupPath": "Config/LevelOutput/Group/Groups_P10304_F10304001/LevelGroup_P10304_F10304001_G142.json",
      "DimensionFilter": {
        "FilterType": "All"
      },
      "Name": "BGM",
      "ID": 142
    },
    {
      "GroupGUID": "dc90d451-f7c4-48e3-9b9f-ac96034cbffb",
      "GroupPath": "Config/LevelOutput/Group/Groups_P10304_F10304001/LevelGroup_P10304_F10304001_G148.json",
      "DimensionFilter": {},
      "Name": "MainMission4540502_GD",
      "ID": 148
    },
    {
      "GroupGUID": "bd063c34-0e27-4952-9e15-8b9f917c2541",
      "GroupPath": "Config/LevelOutput/Group/Groups_P10304_F10304001/LevelGroup_P10304_F10304001_G149.json",
      "DimensionFilter": {},
      "Name": "MainMission4540502_GD",
      "ID": 149
    }
  ],
  "DefaultEnviroProfile": "Stages/Outputs/Chapter03/EnviroProfile/Chap03_CloseView_ADV_MAZ_P03_Night.enviroProfile.asset",
  "StageData": "Stages/Outputs/Chapter03/Stages/Chap03_ADV_P03_ExileColony_StageData/Chap03_ADV_P03_ExileColony_StageData.stage",
  "TimeOfDayEnviroProfileMap": {},
  "LayerToAreaMask": [
    8,
    16
  ],
  "FloorCustomData": {
    "SavedValues": [
      {
        "ID": 2,
        "Name": "BuildingState",
        "AllowedValues": [
          0,
          1
        ],
        "MaxValue": 1
      },
      {
        "ID": 3,
        "Name": "Hat",
        "AllowedValues": [
          0,
          1
        ],
        "MaxValue": 1
      },
      {
        "ID": 4,
        "Name": "Entrance",
        "AllowedValues": [
          0,
          1
        ],
        "MaxValue": 1
      }
    ],
    "ConstValues": [
      {
        "$type": "RPG.GameCore.FloorTargetAgentConfig",
        "AgentType": "Prop",
        "GroupID": 11,
        "InstanceID": 300001,
        "ID": 1,
        "Name": "Lift1"
      },
      {
        "$type": "RPG.GameCore.FloorTargetAgentConfig",
        "AgentType": "Prop",
        "GroupID": 11,
        "InstanceID": 300002,
        "ID": 2,
        "Name": "Lift2"
      }
    ]
  },
  "BattleAreaList": [],
  "DimensionList": [
    {}
  ],
  "CameraPrefabPath": "Level/Maze/Chapter02/Chap03_ADV_P03_LevelArea.prefab",
  "LevelFeatureModules": [
    "HeartDial"
  ],
  "NavmapConfigPath": "Config/LevelOutput/Map/MapInfo_P10304_F10304001.json",
  "RegionConfigPath": "Config/LevelOutput/Region/FloorRegion_P10304_F10304001.json",
  "IsRestartLevelGraph": false
}