{
  "FloorID": 20003001,
  "FloorName": "FloorName_20003001",
  "StartGroupID": 2,
  "StartAnchorID": 1,
  "GroupList": [
    {
      "GroupGUID": "ef0a802a-54fb-4012-b733-b2528b415238",
      "GroupPath": "Config/LevelOutput/Group/Groups_P20003_F20003001/LevelGroup_P20003_F20003001_G2.json",
      "Name": "Default Group",
      "ID": 2
    },
    {
      "GroupGUID": "4903c40e-e276-47ce-9994-7c3fb9de9cc4",
      "GroupPath": "Config/LevelOutput/Group/Groups_P20003_F20003001/LevelGroup_P20003_F20003001_G104.json",
      "Name": "Exit",
      "ID": 104
    },
    {
      "GroupGUID": "1b9a39a2-0879-4395-9e1b-4935b31c6e9a",
      "GroupPath": "Config/LevelOutput/Group/Groups_P20003_F20003001/LevelGroup_P20003_F20003001_G18.json",
      "Name": "DefaultTreasure",
      "ID": 18
    },
    {
      "GroupGUID": "ace59c42-b00b-4982-af10-2c08010a3a7a",
      "GroupPath": "Config/LevelOutput/Group/Groups_P20003_F20003001/LevelGroup_P20003_F20003001_G4.json",
      "Name": "FlipBridgeController",
      "ID": 4
    },
    {
      "GroupGUID": "9553902a-07ee-41c2-980e-4a6d09a9dc95",
      "GroupPath": "Config/LevelOutput/Group/Groups_P20003_F20003001/LevelGroup_P20003_F20003001_G28.json",
      "Name": "FlipBridge",
      "ID": 28
    },
    {
      "GroupGUID": "632eaa8a-7591-4915-a45e-d2c8f4a3f191",
      "GroupPath": "Config/LevelOutput/Group/Groups_P20003_F20003001/LevelGroup_P20003_F20003001_G1.json",
      "Name": "Door",
      "ID": 1
    },
    {
      "GroupGUID": "c565ec81-7d79-48ce-b938-a59d211e6315",
      "GroupPath": "Config/LevelOutput/Group/Groups_P20003_F20003001/LevelGroup_P20003_F20003001_G3.json",
      "Name": "DefaultDestriable",
      "ID": 3
    },
    {
      "GroupGUID": "33c0723c-cacb-4135-82f6-5601101b4b91",
      "GroupPath": "Config/LevelOutput/Group/Groups_P20003_F20003001/LevelGroup_P20003_F20003001_G16.json",
      "Name": "Investigative",
      "ID": 16
    },
    {
      "GroupGUID": "3615bb05-d8ec-4969-a4ec-2e03849abfa9",
      "GroupPath": "Config/LevelOutput/Group/Groups_P20003_F20003001/LevelGroup_P20003_F20003001_G106.json",
      "Name": "Investigative",
      "ID": 106
    },
    {
      "GroupGUID": "61bd1ede-01e6-4c36-b3ac-e1b211acd68b",
      "GroupPath": "Config/LevelOutput/Group/Groups_P20003_F20003001/LevelGroup_P20003_F20003001_G53.json",
      "Name": "Books",
      "ID": 53
    },
    {
      "GroupGUID": "4b59dc15-dff8-4076-8d74-16a1f58e3c3d",
      "GroupPath": "Config/LevelOutput/Group/Groups_P20003_F20003001/LevelGroup_P20003_F20003001_G30.json",
      "Name": "DefaultDestriableHP",
      "ID": 30
    },
    {
      "GroupGUID": "930c9e90-13ee-4224-a7a1-c760cddb07b6",
      "GroupPath": "Config/LevelOutput/Group/Groups_P20003_F20003001/LevelGroup_P20003_F20003001_G5.json",
      "Name": "Monster_Main_01",
      "ID": 5
    },
    {
      "GroupGUID": "0c81c8f5-756a-40b3-9a2e-b9ad3f790847",
      "GroupPath": "Config/LevelOutput/Group/Groups_P20003_F20003001/LevelGroup_P20003_F20003001_G25.json",
      "Name": "DefaultMonster",
      "ID": 25
    },
    {
      "GroupGUID": "7180dbd6-75be-48f5-8969-df9d86eb3aae",
      "GroupPath": "Config/LevelOutput/Group/Groups_P20003_F20003001/LevelGroup_P20003_F20003001_G34.json",
      "Name": "WeeklyRaid",
      "ID": 34
    },
    {
      "GroupGUID": "6a95dda6-917b-4d32-9397-f622aece2cac",
      "GroupPath": "Config/LevelOutput/Group/Groups_P20003_F20003001/LevelGroup_P20003_F20003001_G7.json",
      "Name": "DefaultCocoon02",
      "ID": 7
    },
    {
      "GroupGUID": "0d4305a2-0579-43b1-bac0-474b368b00fd",
      "GroupPath": "Config/LevelOutput/Group/Groups_P20003_F20003001/LevelGroup_P20003_F20003001_G10.json",
      "Name": "MissionMain",
      "ID": 10
    },
    {
      "GroupGUID": "e042f649-c14c-4a62-ae87-2c83ab58e8c2",
      "GroupPath": "Config/LevelOutput/Group/Groups_P20003_F20003001/LevelGroup_P20003_F20003001_G15.json",
      "Name": "MainMission_0501",
      "ID": 15
    },
    {
      "GroupGUID": "ef9ad94c-0b19-4f74-a380-de768814267d",
      "GroupPath": "Config/LevelOutput/Group/Groups_P20003_F20003001/LevelGroup_P20003_F20003001_G11.json",
      "Name": "Nor_Npc",
      "ID": 11
    },
    {
      "GroupGUID": "9ef17a92-73de-4a60-91fb-772b1818d59e",
      "GroupPath": "Config/LevelOutput/Group/Groups_P20003_F20003001/LevelGroup_P20003_F20003001_G12.json",
      "Name": "SubMission",
      "ID": 12
    },
    {
      "GroupGUID": "4c276841-550c-4b1e-a1e7-fd17967786d2",
      "GroupPath": "Config/LevelOutput/Group/Groups_P20003_F20003001/LevelGroup_P20003_F20003001_G20.json",
      "Name": "DefaultChallenge",
      "ID": 20
    },
    {
      "GroupGUID": "1c29f9a6-ca0f-4b93-a349-1ceeb27786ba",
      "GroupPath": "Config/LevelOutput/Group/Groups_P20003_F20003001/LevelGroup_P20003_F20003001_G8.json",
      "Name": "Side Mission Obstacle",
      "ID": 8
    },
    {
      "GroupGUID": "49b14190-7aa8-419d-88fb-2bce146fbd91",
      "GroupPath": "Config/LevelOutput/Group/Groups_P20003_F20003001/LevelGroup_P20003_F20003001_G14.json",
      "Name": "SubMission2",
      "ID": 14
    },
    {
      "GroupGUID": "e2d929e5-1d6a-4d65-80c3-a392521731cc",
      "GroupPath": "Config/LevelOutput/Group/Groups_P20003_F20003001/LevelGroup_P20003_F20003001_G22.json",
      "Name": "SubMission2",
      "ID": 22
    },
    {
      "GroupGUID": "e5711114-2780-466c-a078-b6ba6e6143a0",
      "GroupPath": "Config/LevelOutput/Group/Groups_P20003_F20003001/LevelGroup_P20003_F20003001_G71.json",
      "Name": "NPCWTW",
      "ID": 71
    },
    {
      "GroupGUID": "2af6d2e6-056b-44eb-81a4-f705a1daad83",
      "GroupPath": "Config/LevelOutput/Group/Groups_P20003_F20003001/LevelGroup_P20003_F20003001_G17.json",
      "Name": "SubMission",
      "ID": 17
    },
    {
      "GroupGUID": "aec67b54-6dea-4b66-88cf-7e943b81fb4b",
      "GroupPath": "Config/LevelOutput/Group/Groups_P20003_F20003001/LevelGroup_P20003_F20003001_G24.json",
      "Name": "Elevator",
      "ID": 24
    },
    {
      "GroupGUID": "46dc331e-ad46-427c-aa58-e2ce89087957",
      "GroupPath": "Config/LevelOutput/Group/Groups_P20003_F20003001/LevelGroup_P20003_F20003001_G26.json",
      "Name": "SubMission_2000401",
      "ID": 26
    },
    {
      "GroupGUID": "7c88a947-4d14-4343-bfaa-79ed16ddfe89",
      "GroupPath": "Config/LevelOutput/Group/Groups_P20003_F20003001/LevelGroup_P20003_F20003001_G29.json",
      "Name": "Main1000501NPC",
      "ID": 29
    },
    {
      "GroupGUID": "453b0ec9-d750-4208-9135-874656f87b3b",
      "GroupPath": "Config/LevelOutput/Group/Groups_P20003_F20003001/LevelGroup_P20003_F20003001_G31.json",
      "Name": "Tutorial",
      "ID": 31
    },
    {
      "GroupGUID": "27f913c8-142a-4ea1-b553-771209147852",
      "GroupPath": "Config/LevelOutput/Group/Groups_P20003_F20003001/LevelGroup_P20003_F20003001_G33.json",
      "Name": "Monster_ChestMonster",
      "ID": 33
    },
    {
      "GroupGUID": "473c5f19-0ac6-4d42-9c6e-132f7349b3b3",
      "GroupPath": "Config/LevelOutput/Group/Groups_P20003_F20003001/LevelGroup_P20003_F20003001_G38.json",
      "Name": "Env_NPCs_1",
      "ID": 38
    },
    {
      "GroupGUID": "a4e666c8-879c-4dee-ad3f-33522be7ab68",
      "GroupPath": "Config/LevelOutput/Group/Groups_P20003_F20003001/LevelGroup_P20003_F20003001_G39.json",
      "Name": "Env_NPCs_2",
      "ID": 39
    },
    {
      "GroupGUID": "1a1a0885-5b62-459f-85d8-828071b1aac3",
      "GroupPath": "Config/LevelOutput/Group/Groups_P20003_F20003001/LevelGroup_P20003_F20003001_G40.json",
      "Name": "SubMission_PaperPlane",
      "ID": 40
    },
    {
      "GroupGUID": "fda24f25-2235-4ee5-8853-0a7f4ddde6ba",
      "GroupPath": "Config/LevelOutput/Group/Groups_P20003_F20003001/LevelGroup_P20003_F20003001_G32.json",
      "Name": "PadsPuzzle",
      "ID": 32
    },
    {
      "GroupGUID": "3794dcbe-0198-4524-b162-f63414b227b1",
      "GroupPath": "Config/LevelOutput/Group/Groups_P20003_F20003001/LevelGroup_P20003_F20003001_G41.json",
      "Name": "PadsPuzzle",
      "ID": 41
    },
    {
      "GroupGUID": "2d5662af-089c-4f8e-92ab-d9975c7028c5",
      "GroupPath": "Config/LevelOutput/Group/Groups_P20003_F20003001/LevelGroup_P20003_F20003001_G42.json",
      "Name": "PadsPuzzle",
      "ID": 42
    },
    {
      "GroupGUID": "bd070637-c9c6-40ec-afe3-7156c0bdbf86",
      "GroupPath": "Config/LevelOutput/Group/Groups_P20003_F20003001/LevelGroup_P20003_F20003001_G43.json",
      "Name": "PadsPuzzle",
      "ID": 43
    },
    {
      "GroupGUID": "2d4f0848-6a51-4ec4-a41d-8f4e75e49228",
      "GroupPath": "Config/LevelOutput/Group/Groups_P20003_F20003001/LevelGroup_P20003_F20003001_G21.json",
      "Name": "Sound",
      "ID": 21
    },
    {
      "GroupGUID": "93d94e61-204f-4d20-8766-566a04c6478b",
      "GroupPath": "Config/LevelOutput/Group/Groups_P20003_F20003001/LevelGroup_P20003_F20003001_G46.json",
      "Name": "Sub2000112",
      "ID": 46
    },
    {
      "GroupGUID": "e166ac20-0099-42c8-b552-52871b7bf6d1",
      "GroupPath": "Config/LevelOutput/Group/Groups_P20003_F20003001/LevelGroup_P20003_F20003001_G49.json",
      "Name": "SubFX",
      "ID": 49
    },
    {
      "GroupGUID": "c6978afe-a7fd-48c3-8e49-d5dbf7c15daf",
      "GroupPath": "Config/LevelOutput/Group/Groups_P20003_F20003001/LevelGroup_P20003_F20003001_G50.json",
      "Name": "Sub2000112_Monster",
      "ID": 50
    },
    {
      "GroupGUID": "c19a01ab-128e-4d17-ad78-900b02ecfd03",
      "GroupPath": "Config/LevelOutput/Group/Groups_P20003_F20003001/LevelGroup_P20003_F20003001_G117.json",
      "Name": "Books",
      "ID": 117
    },
    {
      "GroupGUID": "eb9bb2b1-6490-4c88-85ff-f5a289c0c703",
      "GroupPath": "Config/LevelOutput/Group/Groups_P20003_F20003001/LevelGroup_P20003_F20003001_G70.json",
      "Name": "NPC_ADL",
      "ID": 70
    },
    {
      "GroupGUID": "4988b7b6-b982-4e0d-9dc4-7d4476e259c6",
      "GroupPath": "Config/LevelOutput/Group/Groups_P20003_F20003001/LevelGroup_P20003_F20003001_G98.json",
      "Name": "NPC_ADL",
      "ID": 98
    },
    {
      "GroupGUID": "b1cb8df9-e8db-466f-beaa-0d0cb5a520fe",
      "GroupPath": "Config/LevelOutput/Group/Groups_P20003_F20003001/LevelGroup_P20003_F20003001_G74.json",
      "Name": "StarTrain",
      "ID": 74
    },
    {
      "GroupGUID": "65364b36-974e-41eb-8f17-ce16af005856",
      "GroupPath": "Config/LevelOutput/Group/Groups_P20003_F20003001/LevelGroup_P20003_F20003001_G81.json",
      "Name": "SimpleMission",
      "ID": 81
    },
    {
      "GroupGUID": "51f44651-cbc0-449e-8fb4-2a8f54c7582d",
      "GroupPath": "Config/LevelOutput/Group/Groups_P20003_F20003001/LevelGroup_P20003_F20003001_G82.json",
      "Name": "SimpleMisison",
      "ID": 82
    },
    {
      "GroupGUID": "7b44380d-1f9d-41a5-9a8f-63653b3456c5",
      "GroupPath": "Config/LevelOutput/Group/Groups_P20003_F20003001/LevelGroup_P20003_F20003001_G83.json",
      "Name": "SimpleMission",
      "ID": 83
    },
    {
      "GroupGUID": "9fc0f152-6f57-402e-b153-394e13c1d8e4",
      "GroupPath": "Config/LevelOutput/Group/Groups_P20003_F20003001/LevelGroup_P20003_F20003001_G84.json",
      "Name": "SimpleMission",
      "ID": 84
    },
    {
      "GroupGUID": "4680a811-80fe-456f-8286-5fc32db1d904",
      "GroupPath": "Config/LevelOutput/Group/Groups_P20003_F20003001/LevelGroup_P20003_F20003001_G85.json",
      "Name": "SimpleMission",
      "ID": 85
    },
    {
      "GroupGUID": "57bce7c6-b99e-44dc-b665-8662221cadd0",
      "GroupPath": "Config/LevelOutput/Group/Groups_P20003_F20003001/LevelGroup_P20003_F20003001_G86.json",
      "Name": "SimpleMission",
      "ID": 86
    },
    {
      "GroupGUID": "271525e3-09e5-432d-8689-8aae1d85ee0f",
      "GroupPath": "Config/LevelOutput/Group/Groups_P20003_F20003001/LevelGroup_P20003_F20003001_G87.json",
      "Name": "Sub_Alan",
      "ID": 87
    },
    {
      "GroupGUID": "9c4d1d5a-7667-47cd-a60f-246a37d1a044",
      "GroupPath": "Config/LevelOutput/Group/Groups_P20003_F20003001/LevelGroup_P20003_F20003001_G89.json",
      "Name": "SubAH",
      "ID": 89
    },
    {
      "GroupGUID": "c69a4ba8-21b0-47f5-a644-1dd89a6b8fb1",
      "GroupPath": "Config/LevelOutput/Group/Groups_P20003_F20003001/LevelGroup_P20003_F20003001_G90.json",
      "Name": "SubAh2",
      "ID": 90
    },
    {
      "GroupGUID": "3fad905f-2ed4-4345-a38a-7a4ae9c192d1",
      "GroupPath": "Config/LevelOutput/Group/Groups_P20003_F20003001/LevelGroup_P20003_F20003001_G91.json",
      "Name": "SubAh",
      "ID": 91
    },
    {
      "GroupGUID": "1c6571d5-9334-45df-93db-4acfe9bfe824",
      "GroupPath": "Config/LevelOutput/Group/Groups_P20003_F20003001/LevelGroup_P20003_F20003001_G92.json",
      "Name": "DailyMission",
      "ID": 92
    },
    {
      "GroupGUID": "9494aac2-5faa-4ef2-ad38-2e9344c207ae",
      "GroupPath": "Config/LevelOutput/Group/Groups_P20003_F20003001/LevelGroup_P20003_F20003001_G93.json",
      "Name": "DailyMission",
      "ID": 93
    },
    {
      "GroupGUID": "9588c989-7548-408c-8752-346d21bd96da",
      "GroupPath": "Config/LevelOutput/Group/Groups_P20003_F20003001/LevelGroup_P20003_F20003001_G94.json",
      "Name": "DailyMission",
      "ID": 94
    },
    {
      "GroupGUID": "c3f2fac6-a74e-410d-8b43-93c467eff5f5",
      "GroupPath": "Config/LevelOutput/Group/Groups_P20003_F20003001/LevelGroup_P20003_F20003001_G95.json",
      "Name": "DailyMission",
      "ID": 95
    },
    {
      "GroupGUID": "4422ccbb-f555-40fe-8092-c683233cd19e",
      "GroupPath": "Config/LevelOutput/Group/Groups_P20003_F20003001/LevelGroup_P20003_F20003001_G96.json",
      "Name": "DailyMission",
      "ID": 96
    },
    {
      "GroupGUID": "0d0df605-a2eb-461b-b4d9-47bf66b663c1",
      "GroupPath": "Config/LevelOutput/Group/Groups_P20003_F20003001/LevelGroup_P20003_F20003001_G100.json",
      "Name": "NPC",
      "ID": 100
    },
    {
      "GroupGUID": "06704546-87ad-4eb1-831f-f750257a0a0c",
      "GroupPath": "Config/LevelOutput/Group/Groups_P20003_F20003001/LevelGroup_P20003_F20003001_G101.json",
      "Name": "NPC",
      "ID": 101
    },
    {
      "GroupGUID": "ced66f8d-86a0-4676-8a6f-f7d4c61128bf",
      "GroupPath": "Config/LevelOutput/Group/Groups_P20003_F20003001/LevelGroup_P20003_F20003001_G99.json",
      "Name": "Crowd",
      "ID": 99
    },
    {
      "GroupGUID": "9857589a-32aa-417c-8c62-86e7495ae753",
      "GroupPath": "Config/LevelOutput/Group/Groups_P20003_F20003001/LevelGroup_P20003_F20003001_G102.json",
      "Name": "New Group",
      "ID": 102
    },
    {
      "GroupGUID": "081633c1-fb10-47b7-a001-8b58178ac765",
      "GroupPath": "Config/LevelOutput/Group/Groups_P20003_F20003001/LevelGroup_P20003_F20003001_G108.json",
      "Name": "Shelter Group",
      "ID": 108
    },
    {
      "GroupGUID": "ceefab60-b2de-4515-ac36-9409b3246970",
      "GroupPath": "Config/LevelOutput/Group/Groups_P20003_F20003001/LevelGroup_P20003_F20003001_G105.json",
      "Name": "Toilet",
      "ID": 105
    },
    {
      "GroupGUID": "a070f515-b3b4-423e-a9ab-14cebb6dc40a",
      "GroupPath": "Config/LevelOutput/Group/Groups_P20003_F20003001/LevelGroup_P20003_F20003001_G107.json",
      "Name": "MainMission3000802_",
      "ID": 107
    },
    {
      "GroupGUID": "130f67df-cfc7-4626-a54d-d9d9526ae189",
      "GroupPath": "Config/LevelOutput/Group/Groups_P20003_F20003001/LevelGroup_P20003_F20003001_G110.json",
      "Name": "Activity_SilverWolf_FindPicture",
      "ID": 110
    },
    {
      "GroupGUID": "7cf39afd-569d-4d02-a01c-8d3e4d752fc5",
      "GroupPath": "Config/LevelOutput/Group/Groups_P20003_F20003001/LevelGroup_P20003_F20003001_G111.json",
      "Name": "Memorybubble",
      "ID": 111
    },
    {
      "GroupGUID": "542e5389-a354-4c2d-a14d-81a5de66c035",
      "GroupPath": "Config/LevelOutput/Group/Groups_P20003_F20003001/LevelGroup_P20003_F20003001_G112.json",
      "Name": "SimpleMission_404001802",
      "ID": 112
    },
    {
      "GroupGUID": "334d1096-8129-4fa6-a00a-b123641aaca6",
      "GroupPath": "Config/LevelOutput/Group/Groups_P20003_F20003001/LevelGroup_P20003_F20003001_G113.json",
      "Name": "SimpleMission_4040018",
      "ID": 113
    },
    {
      "GroupGUID": "bb697ddb-46ef-4397-97cc-61015078a2ba",
      "GroupPath": "Config/LevelOutput/Group/Groups_P20003_F20003001/LevelGroup_P20003_F20003001_G114.json",
      "Name": "SimpleMission_4040017",
      "ID": 114
    },
    {
      "GroupGUID": "fef2e18a-8820-4ded-9856-3dabb4b33ca2",
      "GroupPath": "Config/LevelOutput/Group/Groups_P20003_F20003001/LevelGroup_P20003_F20003001_G115.json",
      "Name": "DailyEster_3",
      "ID": 115
    },
    {
      "GroupGUID": "ad39904b-7602-4b39-b478-cc041959ba0a",
      "GroupPath": "Config/LevelOutput/Group/Groups_P20003_F20003001/LevelGroup_P20003_F20003001_G116.json",
      "Name": "Toilet_Switch",
      "ID": 116
    },
    {
      "GroupGUID": "927e0441-e101-4b0e-8741-68868745f0dc",
      "GroupPath": "Config/LevelOutput/Group/Groups_P20003_F20003001/LevelGroup_P20003_F20003001_G118.json",
      "Name": "MainMission_RoadBlock",
      "ID": 118
    },
    {
      "GroupGUID": "5b1ab04d-0d9f-4ef7-a137-943b4662d3fb",
      "GroupPath": "Config/LevelOutput/Group/Groups_P20003_F20003001/LevelGroup_P20003_F20003001_G119.json",
      "Name": "MainMission2000132_",
      "ID": 119
    },
    {
      "GroupGUID": "cb16bd05-3b6f-4b67-9670-9f9e2f4f8708",
      "GroupPath": "Config/LevelOutput/Group/Groups_P20003_F20003001/LevelGroup_P20003_F20003001_G120.json",
      "Name": "MainMission3000303_",
      "ID": 120
    },
    {
      "GroupGUID": "cf7989c1-dd89-4ca8-8777-c04c3a584c24",
      "GroupPath": "Config/LevelOutput/Group/Groups_P20003_F20003001/LevelGroup_P20003_F20003001_G121.json",
      "Name": "MainMission3000303_",
      "ID": 121
    },
    {
      "GroupGUID": "40cf9156-3929-4995-b109-9f7a3f834c89",
      "GroupPath": "Config/LevelOutput/Group/Groups_P20003_F20003001/LevelGroup_P20003_F20003001_G122.json",
      "Name": "MainMission8014104_Mission",
      "ID": 122
    },
    {
      "GroupGUID": "63f95511-ce8a-4cea-8d97-11f2784e6400",
      "GroupPath": "Config/LevelOutput/Group/Groups_P20003_F20003001/LevelGroup_P20003_F20003001_G123.json",
      "Name": "MainMission_RoadBlock",
      "ID": 123
    },
    {
      "GroupGUID": "c1332596-611a-4a63-bee5-dd5a3fe6b424",
      "GroupPath": "Config/LevelOutput/Group/Groups_P20003_F20003001/LevelGroup_P20003_F20003001_G131.json",
      "Name": "MainMission8014121_LInkBattle_Before",
      "ID": 131
    },
    {
      "GroupGUID": "2267a0b6-dbaf-4839-a4a5-6484d2a55b96",
      "GroupPath": "Config/LevelOutput/Group/Groups_P20003_F20003001/LevelGroup_P20003_F20003001_G132.json",
      "Name": "MainMission8014121_LInkBattle_After",
      "ID": 132
    },
    {
      "GroupGUID": "2a479e41-4b9e-47df-be4f-b8aa42307ac2",
      "GroupPath": "Config/LevelOutput/Group/Groups_P20003_F20003001/LevelGroup_P20003_F20003001_G133.json",
      "Name": "MainMission8014130_LInkBattle_Before",
      "ID": 133
    },
    {
      "GroupGUID": "b3969cdb-03ef-452e-a213-46c569fec0fe",
      "GroupPath": "Config/LevelOutput/Group/Groups_P20003_F20003001/LevelGroup_P20003_F20003001_G135.json",
      "Name": "MainMission8014130_LInkBattle_After",
      "ID": 135
    },
    {
      "GroupGUID": "1e49f836-c278-40fa-91f3-3ac136d48de5",
      "GroupPath": "Config/LevelOutput/Group/Groups_P20003_F20003001/LevelGroup_P20003_F20003001_G129.json",
      "Name": "MainMission8002106_1",
      "ID": 129
    },
    {
      "GroupGUID": "c4f264c7-f021-4785-9a9a-4f8e164f8c8e",
      "GroupPath": "Config/LevelOutput/Group/Groups_P20003_F20003001/LevelGroup_P20003_F20003001_G130.json",
      "Name": "MainMission8002106_2",
      "ID": 130
    },
    {
      "GroupGUID": "89a20c56-e7e0-4bfb-a6ed-bfa4151ef7ab",
      "GroupPath": "Config/LevelOutput/Group/Groups_P20003_F20003001/LevelGroup_P20003_F20003001_G136.json",
      "Name": "NPC_Puman",
      "ID": 136
    },
    {
      "GroupGUID": "58cdc464-6850-45b0-8b4d-3374f31ee197",
      "GroupPath": "Config/LevelOutput/Group/Groups_P20003_F20003001/LevelGroup_P20003_F20003001_G138.json",
      "DimensionFilter": {},
      "Name": "MainMission2001001_06",
      "ID": 138
    },
    {
      "GroupGUID": "7cbaed25-7b9b-4a2d-a945-5529d69872d0",
      "GroupPath": "Config/LevelOutput/Group/Groups_P20003_F20003001/LevelGroup_P20003_F20003001_G139.json",
      "DimensionFilter": {},
      "Name": "MainMission2001001_04",
      "ID": 139
    },
    {
      "GroupGUID": "77753615-8c43-4eb3-9d47-72902d673ea7",
      "GroupPath": "Config/LevelOutput/Group/Groups_P20003_F20003001/LevelGroup_P20003_F20003001_G140.json",
      "DimensionFilter": {},
      "Name": "MainMission2001001_08",
      "ID": 140
    },
    {
      "GroupGUID": "07432164-c111-4c59-bd7c-aa5b02a5f0e0",
      "GroupPath": "Config/LevelOutput/Group/Groups_P20003_F20003001/LevelGroup_P20003_F20003001_G141.json",
      "DimensionFilter": {},
      "Name": "MainMission2001001_0802",
      "ID": 141
    },
    {
      "GroupGUID": "f9a4e2ec-6cd0-498b-a4c4-46f1c00eb6e6",
      "GroupPath": "Config/LevelOutput/Group/Groups_P20003_F20003001/LevelGroup_P20003_F20003001_G142.json",
      "DimensionFilter": {},
      "Name": "MainMission2000901_01",
      "ID": 142
    },
    {
      "GroupGUID": "cf6bc811-b391-4657-a2fb-d47c28d2c7e8",
      "GroupPath": "Config/LevelOutput/Group/Groups_P20003_F20003001/LevelGroup_P20003_F20003001_G143.json",
      "DimensionFilter": {},
      "Name": "MainMission2001001_39",
      "ID": 143
    },
    {
      "GroupGUID": "29bf89d9-5008-49a9-9adc-fcd89ce239ef",
      "GroupPath": "Config/LevelOutput/Group/Groups_P20003_F20003001/LevelGroup_P20003_F20003001_G144.json",
      "DimensionFilter": {},
      "Name": "MainMission2001001_10",
      "ID": 144
    },
    {
      "GroupGUID": "cd7e9290-0420-4069-b40c-3f11ed472d68",
      "GroupPath": "Config/LevelOutput/Group/Groups_P20003_F20003001/LevelGroup_P20003_F20003001_G146.json",
      "DimensionFilter": {},
      "Name": "MainMission8016301_02",
      "ID": 146
    },
    {
      "GroupGUID": "b55f5b7a-f52e-4477-8d02-22f8ebbab7b3",
      "GroupPath": "Config/LevelOutput/Group/Groups_P20003_F20003001/LevelGroup_P20003_F20003001_G148.json",
      "DimensionFilter": {},
      "Name": "MainMission2000901_02",
      "ID": 148
    },
    {
      "GroupGUID": "9fd792f9-3587-418f-9932-f6dad9367d41",
      "GroupPath": "Config/LevelOutput/Group/Groups_P20003_F20003001/LevelGroup_P20003_F20003001_G149.json",
      "DimensionFilter": {},
      "Name": "MainMission8021202_ActivityFeverTime",
      "ID": 149
    },
    {
      "GroupGUID": "4f51c8cc-b434-4d3d-864d-1620282b5e59",
      "GroupPath": "Config/LevelOutput/Group/Groups_P20003_F20003001/LevelGroup_P20003_F20003001_G150.json",
      "DimensionFilter": {},
      "Name": "MainMission8021203_ActivityFeverTime",
      "ID": 150
    },
    {
      "GroupGUID": "540c8a7b-12ec-4df6-9b44-0286840fbe2c",
      "GroupPath": "Config/LevelOutput/Group/Groups_P20003_F20003001/LevelGroup_P20003_F20003001_G151.json",
      "DimensionFilter": {},
      "Name": "MainMission8021201_Activity",
      "ID": 151
    }
  ],
  "DefaultEnviroProfile": "Stages/Outputs/Chapter00/EnviroProfile/Chap00_CloseView_MAZ_N301_01_Day.enviroProfile.asset",
  "StageData": "Stages/Outputs/Chapter00/Stages/Chap00_MAZ_N301_MainLine_01_StageData/Chap00_MAZ_N301_MainLine_01_StageData.stage",
  "CameraType": "Maze",
  "TimeOfDayEnviroProfileMap": {},
  "LayerToAreaMask": [
    8,
    16
  ],
  "FloorCustomData": {
    "SavedValues": [
      {
        "ID": 1,
        "Name": "pumanPlan1",
        "AllowedValues": [],
        "MaxValue": 1
      }
    ]
  },
  "BattleAreaList": [],
  "DimensionList": [
    {}
  ],
  "NavmapConfigPath": "Config/LevelOutput/Map/MapInfo_P20003_F20003001.json",
  "EnableGroupStreaming": false,
  "EnableGroupSpaceConflict": false,
  "IsRestartLevelGraph": false
}