{
  "FloorID": 20001001,
  "FloorName": "MazeText_Empty",
  "StartGroupID": 2,
  "StartAnchorID": 1,
  "GroupList": [
    {
      "GroupGUID": "d3846f82-9652-4470-9efe-7ccab55007f2",
      "GroupPath": "Config/LevelOutput/Group/Groups_P20001_F20001001/LevelGroup_P20001_F20001001_G2.json",
      "Name": "Born",
      "ID": 2
    },
    {
      "GroupGUID": "4a626a2a-df13-4008-b7e6-c409c89c5df4",
      "GroupPath": "Config/LevelOutput/Group/Groups_P20001_F20001001/LevelGroup_P20001_F20001001_G100.json",
      "Name": "Exit",
      "ID": 100
    },
    {
      "GroupGUID": "9e5130f8-2ea1-4ed1-8028-edc1e5853d28",
      "GroupPath": "Config/LevelOutput/Group/Groups_P20001_F20001001/LevelGroup_P20001_F20001001_G18.json",
      "Name": "Teleport",
      "ID": 18
    },
    {
      "GroupGUID": "fdcb4fcd-89f0-46d0-8333-ee73ecdd5b83",
      "GroupPath": "Config/LevelOutput/Group/Groups_P20001_F20001001/LevelGroup_P20001_F20001001_G5.json",
      "Name": "prop",
      "ID": 5
    },
    {
      "GroupGUID": "074a6cbd-c5a0-46c0-847b-a085b0952a0f",
      "GroupPath": "Config/LevelOutput/Group/Groups_P20001_F20001001/LevelGroup_P20001_F20001001_G44.json",
      "Name": "Books",
      "ID": 44
    },
    {
      "GroupGUID": "7449a000-9be4-49b6-a0c4-9fe1520bbe40",
      "GroupPath": "Config/LevelOutput/Group/Groups_P20001_F20001001/LevelGroup_P20001_F20001001_G21.json",
      "Name": "MainMissionMonster",
      "ID": 21
    },
    {
      "GroupGUID": "8588d916-a945-4de7-a409-5f066399382c",
      "GroupPath": "Config/LevelOutput/Group/Groups_P20001_F20001001/LevelGroup_P20001_F20001001_G9.json",
      "Name": "MainMissionMonster",
      "ID": 9
    },
    {
      "GroupGUID": "1d2bdb9d-fb7c-4806-abfb-37603443fe67",
      "GroupPath": "Config/LevelOutput/Group/Groups_P20001_F20001001/LevelGroup_P20001_F20001001_G7.json",
      "Name": "destructableItem",
      "ID": 7
    },
    {
      "GroupGUID": "417dc4a4-0c7d-4259-bb9a-c6a5a71b9132",
      "GroupPath": "Config/LevelOutput/Group/Groups_P20001_F20001001/LevelGroup_P20001_F20001001_G93.json",
      "Name": "FarmElement",
      "ID": 93
    },
    {
      "GroupGUID": "8e02107d-6a1a-41f1-b6d7-ffd8651dd409",
      "GroupPath": "Config/LevelOutput/Group/Groups_P20001_F20001001/LevelGroup_P20001_F20001001_G91.json",
      "Name": "MP Group",
      "ID": 91
    },
    {
      "GroupGUID": "0a60b55f-9bce-4f7b-a273-917e85843515",
      "GroupPath": "Config/LevelOutput/Group/Groups_P20001_F20001001/LevelGroup_P20001_F20001001_G1.json",
      "Name": "destructableItemHP",
      "ID": 1
    },
    {
      "GroupGUID": "a12f0609-a308-4de5-8a6c-411ff8d90573",
      "GroupPath": "Config/LevelOutput/Group/Groups_P20001_F20001001/LevelGroup_P20001_F20001001_G6.json",
      "Name": "DefaultTreasure",
      "ID": 6
    },
    {
      "GroupGUID": "d52ad7dc-f259-4d9b-a2b9-82c019b39b83",
      "GroupPath": "Config/LevelOutput/Group/Groups_P20001_F20001001/LevelGroup_P20001_F20001001_G27.json",
      "Name": "MainNPC",
      "ID": 27
    },
    {
      "GroupGUID": "8008a426-4655-4372-a507-84429d51a6f9",
      "GroupPath": "Config/LevelOutput/Group/Groups_P20001_F20001001/LevelGroup_P20001_F20001001_G29.json",
      "Name": "MissionPropClient1",
      "ID": 29
    },
    {
      "GroupGUID": "5c9f90b1-dc6e-49ed-af3b-f9cee9fd3d22",
      "GroupPath": "Config/LevelOutput/Group/Groups_P20001_F20001001/LevelGroup_P20001_F20001001_G30.json",
      "Name": "MissionPropClient2",
      "ID": 30
    },
    {
      "GroupGUID": "6f464b7b-dbdc-488a-98f2-f6092b2908e1",
      "GroupPath": "Config/LevelOutput/Group/Groups_P20001_F20001001/LevelGroup_P20001_F20001001_G50.json",
      "Name": "MainMissionPropClient",
      "ID": 50
    },
    {
      "GroupGUID": "335aa212-4a90-461b-87ff-5197c5a4752b",
      "GroupPath": "Config/LevelOutput/Group/Groups_P20001_F20001001/LevelGroup_P20001_F20001001_G14.json",
      "Name": "MissionPropClient",
      "ID": 14
    },
    {
      "GroupGUID": "cccc64d2-707a-4419-96f1-a4b3e3a66413",
      "GroupPath": "Config/LevelOutput/Group/Groups_P20001_F20001001/LevelGroup_P20001_F20001001_G36.json",
      "Name": "MainMissionTestProp",
      "ID": 36
    },
    {
      "GroupGUID": "72ac7e72-595a-47b3-a540-c026075498a4",
      "GroupPath": "Config/LevelOutput/Group/Groups_P20001_F20001001/LevelGroup_P20001_F20001001_G8.json",
      "Name": "MissionGroupClient1",
      "ID": 8
    },
    {
      "GroupGUID": "6f1adbdc-1ade-41e8-9cda-ac5c8ed955b3",
      "GroupPath": "Config/LevelOutput/Group/Groups_P20001_F20001001/LevelGroup_P20001_F20001001_G17.json",
      "Name": "MainMission1000101_",
      "ID": 17
    },
    {
      "GroupGUID": "84c3423a-9f0e-4f04-a54e-29844ca6b10b",
      "GroupPath": "Config/LevelOutput/Group/Groups_P20001_F20001001/LevelGroup_P20001_F20001001_G33.json",
      "Name": "MissionGroupClient3",
      "ID": 33
    },
    {
      "GroupGUID": "cb67d582-39c6-45c3-a4a9-3c09b9335eef",
      "GroupPath": "Config/LevelOutput/Group/Groups_P20001_F20001001/LevelGroup_P20001_F20001001_G24.json",
      "Name": "Default_ChallengeChest",
      "ID": 24
    },
    {
      "GroupGUID": "7f338017-c731-49a6-bb33-398f7d22e864",
      "GroupPath": "Config/LevelOutput/Group/Groups_P20001_F20001001/LevelGroup_P20001_F20001001_G11.json",
      "Name": "Default_ChallengeChest",
      "ID": 11
    },
    {
      "GroupGUID": "d651c1fc-71f9-409c-b375-aac63304939d",
      "GroupPath": "Config/LevelOutput/Group/Groups_P20001_F20001001/LevelGroup_P20001_F20001001_G12.json",
      "Name": "Toturial_N1",
      "ID": 12
    },
    {
      "GroupGUID": "19cdb3b6-687c-458c-a2d3-6fc790e9e884",
      "GroupPath": "Config/LevelOutput/Group/Groups_P20001_F20001001/LevelGroup_P20001_F20001001_G15.json",
      "Name": "SubMission_ 1",
      "ID": 15
    },
    {
      "GroupGUID": "4c58edaf-eed5-4027-ba76-1c5b3f631113",
      "GroupPath": "Config/LevelOutput/Group/Groups_P20001_F20001001/LevelGroup_P20001_F20001001_G19.json",
      "Name": "SubMission2",
      "ID": 19
    },
    {
      "GroupGUID": "b14181e7-6bff-4976-96b2-53a2e59f7aa3",
      "GroupPath": "Config/LevelOutput/Group/Groups_P20001_F20001001/LevelGroup_P20001_F20001001_G20.json",
      "Name": "MainMission2000102_",
      "ID": 20
    },
    {
      "GroupGUID": "6a5b1364-f0fd-433a-a42a-c84a38e9f74c",
      "GroupPath": "Config/LevelOutput/Group/Groups_P20001_F20001001/LevelGroup_P20001_F20001001_G23.json",
      "Name": "SubMission2",
      "ID": 23
    },
    {
      "GroupGUID": "44298b10-04ea-4f7c-a159-5e6c8233dbfb",
      "GroupPath": "Config/LevelOutput/Group/Groups_P20001_F20001001/LevelGroup_P20001_F20001001_G3.json",
      "Name": "Monster",
      "ID": 3
    },
    {
      "GroupGUID": "62f823c9-7a6d-46a6-b06f-740f6a93fdff",
      "GroupPath": "Config/LevelOutput/Group/Groups_P20001_F20001001/LevelGroup_P20001_F20001001_G28.json",
      "Name": "MonsterEscape",
      "ID": 28
    },
    {
      "GroupGUID": "d56bf0e0-438a-455b-949f-98a3603d9da2",
      "GroupPath": "Config/LevelOutput/Group/Groups_P20001_F20001001/LevelGroup_P20001_F20001001_G10.json",
      "Name": "Safe_NPC",
      "ID": 10
    },
    {
      "GroupGUID": "c54dcfa8-8329-4746-bd5d-5e8423585de2",
      "GroupPath": "Config/LevelOutput/Group/Groups_P20001_F20001001/LevelGroup_P20001_F20001001_G49.json",
      "Name": "NPC_Yblh",
      "ID": 49
    },
    {
      "GroupGUID": "2b4f38cb-2521-4ffd-9c28-e50306781709",
      "GroupPath": "Config/LevelOutput/Group/Groups_P20001_F20001001/LevelGroup_P20001_F20001001_G25.json",
      "Name": "SubMission2010707",
      "ID": 25
    },
    {
      "GroupGUID": "ee8816fb-a865-40d2-91c1-6753d4924c37",
      "GroupPath": "Config/LevelOutput/Group/Groups_P20001_F20001001/LevelGroup_P20001_F20001001_G13.json",
      "Name": "SubMissionStar",
      "ID": 13
    },
    {
      "GroupGUID": "1e3a4a7a-0f5a-4fbc-8da2-489f0ed1e6cb",
      "GroupPath": "Config/LevelOutput/Group/Groups_P20001_F20001001/LevelGroup_P20001_F20001001_G34.json",
      "Name": "Prop_Monitor",
      "ID": 34
    },
    {
      "GroupGUID": "4c696d0b-83e7-406f-8a37-9986c750880c",
      "GroupPath": "Config/LevelOutput/Group/Groups_P20001_F20001001/LevelGroup_P20001_F20001001_G22.json",
      "Name": "EnvNPCs",
      "ID": 22
    },
    {
      "GroupGUID": "4f8abf52-5941-4505-851a-8facab9d1b7b",
      "GroupPath": "Config/LevelOutput/Group/Groups_P20001_F20001001/LevelGroup_P20001_F20001001_G38.json",
      "Name": "EnvNPCs",
      "ID": 38
    },
    {
      "GroupGUID": "57d6ae8d-1a17-4408-a8db-a1a766d71735",
      "GroupPath": "Config/LevelOutput/Group/Groups_P20001_F20001001/LevelGroup_P20001_F20001001_G40.json",
      "Name": "Sound",
      "ID": 40
    },
    {
      "GroupGUID": "f35bb5c4-4833-4875-8e86-3eae558e8072",
      "GroupPath": "Config/LevelOutput/Group/Groups_P20001_F20001001/LevelGroup_P20001_F20001001_G41.json",
      "Name": "DailyMission",
      "ID": 41,
      "IsDelete": true
    },
    {
      "GroupGUID": "230eadbe-ff0b-4987-a5bb-6985078e555a",
      "GroupPath": "Config/LevelOutput/Group/Groups_P20001_F20001001/LevelGroup_P20001_F20001001_G45.json",
      "Name": "Sub2000106",
      "ID": 45
    },
    {
      "GroupGUID": "862dcc0e-ec5d-47b5-8729-e344891389fa",
      "GroupPath": "Config/LevelOutput/Group/Groups_P20001_F20001001/LevelGroup_P20001_F20001001_G46.json",
      "Name": "sub2000112",
      "ID": 46
    },
    {
      "GroupGUID": "6309e3f5-fc4a-477b-bb45-f9e2849357bd",
      "GroupPath": "Config/LevelOutput/Group/Groups_P20001_F20001001/LevelGroup_P20001_F20001001_G48.json",
      "Name": "sub3000101",
      "ID": 48
    },
    {
      "GroupGUID": "14f87263-a466-41bc-88ac-c775db87fc38",
      "GroupPath": "Config/LevelOutput/Group/Groups_P20001_F20001001/LevelGroup_P20001_F20001001_G51.json",
      "Name": "NPC_QA",
      "ID": 51
    },
    {
      "GroupGUID": "b1f52cef-fcc1-4d0c-b445-52bac29eccc9",
      "GroupPath": "Config/LevelOutput/Group/Groups_P20001_F20001001/LevelGroup_P20001_F20001001_G52.json",
      "Name": "MainMission_PropEff",
      "ID": 52
    },
    {
      "GroupGUID": "5b0e138e-367d-465e-9b1d-2554b66f3ce8",
      "GroupPath": "Config/LevelOutput/Group/Groups_P20001_F20001001/LevelGroup_P20001_F20001001_G53.json",
      "Name": "MapNpc",
      "ID": 53
    },
    {
      "GroupGUID": "69afa17a-15a5-4fb8-973c-8a84ac385749",
      "GroupPath": "Config/LevelOutput/Group/Groups_P20001_F20001001/LevelGroup_P20001_F20001001_G54.json",
      "Name": "SubMissionASD",
      "ID": 54
    },
    {
      "GroupGUID": "013473c0-a766-4e32-ac45-a9fa52b53795",
      "GroupPath": "Config/LevelOutput/Group/Groups_P20001_F20001001/LevelGroup_P20001_F20001001_G58.json",
      "Name": "Act_Online_01",
      "ID": 58
    },
    {
      "GroupGUID": "71b54e38-3ebe-4cd9-b014-91f5fce182b2",
      "GroupPath": "Config/LevelOutput/Group/Groups_P20001_F20001001/LevelGroup_P20001_F20001001_G62.json",
      "Name": "Act_Online_End",
      "ID": 62
    },
    {
      "GroupGUID": "9ba3be1c-102d-43b6-937f-d4398ef8fd73",
      "GroupPath": "Config/LevelOutput/Group/Groups_P20001_F20001001/LevelGroup_P20001_F20001001_G63.json",
      "Name": "SimpleMission02",
      "ID": 63
    },
    {
      "GroupGUID": "df69e4b5-9fed-48d9-8383-8554061ffb71",
      "GroupPath": "Config/LevelOutput/Group/Groups_P20001_F20001001/LevelGroup_P20001_F20001001_G66.json",
      "Name": "MainMission4040005_",
      "ID": 66
    },
    {
      "GroupGUID": "0b6b59c5-e810-43c9-93e8-e156630abbb1",
      "GroupPath": "Config/LevelOutput/Group/Groups_P20001_F20001001/LevelGroup_P20001_F20001001_G67.json",
      "Name": "Act_Online_02",
      "ID": 67
    },
    {
      "GroupGUID": "c0e3f490-da65-419e-a8d2-25cef5203e75",
      "GroupPath": "Config/LevelOutput/Group/Groups_P20001_F20001001/LevelGroup_P20001_F20001001_G70.json",
      "Name": "SubAlan",
      "ID": 70
    },
    {
      "GroupGUID": "2e904d18-f350-4a50-9382-7faf0c6feccd",
      "GroupPath": "Config/LevelOutput/Group/Groups_P20001_F20001001/LevelGroup_P20001_F20001001_G73.json",
      "Name": "SimpleMission12",
      "ID": 73
    },
    {
      "GroupGUID": "12bbc4f3-5cee-4678-a305-e6924a855fb3",
      "GroupPath": "Config/LevelOutput/Group/Groups_P20001_F20001001/LevelGroup_P20001_F20001001_G74.json",
      "Name": "SubAH",
      "ID": 74
    },
    {
      "GroupGUID": "513c50dc-de0c-4d7a-855c-fb7e4f6e026a",
      "GroupPath": "Config/LevelOutput/Group/Groups_P20001_F20001001/LevelGroup_P20001_F20001001_G78.json",
      "Name": "SimpleMission12",
      "ID": 78
    },
    {
      "GroupGUID": "5414baba-4e54-4e49-bdf9-8117e40a8fd2",
      "GroupPath": "Config/LevelOutput/Group/Groups_P20001_F20001001/LevelGroup_P20001_F20001001_G80.json",
      "Name": "Crowd",
      "ID": 80
    },
    {
      "GroupGUID": "47c086b9-78b3-4547-a783-ae2308eb3c35",
      "GroupPath": "Config/LevelOutput/Group/Groups_P20001_F20001001/LevelGroup_P20001_F20001001_G82.json",
      "Name": "NPC",
      "ID": 82
    },
    {
      "GroupGUID": "6bd16276-b07b-464b-bbaa-6b871ac6e183",
      "GroupPath": "Config/LevelOutput/Group/Groups_P20001_F20001001/LevelGroup_P20001_F20001001_G39.json",
      "Name": "Investigative",
      "ID": 39
    },
    {
      "GroupGUID": "a6319b9b-8043-4b19-ab11-dc570d571108",
      "GroupPath": "Config/LevelOutput/Group/Groups_P20001_F20001001/LevelGroup_P20001_F20001001_G88.json",
      "Name": "Investigative",
      "ID": 88
    },
    {
      "GroupGUID": "ebe4e108-ec0d-4c2a-9387-0d12c9fb785c",
      "GroupPath": "Config/LevelOutput/Group/Groups_P20001_F20001001/LevelGroup_P20001_F20001001_G83.json",
      "Name": "Photo",
      "ID": 83
    },
    {
      "GroupGUID": "891ddd4f-9460-4da0-871f-ba06c8a95876",
      "GroupPath": "Config/LevelOutput/Group/Groups_P20001_F20001001/LevelGroup_P20001_F20001001_G85.json",
      "Name": "Act_Online_Prop_Daily",
      "ID": 85
    },
    {
      "GroupGUID": "f13a5408-21e1-46c9-8a4f-c326c0af5d22",
      "GroupPath": "Config/LevelOutput/Group/Groups_P20001_F20001001/LevelGroup_P20001_F20001001_G86.json",
      "Name": "Act_Online_Prop_Daily_02",
      "ID": 86
    },
    {
      "GroupGUID": "8d4f8dbd-826a-49af-a174-2679ec5c6974",
      "GroupPath": "Config/LevelOutput/Group/Groups_P20001_F20001001/LevelGroup_P20001_F20001001_G87.json",
      "Name": "DailyMission",
      "ID": 87
    },
    {
      "GroupGUID": "c4a98e72-eb66-46f7-86e5-daf491687d68",
      "GroupPath": "Config/LevelOutput/Group/Groups_P20001_F20001001/LevelGroup_P20001_F20001001_G92.json",
      "Name": "SimpleMission12",
      "ID": 92
    },
    {
      "GroupGUID": "ed7dd721-3297-4e9d-be8e-143b58e49e75",
      "GroupPath": "Config/LevelOutput/Group/Groups_P20001_F20001001/LevelGroup_P20001_F20001001_G94.json",
      "Name": "CheckProp",
      "ID": 94
    },
    {
      "GroupGUID": "5e342a38-3ec0-4fff-b905-e0acaf62e5d8",
      "GroupPath": "Config/LevelOutput/Group/Groups_P20001_F20001001/LevelGroup_P20001_F20001001_G101.json",
      "Name": "Shelter Group",
      "ID": 101
    },
    {
      "GroupGUID": "a6189d9b-64fa-4649-a3ee-fe5a05d0d1b8",
      "GroupPath": "Config/LevelOutput/Group/Groups_P20001_F20001001/LevelGroup_P20001_F20001001_G90.json",
      "Name": "DailyMission",
      "ID": 90
    },
    {
      "GroupGUID": "019b5061-c896-405e-970d-f01e6a617d85",
      "GroupPath": "Config/LevelOutput/Group/Groups_P20001_F20001001/LevelGroup_P20001_F20001001_G95.json",
      "Name": "DailyMission",
      "ID": 95
    },
    {
      "GroupGUID": "7b0fbbc6-86be-4f10-9f71-71f02a9a4e6c",
      "GroupPath": "Config/LevelOutput/Group/Groups_P20001_F20001001/LevelGroup_P20001_F20001001_G96.json",
      "Name": "DailyMission",
      "ID": 96
    },
    {
      "GroupGUID": "d835b020-0db9-485d-ab43-9233ace967a5",
      "GroupPath": "Config/LevelOutput/Group/Groups_P20001_F20001001/LevelGroup_P20001_F20001001_G97.json",
      "Name": "DailyMission",
      "ID": 97
    },
    {
      "GroupGUID": "cd822b69-b9f4-47eb-9a29-a4e8ed29f98e",
      "GroupPath": "Config/LevelOutput/Group/Groups_P20001_F20001001/LevelGroup_P20001_F20001001_G103.json",
      "Name": "Memorybubble",
      "ID": 103
    },
    {
      "GroupGUID": "9ae2b561-e00b-40ba-828a-7bc713701433",
      "GroupPath": "Config/LevelOutput/Group/Groups_P20001_F20001001/LevelGroup_P20001_F20001001_G104.json",
      "Name": "PamMission",
      "ID": 104
    },
    {
      "GroupGUID": "a01420c7-0694-4c2d-838e-064cbb07d9f1",
      "GroupPath": "Config/LevelOutput/Group/Groups_P20001_F20001001/LevelGroup_P20001_F20001001_G102.json",
      "Name": "Avtivity_SilverWolf_FindPicture01",
      "ID": 102
    },
    {
      "GroupGUID": "3c3dd736-845a-4b64-b567-348699d5b150",
      "GroupPath": "Config/LevelOutput/Group/Groups_P20001_F20001001/LevelGroup_P20001_F20001001_G105.json",
      "Name": "MainMission2000701_2",
      "ID": 105
    },
    {
      "GroupGUID": "2b11154c-ca2e-4eab-92e5-80af1c4317b0",
      "GroupPath": "Config/LevelOutput/Group/Groups_P20001_F20001001/LevelGroup_P20001_F20001001_G106.json",
      "Name": "SimpleMission_4040017",
      "ID": 106
    },
    {
      "GroupGUID": "2d0b36e3-548e-446c-a2bd-440c86740f0a",
      "GroupPath": "Config/LevelOutput/Group/Groups_P20001_F20001001/LevelGroup_P20001_F20001001_G107.json",
      "Name": "SimpleMission_4040018",
      "ID": 107
    },
    {
      "GroupGUID": "49793204-2ba2-46f3-8843-ff3a1aaf01a1",
      "GroupPath": "Config/LevelOutput/Group/Groups_P20001_F20001001/LevelGroup_P20001_F20001001_G79.json",
      "Name": "MainMission2000701_1",
      "ID": 79
    },
    {
      "GroupGUID": "c31788cc-ddb6-4b68-b4a6-409c68652c48",
      "GroupPath": "Config/LevelOutput/Group/Groups_P20001_F20001001/LevelGroup_P20001_F20001001_G108.json",
      "Name": "MainMission2000701_3",
      "ID": 108
    },
    {
      "GroupGUID": "4e80e731-f5f6-48d9-abb8-3389c5f5b0ef",
      "GroupPath": "Config/LevelOutput/Group/Groups_P20001_F20001001/LevelGroup_P20001_F20001001_G111.json",
      "Name": "MainMission2000202_",
      "ID": 111
    },
    {
      "GroupGUID": "7b020c9f-51e6-477c-a075-120c1bdbb578",
      "GroupPath": "Config/LevelOutput/Group/Groups_P20001_F20001001/LevelGroup_P20001_F20001001_G114.json",
      "DimensionFilter": {},
      "Name": "MainMission8016305_1",
      "ID": 114
    },
    {
      "GroupGUID": "7e31d653-61b8-44b8-a4b6-05135d346671",
      "GroupPath": "Config/LevelOutput/Group/Groups_P20001_F20001001/LevelGroup_P20001_F20001001_G115.json",
      "DimensionFilter": {},
      "Name": "MainMission8016305_1",
      "ID": 115
    },
    {
      "GroupGUID": "8b08fd95-25cd-4505-8b05-64c864c1bf41",
      "GroupPath": "Config/LevelOutput/Group/Groups_P20001_F20001001/LevelGroup_P20001_F20001001_G119.json",
      "DimensionFilter": {},
      "Name": "MainMission8022301_1",
      "ID": 119
    }
  ],
  "DefaultEnviroProfile": "Stages/Outputs/Chapter00/EnviroProfile/Chap00_CloseView_MAZ_N101_01_Day.enviroProfile.asset",
  "StageData": "Stages/Outputs/Chapter00/Stages/Chap00_MAZ_N101_MainLine_01_StageData/Chap00_MAZ_N101_MainLine_01_StageData.stage",
  "CameraType": "Maze",
  "TimeOfDayEnviroProfileMap": {},
  "LayerToAreaMask": [
    8
  ],
  "BattleAreaList": [],
  "DimensionList": [
    {}
  ],
  "NavmapConfigPath": "Config/LevelOutput/Map/MapInfo_P20001_F20001001.json",
  "EnableGroupStreaming": false,
  "EnableGroupSpaceConflict": false,
  "IsRestartLevelGraph": false
}