{
  "FloorID": 20002001,
  "FloorName": "FloorName_20002001",
  "StartGroupID": 1,
  "StartAnchorID": 1,
  "GroupList": [
    {
      "GroupGUID": "0af77bc5-81c2-4d83-a61c-89e903a63422",
      "GroupPath": "Config/LevelOutput/Group/Groups_P20002_F20002001/LevelGroup_P20002_F20002001_G1.json",
      "Name": "DefaultGroup",
      "ID": 1
    },
    {
      "GroupGUID": "f73c486e-25ac-4dff-89ac-7f84aafb96e4",
      "GroupPath": "Config/LevelOutput/Group/Groups_P20002_F20002001/LevelGroup_P20002_F20002001_G31.json",
      "Name": "SpecialCheckPoint",
      "ID": 31
    },
    {
      "GroupGUID": "bfc6e6a7-6fdd-4d4b-9f99-3255cd16f739",
      "GroupPath": "Config/LevelOutput/Group/Groups_P20002_F20002001/LevelGroup_P20002_F20002001_G3.json",
      "Name": "Door",
      "ID": 3
    },
    {
      "GroupGUID": "c97dd9c7-e187-40c8-8d27-17ce711b3a0e",
      "GroupPath": "Config/LevelOutput/Group/Groups_P20002_F20002001/LevelGroup_P20002_F20002001_G8.json",
      "Name": "Elevator",
      "ID": 8
    },
    {
      "GroupGUID": "b13f960f-0312-4ae1-a054-a295144a6211",
      "GroupPath": "Config/LevelOutput/Group/Groups_P20002_F20002001/LevelGroup_P20002_F20002001_G12.json",
      "Name": "DefaultDestribution",
      "ID": 12
    },
    {
      "GroupGUID": "56febfe2-2e03-4636-92d6-2e897ef1dda7",
      "GroupPath": "Config/LevelOutput/Group/Groups_P20002_F20002001/LevelGroup_P20002_F20002001_G25.json",
      "Name": "Investigative",
      "ID": 25
    },
    {
      "GroupGUID": "fb05b527-25b5-42d3-9209-9468c3986ef9",
      "GroupPath": "Config/LevelOutput/Group/Groups_P20002_F20002001/LevelGroup_P20002_F20002001_G92.json",
      "Name": "Investigative",
      "ID": 92
    },
    {
      "GroupGUID": "c03a4ccb-8365-4783-8ab3-a10a33ccc69a",
      "GroupPath": "Config/LevelOutput/Group/Groups_P20002_F20002001/LevelGroup_P20002_F20002001_G57.json",
      "Name": "Book",
      "ID": 57
    },
    {
      "GroupGUID": "daff78b1-cfc2-48cc-88fc-f1b76a9130c6",
      "GroupPath": "Config/LevelOutput/Group/Groups_P20002_F20002001/LevelGroup_P20002_F20002001_G105.json",
      "Name": "Books2",
      "ID": 105
    },
    {
      "GroupGUID": "b4add5ab-f6be-4f92-96e9-8a12eae09b17",
      "GroupPath": "Config/LevelOutput/Group/Groups_P20002_F20002001/LevelGroup_P20002_F20002001_G40.json",
      "Name": "DefaultDestribution",
      "ID": 40
    },
    {
      "GroupGUID": "25cf701b-7ffc-449b-9b43-0f00ee6cb8d2",
      "GroupPath": "Config/LevelOutput/Group/Groups_P20002_F20002001/LevelGroup_P20002_F20002001_G2.json",
      "Name": "DefaultDestributionHP",
      "ID": 2
    },
    {
      "GroupGUID": "94e946ab-b589-49f1-b561-f186cc9572ba",
      "GroupPath": "Config/LevelOutput/Group/Groups_P20002_F20002001/LevelGroup_P20002_F20002001_G13.json",
      "Name": "TutorialTreasure",
      "ID": 13
    },
    {
      "GroupGUID": "e52e2754-396c-4890-8e7a-6a0646e7cf20",
      "GroupPath": "Config/LevelOutput/Group/Groups_P20002_F20002001/LevelGroup_P20002_F20002001_G10.json",
      "Name": "DefaultTreasure",
      "ID": 10
    },
    {
      "GroupGUID": "2983438b-b97c-4e8f-9cb3-5c34d858d327",
      "GroupPath": "Config/LevelOutput/Group/Groups_P20002_F20002001/LevelGroup_P20002_F20002001_G4.json",
      "Name": "MainMisson",
      "ID": 4
    },
    {
      "GroupGUID": "67fc29e0-b787-47ef-b137-4fad7b18c6b0",
      "GroupPath": "Config/LevelOutput/Group/Groups_P20002_F20002001/LevelGroup_P20002_F20002001_G5.json",
      "Name": "MainMonster",
      "ID": 5
    },
    {
      "GroupGUID": "717a28d6-9bd0-45d6-acfd-00394f55a01b",
      "GroupPath": "Config/LevelOutput/Group/Groups_P20002_F20002001/LevelGroup_P20002_F20002001_G16.json",
      "Name": "FirstBattle",
      "ID": 16
    },
    {
      "GroupGUID": "fe717b25-e5cc-453a-b4b7-787bb261fe23",
      "GroupPath": "Config/LevelOutput/Group/Groups_P20002_F20002001/LevelGroup_P20002_F20002001_G30.json",
      "Name": "DefaultMonster",
      "ID": 30
    },
    {
      "GroupGUID": "01b53547-760c-4feb-a148-3901f0db1281",
      "GroupPath": "Config/LevelOutput/Group/Groups_P20002_F20002001/LevelGroup_P20002_F20002001_G99.json",
      "Name": "DefaultCocoon01",
      "ID": 99
    },
    {
      "GroupGUID": "2adcec22-802e-4dd4-b91d-a64a55dfa165",
      "GroupPath": "Config/LevelOutput/Group/Groups_P20002_F20002001/LevelGroup_P20002_F20002001_G15.json",
      "Name": "FarmRelic",
      "ID": 15
    },
    {
      "GroupGUID": "fcafede7-39ae-4c3d-b65e-15fcea926585",
      "GroupPath": "Config/LevelOutput/Group/Groups_P20002_F20002001/LevelGroup_P20002_F20002001_G6.json",
      "Name": "FlipBridge",
      "ID": 6
    },
    {
      "GroupGUID": "56c8b8b2-68b4-46c1-af7d-cfba0864f442",
      "GroupPath": "Config/LevelOutput/Group/Groups_P20002_F20002001/LevelGroup_P20002_F20002001_G38.json",
      "Name": "Bridge",
      "ID": 38
    },
    {
      "GroupGUID": "e60ac1df-3460-403f-9af4-dd3630c27fce",
      "GroupPath": "Config/LevelOutput/Group/Groups_P20002_F20002001/LevelGroup_P20002_F20002001_G7.json",
      "Name": "Safe_NPC",
      "ID": 7
    },
    {
      "GroupGUID": "313edeea-4096-4792-9bec-be3ece64c580",
      "GroupPath": "Config/LevelOutput/Group/Groups_P20002_F20002001/LevelGroup_P20002_F20002001_G20.json",
      "Name": "MainMission Obstacles",
      "ID": 20
    },
    {
      "GroupGUID": "e6ad47a5-9544-4076-8efb-803741741bd4",
      "GroupPath": "Config/LevelOutput/Group/Groups_P20002_F20002001/LevelGroup_P20002_F20002001_G11.json",
      "Name": "Tutorial_N2",
      "ID": 11
    },
    {
      "GroupGUID": "a5d097ca-f838-4e23-86dd-f2d4b12a7749",
      "GroupPath": "Config/LevelOutput/Group/Groups_P20002_F20002001/LevelGroup_P20002_F20002001_G27.json",
      "Name": "Default_ChallengeChest",
      "ID": 27
    },
    {
      "GroupGUID": "120ad93b-58f7-4184-8065-4f9486c97eed",
      "GroupPath": "Config/LevelOutput/Group/Groups_P20002_F20002001/LevelGroup_P20002_F20002001_G23.json",
      "Name": "SubMission_Star",
      "ID": 23
    },
    {
      "GroupGUID": "f2db55c8-a236-4b1e-b7d6-ab81a2aeab6d",
      "GroupPath": "Config/LevelOutput/Group/Groups_P20002_F20002001/LevelGroup_P20002_F20002001_G28.json",
      "Name": "Default_ChallengeChest",
      "ID": 28
    },
    {
      "GroupGUID": "9be17e2c-730f-4928-b692-930b460feab8",
      "GroupPath": "Config/LevelOutput/Group/Groups_P20002_F20002001/LevelGroup_P20002_F20002001_G14.json",
      "Name": "SubMission1",
      "ID": 14
    },
    {
      "GroupGUID": "cf6d63b2-c24d-4a6c-a44e-a6f3f117cb53",
      "GroupPath": "Config/LevelOutput/Group/Groups_P20002_F20002001/LevelGroup_P20002_F20002001_G17.json",
      "Name": "Submission2",
      "ID": 17
    },
    {
      "GroupGUID": "6e9b00a8-3a3e-471c-8519-9d882d844452",
      "GroupPath": "Config/LevelOutput/Group/Groups_P20002_F20002001/LevelGroup_P20002_F20002001_G18.json",
      "Name": "Submission2",
      "ID": 18
    },
    {
      "GroupGUID": "fd1759e6-aaf5-4814-ad56-0022661905ed",
      "GroupPath": "Config/LevelOutput/Group/Groups_P20002_F20002001/LevelGroup_P20002_F20002001_G60.json",
      "Name": "NPC_LMNKBT",
      "ID": 60
    },
    {
      "GroupGUID": "de5d4df9-d467-4fed-9c4e-1bed07e4181b",
      "GroupPath": "Config/LevelOutput/Group/Groups_P20002_F20002001/LevelGroup_P20002_F20002001_G82.json",
      "Name": "NPC_KBT",
      "ID": 82
    },
    {
      "GroupGUID": "d7d3ed37-ef4f-4c29-b1c9-f815788e434c",
      "GroupPath": "Config/LevelOutput/Group/Groups_P20002_F20002001/LevelGroup_P20002_F20002001_G36.json",
      "Name": "MainMission2000109_",
      "ID": 36
    },
    {
      "GroupGUID": "061ba020-234a-4ea2-8d6f-1bdad3db4499",
      "GroupPath": "Config/LevelOutput/Group/Groups_P20002_F20002001/LevelGroup_P20002_F20002001_G51.json",
      "Name": "SubMission08_Monster",
      "ID": 51
    },
    {
      "GroupGUID": "0da643f4-c0d4-4e2a-ae92-73ff60e1c704",
      "GroupPath": "Config/LevelOutput/Group/Groups_P20002_F20002001/LevelGroup_P20002_F20002001_G26.json",
      "Name": "PadsPuzzle",
      "ID": 26
    },
    {
      "GroupGUID": "1ba2624f-7759-4ec7-8add-2daf93e89257",
      "GroupPath": "Config/LevelOutput/Group/Groups_P20002_F20002001/LevelGroup_P20002_F20002001_G32.json",
      "Name": "PadsPuzzle2",
      "ID": 32
    },
    {
      "GroupGUID": "142ea2ab-3761-412c-ac40-2ae85c57d13e",
      "GroupPath": "Config/LevelOutput/Group/Groups_P20002_F20002001/LevelGroup_P20002_F20002001_G33.json",
      "Name": "PadsPuzzle3",
      "ID": 33
    },
    {
      "GroupGUID": "f669ae3b-4316-408f-91d1-5b59c32212a1",
      "GroupPath": "Config/LevelOutput/Group/Groups_P20002_F20002001/LevelGroup_P20002_F20002001_G41.json",
      "Name": "QiWu",
      "ID": 41
    },
    {
      "GroupGUID": "83ca65f9-c8ca-4e4d-8da5-0c80641d8a95",
      "GroupPath": "Config/LevelOutput/Group/Groups_P20002_F20002001/LevelGroup_P20002_F20002001_G24.json",
      "Name": "SceneProp",
      "ID": 24
    },
    {
      "GroupGUID": "0cd9f3d4-6430-4ea3-be9d-42bce5975090",
      "GroupPath": "Config/LevelOutput/Group/Groups_P20002_F20002001/LevelGroup_P20002_F20002001_G45.json",
      "Name": "SubMission_ChuBuKJi",
      "ID": 45
    },
    {
      "GroupGUID": "cfdc463b-48cc-4790-9d97-69dd7a67922b",
      "GroupPath": "Config/LevelOutput/Group/Groups_P20002_F20002001/LevelGroup_P20002_F20002001_G46.json",
      "Name": "Monster_ChestMonster",
      "ID": 46
    },
    {
      "GroupGUID": "828d662b-6d14-4df7-85e0-ebab4d2d7484",
      "GroupPath": "Config/LevelOutput/Group/Groups_P20002_F20002001/LevelGroup_P20002_F20002001_G47.json",
      "Name": "MainMisson_QB",
      "ID": 47
    },
    {
      "GroupGUID": "8f5cf872-d0d3-4ed4-a084-bde8a6fa5a89",
      "GroupPath": "Config/LevelOutput/Group/Groups_P20002_F20002001/LevelGroup_P20002_F20002001_G48.json",
      "Name": "Submission_chubukeji",
      "ID": 48
    },
    {
      "GroupGUID": "688fbcf5-ad01-47d2-9c60-f6f6270be16a",
      "GroupPath": "Config/LevelOutput/Group/Groups_P20002_F20002001/LevelGroup_P20002_F20002001_G9.json",
      "Name": "Env_NPCs_1",
      "ID": 9
    },
    {
      "GroupGUID": "0f32a6ff-d2df-4aae-a4ac-32d04791974a",
      "GroupPath": "Config/LevelOutput/Group/Groups_P20002_F20002001/LevelGroup_P20002_F20002001_G49.json",
      "Name": "Env_NPCs_2",
      "ID": 49
    },
    {
      "GroupGUID": "ae7bc190-2945-473c-8629-c4213ff71f60",
      "GroupPath": "Config/LevelOutput/Group/Groups_P20002_F20002001/LevelGroup_P20002_F20002001_G50.json",
      "Name": "SubMission_chubukeji",
      "ID": 50
    },
    {
      "GroupGUID": "80325d24-5b6c-483d-bb93-61e5164239c3",
      "GroupPath": "Config/LevelOutput/Group/Groups_P20002_F20002001/LevelGroup_P20002_F20002001_G52.json",
      "Name": "MainMisson_GZ",
      "ID": 52
    },
    {
      "GroupGUID": "19552f66-b207-488f-8304-3b552c37bfb4",
      "GroupPath": "Config/LevelOutput/Group/Groups_P20002_F20002001/LevelGroup_P20002_F20002001_G53.json",
      "Name": "Sound",
      "ID": 53
    },
    {
      "GroupGUID": "915fbc95-2bde-4d25-88d7-2765460b9880",
      "GroupPath": "Config/LevelOutput/Group/Groups_P20002_F20002001/LevelGroup_P20002_F20002001_G58.json",
      "Name": "Sub2000106",
      "ID": 58
    },
    {
      "GroupGUID": "f38d0e31-82ce-4820-99ce-ed0f5f90b7ba",
      "GroupPath": "Config/LevelOutput/Group/Groups_P20002_F20002001/LevelGroup_P20002_F20002001_G61.json",
      "Name": "NPCAML",
      "ID": 61
    },
    {
      "GroupGUID": "912999e8-5a17-4238-bcdb-db54905f363c",
      "GroupPath": "Config/LevelOutput/Group/Groups_P20002_F20002001/LevelGroup_P20002_F20002001_G62.json",
      "Name": "SimpleMission3",
      "ID": 62
    },
    {
      "GroupGUID": "c4dfd919-27bb-42c9-aae7-5611daedee85",
      "GroupPath": "Config/LevelOutput/Group/Groups_P20002_F20002001/LevelGroup_P20002_F20002001_G63.json",
      "Name": "SimpleMission4",
      "ID": 63
    },
    {
      "GroupGUID": "1200d852-572a-4821-897c-311a08c1cf48",
      "GroupPath": "Config/LevelOutput/Group/Groups_P20002_F20002001/LevelGroup_P20002_F20002001_G64.json",
      "Name": "N2_Raid_2000205",
      "ID": 64
    },
    {
      "GroupGUID": "09f6c6ca-147f-4a6f-8016-75dca32f92f3",
      "GroupPath": "Config/LevelOutput/Group/Groups_P20002_F20002001/LevelGroup_P20002_F20002001_G65.json",
      "Name": "MainMission4040010_",
      "ID": 65
    },
    {
      "GroupGUID": "f4833fd7-469f-45e1-ab1c-102107407ed1",
      "GroupPath": "Config/LevelOutput/Group/Groups_P20002_F20002001/LevelGroup_P20002_F20002001_G68.json",
      "Name": "SimpleMission11",
      "ID": 68
    },
    {
      "GroupGUID": "870399b5-b2b5-47f9-bba9-c5bef21c647f",
      "GroupPath": "Config/LevelOutput/Group/Groups_P20002_F20002001/LevelGroup_P20002_F20002001_G69.json",
      "Name": "SimpleMission13",
      "ID": 69,
      "IsDelete": true
    },
    {
      "GroupGUID": "e49fbebb-3522-4085-8bff-621c19eff813",
      "GroupPath": "Config/LevelOutput/Group/Groups_P20002_F20002001/LevelGroup_P20002_F20002001_G70.json",
      "Name": "MainMission4040015_",
      "ID": 70
    },
    {
      "GroupGUID": "821f2516-b8a0-4b8d-8aef-a3134a39ca27",
      "GroupPath": "Config/LevelOutput/Group/Groups_P20002_F20002001/LevelGroup_P20002_F20002001_G72.json",
      "Name": "Prop_Monument",
      "ID": 72
    },
    {
      "GroupGUID": "f85ba800-68c6-4e1a-8aaf-f8ff4a706100",
      "GroupPath": "Config/LevelOutput/Group/Groups_P20002_F20002001/LevelGroup_P20002_F20002001_G96.json",
      "Name": "Prop_Monument",
      "ID": 96
    },
    {
      "GroupGUID": "f3561f9a-59f8-43a1-833f-4eb4d7eb077b",
      "GroupPath": "Config/LevelOutput/Group/Groups_P20002_F20002001/LevelGroup_P20002_F20002001_G73.json",
      "Name": "MainMission2000116_",
      "ID": 73
    },
    {
      "GroupGUID": "c2e56fef-6d43-4099-8f14-c5c07e4bf8d7",
      "GroupPath": "Config/LevelOutput/Group/Groups_P20002_F20002001/LevelGroup_P20002_F20002001_G74.json",
      "Name": "MainMission2000116_",
      "ID": 74
    },
    {
      "GroupGUID": "9028fe6d-0092-40eb-819e-fadcfb07bb50",
      "GroupPath": "Config/LevelOutput/Group/Groups_P20002_F20002001/LevelGroup_P20002_F20002001_G75.json",
      "Name": "MainMission2000116_",
      "ID": 75
    },
    {
      "GroupGUID": "7026878a-2009-4616-a590-85bb9018e121",
      "GroupPath": "Config/LevelOutput/Group/Groups_P20002_F20002001/LevelGroup_P20002_F20002001_G78.json",
      "Name": "MainMission3000211_",
      "ID": 78
    },
    {
      "GroupGUID": "cfa3262f-f6db-4a80-b49c-b5125cecbef4",
      "GroupPath": "Config/LevelOutput/Group/Groups_P20002_F20002001/LevelGroup_P20002_F20002001_G79.json",
      "Name": "MainMission3000212_",
      "ID": 79
    },
    {
      "GroupGUID": "1bae7d80-709c-4964-9b94-5b54e5c01293",
      "GroupPath": "Config/LevelOutput/Group/Groups_P20002_F20002001/LevelGroup_P20002_F20002001_G81.json",
      "Name": "CrowdControl",
      "ID": 81
    },
    {
      "GroupGUID": "e9715823-90c6-4150-871f-be0b7c44773b",
      "GroupPath": "Config/LevelOutput/Group/Groups_P20002_F20002001/LevelGroup_P20002_F20002001_G83.json",
      "Name": "NPC",
      "ID": 83
    },
    {
      "GroupGUID": "97a89b08-5ca6-4b2d-a9fb-3e710bade028",
      "GroupPath": "Config/LevelOutput/Group/Groups_P20002_F20002001/LevelGroup_P20002_F20002001_G84.json",
      "Name": "DailyMission",
      "ID": 84
    },
    {
      "GroupGUID": "aa3cc7b7-efea-4def-baab-812a105e6256",
      "GroupPath": "Config/LevelOutput/Group/Groups_P20002_F20002001/LevelGroup_P20002_F20002001_G85.json",
      "Name": "DailyMission",
      "ID": 85
    },
    {
      "GroupGUID": "70263590-254e-4241-b1f6-d3b1c734bc88",
      "GroupPath": "Config/LevelOutput/Group/Groups_P20002_F20002001/LevelGroup_P20002_F20002001_G86.json",
      "Name": "DailyMission",
      "ID": 86
    },
    {
      "GroupGUID": "368d32a0-9e41-4d11-985b-1d094444f79f",
      "GroupPath": "Config/LevelOutput/Group/Groups_P20002_F20002001/LevelGroup_P20002_F20002001_G87.json",
      "Name": "DailyMission",
      "ID": 87
    },
    {
      "GroupGUID": "19a5b7f4-c034-4d47-81f6-2580ae6d824e",
      "GroupPath": "Config/LevelOutput/Group/Groups_P20002_F20002001/LevelGroup_P20002_F20002001_G98.json",
      "Name": "Shelter Group",
      "ID": 98
    },
    {
      "GroupGUID": "846b350c-5c53-4c57-856c-3126dd9ab977",
      "GroupPath": "Config/LevelOutput/Group/Groups_P20002_F20002001/LevelGroup_P20002_F20002001_G71.json",
      "Name": "Activity_RaidTest",
      "ID": 71,
      "IsDelete": true
    },
    {
      "GroupGUID": "dfd7643c-246f-40b0-8ffc-1d6f86ebc774",
      "GroupPath": "Config/LevelOutput/Group/Groups_P20002_F20002001/LevelGroup_P20002_F20002001_G93.json",
      "Name": "DailyMission",
      "ID": 93
    },
    {
      "GroupGUID": "22a41c09-5f5a-4ff0-b431-7d2f2b26de44",
      "GroupPath": "Config/LevelOutput/Group/Groups_P20002_F20002001/LevelGroup_P20002_F20002001_G94.json",
      "Name": "DailyMission",
      "ID": 94
    },
    {
      "GroupGUID": "0297831d-7d59-4fb4-8a12-de8f8b64cd7d",
      "GroupPath": "Config/LevelOutput/Group/Groups_P20002_F20002001/LevelGroup_P20002_F20002001_G100.json",
      "Name": "Memorybubble",
      "ID": 100
    },
    {
      "GroupGUID": "4eb27419-2812-4964-bb94-c85f7d8b3c86",
      "GroupPath": "Config/LevelOutput/Group/Groups_P20002_F20002001/LevelGroup_P20002_F20002001_G80.json",
      "Name": "MainMission2000701_",
      "ID": 80
    },
    {
      "GroupGUID": "e55c3471-7777-4f56-a7df-0127427c5fc7",
      "GroupPath": "Config/LevelOutput/Group/Groups_P20002_F20002001/LevelGroup_P20002_F20002001_G101.json",
      "Name": "ActivitySilverWolf_FindPicture",
      "ID": 101
    },
    {
      "GroupGUID": "c0500bf3-2b54-4a93-9038-61477a0e66c2",
      "GroupPath": "Config/LevelOutput/Group/Groups_P20002_F20002001/LevelGroup_P20002_F20002001_G102.json",
      "Name": "Qiwu",
      "ID": 102
    },
    {
      "GroupGUID": "b632fa5f-93b5-41fb-b480-ca1aff80f3ee",
      "GroupPath": "Config/LevelOutput/Group/Groups_P20002_F20002001/LevelGroup_P20002_F20002001_G103.json",
      "Name": "SimpleMission_4040017",
      "ID": 103
    },
    {
      "GroupGUID": "56322389-48dc-492b-8ae0-3c074e359e4c",
      "GroupPath": "Config/LevelOutput/Group/Groups_P20002_F20002001/LevelGroup_P20002_F20002001_G106.json",
      "Name": "MainMission_RoadBlock",
      "ID": 106
    },
    {
      "GroupGUID": "6d24e6ef-c49d-4541-9bcd-549e04b04f4d",
      "GroupPath": "Config/LevelOutput/Group/Groups_P20002_F20002001/LevelGroup_P20002_F20002001_G107.json",
      "Name": "MainMission8002102_",
      "ID": 107
    },
    {
      "GroupGUID": "74c9cf54-5ead-4b55-bc02-f2e2d849cdcc",
      "GroupPath": "Config/LevelOutput/Group/Groups_P20002_F20002001/LevelGroup_P20002_F20002001_G108.json",
      "Name": "MainMission3000604_",
      "ID": 108
    },
    {
      "GroupGUID": "ae2bb680-bcac-4e17-a30f-48c38c8d603b",
      "GroupPath": "Config/LevelOutput/Group/Groups_P20002_F20002001/LevelGroup_P20002_F20002001_G109.json",
      "Name": "MainMission2000116_",
      "ID": 109
    },
    {
      "GroupGUID": "568e13d7-3c66-46b5-bc91-c26c02015972",
      "GroupPath": "Config/LevelOutput/Group/Groups_P20002_F20002001/LevelGroup_P20002_F20002001_G110.json",
      "Name": "MainMission_RoadBlock",
      "ID": 110
    },
    {
      "GroupGUID": "3b9b1f11-268b-4e5f-a0db-f40728f056bf",
      "GroupPath": "Config/LevelOutput/Group/Groups_P20002_F20002001/LevelGroup_P20002_F20002001_G112.json",
      "Name": "MainMission2001001_02",
      "ID": 112
    },
    {
      "GroupGUID": "8c65253f-d1f9-4033-8cf3-1e8328aaf4c7",
      "GroupPath": "Config/LevelOutput/Group/Groups_P20002_F20002001/LevelGroup_P20002_F20002001_G113.json",
      "Name": "MainMission2001001_03",
      "ID": 113
    },
    {
      "GroupGUID": "3ea7e9d7-bf17-4377-9b55-8d2bf2b10caf",
      "GroupPath": "Config/LevelOutput/Group/Groups_P20002_F20002001/LevelGroup_P20002_F20002001_G114.json",
      "DimensionFilter": {},
      "Name": "MainMission2001001_21",
      "ID": 114
    },
    {
      "GroupGUID": "9af72d66-1113-4eb3-b550-550dd68c3c35",
      "GroupPath": "Config/LevelOutput/Group/Groups_P20002_F20002001/LevelGroup_P20002_F20002001_G120.json",
      "Name": "MainMission8014129_LinkBattle_Before",
      "ID": 120
    },
    {
      "GroupGUID": "20580e5d-38ba-4751-9d01-0be2007ef283",
      "GroupPath": "Config/LevelOutput/Group/Groups_P20002_F20002001/LevelGroup_P20002_F20002001_G121.json",
      "Name": "MainMission8014129_LinkBattle_After",
      "ID": 121
    },
    {
      "GroupGUID": "f2357cf8-01e9-433d-a50b-958b08a920f0",
      "GroupPath": "Config/LevelOutput/Group/Groups_P20002_F20002001/LevelGroup_P20002_F20002001_G123.json",
      "Name": "MainMission8014134_LinkBattle_Before",
      "ID": 123
    },
    {
      "GroupGUID": "15791ff2-5d2f-4c48-9237-7ca1d4d20b20",
      "GroupPath": "Config/LevelOutput/Group/Groups_P20002_F20002001/LevelGroup_P20002_F20002001_G124.json",
      "Name": "MainMission8014134_LinkBattle_After",
      "ID": 124
    },
    {
      "GroupGUID": "6b283556-6525-42d2-bd94-05c1e42daecc",
      "GroupPath": "Config/LevelOutput/Group/Groups_P20002_F20002001/LevelGroup_P20002_F20002001_G118.json",
      "Name": "MainMission8002102_1",
      "ID": 118
    },
    {
      "GroupGUID": "91fa4e68-4b4c-4702-8fc4-16bb23274b83",
      "GroupPath": "Config/LevelOutput/Group/Groups_P20002_F20002001/LevelGroup_P20002_F20002001_G119.json",
      "Name": "MainMission8002102_1",
      "ID": 119
    },
    {
      "GroupGUID": "6fed6e57-2443-4f53-9dc7-1d8fbe88ec8e",
      "GroupPath": "Config/LevelOutput/Group/Groups_P20002_F20002001/LevelGroup_P20002_F20002001_G125.json",
      "DimensionFilter": {},
      "Name": "MainMission2001001_14",
      "ID": 125
    },
    {
      "GroupGUID": "8eebf09e-04fb-4903-9829-ef90165519bd",
      "GroupPath": "Config/LevelOutput/Group/Groups_P20002_F20002001/LevelGroup_P20002_F20002001_G126.json",
      "DimensionFilter": {},
      "Name": "MainMission2001001_15",
      "ID": 126
    },
    {
      "GroupGUID": "cf742f6c-a209-4bd3-b2c8-983c22ffbe0c",
      "GroupPath": "Config/LevelOutput/Group/Groups_P20002_F20002001/LevelGroup_P20002_F20002001_G127.json",
      "DimensionFilter": {},
      "Name": "MainMission2001001_12",
      "ID": 127
    },
    {
      "GroupGUID": "fc5043fa-0260-4d9d-9269-3dc952287dc5",
      "GroupPath": "Config/LevelOutput/Group/Groups_P20002_F20002001/LevelGroup_P20002_F20002001_G128.json",
      "DimensionFilter": {},
      "Name": "MainMission2001001_16",
      "ID": 128
    },
    {
      "GroupGUID": "06057bbe-1380-43db-ad16-6057e85c669d",
      "GroupPath": "Config/LevelOutput/Group/Groups_P20002_F20002001/LevelGroup_P20002_F20002001_G129.json",
      "DimensionFilter": {},
      "Name": "MainMission2001001_41",
      "ID": 129
    },
    {
      "GroupGUID": "3dab699c-0cf5-412e-b1b5-38d956d26167",
      "GroupPath": "Config/LevelOutput/Group/Groups_P20002_F20002001/LevelGroup_P20002_F20002001_G130.json",
      "DimensionFilter": {},
      "Name": "MainMission2001001_17",
      "ID": 130
    },
    {
      "GroupGUID": "c458afda-c713-4b66-917d-2fd190727cdd",
      "GroupPath": "Config/LevelOutput/Group/Groups_P20002_F20002001/LevelGroup_P20002_F20002001_G131.json",
      "DimensionFilter": {},
      "Name": "MainMission2001001_18",
      "ID": 131
    },
    {
      "GroupGUID": "fb369394-7d0f-4d0d-a15e-e1ea7658fd7d",
      "GroupPath": "Config/LevelOutput/Group/Groups_P20002_F20002001/LevelGroup_P20002_F20002001_G132.json",
      "DimensionFilter": {},
      "Name": "Entrance",
      "ID": 132
    }
  ],
  "DefaultEnviroProfile": "Stages/Outputs/Chapter00/EnviroProfile/Chap00_CloseView_MAZ_N201_01_Day.enviroProfile.asset",
  "StageData": "Stages/Outputs/Chapter00/Stages/Chap00_MAZ_N201_MainLine_01_StageData/Chap00_MAZ_N201_MainLine_01_StageData.stage",
  "CameraType": "Maze",
  "TimeOfDayEnviroProfileMap": {},
  "LayerToAreaMask": [
    8,
    16,
    32
  ],
  "FloorCustomData": {
    "SavedValues": [
      {
        "ID": 1,
        "Name": "RuanMeiMission",
        "AllowedValues": [],
        "MaxValue": 1
      }
    ]
  },
  "BattleAreaList": [],
  "DimensionList": [
    {}
  ],
  "NavmapConfigPath": "Config/LevelOutput/Map/MapInfo_P20002_F20002001.json",
  "EnableGroupStreaming": false,
  "EnableGroupSpaceConflict": false,
  "IsRestartLevelGraph": false
}