{
  "FloorID": 20004001,
  "FloorName": "FloorName_20004001",
  "StartGroupID": 2,
  "StartAnchorID": 1,
  "GroupList": [
    {
      "GroupGUID": "e8756643-d8d2-4657-96a2-d02e4f30e8f3",
      "GroupPath": "Config/LevelOutput/Group/Groups_P20004_F20004001/LevelGroup_P20004_F20004001_G2.json",
      "DimensionFilter": {},
      "Name": "DefaultGroup",
      "ID": 2
    },
    {
      "GroupGUID": "fb553aaa-c508-4e30-92ad-75da8797a532",
      "GroupPath": "Config/LevelOutput/Group/Groups_P20004_F20004001/LevelGroup_P20004_F20004001_G36.json",
      "DimensionFilter": {},
      "Name": "MainMission2001001_CentralElevator",
      "ID": 36
    },
    {
      "GroupGUID": "df7c8b60-fb11-4184-b46e-d05c44853024",
      "GroupPath": "Config/LevelOutput/Group/Groups_P20004_F20004001/LevelGroup_P20004_F20004001_G4.json",
      "DimensionFilter": {},
      "Name": "Railcar",
      "ID": 4
    },
    {
      "GroupGUID": "eeee0445-a0cb-4a0e-9a6c-c6bc2d804cd5",
      "GroupPath": "Config/LevelOutput/Group/Groups_P20004_F20004001/LevelGroup_P20004_F20004001_G5.json",
      "DimensionFilter": {},
      "Name": "FlipBridge",
      "ID": 5
    },
    {
      "GroupGUID": "cb62c8dc-8713-4c03-bfac-3efea0defb4f",
      "GroupPath": "Config/LevelOutput/Group/Groups_P20004_F20004001/LevelGroup_P20004_F20004001_G46.json",
      "Name": "MainMission2000901_00",
      "ID": 46
    },
    {
      "GroupGUID": "08a1d116-91fb-450a-9934-a06d2940ee66",
      "GroupPath": "Config/LevelOutput/Group/Groups_P20004_F20004001/LevelGroup_P20004_F20004001_G6.json",
      "Name": "MainMission2000901_01",
      "ID": 6
    },
    {
      "GroupGUID": "9ef38011-4c16-4be8-b0be-d96f9b72bf92",
      "GroupPath": "Config/LevelOutput/Group/Groups_P20004_F20004001/LevelGroup_P20004_F20004001_G8.json",
      "Name": "MainMission2000901_02",
      "ID": 8
    },
    {
      "GroupGUID": "b342d1f3-6e73-4b66-858c-f0c8606e9428",
      "GroupPath": "Config/LevelOutput/Group/Groups_P20004_F20004001/LevelGroup_P20004_F20004001_G9.json",
      "DimensionFilter": {},
      "Name": "MainMission2001001_29",
      "ID": 9
    },
    {
      "GroupGUID": "65bc6c15-5a20-4c16-96fd-40e023ddbeeb",
      "GroupPath": "Config/LevelOutput/Group/Groups_P20004_F20004001/LevelGroup_P20004_F20004001_G10.json",
      "DimensionFilter": {},
      "Name": "MainMission2001001_22",
      "ID": 10
    },
    {
      "GroupGUID": "8c7d621d-335a-4da7-b98d-cc18eb2aeead",
      "GroupPath": "Config/LevelOutput/Group/Groups_P20004_F20004001/LevelGroup_P20004_F20004001_G11.json",
      "DimensionFilter": {},
      "Name": "MainMission2001001_23",
      "ID": 11
    },
    {
      "GroupGUID": "420707ee-ad9b-452f-a4dd-e0c15edb264b",
      "GroupPath": "Config/LevelOutput/Group/Groups_P20004_F20004001/LevelGroup_P20004_F20004001_G12.json",
      "DimensionFilter": {},
      "Name": "MainMission2001001_23",
      "ID": 12
    },
    {
      "GroupGUID": "b2291425-343e-49d2-bd63-d84f2bd1c5ed",
      "GroupPath": "Config/LevelOutput/Group/Groups_P20004_F20004001/LevelGroup_P20004_F20004001_G13.json",
      "DimensionFilter": {},
      "Name": "MainMission2001001_24",
      "ID": 13
    },
    {
      "GroupGUID": "b5ba22da-a2fe-4dea-af0e-ea790acf0696",
      "GroupPath": "Config/LevelOutput/Group/Groups_P20004_F20004001/LevelGroup_P20004_F20004001_G14.json",
      "DimensionFilter": {},
      "Name": "MainMission2001001_26",
      "ID": 14
    },
    {
      "GroupGUID": "76e215b5-3123-43ab-bf4d-c8e91c9330c7",
      "GroupPath": "Config/LevelOutput/Group/Groups_P20004_F20004001/LevelGroup_P20004_F20004001_G15.json",
      "DimensionFilter": {},
      "Name": "MainMission2001001_Monster1",
      "ID": 15
    },
    {
      "GroupGUID": "b786c403-f30d-4381-8dcc-53ab8fe509e2",
      "GroupPath": "Config/LevelOutput/Group/Groups_P20004_F20004001/LevelGroup_P20004_F20004001_G152.json",
      "DimensionFilter": {},
      "Name": "MainMission2001001_Monster2",
      "ID": 152
    },
    {
      "GroupGUID": "06cddc86-9757-485a-9a06-117769ccbd11",
      "GroupPath": "Config/LevelOutput/Group/Groups_P20004_F20004001/LevelGroup_P20004_F20004001_G16.json",
      "DimensionFilter": {},
      "Name": "MainMission2001001_27",
      "ID": 16
    },
    {
      "GroupGUID": "5925d4f9-4273-4a81-a172-8a93ec89aa29",
      "GroupPath": "Config/LevelOutput/Group/Groups_P20004_F20004001/LevelGroup_P20004_F20004001_G17.json",
      "DimensionFilter": {},
      "Name": "MainMission2001001_28",
      "ID": 17
    },
    {
      "GroupGUID": "dd334200-c6c9-4960-9068-91ad96738140",
      "GroupPath": "Config/LevelOutput/Group/Groups_P20004_F20004001/LevelGroup_P20004_F20004001_G18.json",
      "DimensionFilter": {},
      "Name": "MainMission2001001_2402",
      "ID": 18
    },
    {
      "GroupGUID": "a562daf3-baca-49e3-8f58-a2b8135a0deb",
      "GroupPath": "Config/LevelOutput/Group/Groups_P20004_F20004001/LevelGroup_P20004_F20004001_G19.json",
      "DimensionFilter": {},
      "Name": "MainMission2001001_30",
      "ID": 19
    },
    {
      "GroupGUID": "9ba5088c-f65c-4ea2-a4d9-aa33df476178",
      "GroupPath": "Config/LevelOutput/Group/Groups_P20004_F20004001/LevelGroup_P20004_F20004001_G20.json",
      "DimensionFilter": {},
      "Name": "MainMission2001001_32",
      "ID": 20
    },
    {
      "GroupGUID": "49fe5cf3-1b58-45e5-bf34-41e8c7a035d0",
      "GroupPath": "Config/LevelOutput/Group/Groups_P20004_F20004001/LevelGroup_P20004_F20004001_G21.json",
      "DimensionFilter": {},
      "Name": "MainMission2001001_33",
      "ID": 21
    },
    {
      "GroupGUID": "4e3b2706-325e-4588-84b7-750e1c230633",
      "GroupPath": "Config/LevelOutput/Group/Groups_P20004_F20004001/LevelGroup_P20004_F20004001_G22.json",
      "DimensionFilter": {},
      "Name": "MainMission2001001_34",
      "ID": 22
    },
    {
      "GroupGUID": "ce5147ff-d90e-43c5-89a8-0da142a356cc",
      "GroupPath": "Config/LevelOutput/Group/Groups_P20004_F20004001/LevelGroup_P20004_F20004001_G23.json",
      "DimensionFilter": {},
      "Name": "MainMission2001001_35",
      "ID": 23
    },
    {
      "GroupGUID": "989ca49c-4620-40de-9814-bf200915e5bd",
      "GroupPath": "Config/LevelOutput/Group/Groups_P20004_F20004001/LevelGroup_P20004_F20004001_G24.json",
      "DimensionFilter": {},
      "Name": "MainMission2001001_36",
      "ID": 24
    },
    {
      "GroupGUID": "d1f66fa9-a456-4900-a1ef-cba804cead43",
      "GroupPath": "Config/LevelOutput/Group/Groups_P20004_F20004001/LevelGroup_P20004_F20004001_G25.json",
      "DimensionFilter": {},
      "Name": "MainMission2001001_37",
      "ID": 25
    },
    {
      "GroupGUID": "b2658c00-f480-4c19-b438-181ad4e7273c",
      "GroupPath": "Config/LevelOutput/Group/Groups_P20004_F20004001/LevelGroup_P20004_F20004001_G26.json",
      "Name": "MainMission2000901_03",
      "ID": 26
    },
    {
      "GroupGUID": "4f8bb9f9-bbd2-4827-ac5b-8c7ac4fbc8c3",
      "GroupPath": "Config/LevelOutput/Group/Groups_P20004_F20004001/LevelGroup_P20004_F20004001_G27.json",
      "Name": "MainMission2000901_04",
      "ID": 27
    },
    {
      "GroupGUID": "a9c489cf-b514-4066-b6ef-a028979fc557",
      "GroupPath": "Config/LevelOutput/Group/Groups_P20004_F20004001/LevelGroup_P20004_F20004001_G28.json",
      "Name": "MainMission2000901_05",
      "ID": 28
    },
    {
      "GroupGUID": "d1674f8c-6815-4560-9b39-299f3611cbd4",
      "GroupPath": "Config/LevelOutput/Group/Groups_P20004_F20004001/LevelGroup_P20004_F20004001_G29.json",
      "Name": "MainMission2000901_06",
      "ID": 29
    },
    {
      "GroupGUID": "fdb18f21-2f7e-4d8b-97bd-a7a4b6758a9e",
      "GroupPath": "Config/LevelOutput/Group/Groups_P20004_F20004001/LevelGroup_P20004_F20004001_G30.json",
      "Name": "MainMission2000901_07",
      "ID": 30
    },
    {
      "GroupGUID": "c18805d5-0b9b-4915-b4de-2650e240af52",
      "GroupPath": "Config/LevelOutput/Group/Groups_P20004_F20004001/LevelGroup_P20004_F20004001_G31.json",
      "Name": "Treasure",
      "ID": 31
    },
    {
      "GroupGUID": "1250f69b-15bb-4b3c-b216-ce3fbc5b9a8b",
      "GroupPath": "Config/LevelOutput/Group/Groups_P20004_F20004001/LevelGroup_P20004_F20004001_G34.json",
      "Name": "DefaultChallenge",
      "ID": 34
    },
    {
      "GroupGUID": "78942639-2e5e-430b-909c-fae887f70caa",
      "GroupPath": "Config/LevelOutput/Group/Groups_P20004_F20004001/LevelGroup_P20004_F20004001_G87.json",
      "DimensionFilter": {},
      "Name": "DefaultMonster",
      "ID": 87
    },
    {
      "GroupGUID": "55465664-0f1c-4942-801e-c3c6c2231b54",
      "GroupPath": "Config/LevelOutput/Group/Groups_P20004_F20004001/LevelGroup_P20004_F20004001_G88.json",
      "DimensionFilter": {},
      "Name": "DefaultMonster",
      "ID": 88
    },
    {
      "GroupGUID": "98d3f185-f769-460b-8a4f-fdd38f094fc7",
      "GroupPath": "Config/LevelOutput/Group/Groups_P20004_F20004001/LevelGroup_P20004_F20004001_G89.json",
      "Name": "Monster_ChestMonster",
      "ID": 89
    },
    {
      "GroupGUID": "e5081a13-fc5c-4a7f-aaff-78725278b701",
      "GroupPath": "Config/LevelOutput/Group/Groups_P20004_F20004001/LevelGroup_P20004_F20004001_G35.json",
      "DimensionFilter": {},
      "Name": "DefaultDestructable",
      "ID": 35
    },
    {
      "GroupGUID": "fd031cd0-63dc-478f-a792-ce2cec5ad367",
      "GroupPath": "Config/LevelOutput/Group/Groups_P20004_F20004001/LevelGroup_P20004_F20004001_G109.json",
      "DimensionFilter": {},
      "Name": "DefaultDestructableAfter",
      "ID": 109
    },
    {
      "GroupGUID": "98bfb3f1-47df-4313-acc7-2a0fda6fe7e5",
      "GroupPath": "Config/LevelOutput/Group/Groups_P20004_F20004001/LevelGroup_P20004_F20004001_G96.json",
      "DimensionFilter": {},
      "Name": "MP",
      "ID": 96
    },
    {
      "GroupGUID": "43d97847-26dc-4e71-8103-1f11154b4824",
      "GroupPath": "Config/LevelOutput/Group/Groups_P20004_F20004001/LevelGroup_P20004_F20004001_G41.json",
      "Name": "Elevator_01_Test",
      "ID": 41
    },
    {
      "GroupGUID": "3f123fc7-7bee-4788-9f80-cabef18e0836",
      "GroupPath": "Config/LevelOutput/Group/Groups_P20004_F20004001/LevelGroup_P20004_F20004001_G42.json",
      "Name": "Elevator_02_Test",
      "ID": 42
    },
    {
      "GroupGUID": "863e37cf-5adb-47a0-9330-b4bc5a8625eb",
      "GroupPath": "Config/LevelOutput/Group/Groups_P20004_F20004001/LevelGroup_P20004_F20004001_G49.json",
      "Name": "WeeklyRaid",
      "ID": 49
    },
    {
      "GroupGUID": "74170a5b-4ee1-4fa9-878a-3d8bcb331947",
      "GroupPath": "Config/LevelOutput/Group/Groups_P20004_F20004001/LevelGroup_P20004_F20004001_G50.json",
      "DimensionFilter": {},
      "Name": "Crowd",
      "ID": 50
    },
    {
      "GroupGUID": "7a6882fe-e5e3-452a-ad8b-dae167bcc211",
      "GroupPath": "Config/LevelOutput/Group/Groups_P20004_F20004001/LevelGroup_P20004_F20004001_G51.json",
      "DimensionFilter": {},
      "Name": "N4Gate Group",
      "ID": 51
    },
    {
      "GroupGUID": "b67af912-3df6-4e44-9271-9e9150561364",
      "GroupPath": "Config/LevelOutput/Group/Groups_P20004_F20004001/LevelGroup_P20004_F20004001_G53.json",
      "DimensionFilter": {},
      "Name": "AtmosphereGroup",
      "ID": 53
    },
    {
      "GroupGUID": "e38f1475-a876-4b0c-920f-db25f29aa0e7",
      "GroupPath": "Config/LevelOutput/Group/Groups_P20004_F20004001/LevelGroup_P20004_F20004001_G54.json",
      "Name": "normal npc1",
      "ID": 54
    },
    {
      "GroupGUID": "3bc3fdd6-0fda-432a-a6e1-7ef76543b0fd",
      "GroupPath": "Config/LevelOutput/Group/Groups_P20004_F20004001/LevelGroup_P20004_F20004001_G55.json",
      "Name": "normal npc2",
      "ID": 55
    },
    {
      "GroupGUID": "9d2dd0c8-041f-41cf-9e3c-47327abe9f0b",
      "GroupPath": "Config/LevelOutput/Group/Groups_P20004_F20004001/LevelGroup_P20004_F20004001_G56.json",
      "Name": "normal npc3",
      "ID": 56
    },
    {
      "GroupGUID": "61b4ac54-8ede-4ab9-a2a1-b8b83671e9b9",
      "GroupPath": "Config/LevelOutput/Group/Groups_P20004_F20004001/LevelGroup_P20004_F20004001_G57.json",
      "Name": "normal npc4",
      "ID": 57
    },
    {
      "GroupGUID": "1fba1025-9e50-4f4a-859d-ae6a8f60bc72",
      "GroupPath": "Config/LevelOutput/Group/Groups_P20004_F20004001/LevelGroup_P20004_F20004001_G58.json",
      "Name": "normal npc5",
      "ID": 58
    },
    {
      "GroupGUID": "bc63d6ea-e184-4076-8afb-9f303ef520b5",
      "GroupPath": "Config/LevelOutput/Group/Groups_P20004_F20004001/LevelGroup_P20004_F20004001_G59.json",
      "Name": "normal npc6",
      "ID": 59
    },
    {
      "GroupGUID": "a9c86b83-6f40-468a-a61f-08387d222743",
      "GroupPath": "Config/LevelOutput/Group/Groups_P20004_F20004001/LevelGroup_P20004_F20004001_G60.json",
      "Name": "normal npc7",
      "ID": 60
    },
    {
      "GroupGUID": "4cc8f653-4d94-42fb-bfb3-3d240e3eb089",
      "GroupPath": "Config/LevelOutput/Group/Groups_P20004_F20004001/LevelGroup_P20004_F20004001_G61.json",
      "Name": "normal npc8",
      "ID": 61
    },
    {
      "GroupGUID": "b3c583ca-c9b1-4691-b024-d17958f1b75b",
      "GroupPath": "Config/LevelOutput/Group/Groups_P20004_F20004001/LevelGroup_P20004_F20004001_G73.json",
      "DimensionFilter": {},
      "Name": "normal npc18",
      "ID": 73
    },
    {
      "GroupGUID": "cd4e2099-adb3-4838-a792-f0d31ae0521a",
      "GroupPath": "Config/LevelOutput/Group/Groups_P20004_F20004001/LevelGroup_P20004_F20004001_G62.json",
      "Name": "normal npc9",
      "ID": 62
    },
    {
      "GroupGUID": "9205ef99-e450-4c14-bca2-655fdf8f4fd4",
      "GroupPath": "Config/LevelOutput/Group/Groups_P20004_F20004001/LevelGroup_P20004_F20004001_G63.json",
      "Name": "normal npc10",
      "ID": 63
    },
    {
      "GroupGUID": "712afa78-ba73-4e30-a13e-65898b6cd079",
      "GroupPath": "Config/LevelOutput/Group/Groups_P20004_F20004001/LevelGroup_P20004_F20004001_G64.json",
      "Name": "normal npc11",
      "ID": 64
    },
    {
      "GroupGUID": "56fede86-d5ff-42be-85d0-4635f449a731",
      "GroupPath": "Config/LevelOutput/Group/Groups_P20004_F20004001/LevelGroup_P20004_F20004001_G65.json",
      "Name": "normal npc12",
      "ID": 65
    },
    {
      "GroupGUID": "cc873cde-fa63-4344-8178-34014e9a423d",
      "GroupPath": "Config/LevelOutput/Group/Groups_P20004_F20004001/LevelGroup_P20004_F20004001_G66.json",
      "Name": "normal npc13",
      "ID": 66
    },
    {
      "GroupGUID": "c86fa86c-87f2-4bc8-a05d-a5725c9b5ae7",
      "GroupPath": "Config/LevelOutput/Group/Groups_P20004_F20004001/LevelGroup_P20004_F20004001_G67.json",
      "DimensionFilter": {},
      "Name": "normal npc14",
      "ID": 67
    },
    {
      "GroupGUID": "e1a8e998-f854-4ee7-b667-e2db4937dc59",
      "GroupPath": "Config/LevelOutput/Group/Groups_P20004_F20004001/LevelGroup_P20004_F20004001_G68.json",
      "Name": "normal npc15",
      "ID": 68
    },
    {
      "GroupGUID": "1417065e-7d98-41a3-a2d2-d6b1a1d50ae2",
      "GroupPath": "Config/LevelOutput/Group/Groups_P20004_F20004001/LevelGroup_P20004_F20004001_G69.json",
      "Name": "normal npc16",
      "ID": 69
    },
    {
      "GroupGUID": "832c5fd0-f9fb-4765-abc1-3a3c69b6707d",
      "GroupPath": "Config/LevelOutput/Group/Groups_P20004_F20004001/LevelGroup_P20004_F20004001_G70.json",
      "DimensionFilter": {},
      "Name": "normal npc17",
      "ID": 70
    },
    {
      "GroupGUID": "25a43e8b-2e16-48b0-8a62-f6e00c9ae1bb",
      "GroupPath": "Config/LevelOutput/Group/Groups_P20004_F20004001/LevelGroup_P20004_F20004001_G75.json",
      "DimensionFilter": {},
      "Name": "MainMission2001001_Polymer_Plinter_1",
      "ID": 75
    },
    {
      "GroupGUID": "455b8b35-f943-4ce3-a821-1a935e4e8500",
      "GroupPath": "Config/LevelOutput/Group/Groups_P20004_F20004001/LevelGroup_P20004_F20004001_G76.json",
      "DimensionFilter": {},
      "Name": "MainMission2001001_28",
      "ID": 76
    },
    {
      "GroupGUID": "43deb5e8-3123-4106-8063-360bf5d3d2f3",
      "GroupPath": "Config/LevelOutput/Group/Groups_P20004_F20004001/LevelGroup_P20004_F20004001_G77.json",
      "DimensionFilter": {},
      "Name": "MainMission2001001_00",
      "ID": 77
    },
    {
      "GroupGUID": "7fa34772-8a35-4614-ad08-306167d34d0b",
      "GroupPath": "Config/LevelOutput/Group/Groups_P20004_F20004001/LevelGroup_P20004_F20004001_G78.json",
      "DimensionFilter": {},
      "Name": "Find",
      "ID": 78
    },
    {
      "GroupGUID": "195f894f-04f0-4389-bd39-ad9956634051",
      "GroupPath": "Config/LevelOutput/Group/Groups_P20004_F20004001/LevelGroup_P20004_F20004001_G79.json",
      "DimensionFilter": {},
      "Name": "MainMission2001001_47",
      "ID": 79
    },
    {
      "GroupGUID": "7375ccdc-3cc5-45b5-ac37-3fb4027d4a5c",
      "GroupPath": "Config/LevelOutput/Group/Groups_P20004_F20004001/LevelGroup_P20004_F20004001_G83.json",
      "DimensionFilter": {},
      "Name": "Polymer_Throne",
      "ID": 83
    },
    {
      "GroupGUID": "c0a150c1-a394-4221-9527-702c7a53644c",
      "GroupPath": "Config/LevelOutput/Group/Groups_P20004_F20004001/LevelGroup_P20004_F20004001_G84.json",
      "DimensionFilter": {},
      "Name": "MainMission2001001_Polymer_Plant",
      "ID": 84
    },
    {
      "GroupGUID": "0d5333e4-b3bc-4e68-ac54-57e343577f61",
      "GroupPath": "Config/LevelOutput/Group/Groups_P20004_F20004001/LevelGroup_P20004_F20004001_G86.json",
      "DimensionFilter": {},
      "Name": "MainMission80162",
      "ID": 86
    },
    {
      "GroupGUID": "9877cd25-96e9-4ed0-8d57-962c27d520b6",
      "GroupPath": "Config/LevelOutput/Group/Groups_P20004_F20004001/LevelGroup_P20004_F20004001_G90.json",
      "DimensionFilter": {},
      "Name": "MainMission8016203_06",
      "ID": 90
    },
    {
      "GroupGUID": "45dd9c57-728f-48a7-97a7-9c47a40837d0",
      "GroupPath": "Config/LevelOutput/Group/Groups_P20004_F20004001/LevelGroup_P20004_F20004001_G91.json",
      "DimensionFilter": {},
      "Name": "MainMission8016203_07",
      "ID": 91
    },
    {
      "GroupGUID": "ea60b6a2-dfdb-483a-8cb5-04685366eac4",
      "GroupPath": "Config/LevelOutput/Group/Groups_P20004_F20004001/LevelGroup_P20004_F20004001_G92.json",
      "DimensionFilter": {},
      "Name": "MainMission8016202_01NPC",
      "ID": 92
    },
    {
      "GroupGUID": "4e26f470-284a-4605-9172-c5c22f17780e",
      "GroupPath": "Config/LevelOutput/Group/Groups_P20004_F20004001/LevelGroup_P20004_F20004001_G93.json",
      "DimensionFilter": {},
      "Name": "MainMission8016202_01Pro",
      "ID": 93
    },
    {
      "GroupGUID": "89346a4b-fc2b-4874-904e-de5006de007a",
      "GroupPath": "Config/LevelOutput/Group/Groups_P20004_F20004001/LevelGroup_P20004_F20004001_G94.json",
      "DimensionFilter": {},
      "Name": "MainMission2001001_Polymer_Plinter_2",
      "ID": 94
    },
    {
      "GroupGUID": "dc7de805-0289-4a12-9dda-c5fb9368b9e2",
      "GroupPath": "Config/LevelOutput/Group/Groups_P20004_F20004001/LevelGroup_P20004_F20004001_G95.json",
      "DimensionFilter": {},
      "Name": "Polymer_Sphere",
      "ID": 95
    },
    {
      "GroupGUID": "cde752ec-8f96-412b-9098-6c342f1c52f8",
      "GroupPath": "Config/LevelOutput/Group/Groups_P20004_F20004001/LevelGroup_P20004_F20004001_G97.json",
      "DimensionFilter": {},
      "Name": "LockedDoor",
      "ID": 97
    },
    {
      "GroupGUID": "e038b5b0-b847-4839-a251-1d449b550b5e",
      "GroupPath": "Config/LevelOutput/Group/Groups_P20004_F20004001/LevelGroup_P20004_F20004001_G98.json",
      "DimensionFilter": {},
      "Name": "MainMission8016203_08",
      "ID": 98
    },
    {
      "GroupGUID": "78ec9981-9269-44c8-8339-31b14e48d435",
      "GroupPath": "Config/LevelOutput/Group/Groups_P20004_F20004001/LevelGroup_P20004_F20004001_G100.json",
      "DimensionFilter": {},
      "Name": "BlockStateSave",
      "ID": 100
    },
    {
      "GroupGUID": "5e9707d3-8dd4-4e2f-8617-1c93f64ae73c",
      "GroupPath": "Config/LevelOutput/Group/Groups_P20004_F20004001/LevelGroup_P20004_F20004001_G101.json",
      "DimensionFilter": {},
      "Name": "Pets Group",
      "ID": 101
    },
    {
      "GroupGUID": "6b4cad09-9358-4451-856a-9bd982210029",
      "GroupPath": "Config/LevelOutput/Group/Groups_P20004_F20004001/LevelGroup_P20004_F20004001_G102.json",
      "DimensionFilter": {},
      "Name": "1FPolymer",
      "ID": 102
    },
    {
      "GroupGUID": "b0fc18f5-396a-4f91-a211-54031d10ba5d",
      "GroupPath": "Config/LevelOutput/Group/Groups_P20004_F20004001/LevelGroup_P20004_F20004001_G103.json",
      "DimensionFilter": {},
      "Name": "MainMission2001001_ElevatorDecal",
      "ID": 103
    },
    {
      "GroupGUID": "c8fd29fd-2bce-46c0-9d4c-c1cc915983b9",
      "GroupPath": "Config/LevelOutput/Group/Groups_P20004_F20004001/LevelGroup_P20004_F20004001_G104.json",
      "DimensionFilter": {},
      "Name": "MainMission2001001_3201",
      "ID": 104
    },
    {
      "GroupGUID": "2de5f989-4c54-4ad8-b1a2-e79f75b1dbb8",
      "GroupPath": "Config/LevelOutput/Group/Groups_P20004_F20004001/LevelGroup_P20004_F20004001_G106.json",
      "DimensionFilter": {},
      "Name": "MainMission8016201_02",
      "ID": 106
    },
    {
      "GroupGUID": "075f308d-e4ad-4d75-bb56-6db3310ec4a1",
      "GroupPath": "Config/LevelOutput/Group/Groups_P20004_F20004001/LevelGroup_P20004_F20004001_G107.json",
      "DimensionFilter": {},
      "Name": "Polymer_Plinter",
      "ID": 107
    },
    {
      "GroupGUID": "56eefd72-c938-4511-a8ae-d3ed6d836f02",
      "GroupPath": "Config/LevelOutput/Group/Groups_P20004_F20004001/LevelGroup_P20004_F20004001_G108.json",
      "DimensionFilter": {},
      "Name": "Shelter Group",
      "ID": 108
    },
    {
      "GroupGUID": "687a4612-dcee-4c46-901f-844c93d38c57",
      "GroupPath": "Config/LevelOutput/Group/Groups_P20004_F20004001/LevelGroup_P20004_F20004001_G111.json",
      "DimensionFilter": {},
      "Name": "MainMission2001001_55",
      "ID": 111
    },
    {
      "GroupGUID": "62db60a7-b8c2-4145-9525-854d27509f91",
      "GroupPath": "Config/LevelOutput/Group/Groups_P20004_F20004001/LevelGroup_P20004_F20004001_G113.json",
      "DimensionFilter": {},
      "Name": "MainMission2001001_Sound",
      "ID": 113
    },
    {
      "GroupGUID": "c6475be4-c34d-4a4d-81bd-f12496d36834",
      "GroupPath": "Config/LevelOutput/Group/Groups_P20004_F20004001/LevelGroup_P20004_F20004001_G114.json",
      "DimensionFilter": {},
      "Name": "Sound",
      "ID": 114
    },
    {
      "GroupGUID": "35e6e61d-6211-4f81-a1a1-b9d17daf4f23",
      "GroupPath": "Config/LevelOutput/Group/Groups_P20004_F20004001/LevelGroup_P20004_F20004001_G117.json",
      "DimensionFilter": {},
      "Name": "RaidEntrance",
      "ID": 117
    },
    {
      "GroupGUID": "4bb27392-3710-4483-a9b0-733a99b4f424",
      "GroupPath": "Config/LevelOutput/Group/Groups_P20004_F20004001/LevelGroup_P20004_F20004001_G118.json",
      "DimensionFilter": {},
      "Name": "MainMission4140117_01",
      "ID": 118
    },
    {
      "GroupGUID": "591e1086-e1cd-4cd1-a8d2-e73ee94d388b",
      "GroupPath": "Config/LevelOutput/Group/Groups_P20004_F20004001/LevelGroup_P20004_F20004001_G119.json",
      "DimensionFilter": {},
      "Name": "MainMission2001003_MainMission2001003_03",
      "ID": 119
    },
    {
      "GroupGUID": "b2f4e77a-a953-406b-a70b-f930c5a39a30",
      "GroupPath": "Config/LevelOutput/Group/Groups_P20004_F20004001/LevelGroup_P20004_F20004001_G121.json",
      "DimensionFilter": {},
      "Name": "MainMission8016201_03",
      "ID": 121
    },
    {
      "GroupGUID": "3714f617-d823-47b4-be13-0667b936d978",
      "GroupPath": "Config/LevelOutput/Group/Groups_P20004_F20004001/LevelGroup_P20004_F20004001_G122.json",
      "DimensionFilter": {},
      "Name": "MainMission8016201_05",
      "ID": 122
    },
    {
      "GroupGUID": "f1e4e10d-6ea1-4418-9d3b-c2d719139cc7",
      "GroupPath": "Config/LevelOutput/Group/Groups_P20004_F20004001/LevelGroup_P20004_F20004001_G123.json",
      "DimensionFilter": {},
      "Name": "MainMission8016202_02",
      "ID": 123
    },
    {
      "GroupGUID": "dc3c0f23-131f-48e0-86ff-6463a8de9d5e",
      "GroupPath": "Config/LevelOutput/Group/Groups_P20004_F20004001/LevelGroup_P20004_F20004001_G125.json",
      "DimensionFilter": {},
      "Name": "MainMission8016201_02",
      "ID": 125
    },
    {
      "GroupGUID": "b79123ae-1d14-43b5-85e5-6f8beb9c95eb",
      "GroupPath": "Config/LevelOutput/Group/Groups_P20004_F20004001/LevelGroup_P20004_F20004001_G127.json",
      "DimensionFilter": {},
      "Name": "MainMission4140116_01",
      "ID": 127
    },
    {
      "GroupGUID": "dc520398-aa96-4104-abcb-ee74c6a7cbba",
      "GroupPath": "Config/LevelOutput/Group/Groups_P20004_F20004001/LevelGroup_P20004_F20004001_G128.json",
      "DimensionFilter": {},
      "Name": "Find",
      "ID": 128
    },
    {
      "GroupGUID": "cd0338c0-1461-4bf1-b117-1da68c8c17f4",
      "GroupPath": "Config/LevelOutput/Group/Groups_P20004_F20004001/LevelGroup_P20004_F20004001_G129.json",
      "DimensionFilter": {},
      "Name": "MainMission2000901_01",
      "ID": 129
    },
    {
      "GroupGUID": "ffbcb8d4-b702-4bc3-b191-48ecdd536aa0",
      "GroupPath": "Config/LevelOutput/Group/Groups_P20004_F20004001/LevelGroup_P20004_F20004001_G130.json",
      "DimensionFilter": {},
      "Name": "MainMission2000901_08",
      "ID": 130
    },
    {
      "GroupGUID": "75d7957a-d68a-4943-acf1-ddee05c8692e",
      "GroupPath": "Config/LevelOutput/Group/Groups_P20004_F20004001/LevelGroup_P20004_F20004001_G131.json",
      "DimensionFilter": {},
      "Name": "MainMission8016202_01",
      "ID": 131
    },
    {
      "GroupGUID": "68698e51-6cb3-425f-a98d-8d09ac929248",
      "GroupPath": "Config/LevelOutput/Group/Groups_P20004_F20004001/LevelGroup_P20004_F20004001_G132.json",
      "DimensionFilter": {},
      "Name": "MainMission8016201_07",
      "ID": 132
    },
    {
      "GroupGUID": "641208d7-9bef-49d7-a56e-e8eb6a53c81a",
      "GroupPath": "Config/LevelOutput/Group/Groups_P20004_F20004001/LevelGroup_P20004_F20004001_G133.json",
      "DimensionFilter": {},
      "Name": "MainMission8016202_05",
      "ID": 133
    },
    {
      "GroupGUID": "e3b4f460-22dd-4f4f-a6e3-ad221587f878",
      "GroupPath": "Config/LevelOutput/Group/Groups_P20004_F20004001/LevelGroup_P20004_F20004001_G134.json",
      "DimensionFilter": {},
      "Name": "MainMission8016202_07",
      "ID": 134
    },
    {
      "GroupGUID": "34bb1c6c-9b5b-4946-8359-ac8b388e7fb6",
      "GroupPath": "Config/LevelOutput/Group/Groups_P20004_F20004001/LevelGroup_P20004_F20004001_G135.json",
      "DimensionFilter": {},
      "Name": "MainMission8016203_04",
      "ID": 135
    },
    {
      "GroupGUID": "5cfca709-e1d8-4b3a-a4f2-5d5f7f26efa7",
      "GroupPath": "Config/LevelOutput/Group/Groups_P20004_F20004001/LevelGroup_P20004_F20004001_G136.json",
      "DimensionFilter": {},
      "Name": "MainMission4140118_01",
      "ID": 136
    },
    {
      "GroupGUID": "c92a5748-bb31-428a-8443-4101e5f7bd7f",
      "GroupPath": "Config/LevelOutput/Group/Groups_P20004_F20004001/LevelGroup_P20004_F20004001_G137.json",
      "DimensionFilter": {},
      "Name": "MainMission4140118_01",
      "ID": 137
    },
    {
      "GroupGUID": "dc1bb109-198f-42d4-bc66-14c401551981",
      "GroupPath": "Config/LevelOutput/Group/Groups_P20004_F20004001/LevelGroup_P20004_F20004001_G138.json",
      "DimensionFilter": {},
      "Name": "MainMission4140118_01",
      "ID": 138
    },
    {
      "GroupGUID": "a8c33001-c0b8-45ed-8170-45cb0f558af6",
      "GroupPath": "Config/LevelOutput/Group/Groups_P20004_F20004001/LevelGroup_P20004_F20004001_G142.json",
      "DimensionFilter": {},
      "Name": "MainMission4140118_04",
      "ID": 142
    },
    {
      "GroupGUID": "bc55ec88-5a69-47b8-a29b-336e6dbe93a4",
      "GroupPath": "Config/LevelOutput/Group/Groups_P20004_F20004001/LevelGroup_P20004_F20004001_G143.json",
      "DimensionFilter": {},
      "Name": "New Group",
      "ID": 143
    },
    {
      "GroupGUID": "4cdcf7ca-a2bf-4885-9395-56170c3b6eb1",
      "GroupPath": "Config/LevelOutput/Group/Groups_P20004_F20004001/LevelGroup_P20004_F20004001_G144.json",
      "DimensionFilter": {},
      "Name": "MainMission8016202_New Group",
      "ID": 144
    },
    {
      "GroupGUID": "c7668f01-2ea7-4cbd-8b75-2ab7002d2ca0",
      "GroupPath": "Config/LevelOutput/Group/Groups_P20004_F20004001/LevelGroup_P20004_F20004001_G145.json",
      "DimensionFilter": {},
      "Name": "MainMission8016202_New Group",
      "ID": 145
    },
    {
      "GroupGUID": "77e727d4-7e0b-466c-8ab6-f7ff90accc62",
      "GroupPath": "Config/LevelOutput/Group/Groups_P20004_F20004001/LevelGroup_P20004_F20004001_G161.json",
      "DimensionFilter": {},
      "Name": "MainMission8016202_New Group",
      "ID": 161
    },
    {
      "GroupGUID": "a87ee82b-2c82-4bed-8ce6-0f1c6fc24fac",
      "GroupPath": "Config/LevelOutput/Group/Groups_P20004_F20004001/LevelGroup_P20004_F20004001_G160.json",
      "DimensionFilter": {},
      "Name": "MainMission8016202_New Group",
      "ID": 160
    },
    {
      "GroupGUID": "cefa9a78-c50a-4a58-b5cd-476fc0ba4c98",
      "GroupPath": "Config/LevelOutput/Group/Groups_P20004_F20004001/LevelGroup_P20004_F20004001_G146.json",
      "DimensionFilter": {},
      "Name": "MainMission8016202_New Group",
      "ID": 146
    },
    {
      "GroupGUID": "8f423d39-610d-4259-8e0d-ce7bf753cdce",
      "GroupPath": "Config/LevelOutput/Group/Groups_P20004_F20004001/LevelGroup_P20004_F20004001_G162.json",
      "DimensionFilter": {},
      "Name": "MainMission8016202_New Group1",
      "ID": 162
    },
    {
      "GroupGUID": "d33c1385-0b80-43a5-90bc-8e2e262903d5",
      "GroupPath": "Config/LevelOutput/Group/Groups_P20004_F20004001/LevelGroup_P20004_F20004001_G148.json",
      "DimensionFilter": {},
      "Name": "Ruanmei Door",
      "ID": 148
    },
    {
      "GroupGUID": "c7bc8520-8613-4a69-9f80-37c040ebdbea",
      "GroupPath": "Config/LevelOutput/Group/Groups_P20004_F20004001/LevelGroup_P20004_F20004001_G149.json",
      "DimensionFilter": {},
      "Name": "Book",
      "ID": 149
    },
    {
      "GroupGUID": "fb904aa7-0e6c-4556-90ee-747a7d281ecb",
      "GroupPath": "Config/LevelOutput/Group/Groups_P20004_F20004001/LevelGroup_P20004_F20004001_G150.json",
      "DimensionFilter": {},
      "Name": "Book",
      "ID": 150
    },
    {
      "GroupGUID": "7c1d8f1d-3767-4d34-b8e1-59fcc1554ebe",
      "GroupPath": "Config/LevelOutput/Group/Groups_P20004_F20004001/LevelGroup_P20004_F20004001_G151.json",
      "DimensionFilter": {},
      "Name": "MainMission4140119_01",
      "ID": 151
    },
    {
      "GroupGUID": "8583b5e2-3dc9-43b4-8987-ebc11c056f5f",
      "GroupPath": "Config/LevelOutput/Group/Groups_P20004_F20004001/LevelGroup_P20004_F20004001_G153.json",
      "DimensionFilter": {},
      "Name": "MainMission4140120_01",
      "ID": 153
    },
    {
      "GroupGUID": "b0be3221-5440-454c-b438-600e6fc09d9a",
      "GroupPath": "Config/LevelOutput/Group/Groups_P20004_F20004001/LevelGroup_P20004_F20004001_G154.json",
      "DimensionFilter": {},
      "Name": "MainMission4140121_01",
      "ID": 154
    },
    {
      "GroupGUID": "85226d6d-c692-4a4d-9815-bd7d07432cd2",
      "GroupPath": "Config/LevelOutput/Group/Groups_P20004_F20004001/LevelGroup_P20004_F20004001_G155.json",
      "DimensionFilter": {},
      "Name": "MainMission4140121_02",
      "ID": 155
    },
    {
      "GroupGUID": "e8dec40f-1bef-4a91-b7b7-519d5bf8c099",
      "GroupPath": "Config/LevelOutput/Group/Groups_P20004_F20004001/LevelGroup_P20004_F20004001_G156.json",
      "DimensionFilter": {},
      "Name": "MainMission4140121_03",
      "ID": 156
    },
    {
      "GroupGUID": "0890f43b-4c88-4be2-a765-1f615be75bcd",
      "GroupPath": "Config/LevelOutput/Group/Groups_P20004_F20004001/LevelGroup_P20004_F20004001_G159.json",
      "DimensionFilter": {},
      "Name": "FindRoom1",
      "ID": 159
    },
    {
      "GroupGUID": "569a466c-15ca-4579-aad2-3f0ac682c9c2",
      "GroupPath": "Config/LevelOutput/Group/Groups_P20004_F20004001/LevelGroup_P20004_F20004001_G157.json",
      "DimensionFilter": {},
      "Name": "FindRoom2",
      "ID": 157
    },
    {
      "GroupGUID": "fe86b8fb-165b-4b79-b387-6cd5e629ee8d",
      "GroupPath": "Config/LevelOutput/Group/Groups_P20004_F20004001/LevelGroup_P20004_F20004001_G158.json",
      "DimensionFilter": {},
      "Name": "FindRoom3",
      "ID": 158
    },
    {
      "GroupGUID": "1d132036-6311-44c7-a7ea-2282763f51b3",
      "GroupPath": "Config/LevelOutput/Group/Groups_P20004_F20004001/LevelGroup_P20004_F20004001_G163.json",
      "DimensionFilter": {},
      "Name": "MainMission2001001_45",
      "ID": 163
    },
    {
      "GroupGUID": "93781e47-9db5-4345-8a1c-470653724f4a",
      "GroupPath": "Config/LevelOutput/Group/Groups_P20004_F20004001/LevelGroup_P20004_F20004001_G166.json",
      "DimensionFilter": {},
      "Name": "Pets Group",
      "ID": 166
    },
    {
      "GroupGUID": "05331e13-0190-4eb8-b2dc-cd6c996a7670",
      "GroupPath": "Config/LevelOutput/Group/Groups_P20004_F20004001/LevelGroup_P20004_F20004001_G168.json",
      "DimensionFilter": {},
      "Name": "MainMission80162_Teleport",
      "ID": 168
    },
    {
      "GroupGUID": "0c9e05d0-2691-46fa-88af-2291ad738a5f",
      "GroupPath": "Config/LevelOutput/Group/Groups_P20004_F20004001/LevelGroup_P20004_F20004001_G169.json",
      "DimensionFilter": {},
      "Name": "MainMission4140119_KelalaCake1",
      "ID": 169
    },
    {
      "GroupGUID": "2bc7fed2-7e92-4882-a513-eb1b88eec086",
      "GroupPath": "Config/LevelOutput/Group/Groups_P20004_F20004001/LevelGroup_P20004_F20004001_G170.json",
      "DimensionFilter": {},
      "Name": "MainMission4140119_KelalaCake2",
      "ID": 170
    },
    {
      "GroupGUID": "560cc721-5fcc-4fe3-9060-db43167f72f1",
      "GroupPath": "Config/LevelOutput/Group/Groups_P20004_F20004001/LevelGroup_P20004_F20004001_G171.json",
      "DimensionFilter": {},
      "Name": "MainMission8016202_12",
      "ID": 171
    },
    {
      "GroupGUID": "cc5544a8-87b5-4b5a-8c6d-fd17d5278e55",
      "GroupPath": "Config/LevelOutput/Group/Groups_P20004_F20004001/LevelGroup_P20004_F20004001_G172.json",
      "DimensionFilter": {},
      "Name": "MainMission2030301_New Group",
      "ID": 172
    },
    {
      "GroupGUID": "846378d0-1bc9-401c-9a01-6fae1d3fcc44",
      "GroupPath": "Config/LevelOutput/Group/Groups_P20004_F20004001/LevelGroup_P20004_F20004001_G173.json",
      "DimensionFilter": {},
      "Name": "MainMission2030301_New Group",
      "ID": 173
    },
    {
      "GroupGUID": "15725ea9-2a1b-4925-bdbb-ea962cba684d",
      "GroupPath": "Config/LevelOutput/Group/Groups_P20004_F20004001/LevelGroup_P20004_F20004001_G174.json",
      "DimensionFilter": {},
      "Name": "MainMission2030301_New Group",
      "ID": 174
    },
    {
      "GroupGUID": "d4d33573-2707-4321-8e43-9d9a78cf12ce",
      "GroupPath": "Config/LevelOutput/Group/Groups_P20004_F20004001/LevelGroup_P20004_F20004001_G175.json",
      "DimensionFilter": {},
      "Name": "MainMission2030301_New Group",
      "ID": 175
    },
    {
      "GroupGUID": "9792a897-2bf1-4b0b-8663-716c48637508",
      "GroupPath": "Config/LevelOutput/Group/Groups_P20004_F20004001/LevelGroup_P20004_F20004001_G176.json",
      "DimensionFilter": {},
      "Name": "MainMission2030301_New Group",
      "ID": 176
    },
    {
      "GroupGUID": "d8145612-1e69-4491-9dc6-e793f4a52c82",
      "GroupPath": "Config/LevelOutput/Group/Groups_P20004_F20004001/LevelGroup_P20004_F20004001_G177.json",
      "DimensionFilter": {},
      "Name": "MainMission2030301_New Group",
      "ID": 177
    },
    {
      "GroupGUID": "6743c151-19d6-4d88-9dc6-7a218bc2d725",
      "GroupPath": "Config/LevelOutput/Group/Groups_P20004_F20004001/LevelGroup_P20004_F20004001_G178.json",
      "DimensionFilter": {},
      "Name": "MainMission2030301_New Group",
      "ID": 178
    },
    {
      "GroupGUID": "8532a57d-2614-45c1-b0e7-941bff2c33d6",
      "GroupPath": "Config/LevelOutput/Group/Groups_P20004_F20004001/LevelGroup_P20004_F20004001_G179.json",
      "DimensionFilter": {},
      "Name": "MainMission2030301_New Group",
      "ID": 179
    },
    {
      "GroupGUID": "2efe1f51-99d1-4cc3-9dcc-c33057f03568",
      "GroupPath": "Config/LevelOutput/Group/Groups_P20004_F20004001/LevelGroup_P20004_F20004001_G180.json",
      "DimensionFilter": {},
      "Name": "MainMission2030301_New Group",
      "ID": 180
    },
    {
      "GroupGUID": "5b173982-9ae6-46d6-be54-6a571cd8292a",
      "GroupPath": "Config/LevelOutput/Group/Groups_P20004_F20004001/LevelGroup_P20004_F20004001_G181.json",
      "DimensionFilter": {},
      "Name": "MainMission2030301_NewGroup",
      "ID": 181
    },
    {
      "GroupGUID": "23fe0361-1548-4b4c-a9b4-5aad3b41020f",
      "GroupPath": "Config/LevelOutput/Group/Groups_P20004_F20004001/LevelGroup_P20004_F20004001_G182.json",
      "DimensionFilter": {},
      "Name": "MainMission2030301_New Group",
      "ID": 182
    },
    {
      "GroupGUID": "a228f532-ade3-4e1b-81a9-7483360f4e93",
      "GroupPath": "Config/LevelOutput/Group/Groups_P20004_F20004001/LevelGroup_P20004_F20004001_G184.json",
      "DimensionFilter": {},
      "Name": "MainMission2030301_New Group",
      "ID": 184
    },
    {
      "GroupGUID": "c4f37305-6412-4b0b-bc9b-be709fec8192",
      "GroupPath": "Config/LevelOutput/Group/Groups_P20004_F20004001/LevelGroup_P20004_F20004001_G186.json",
      "DimensionFilter": {},
      "Name": "MainMission2030301_New Group",
      "ID": 186
    }
  ],
  "DefaultEnviroProfile": "Stages/Outputs/Chapter00/EnviroProfile/Chap00_CloseView_MAZ_N401_01_Day.enviroProfile.asset",
  "StageData": "Stages/Outputs/Chapter00/Stages/Chap00_MAZ_N401_MainLine_01_StageData/Chap00_MAZ_N401_MainLine_01_StageData.stage",
  "TimeOfDayEnviroProfileMap": {},
  "LayerToAreaMask": [
    8,
    16,
    32
  ],
  "FloorCustomData": {
    "SavedValues": [
      {
        "ID": 8,
        "Name": "DoorController_1",
        "AllowedValues": [
          0,
          1
        ],
        "MaxValue": 1
      },
      {
        "ID": 9,
        "Name": "DoorController_2",
        "AllowedValues": [
          0,
          1
        ],
        "MaxValue": 1
      },
      {
        "ID": 10,
        "Name": "Polymer_Splinter",
        "DefaultValue": 1,
        "AllowedValues": [
          0,
          1
        ],
        "MaxValue": 1
      },
      {
        "ID": 11,
        "Name": "Polymer_Throne",
        "AllowedValues": [
          0,
          1
        ],
        "MaxValue": 1
      },
      {
        "ID": 12,
        "Name": "Polymer_Plant",
        "DefaultValue": 1,
        "AllowedValues": [
          0,
          1
        ],
        "MaxValue": 1
      },
      {
        "ID": 15,
        "Name": "DoorController_Boss",
        "AllowedValues": [
          0,
          1
        ],
        "MaxValue": 1
      },
      {
        "ID": 16,
        "Name": "SceneStateByMainMission",
        "AllowedValues": [
          0,
          1
        ],
        "MaxValue": 1
      },
      {
        "ID": 17,
        "Name": "DoorController_DR_Ratio",
        "AllowedValues": [
          0,
          1
        ],
        "MaxValue": 1
      },
      {
        "ID": 18,
        "Name": "DoorController_CenterControll",
        "AllowedValues": [
          0,
          1
        ],
        "MaxValue": 1
      },
      {
        "ID": 19,
        "Name": "DoorController_Ruanmei",
        "AllowedValues": [
          0,
          1
        ],
        "MaxValue": 1
      },
      {
        "ID": 21,
        "Name": "BlockStateSave",
        "AllowedValues": [
          0,
          1
        ],
        "MaxValue": 1
      },
      {
        "ID": 22,
        "Name": "Polymer_B2Trash",
        "AllowedValues": [
          0,
          1
        ],
        "MaxValue": 1
      },
      {
        "ID": 24,
        "Name": "RaidCondition",
        "AllowedValues": [
          0,
          1
        ],
        "MaxValue": 1
      },
      {
        "ID": 25,
        "Name": "SpaceZooEntrance",
        "AllowedValues": [
          0,
          1
        ],
        "MaxValue": 1
      },
      {
        "ID": 26,
        "Name": "KelalaCakeRescue",
        "AllowedValues": [
          0,
          1
        ],
        "MaxValue": 1
      },
      {
        "ID": 28,
        "Name": "DoorController_Plant",
        "AllowedValues": [
          0,
          1
        ],
        "MaxValue": 1
      }
    ]
  },
  "BattleAreaList": [],
  "DimensionList": [
    {}
  ],
  "NavmapConfigPath": "Config/LevelOutput/Map/MapInfo_P20004_F20004001.json",
  "EnableGroupStreaming": false,
  "IsRestartLevelGraph": false
}