{
  "FloorID": 20101001,
  "FloorName": "FloorName_20101001",
  "StartGroupID": 2,
  "StartAnchorID": 2,
  "GroupList": [
    {
      "GroupGUID": "21d214ed-7c1e-436b-84e5-2e20787c70e0",
      "GroupPath": "Config/LevelOutput/Group/Groups_P20101_F20101001/LevelGroup_P20101_F20101001_G2.json",
      "Name": "DefaultData",
      "ID": 2
    },
    {
      "GroupGUID": "6de9099c-03f3-4c49-934f-49326cc6247d",
      "GroupPath": "Config/LevelOutput/Group/Groups_P20101_F20101001/LevelGroup_P20101_F20101001_G17.json",
      "Name": "出生点",
      "ID": 17
    },
    {
      "GroupGUID": "0086eded-16fa-4b85-be4e-e6f1f8c0365d",
      "GroupPath": "Config/LevelOutput/Group/Groups_P20101_F20101001/LevelGroup_P20101_F20101001_G14.json",
      "Name": "DefaultProp",
      "ID": 14
    },
    {
      "GroupGUID": "ce3cc1d2-fc37-4e07-9416-8ebacb4faa34",
      "GroupPath": "Config/LevelOutput/Group/Groups_P20101_F20101001/LevelGroup_P20101_F20101001_G16.json",
      "Name": "DefaultEndline",
      "ID": 16
    },
    {
      "GroupGUID": "f2cde1cb-73a3-455d-b104-c462c7ec3be4",
      "GroupPath": "Config/LevelOutput/Group/Groups_P20101_F20101001/LevelGroup_P20101_F20101001_G18.json",
      "Name": "DefaultChest",
      "ID": 18
    },
    {
      "GroupGUID": "9f650103-3b8a-46c9-a9b8-43e470f99abe",
      "GroupPath": "Config/LevelOutput/Group/Groups_P20101_F20101001/LevelGroup_P20101_F20101001_G27.json",
      "Name": "MainMissionMonster",
      "ID": 27
    },
    {
      "GroupGUID": "0ae18dd6-a721-4de6-a3f6-13b9ee6bccfe",
      "GroupPath": "Config/LevelOutput/Group/Groups_P20101_F20101001/LevelGroup_P20101_F20101001_G61.json",
      "Name": "MainMissionMonster",
      "ID": 61
    },
    {
      "GroupGUID": "14c30aca-a36e-4f73-a653-6edab24e2a39",
      "GroupPath": "Config/LevelOutput/Group/Groups_P20101_F20101001/LevelGroup_P20101_F20101001_G15.json",
      "Name": "ExploreMonster",
      "ID": 15
    },
    {
      "GroupGUID": "c99ec6ce-9b70-430a-8afa-416df1955cb1",
      "GroupPath": "Config/LevelOutput/Group/Groups_P20101_F20101001/LevelGroup_P20101_F20101001_G29.json",
      "Name": "MonsterFlock_Before",
      "ID": 29
    },
    {
      "GroupGUID": "47209264-47dd-45d4-844a-50b7e19813f9",
      "GroupPath": "Config/LevelOutput/Group/Groups_P20101_F20101001/LevelGroup_P20101_F20101001_G4.json",
      "Name": "ExploreMonster_After",
      "ID": 4
    },
    {
      "GroupGUID": "c6d2eba3-258e-4e1f-af2d-3596fd993ea6",
      "GroupPath": "Config/LevelOutput/Group/Groups_P20101_F20101001/LevelGroup_P20101_F20101001_G32.json",
      "Name": "MonsterFlock_After",
      "ID": 32
    },
    {
      "GroupGUID": "7dbce7a8-b6a1-49c4-b722-7bc2183b1d50",
      "GroupPath": "Config/LevelOutput/Group/Groups_P20101_F20101001/LevelGroup_P20101_F20101001_G19.json",
      "Name": "DefaultCocoon01",
      "ID": 19
    },
    {
      "GroupGUID": "02d47280-b614-4178-a0ee-772ef9b39cf5",
      "GroupPath": "Config/LevelOutput/Group/Groups_P20101_F20101001/LevelGroup_P20101_F20101001_G56.json",
      "Name": "DefaultCocoon02",
      "ID": 56
    },
    {
      "GroupGUID": "4bea8c84-4e2d-4403-b33c-f7f4855cde09",
      "GroupPath": "Config/LevelOutput/Group/Groups_P20101_F20101001/LevelGroup_P20101_F20101001_G7.json",
      "Name": "DefaultChallenge",
      "ID": 7
    },
    {
      "GroupGUID": "dadb2389-01d9-44db-87f0-2f108af0c5d3",
      "GroupPath": "Config/LevelOutput/Group/Groups_P20101_F20101001/LevelGroup_P20101_F20101001_G13.json",
      "Name": "DailyCollect",
      "ID": 13
    },
    {
      "GroupGUID": "cc08908b-891b-4caa-8b5e-974ebd492504",
      "GroupPath": "Config/LevelOutput/Group/Groups_P20101_F20101001/LevelGroup_P20101_F20101001_G21.json",
      "Name": "DailyCollect",
      "ID": 21
    },
    {
      "GroupGUID": "84c8e6ee-c02d-4f28-a2a8-7490e44dec9b",
      "GroupPath": "Config/LevelOutput/Group/Groups_P20101_F20101001/LevelGroup_P20101_F20101001_G22.json",
      "Name": "DailyCollect",
      "ID": 22
    },
    {
      "GroupGUID": "82683791-90c1-442b-967b-f55d738faafc",
      "GroupPath": "Config/LevelOutput/Group/Groups_P20101_F20101001/LevelGroup_P20101_F20101001_G23.json",
      "Name": "MainMission_Trigger",
      "ID": 23
    },
    {
      "GroupGUID": "790a4830-2346-4400-99c0-c3b9545763f7",
      "GroupPath": "Config/LevelOutput/Group/Groups_P20101_F20101001/LevelGroup_P20101_F20101001_G24.json",
      "Name": "MainMission_Prop",
      "ID": 24
    },
    {
      "GroupGUID": "a52ebe8e-950d-45e1-9779-aca3b6bdc61c",
      "GroupPath": "Config/LevelOutput/Group/Groups_P20101_F20101001/LevelGroup_P20101_F20101001_G25.json",
      "Name": "MainMission_Prop",
      "ID": 25
    },
    {
      "GroupGUID": "0dcd9224-507e-42f9-be8f-b35b37c3a388",
      "GroupPath": "Config/LevelOutput/Group/Groups_P20101_F20101001/LevelGroup_P20101_F20101001_G26.json",
      "Name": "MainMission1010101_",
      "ID": 26
    },
    {
      "GroupGUID": "7c4645f5-a17d-444a-a678-a6ea8f95889f",
      "GroupPath": "Config/LevelOutput/Group/Groups_P20101_F20101001/LevelGroup_P20101_F20101001_G10.json",
      "Name": "MainMission2011401_",
      "ID": 10
    },
    {
      "GroupGUID": "44770957-ab3e-4e41-a813-a8edaa768f96",
      "GroupPath": "Config/LevelOutput/Group/Groups_P20101_F20101001/LevelGroup_P20101_F20101001_G11.json",
      "Name": "MainMission2011401_",
      "ID": 11
    },
    {
      "GroupGUID": "bdb971dd-ad7b-4134-a2f0-5279643e0d80",
      "GroupPath": "Config/LevelOutput/Group/Groups_P20101_F20101001/LevelGroup_P20101_F20101001_G12.json",
      "Name": "MainMission2011401_",
      "ID": 12
    },
    {
      "GroupGUID": "8ced7f94-0cdc-4a09-bb4b-78946924d64d",
      "GroupPath": "Config/LevelOutput/Group/Groups_P20101_F20101001/LevelGroup_P20101_F20101001_G20.json",
      "Name": "MainMission2011401_",
      "ID": 20
    },
    {
      "GroupGUID": "76825b7f-5ce5-40b7-add3-b3eb36d7b240",
      "GroupPath": "Config/LevelOutput/Group/Groups_P20101_F20101001/LevelGroup_P20101_F20101001_G31.json",
      "Name": "MainMission2011401_",
      "ID": 31
    },
    {
      "GroupGUID": "7f29e3e8-000a-4db2-9448-0302ad780e0a",
      "GroupPath": "Config/LevelOutput/Group/Groups_P20101_F20101001/LevelGroup_P20101_F20101001_G1.json",
      "Name": "SubMission_201140128",
      "ID": 1
    },
    {
      "GroupGUID": "f5df768e-193c-4680-8c9b-f3d82f2fa9dc",
      "GroupPath": "Config/LevelOutput/Group/Groups_P20101_F20101001/LevelGroup_P20101_F20101001_G34.json",
      "Name": "Monster_ChestMonster",
      "ID": 34
    },
    {
      "GroupGUID": "f0bf61d5-58ae-475c-b09c-0a7df58f8c34",
      "GroupPath": "Config/LevelOutput/Group/Groups_P20101_F20101001/LevelGroup_P20101_F20101001_G5.json",
      "Name": "Sound",
      "ID": 5
    },
    {
      "GroupGUID": "37e7b86c-a270-4380-88ac-9be698606e38",
      "GroupPath": "Config/LevelOutput/Group/Groups_P20101_F20101001/LevelGroup_P20101_F20101001_G35.json",
      "Name": "MainMission2011401_",
      "ID": 35
    },
    {
      "GroupGUID": "dbd97762-8929-452f-9edb-5a9ffc63647a",
      "GroupPath": "Config/LevelOutput/Group/Groups_P20101_F20101001/LevelGroup_P20101_F20101001_G41.json",
      "Name": "MainMission2011401_",
      "ID": 41
    },
    {
      "GroupGUID": "ecd0c41a-af54-4e0a-a76c-f96e9ce5c42d",
      "GroupPath": "Config/LevelOutput/Group/Groups_P20101_F20101001/LevelGroup_P20101_F20101001_G55.json",
      "Name": "Main101010120",
      "ID": 55
    },
    {
      "GroupGUID": "3398ead4-4956-4f76-bbd0-8f68748d78db",
      "GroupPath": "Config/LevelOutput/Group/Groups_P20101_F20101001/LevelGroup_P20101_F20101001_G67.json",
      "Name": "MainMission8000182_Mission",
      "ID": 67
    },
    {
      "GroupGUID": "965be85f-6ca1-4b46-9922-40d80f63f446",
      "GroupPath": "Config/LevelOutput/Group/Groups_P20101_F20101001/LevelGroup_P20101_F20101001_G69.json",
      "Name": "MainMission2010201_07",
      "ID": 69
    },
    {
      "GroupGUID": "90af45c7-95aa-4533-ae26-4de50e953478",
      "GroupPath": "Config/LevelOutput/Group/Groups_P20101_F20101001/LevelGroup_P20101_F20101001_G70.json",
      "Name": "NatashaBroTomb",
      "ID": 70
    },
    {
      "GroupGUID": "9777d24f-bc33-491e-8429-5a7b86af70e4",
      "GroupPath": "Config/LevelOutput/Group/Groups_P20101_F20101001/LevelGroup_P20101_F20101001_G71.json",
      "Name": "New Group",
      "ID": 71
    },
    {
      "GroupGUID": "ea4a9551-02a6-42f1-9a6f-bd1f4cc2d370",
      "GroupPath": "Config/LevelOutput/Group/Groups_P20101_F20101001/LevelGroup_P20101_F20101001_G73.json",
      "Name": "MainMission8001219_PZ",
      "ID": 73
    },
    {
      "GroupGUID": "a4cfd2e8-4584-466f-a380-c0730e6b2408",
      "GroupPath": "Config/LevelOutput/Group/Groups_P20101_F20101001/LevelGroup_P20101_F20101001_G78.json",
      "Name": "NormalNPC_Linke",
      "ID": 78
    },
    {
      "GroupGUID": "e143c408-ce1a-41ee-a037-7f098135b903",
      "GroupPath": "Config/LevelOutput/Group/Groups_P20101_F20101001/LevelGroup_P20101_F20101001_G79.json",
      "Name": "MainMission2010201_07",
      "ID": 79
    },
    {
      "GroupGUID": "0c7a48bd-c722-42aa-aa44-416e9fb6a895",
      "GroupPath": "Config/LevelOutput/Group/Groups_P20101_F20101001/LevelGroup_P20101_F20101001_G80.json",
      "Name": "MainMission2010203_32",
      "ID": 80
    },
    {
      "GroupGUID": "e1629261-8115-4e27-8c0e-1f41dd9b7924",
      "GroupPath": "Config/LevelOutput/Group/Groups_P20101_F20101001/LevelGroup_P20101_F20101001_G81.json",
      "Name": "New Group",
      "ID": 81
    },
    {
      "GroupGUID": "9852580a-4042-4362-a416-a7e644970a74",
      "GroupPath": "Config/LevelOutput/Group/Groups_P20101_F20101001/LevelGroup_P20101_F20101001_G82.json",
      "Name": "New Group",
      "ID": 82
    },
    {
      "GroupGUID": "2d47aa21-bec4-4c28-b46a-77fa3306208f",
      "GroupPath": "Config/LevelOutput/Group/Groups_P20101_F20101001/LevelGroup_P20101_F20101001_G83.json",
      "Name": "MainMission8014128_LinkBattle_Before",
      "ID": 83
    },
    {
      "GroupGUID": "e85ad023-4d05-43e3-9b49-b526b9a40c57",
      "GroupPath": "Config/LevelOutput/Group/Groups_P20101_F20101001/LevelGroup_P20101_F20101001_G84.json",
      "Name": "MainMission8014128_LinkBattle_After",
      "ID": 84
    },
    {
      "GroupGUID": "ba953f01-ed10-4055-a7be-c72436c1ccdc",
      "GroupPath": "Config/LevelOutput/Group/Groups_P20101_F20101001/LevelGroup_P20101_F20101001_G85.json",
      "Name": "IceBear",
      "ID": 85
    }
  ],
  "DefaultEnviroProfile": "Stages/Outputs/Chapter01/EnviroProfile/Chap01_CloseView_ADV_Area_Snowfield_01_Foggy.enviroProfile.asset",
  "StageData": "Stages/Outputs/Chapter01/Stages/Chap01_ADV_Area_Snowfield_01_StageData/Chap01_ADV_Area_Snowfield_01_StageData.stage",
  "CameraType": "Maze",
  "TimeOfDayEnviroProfileMap": {},
  "LayerToAreaMask": [
    1
  ],
  "FloorCustomData": {
    "SavedValues": [
      {
        "ID": 4,
        "Name": "IceBear",
        "AllowedValues": [],
        "MaxValue": 1
      }
    ]
  },
  "BattleAreaList": [],
  "DimensionList": [
    {}
  ],
  "NavmapConfigPath": "Config/LevelOutput/Map/MapInfo_P20101_F20101001.json",
  "EnableGroupStreaming": false,
  "EnableGroupSpaceConflict": false,
  "IsRestartLevelGraph": false
}