{
  "FloorID": 20133002,
  "FloorName": "FloorName_20133002",
  "StartGroupID": 1,
  "StartAnchorID": 1,
  "GroupList": [
    {
      "GroupGUID": "1a8bc872-786d-483e-9572-00ad27c9caf6",
      "GroupPath": "Config/LevelOutput/Group/Groups_P20133_F20133002/LevelGroup_P20133_F20133002_G1.json",
      "Name": "New Group",
      "ID": 1
    },
    {
      "GroupGUID": "6279c45c-b148-4a37-a9f0-b3fb0a4d79bf",
      "GroupPath": "Config/LevelOutput/Group/Groups_P20133_F20133002/LevelGroup_P20133_F20133002_G8.json",
      "Name": "Sound",
      "ID": 8
    }
  ],
  "DefaultEnviroProfile": "Stages/Outputs/Chapter01/EnviroProfile/Chap01_CloseView_ADV_Area_M303_02_Starry.enviroProfile.asset",
  "StageData": "Stages/Outputs/Chapter01/Stages/Chap01_MAZ_M100_MainLine_01_StageData/Chap01_MAZ_M100_MainLine_01_StageData.stage",
  "CameraType": "Maze",
  "MinimapVolumeData": {},
  "TimeOfDayEnviroProfileMap": {},
  "LayerToAreaMask": [
    1
  ],
  "IsRestartLevelGraph": false
}