{
  "FloorID": 20100001,
  "FloorName": "FloorName_20100001",
  "StartGroupID": 1,
  "StartAnchorID": 1,
  "GroupList": [
    {
      "GroupGUID": "2cf00bb1-064d-4dd5-aacd-ce67a3fbf980",
      "GroupPath": "Config/LevelOutput/Group/Groups_P20100_F20100001/LevelGroup_P20100_F20100001_G1.json",
      "Name": "New Group",
      "ID": 1
    },
    {
      "GroupGUID": "f53ac55b-dd69-4d82-a39c-0f0bb8b06863",
      "GroupPath": "Config/LevelOutput/Group/Groups_P20100_F20100001/LevelGroup_P20100_F20100001_G2.json",
      "Name": "Sound",
      "ID": 2
    }
  ],
  "DefaultEnviroProfile": "Stages/Outputs/Chapter01/EnviroProfile/Chap01_CloseView_ADV_Area_M303_02_Starry.enviroProfile.asset",
  "StageData": "Stages/Outputs/Chapter01/Stages/Chap01_MAZ_M100_MainLine_01_StageData/Chap01_MAZ_M100_MainLine_01_StageData.stage",
  "CameraType": "Maze",
  "MinimapVolumeData": {},
  "TimeOfDayEnviroProfileMap": {},
  "LayerToAreaMask": [
    1
  ],
  "IsRestartLevelGraph": false
}