{
  "FloorID": 20123001,
  "FloorName": "FloorName_20123001",
  "StartGroupID": 2,
  "StartAnchorID": 1,
  "GroupList": [
    {
      "GroupGUID": "dabf9d7c-7635-4e9b-893d-cee855dfce4e",
      "GroupPath": "Config/LevelOutput/Group/Groups_P20123_F20123001/LevelGroup_P20123_F20123001_G2.json",
      "Name": "PlayerStart",
      "ID": 2
    },
    {
      "GroupGUID": "cd4d909e-b582-4694-8fde-733dfe8094b3",
      "GroupPath": "Config/LevelOutput/Group/Groups_P20123_F20123001/LevelGroup_P20123_F20123001_G79.json",
      "Name": "Exit",
      "ID": 79
    },
    {
      "GroupGUID": "a9e35ee4-8456-440d-a172-9425357a108a",
      "GroupPath": "Config/LevelOutput/Group/Groups_P20123_F20123001/LevelGroup_P20123_F20123001_G8.json",
      "Name": "Props",
      "ID": 8
    },
    {
      "GroupGUID": "8635654e-02d9-4d39-8549-5233315bb0ac",
      "GroupPath": "Config/LevelOutput/Group/Groups_P20123_F20123001/LevelGroup_P20123_F20123001_G16.json",
      "Name": "DefaultDestrictibleItem",
      "ID": 16
    },
    {
      "GroupGUID": "2aa1f22a-fa95-420a-b242-d24de7ca7c24",
      "GroupPath": "Config/LevelOutput/Group/Groups_P20123_F20123001/LevelGroup_P20123_F20123001_G17.json",
      "Name": "DestrictibleItemHP",
      "ID": 17
    },
    {
      "GroupGUID": "92625911-8392-49a4-9daf-07bf8a60088a",
      "GroupPath": "Config/LevelOutput/Group/Groups_P20123_F20123001/LevelGroup_P20123_F20123001_G7.json",
      "Name": "DefaultTreasures",
      "ID": 7
    },
    {
      "GroupGUID": "9282afdc-33f6-4a6e-a28b-8bc62d23f225",
      "GroupPath": "Config/LevelOutput/Group/Groups_P20123_F20123001/LevelGroup_P20123_F20123001_G25.json",
      "Name": "Books",
      "ID": 25
    },
    {
      "GroupGUID": "c707c737-0b90-4d8e-a25f-3cdfade269be",
      "GroupPath": "Config/LevelOutput/Group/Groups_P20123_F20123001/LevelGroup_P20123_F20123001_G3.json",
      "Name": "DefaultMonsters",
      "ID": 3
    },
    {
      "GroupGUID": "b961a262-4070-46d7-b75d-cb62fdf5e37a",
      "GroupPath": "Config/LevelOutput/Group/Groups_P20123_F20123001/LevelGroup_P20123_F20123001_G20.json",
      "Name": "MainMonster",
      "ID": 20
    },
    {
      "GroupGUID": "1284db77-b1f6-4897-902f-b4d74a27bdfd",
      "GroupPath": "Config/LevelOutput/Group/Groups_P20123_F20123001/LevelGroup_P20123_F20123001_G24.json",
      "Name": "DefaultCocoon02",
      "ID": 24
    },
    {
      "GroupGUID": "d74efece-ec6e-4c70-8290-7219067552b2",
      "GroupPath": "Config/LevelOutput/Group/Groups_P20123_F20123001/LevelGroup_P20123_F20123001_G65.json",
      "Name": "MainMission4020101_WorldLevel",
      "ID": 65
    },
    {
      "GroupGUID": "dfd768e0-6e74-4c39-97fc-ae916445fa96",
      "GroupPath": "Config/LevelOutput/Group/Groups_P20123_F20123001/LevelGroup_P20123_F20123001_G46.json",
      "Name": "Default_ChallengeChest",
      "ID": 46
    },
    {
      "GroupGUID": "4ec75936-1bc3-4e16-a722-cd7f303fc4a9",
      "GroupPath": "Config/LevelOutput/Group/Groups_P20123_F20123001/LevelGroup_P20123_F20123001_G47.json",
      "Name": "Default_ChallengeChest",
      "ID": 47
    },
    {
      "GroupGUID": "beea24ae-f8f7-46f0-aaa6-e86ccccbb94f",
      "GroupPath": "Config/LevelOutput/Group/Groups_P20123_F20123001/LevelGroup_P20123_F20123001_G77.json",
      "Name": "Default_ChallengeChest",
      "ID": 77
    },
    {
      "GroupGUID": "33de4fc3-f31c-4ca1-bc36-ddd3e22e5e72",
      "GroupPath": "Config/LevelOutput/Group/Groups_P20123_F20123001/LevelGroup_P20123_F20123001_G67.json",
      "Name": "CablePuzzle",
      "ID": 67
    },
    {
      "GroupGUID": "34fc5c8c-ecb3-43dc-95c5-25350cdba8d8",
      "GroupPath": "Config/LevelOutput/Group/Groups_P20123_F20123001/LevelGroup_P20123_F20123001_G13.json",
      "Name": "MainMission",
      "ID": 13
    },
    {
      "GroupGUID": "675c3a3d-3bb9-44bb-84ce-7b92747ac51b",
      "GroupPath": "Config/LevelOutput/Group/Groups_P20123_F20123001/LevelGroup_P20123_F20123001_G5.json",
      "Name": "MainMission",
      "ID": 5
    },
    {
      "GroupGUID": "fa60e131-1654-4247-bfd4-8c62c99e72b0",
      "GroupPath": "Config/LevelOutput/Group/Groups_P20123_F20123001/LevelGroup_P20123_F20123001_G9.json",
      "Name": "MainMission",
      "ID": 9
    },
    {
      "GroupGUID": "a8d60b97-6c38-46d2-aea3-a125ee4e0cd5",
      "GroupPath": "Config/LevelOutput/Group/Groups_P20123_F20123001/LevelGroup_P20123_F20123001_G22.json",
      "Name": "WorldBoss",
      "ID": 22,
      "IsDelete": true
    },
    {
      "GroupGUID": "3fa72952-573a-4254-a078-fd5348682596",
      "GroupPath": "Config/LevelOutput/Group/Groups_P20123_F20123001/LevelGroup_P20123_F20123001_G6.json",
      "Name": "MainMission",
      "ID": 6
    },
    {
      "GroupGUID": "e4b8c488-0c41-4f27-8f0e-35452bbc6cb2",
      "GroupPath": "Config/LevelOutput/Group/Groups_P20123_F20123001/LevelGroup_P20123_F20123001_G43.json",
      "Name": "MainMisssion",
      "ID": 43
    },
    {
      "GroupGUID": "e89f8ff2-eac7-46ae-a650-e0a35a023e63",
      "GroupPath": "Config/LevelOutput/Group/Groups_P20123_F20123001/LevelGroup_P20123_F20123001_G50.json",
      "Name": "MainMission",
      "ID": 50
    },
    {
      "GroupGUID": "58e38bd9-6ca2-45ba-9e6e-0cccbc7da281",
      "GroupPath": "Config/LevelOutput/Group/Groups_P20123_F20123001/LevelGroup_P20123_F20123001_G51.json",
      "Name": "MainMission",
      "ID": 51
    },
    {
      "GroupGUID": "f2dac708-3148-40e6-834e-2124ddefbedf",
      "GroupPath": "Config/LevelOutput/Group/Groups_P20123_F20123001/LevelGroup_P20123_F20123001_G1.json",
      "Name": "SubMission",
      "ID": 1
    },
    {
      "GroupGUID": "fd98cbf9-29dd-466f-b5ce-0e1e98183a57",
      "GroupPath": "Config/LevelOutput/Group/Groups_P20123_F20123001/LevelGroup_P20123_F20123001_G10.json",
      "Name": "SubMission",
      "ID": 10
    },
    {
      "GroupGUID": "1b33f698-afd2-4844-b910-892f748c6978",
      "GroupPath": "Config/LevelOutput/Group/Groups_P20123_F20123001/LevelGroup_P20123_F20123001_G11.json",
      "Name": "SubMission",
      "ID": 11
    },
    {
      "GroupGUID": "205d9c7f-cda5-4a7a-a543-124093e2f73b",
      "GroupPath": "Config/LevelOutput/Group/Groups_P20123_F20123001/LevelGroup_P20123_F20123001_G12.json",
      "Name": "SubMission",
      "ID": 12
    },
    {
      "GroupGUID": "87bd0e48-0ddb-49b7-870f-ba784f25f4cd",
      "GroupPath": "Config/LevelOutput/Group/Groups_P20123_F20123001/LevelGroup_P20123_F20123001_G18.json",
      "Name": "SubMission",
      "ID": 18
    },
    {
      "GroupGUID": "4805e270-f3a7-4525-b8cd-4d54968f6fc6",
      "GroupPath": "Config/LevelOutput/Group/Groups_P20123_F20123001/LevelGroup_P20123_F20123001_G19.json",
      "Name": "SubMission_NPC",
      "ID": 19
    },
    {
      "GroupGUID": "56d421d3-dfb2-4395-a811-1097d9f6d746",
      "GroupPath": "Config/LevelOutput/Group/Groups_P20123_F20123001/LevelGroup_P20123_F20123001_G21.json",
      "Name": "MainMission",
      "ID": 21
    },
    {
      "GroupGUID": "ae657d9d-1a1c-484f-a36e-663ecf114ab5",
      "GroupPath": "Config/LevelOutput/Group/Groups_P20123_F20123001/LevelGroup_P20123_F20123001_G23.json",
      "Name": "NPCs",
      "ID": 23
    },
    {
      "GroupGUID": "35740144-b2b7-46c4-a0d5-72a607a60f9f",
      "GroupPath": "Config/LevelOutput/Group/Groups_P20123_F20123001/LevelGroup_P20123_F20123001_G52.json",
      "Name": "Monster_ChestMonster",
      "ID": 52
    },
    {
      "GroupGUID": "8ac8618c-27f3-4d3f-abb6-5f37d398f451",
      "GroupPath": "Config/LevelOutput/Group/Groups_P20123_F20123001/LevelGroup_P20123_F20123001_G45.json",
      "Name": "SubMission",
      "ID": 45
    },
    {
      "GroupGUID": "773ec022-d3ab-4b60-af0e-6bd9287ea592",
      "GroupPath": "Config/LevelOutput/Group/Groups_P20123_F20123001/LevelGroup_P20123_F20123001_G53.json",
      "Name": "SubMission",
      "ID": 53
    },
    {
      "GroupGUID": "4eea9d64-7a9d-4ad7-84ed-e5619ab49444",
      "GroupPath": "Config/LevelOutput/Group/Groups_P20123_F20123001/LevelGroup_P20123_F20123001_G55.json",
      "Name": "Sound",
      "ID": 55
    },
    {
      "GroupGUID": "e63eac2c-0fdc-4a32-9dad-0d8b9ee55b80",
      "GroupPath": "Config/LevelOutput/Group/Groups_P20123_F20123001/LevelGroup_P20123_F20123001_G56.json",
      "Name": "MpsNPC",
      "ID": 56
    },
    {
      "GroupGUID": "086d7687-125a-4cad-8585-2e10c01822d9",
      "GroupPath": "Config/LevelOutput/Group/Groups_P20123_F20123001/LevelGroup_P20123_F20123001_G57.json",
      "Name": "Daymission",
      "ID": 57
    },
    {
      "GroupGUID": "97e6b47b-85d6-412b-ae0f-edb8c47cc19c",
      "GroupPath": "Config/LevelOutput/Group/Groups_P20123_F20123001/LevelGroup_P20123_F20123001_G58.json",
      "Name": "MainMission2010905_",
      "ID": 58
    },
    {
      "GroupGUID": "fcd9dc2c-3fdb-4d48-a6ca-5dced6d244eb",
      "GroupPath": "Config/LevelOutput/Group/Groups_P20123_F20123001/LevelGroup_P20123_F20123001_G59.json",
      "Name": "MainMission2010905_",
      "ID": 59
    },
    {
      "GroupGUID": "687650ad-9275-4605-8954-8914dceaa848",
      "GroupPath": "Config/LevelOutput/Group/Groups_P20123_F20123001/LevelGroup_P20123_F20123001_G60.json",
      "Name": "MainMission_NPC",
      "ID": 60
    },
    {
      "GroupGUID": "1ab8b6b4-103c-4852-9449-73260bce7d63",
      "GroupPath": "Config/LevelOutput/Group/Groups_P20123_F20123001/LevelGroup_P20123_F20123001_G61.json",
      "Name": "SubMission",
      "ID": 61
    },
    {
      "GroupGUID": "1b1851c9-6a67-4dc8-82a7-595e80fc2f38",
      "GroupPath": "Config/LevelOutput/Group/Groups_P20123_F20123001/LevelGroup_P20123_F20123001_G62.json",
      "Name": "SubMission_NPC",
      "ID": 62
    },
    {
      "GroupGUID": "9ce10ff2-8810-4495-918b-af86caa1bf61",
      "GroupPath": "Config/LevelOutput/Group/Groups_P20123_F20123001/LevelGroup_P20123_F20123001_G63.json",
      "Name": "SubMission",
      "ID": 63
    },
    {
      "GroupGUID": "9524ef7d-39c5-4ec2-989f-1f8f4d52ecf6",
      "GroupPath": "Config/LevelOutput/Group/Groups_P20123_F20123001/LevelGroup_P20123_F20123001_G66.json",
      "Name": "Sub_4010123",
      "ID": 66
    },
    {
      "GroupGUID": "eddb4587-97a2-4b98-be9b-69aec80932cc",
      "GroupPath": "Config/LevelOutput/Group/Groups_P20123_F20123001/LevelGroup_P20123_F20123001_G68.json",
      "Name": "Main_101090215",
      "ID": 68
    },
    {
      "GroupGUID": "ea9ab0b4-e364-4935-9c5a-d997f97d24e7",
      "GroupPath": "Config/LevelOutput/Group/Groups_P20123_F20123001/LevelGroup_P20123_F20123001_G71.json",
      "Name": "CablePuzzle",
      "ID": 71
    },
    {
      "GroupGUID": "111e59a5-e22a-4303-baef-9bb2513dfd03",
      "GroupPath": "Config/LevelOutput/Group/Groups_P20123_F20123001/LevelGroup_P20123_F20123001_G72.json",
      "Name": "SubMission_NPC",
      "ID": 72
    },
    {
      "GroupGUID": "9da6b195-026a-4098-8872-f31a7b35fef6",
      "GroupPath": "Config/LevelOutput/Group/Groups_P20123_F20123001/LevelGroup_P20123_F20123001_G75.json",
      "Name": "DayMission",
      "ID": 75
    },
    {
      "GroupGUID": "431b0640-acce-47fe-bb5e-9c030bd140b8",
      "GroupPath": "Config/LevelOutput/Group/Groups_P20123_F20123001/LevelGroup_P20123_F20123001_G76.json",
      "Name": "MapsNPC",
      "ID": 76
    },
    {
      "GroupGUID": "9587ea6f-b738-46fb-8b6f-2fd87b29e2e0",
      "GroupPath": "Config/LevelOutput/Group/Groups_P20123_F20123001/LevelGroup_P20123_F20123001_G78.json",
      "Name": "MainMission_NPC",
      "ID": 78
    },
    {
      "GroupGUID": "6bbdab8d-0eb7-4391-ba5d-93edae518813",
      "GroupPath": "Config/LevelOutput/Group/Groups_P20123_F20123001/LevelGroup_P20123_F20123001_G81.json",
      "Name": "Shelter Group",
      "ID": 81
    },
    {
      "GroupGUID": "09f87076-836c-4d9c-87b8-864277b8266e",
      "GroupPath": "Config/LevelOutput/Group/Groups_P20123_F20123001/LevelGroup_P20123_F20123001_G83.json",
      "Name": "New Group",
      "ID": 83
    },
    {
      "GroupGUID": "0a4b4c86-98e7-45e1-8dc8-340bfc2e8301",
      "GroupPath": "Config/LevelOutput/Group/Groups_P20123_F20123001/LevelGroup_P20123_F20123001_G96.json",
      "Name": "MainMission8001212_01",
      "ID": 96
    },
    {
      "GroupGUID": "3f7d90ce-9317-4ba2-88c9-409fb1013be7",
      "GroupPath": "Config/LevelOutput/Group/Groups_P20123_F20123001/LevelGroup_P20123_F20123001_G97.json",
      "Name": "MainMission8001213_01",
      "ID": 97
    },
    {
      "GroupGUID": "ee319af9-cd0b-4369-9003-a681eac126fc",
      "GroupPath": "Config/LevelOutput/Group/Groups_P20123_F20123001/LevelGroup_P20123_F20123001_G98.json",
      "Name": "NPC",
      "ID": 98
    },
    {
      "GroupGUID": "d29e4ab0-fc19-4d49-aae6-312fc4a8c62c",
      "GroupPath": "Config/LevelOutput/Group/Groups_P20123_F20123001/LevelGroup_P20123_F20123001_G84.json",
      "Name": "MainMission2011902_04",
      "ID": 84
    },
    {
      "GroupGUID": "01f47a66-73bb-4193-81be-d6f989db2b21",
      "GroupPath": "Config/LevelOutput/Group/Groups_P20123_F20123001/LevelGroup_P20123_F20123001_G85.json",
      "Name": "MainMission2011902_06",
      "ID": 85
    },
    {
      "GroupGUID": "748fd3c7-e7fe-4ae8-9011-bbd7a4390961",
      "GroupPath": "Config/LevelOutput/Group/Groups_P20123_F20123001/LevelGroup_P20123_F20123001_G86.json",
      "Name": "MainMission2011902_09",
      "ID": 86
    },
    {
      "GroupGUID": "2f899fe2-957b-46b5-b513-a087bb4db4f2",
      "GroupPath": "Config/LevelOutput/Group/Groups_P20123_F20123001/LevelGroup_P20123_F20123001_G87.json",
      "Name": "MainMission2011902_12",
      "ID": 87
    },
    {
      "GroupGUID": "7f1cf1e9-b7b7-451e-9716-74e2cf37640d",
      "GroupPath": "Config/LevelOutput/Group/Groups_P20123_F20123001/LevelGroup_P20123_F20123001_G88.json",
      "Name": "MainMission2011902_12",
      "ID": 88
    },
    {
      "GroupGUID": "23323a31-6467-478f-89ae-6c1c36658c8a",
      "GroupPath": "Config/LevelOutput/Group/Groups_P20123_F20123001/LevelGroup_P20123_F20123001_G89.json",
      "Name": "MainMission2011902_12",
      "ID": 89
    },
    {
      "GroupGUID": "08890dfc-c4dc-44c4-99ac-98bdd1844085",
      "GroupPath": "Config/LevelOutput/Group/Groups_P20123_F20123001/LevelGroup_P20123_F20123001_G90.json",
      "Name": "MainMission2011902_09",
      "ID": 90
    },
    {
      "GroupGUID": "cac4dc77-0ef8-4a7d-a3bd-1781e7b2902e",
      "GroupPath": "Config/LevelOutput/Group/Groups_P20123_F20123001/LevelGroup_P20123_F20123001_G91.json",
      "Name": "MainMission2011902_11",
      "ID": 91
    },
    {
      "GroupGUID": "93d668ab-0f9c-44e0-831c-0a4fa02d9dda",
      "GroupPath": "Config/LevelOutput/Group/Groups_P20123_F20123001/LevelGroup_P20123_F20123001_G92.json",
      "Name": "MainMission8001205_01",
      "ID": 92
    },
    {
      "GroupGUID": "ba5aea37-b858-48c7-87b5-25fcfe0077c8",
      "GroupPath": "Config/LevelOutput/Group/Groups_P20123_F20123001/LevelGroup_P20123_F20123001_G93.json",
      "Name": "MainMission8001215_",
      "ID": 93
    },
    {
      "GroupGUID": "87d61fba-e6ec-4a74-8ece-efe68ecb4ad3",
      "GroupPath": "Config/LevelOutput/Group/Groups_P20123_F20123001/LevelGroup_P20123_F20123001_G94.json",
      "Name": "MainMission2011902_XX",
      "ID": 94
    },
    {
      "GroupGUID": "a386ca15-98ce-4a95-904d-9802a8c8e659",
      "GroupPath": "Config/LevelOutput/Group/Groups_P20123_F20123001/LevelGroup_P20123_F20123001_G95.json",
      "Name": "MainMission8001211_01",
      "ID": 95
    },
    {
      "GroupGUID": "d3a34050-34aa-4871-8803-4a3566b435dc",
      "GroupPath": "Config/LevelOutput/Group/Groups_P20123_F20123001/LevelGroup_P20123_F20123001_G99.json",
      "Name": "MainMission8002105_",
      "ID": 99
    },
    {
      "GroupGUID": "0e172ae6-0aed-4e66-8370-9d146fabc2b2",
      "GroupPath": "Config/LevelOutput/Group/Groups_P20123_F20123001/LevelGroup_P20123_F20123001_G101.json",
      "Name": "MainMission2010905_",
      "ID": 101
    },
    {
      "GroupGUID": "1b8a2763-22ec-42a3-89b8-c92a28fa52e8",
      "GroupPath": "Config/LevelOutput/Group/Groups_P20123_F20123001/LevelGroup_P20123_F20123001_G102.json",
      "Name": "MainMission2010905_",
      "ID": 102
    },
    {
      "GroupGUID": "ae319884-3cc4-4cea-9529-54e0fc507bb9",
      "GroupPath": "Config/LevelOutput/Group/Groups_P20123_F20123001/LevelGroup_P20123_F20123001_G104.json",
      "Name": "MainMission2010203_11",
      "ID": 104
    },
    {
      "GroupGUID": "35f61737-e312-4f0f-9710-7a9199a6a929",
      "GroupPath": "Config/LevelOutput/Group/Groups_P20123_F20123001/LevelGroup_P20123_F20123001_G105.json",
      "Name": "New Group",
      "ID": 105
    },
    {
      "GroupGUID": "a38a1e49-d60e-4885-836a-fc91ffc79aba",
      "GroupPath": "Config/LevelOutput/Group/Groups_P20123_F20123001/LevelGroup_P20123_F20123001_G106.json",
      "Name": "New Group",
      "ID": 106
    },
    {
      "GroupGUID": "71956d4b-e7d6-4f63-8a13-4745bbd3255a",
      "GroupPath": "Config/LevelOutput/Group/Groups_P20123_F20123001/LevelGroup_P20123_F20123001_G132.json",
      "Name": "MainMission8014126_LinkAfter",
      "ID": 132
    }
  ],
  "DefaultEnviroProfile": "Stages/Outputs/Chapter01/EnviroProfile/Chap01_CloseView_ADV_Area_M203_01_Night.enviroProfile.asset",
  "StageData": "Stages/Outputs/Chapter01/Stages/Chap01_MAZ_M203_MainLine_01_StageData/Chap01_MAZ_M203_MainLine_01_StageData.stage",
  "CameraType": "Maze",
  "TimeOfDayEnviroProfileMap": {},
  "LayerToAreaMask": [
    16,
    8
  ],
  "BattleAreaList": [],
  "DimensionList": [
    {}
  ],
  "NavmapConfigPath": "Config/LevelOutput/Map/MapInfo_P20123_F20123001.json",
  "EnableGroupStreaming": false,
  "EnableGroupSpaceConflict": false,
  "IsRestartLevelGraph": false
}