{
  "FloorID": 20134001,
  "FloorName": "FloorName_20134001",
  "StartGroupID": 1,
  "StartAnchorID": 1,
  "GroupList": [
    {
      "GroupGUID": "a53c6601-51d2-4bd7-bfa9-6fcf71f74e0f",
      "GroupPath": "Config/LevelOutput/Group/Groups_P20134_F20134001/LevelGroup_P20134_F20134001_G1.json",
      "Name": "DefaultGroup",
      "ID": 1
    },
    {
      "GroupGUID": "5c41c2f3-6b0c-44d6-a4de-cdf53e9f0cd5",
      "GroupPath": "Config/LevelOutput/Group/Groups_P20134_F20134001/LevelGroup_P20134_F20134001_G24.json",
      "Name": "Exit",
      "ID": 24
    },
    {
      "GroupGUID": "47fe3569-0fa8-4ae7-923a-3930cf3f2a00",
      "GroupPath": "Config/LevelOutput/Group/Groups_P20134_F20134001/LevelGroup_P20134_F20134001_G5.json",
      "Name": "WeeklyRaid",
      "ID": 5
    },
    {
      "GroupGUID": "366c137e-5f6a-4b1f-a4f7-c2e429633158",
      "GroupPath": "Config/LevelOutput/Group/Groups_P20134_F20134001/LevelGroup_P20134_F20134001_G6.json",
      "Name": "FarmRelic",
      "ID": 6
    },
    {
      "GroupGUID": "6597ba94-e4f3-42d1-b07a-ecd335c2677c",
      "GroupPath": "Config/LevelOutput/Group/Groups_P20134_F20134001/LevelGroup_P20134_F20134001_G2.json",
      "Name": "检查点",
      "ID": 2
    },
    {
      "GroupGUID": "9ba80e1c-3ce4-4ae7-8c67-fd45da29549e",
      "GroupPath": "Config/LevelOutput/Group/Groups_P20134_F20134001/LevelGroup_P20134_F20134001_G7.json",
      "Name": "MonsterGroup",
      "ID": 7
    },
    {
      "GroupGUID": "caa29d31-4859-438d-b9a5-26edde9adf62",
      "GroupPath": "Config/LevelOutput/Group/Groups_P20134_F20134001/LevelGroup_P20134_F20134001_G3.json",
      "Name": "New Group",
      "ID": 3
    },
    {
      "GroupGUID": "9316663d-5975-4421-a71f-5df0596f2d86",
      "GroupPath": "Config/LevelOutput/Group/Groups_P20134_F20134001/LevelGroup_P20134_F20134001_G8.json",
      "Name": "Sound",
      "ID": 8
    },
    {
      "GroupGUID": "522c38b2-8985-40a8-bdf7-fdf794679a40",
      "GroupPath": "Config/LevelOutput/Group/Groups_P20134_F20134001/LevelGroup_P20134_F20134001_G12.json",
      "Name": "Monster_ChestMonster",
      "ID": 12
    },
    {
      "GroupGUID": "03179c8b-db19-4527-9521-9d9ddaadc5f6",
      "GroupPath": "Config/LevelOutput/Group/Groups_P20134_F20134001/LevelGroup_P20134_F20134001_G13.json",
      "Name": "Default_ChallengeChest",
      "ID": 13
    },
    {
      "GroupGUID": "fe231180-491b-4d57-b5c3-951d8ea9925e",
      "GroupPath": "Config/LevelOutput/Group/Groups_P20134_F20134001/LevelGroup_P20134_F20134001_G14.json",
      "Name": "New Group",
      "ID": 14
    },
    {
      "GroupGUID": "304f9cd4-9ad8-4447-ba06-ebe9d48bdfdd",
      "GroupPath": "Config/LevelOutput/Group/Groups_P20134_F20134001/LevelGroup_P20134_F20134001_G15.json",
      "Name": "副本入口",
      "ID": 15
    },
    {
      "GroupGUID": "0b5d15cc-4e65-46b5-8bcf-f731635f0cb8",
      "GroupPath": "Config/LevelOutput/Group/Groups_P20134_F20134001/LevelGroup_P20134_F20134001_G17.json",
      "Name": "SubMission",
      "ID": 17
    },
    {
      "GroupGUID": "c8011021-d410-4392-bd2d-a9990ec920f8",
      "GroupPath": "Config/LevelOutput/Group/Groups_P20134_F20134001/LevelGroup_P20134_F20134001_G18.json",
      "Name": "MainMission2011409_BoxMain",
      "ID": 18
    },
    {
      "GroupGUID": "c3abbba5-1c18-4997-a3de-1991fb479077",
      "GroupPath": "Config/LevelOutput/Group/Groups_P20134_F20134001/LevelGroup_P20134_F20134001_G25.json",
      "Name": "BoxMainTreasure",
      "ID": 25
    },
    {
      "GroupGUID": "eb015d43-b4d8-415d-8e96-abd6ce81a570",
      "GroupPath": "Config/LevelOutput/Group/Groups_P20134_F20134001/LevelGroup_P20134_F20134001_G19.json",
      "Name": "BoxMan",
      "ID": 19
    },
    {
      "GroupGUID": "b323b915-d020-4bec-95b7-4f1d56679bb4",
      "GroupPath": "Config/LevelOutput/Group/Groups_P20134_F20134001/LevelGroup_P20134_F20134001_G20.json",
      "Name": "MainMission2011501_",
      "ID": 20
    },
    {
      "GroupGUID": "101fc758-ad39-4a11-bdac-c4ac24c21279",
      "GroupPath": "Config/LevelOutput/Group/Groups_P20134_F20134001/LevelGroup_P20134_F20134001_G21.json",
      "Name": "MainMission",
      "ID": 21
    },
    {
      "GroupGUID": "50e65955-0e75-4991-b218-ab1535e4e68e",
      "GroupPath": "Config/LevelOutput/Group/Groups_P20134_F20134001/LevelGroup_P20134_F20134001_G22.json",
      "Name": "MainMission",
      "ID": 22
    },
    {
      "GroupGUID": "a1b0534d-2a8d-4d3e-bfd4-f28a1d13e039",
      "GroupPath": "Config/LevelOutput/Group/Groups_P20134_F20134001/LevelGroup_P20134_F20134001_G23.json",
      "Name": "MP Group",
      "ID": 23
    },
    {
      "GroupGUID": "cf531947-6bf9-419b-bf78-4b17e768bdcc",
      "GroupPath": "Config/LevelOutput/Group/Groups_P20134_F20134001/LevelGroup_P20134_F20134001_G26.json",
      "Name": "MainMission8002107_",
      "ID": 26
    },
    {
      "GroupGUID": "5e1efb18-e30d-4191-b884-b4ab06f2fb88",
      "GroupPath": "Config/LevelOutput/Group/Groups_P20134_F20134001/LevelGroup_P20134_F20134001_G27.json",
      "Name": "MainMission2011501_",
      "ID": 27
    },
    {
      "GroupGUID": "b4ac4a9c-3471-48c2-9b39-1672aa088fd7",
      "GroupPath": "Config/LevelOutput/Group/Groups_P20134_F20134001/LevelGroup_P20134_F20134001_G28.json",
      "Name": "MainMission2010203_24_25",
      "ID": 28
    },
    {
      "GroupGUID": "9bfb3d55-486a-437e-9d0d-97274247de62",
      "GroupPath": "Config/LevelOutput/Group/Groups_P20134_F20134001/LevelGroup_P20134_F20134001_G29.json",
      "Name": "MainMission8001219_PZ",
      "ID": 29
    },
    {
      "GroupGUID": "889c2412-3eac-4abe-80d1-9a2330ba754f",
      "GroupPath": "Config/LevelOutput/Group/Groups_P20134_F20134001/LevelGroup_P20134_F20134001_G30.json",
      "Name": "MainMission8014106_Mission",
      "ID": 30
    },
    {
      "GroupGUID": "9293f2f6-bc0a-4bc5-9e5b-e2c21fd84743",
      "GroupPath": "Config/LevelOutput/Group/Groups_P20134_F20134001/LevelGroup_P20134_F20134001_G31.json",
      "Name": "Book",
      "ID": 31
    }
  ],
  "DefaultEnviroProfile": "Stages/Outputs/Chapter01/EnviroProfile/Chap01_CloseView_ADV_Area_M303_01_Foggy.enviroProfile.asset",
  "StageData": "Stages/Outputs/Chapter01/Stages/Chap01_MAZ_M303_MainLine_01_StageData/Chap01_MAZ_M303_MainLine_01_StageData.stage",
  "CameraType": "Maze",
  "TimeOfDayEnviroProfileMap": {},
  "LayerToAreaMask": [
    1
  ],
  "FloorCustomData": {
    "SavedValues": [
      {
        "ID": 1,
        "Name": "BookGet14",
        "AllowedValues": [],
        "MaxValue": 1
      }
    ]
  },
  "BattleAreaList": [],
  "DimensionList": [
    {}
  ],
  "NavmapConfigPath": "Config/LevelOutput/Map/MapInfo_P20134_F20134001.json",
  "EnableGroupStreaming": false,
  "EnableGroupSpaceConflict": false,
  "IsRestartLevelGraph": false
}