{
  "FloorID": 20136001,
  "FloorName": "FloorName_20136001",
  "StartGroupID": 1,
  "StartAnchorID": 1,
  "GroupList": [
    {
      "GroupGUID": "0e483636-fea0-41c0-8116-3877cf2b798d",
      "GroupPath": "Config/LevelOutput/Group/Groups_P20136_F20136001/LevelGroup_P20136_F20136001_G1.json",
      "Name": "DefaultGroup",
      "ID": 1
    },
    {
      "GroupGUID": "1bd09289-ad6c-4e6a-863e-f3d505045564",
      "GroupPath": "Config/LevelOutput/Group/Groups_P20136_F20136001/LevelGroup_P20136_F20136001_G4.json",
      "Name": "PropGroup",
      "ID": 4
    },
    {
      "GroupGUID": "a59895cc-34c1-40c6-a7be-e4f795478526",
      "GroupPath": "Config/LevelOutput/Group/Groups_P20136_F20136001/LevelGroup_P20136_F20136001_G5.json",
      "Name": "NPC_PatrolNPC_01",
      "ID": 5
    },
    {
      "GroupGUID": "11391859-d2e5-4cb7-a586-4a882a8edd92",
      "GroupPath": "Config/LevelOutput/Group/Groups_P20136_F20136001/LevelGroup_P20136_F20136001_G6.json",
      "Name": "Normal_NPC",
      "ID": 6
    },
    {
      "GroupGUID": "3427b592-40c5-4abb-b1aa-b8e638432f1c",
      "GroupPath": "Config/LevelOutput/Group/Groups_P20136_F20136001/LevelGroup_P20136_F20136001_G7.json",
      "Name": "Crowd",
      "ID": 7
    },
    {
      "GroupGUID": "9723d1fb-6990-4ac5-8f66-9b3fff3e8d85",
      "GroupPath": "Config/LevelOutput/Group/Groups_P20136_F20136001/LevelGroup_P20136_F20136001_G8.json",
      "Name": "MainMission2010203_20",
      "ID": 8,
      "IsDelete": true
    },
    {
      "GroupGUID": "aa061120-8e70-43e9-abf4-bd04889eeeef",
      "GroupPath": "Config/LevelOutput/Group/Groups_P20136_F20136001/LevelGroup_P20136_F20136001_G9.json",
      "Name": "MainMission2010203_21",
      "ID": 9,
      "IsDelete": true
    },
    {
      "GroupGUID": "72cea7ae-263c-414c-9463-beb238c8c213",
      "GroupPath": "Config/LevelOutput/Group/Groups_P20136_F20136001/LevelGroup_P20136_F20136001_G10.json",
      "Name": "New Group",
      "ID": 10
    },
    {
      "GroupGUID": "12b084fc-29ef-4198-b73f-e2b8c65fc0b5",
      "GroupPath": "Config/LevelOutput/Group/Groups_P20136_F20136001/LevelGroup_P20136_F20136001_G11.json",
      "Name": "New Group",
      "ID": 11
    },
    {
      "GroupGUID": "0b22434d-6d87-4eed-8a0f-1522a8fe3c6f",
      "GroupPath": "Config/LevelOutput/Group/Groups_P20136_F20136001/LevelGroup_P20136_F20136001_G12.json",
      "Name": "MainMission8014101_Mission",
      "ID": 12
    },
    {
      "GroupGUID": "fa4e1fd4-dbc5-4de1-a29f-0f82cd4dbb92",
      "GroupPath": "Config/LevelOutput/Group/Groups_P20136_F20136001/LevelGroup_P20136_F20136001_G13.json",
      "Name": "MainMission8014106_Mission",
      "ID": 13
    },
    {
      "GroupGUID": "74b879cf-b763-47a4-aaf1-5a4ae426ba58",
      "GroupPath": "Config/LevelOutput/Group/Groups_P20136_F20136001/LevelGroup_P20136_F20136001_G14.json",
      "Name": "Chest",
      "ID": 14
    },
    {
      "GroupGUID": "22dda511-740a-4026-954a-14b70083eb06",
      "GroupPath": "Config/LevelOutput/Group/Groups_P20136_F20136001/LevelGroup_P20136_F20136001_G16.json",
      "Name": "NPC_1",
      "ID": 16
    },
    {
      "GroupGUID": "4944cbd7-417d-45e8-9bc9-d606c79f1d85",
      "GroupPath": "Config/LevelOutput/Group/Groups_P20136_F20136001/LevelGroup_P20136_F20136001_G17.json",
      "Name": "NPC_2",
      "ID": 17
    },
    {
      "GroupGUID": "4e7ebc66-5753-44f1-b657-3b8ac83d924e",
      "GroupPath": "Config/LevelOutput/Group/Groups_P20136_F20136001/LevelGroup_P20136_F20136001_G18.json",
      "Name": "Crowd_Plan1",
      "ID": 18
    },
    {
      "GroupGUID": "900305aa-6596-4452-ac0e-19df3ebf82eb",
      "GroupPath": "Config/LevelOutput/Group/Groups_P20136_F20136001/LevelGroup_P20136_F20136001_G19.json",
      "Name": "Crowd_Plan2",
      "ID": 19
    },
    {
      "GroupGUID": "e2160f4b-83a3-4ee0-9942-c8c411760a48",
      "GroupPath": "Config/LevelOutput/Group/Groups_P20136_F20136001/LevelGroup_P20136_F20136001_G20.json",
      "Name": "Crowd_Plan3",
      "ID": 20
    },
    {
      "GroupGUID": "7ec018d1-6ce4-442c-bc36-91bb10e6bea7",
      "GroupPath": "Config/LevelOutput/Group/Groups_P20136_F20136001/LevelGroup_P20136_F20136001_G21.json",
      "Name": "NPC_3",
      "ID": 21
    },
    {
      "GroupGUID": "0fc9ba3d-8e17-4d75-b4f8-8a503bce2a26",
      "GroupPath": "Config/LevelOutput/Group/Groups_P20136_F20136001/LevelGroup_P20136_F20136001_G22.json",
      "Name": "FindWork",
      "ID": 22
    },
    {
      "GroupGUID": "2098faec-9f5e-46b2-8323-301d89280228",
      "GroupPath": "Config/LevelOutput/Group/Groups_P20136_F20136001/LevelGroup_P20136_F20136001_G23.json",
      "Name": "MainMission8014141_InfiniteChallenge",
      "ID": 23
    },
    {
      "GroupGUID": "d15713a3-e5bd-4534-97c8-172bf68e382d",
      "GroupPath": "Config/LevelOutput/Group/Groups_P20136_F20136001/LevelGroup_P20136_F20136001_G24.json",
      "Name": "MainMission8014142_InfiniteChallenge",
      "ID": 24
    },
    {
      "GroupGUID": "bec689f8-a49b-4be6-bbec-edc691ca50a7",
      "GroupPath": "Config/LevelOutput/Group/Groups_P20136_F20136001/LevelGroup_P20136_F20136001_G25.json",
      "Name": "MainMission8014143_InfiniteChallenge",
      "ID": 25
    },
    {
      "GroupGUID": "d5e45612-9dc6-4b91-b846-519e989fefea",
      "GroupPath": "Config/LevelOutput/Group/Groups_P20136_F20136001/LevelGroup_P20136_F20136001_G26.json",
      "Name": "MainMission8014144_InfiniteChallenge",
      "ID": 26
    },
    {
      "GroupGUID": "54bc7f05-03a0-4b7c-9929-93552f3918de",
      "GroupPath": "Config/LevelOutput/Group/Groups_P20136_F20136001/LevelGroup_P20136_F20136001_G27.json",
      "Name": "MainMission8014145_InfiniteChallenge",
      "ID": 27
    },
    {
      "GroupGUID": "a6b9b16d-42f3-4e25-89c6-03b1e87b4cc7",
      "GroupPath": "Config/LevelOutput/Group/Groups_P20136_F20136001/LevelGroup_P20136_F20136001_G28.json",
      "Name": "MainMission8014146_InfiniteChallenge",
      "ID": 28
    },
    {
      "GroupGUID": "26f0f617-f644-45ce-8a69-c978fe616cdb",
      "GroupPath": "Config/LevelOutput/Group/Groups_P20136_F20136001/LevelGroup_P20136_F20136001_G29.json",
      "Name": "MainMission8014147_InfiniteChallenge",
      "ID": 29
    },
    {
      "GroupGUID": "5a7cef75-0f45-4024-951b-62e3dc42f12f",
      "GroupPath": "Config/LevelOutput/Group/Groups_P20136_F20136001/LevelGroup_P20136_F20136001_G30.json",
      "Name": "MainMission8014148_InfiniteChallenge",
      "ID": 30
    },
    {
      "GroupGUID": "f44f8af2-aa76-4ea3-aa7b-e0d9e978fffe",
      "GroupPath": "Config/LevelOutput/Group/Groups_P20136_F20136001/LevelGroup_P20136_F20136001_G31.json",
      "Name": "MainMission8014149_InfiniteChallenge",
      "ID": 31
    },
    {
      "GroupGUID": "1bdb7a21-f29f-4e86-b68d-525630076f43",
      "GroupPath": "Config/LevelOutput/Group/Groups_P20136_F20136001/LevelGroup_P20136_F20136001_G32.json",
      "Name": "New Group",
      "ID": 32
    },
    {
      "GroupGUID": "b3ad125f-d283-4b4c-9b50-af925733abec",
      "GroupPath": "Config/LevelOutput/Group/Groups_P20136_F20136001/LevelGroup_P20136_F20136001_G33.json",
      "Name": "MainMission8014131_LinkBattle_Before",
      "ID": 33
    },
    {
      "GroupGUID": "9f1dbf32-c2ec-4df7-8a03-edade0454670",
      "GroupPath": "Config/LevelOutput/Group/Groups_P20136_F20136001/LevelGroup_P20136_F20136001_G34.json",
      "Name": "MainMission8014131_LinkBattle_After",
      "ID": 34
    },
    {
      "GroupGUID": "ecfa51b0-e6c6-484d-b44b-739de130fe6a",
      "GroupPath": "Config/LevelOutput/Group/Groups_P20136_F20136001/LevelGroup_P20136_F20136001_G36.json",
      "Name": "MainMission8014135_LinkBattle_Before",
      "ID": 36
    },
    {
      "GroupGUID": "e044e294-f395-4b9f-a95e-74551bc1205e",
      "GroupPath": "Config/LevelOutput/Group/Groups_P20136_F20136001/LevelGroup_P20136_F20136001_G37.json",
      "Name": "MainMission8014135_LinkBattle_After",
      "ID": 37
    },
    {
      "GroupGUID": "1ba3927f-3b13-481b-9540-6280c2f4c74d",
      "GroupPath": "Config/LevelOutput/Group/Groups_P20136_F20136001/LevelGroup_P20136_F20136001_G38.json",
      "Name": "MainMission8014137_LinkBattle_Before",
      "ID": 38
    },
    {
      "GroupGUID": "5c9bd9fa-aae6-42b1-a384-97241174d8ba",
      "GroupPath": "Config/LevelOutput/Group/Groups_P20136_F20136001/LevelGroup_P20136_F20136001_G39.json",
      "Name": "MainMission8014137_LinkBattle_After",
      "ID": 39
    },
    {
      "GroupGUID": "e8d1fef4-12e6-4c4c-95bf-7df0c18aeee2",
      "GroupPath": "Config/LevelOutput/Group/Groups_P20136_F20136001/LevelGroup_P20136_F20136001_G40.json",
      "Name": "MainMission8014138_LinkBattle_Before",
      "ID": 40
    },
    {
      "GroupGUID": "53bfca02-482d-4233-8311-ae1d9c598fce",
      "GroupPath": "Config/LevelOutput/Group/Groups_P20136_F20136001/LevelGroup_P20136_F20136001_G41.json",
      "Name": "MainMission8014138_LinkBattle_After",
      "ID": 41
    },
    {
      "GroupGUID": "6487cb46-1c1c-4bd6-853f-1a0e5bbccc1a",
      "GroupPath": "Config/LevelOutput/Group/Groups_P20136_F20136001/LevelGroup_P20136_F20136001_G44.json",
      "Name": "MainMission8014140_LinkBattle_Before",
      "ID": 44
    },
    {
      "GroupGUID": "c8155b20-56eb-4e03-bdce-cba806e18251",
      "GroupPath": "Config/LevelOutput/Group/Groups_P20136_F20136001/LevelGroup_P20136_F20136001_G45.json",
      "Name": "MainMission8014140_LinkBattle_After",
      "ID": 45
    },
    {
      "GroupGUID": "bae761b3-8d45-478a-b1ec-828458ccbb45",
      "GroupPath": "Config/LevelOutput/Group/Groups_P20136_F20136001/LevelGroup_P20136_F20136001_G46.json",
      "Name": "MainMission4140107_",
      "ID": 46
    },
    {
      "GroupGUID": "d431e382-5eee-4b08-b551-58325242f2d9",
      "GroupPath": "Config/LevelOutput/Group/Groups_P20136_F20136001/LevelGroup_P20136_F20136001_G47.json",
      "Name": "MainMission4140107_",
      "ID": 47
    },
    {
      "GroupGUID": "7ecf3ebd-1254-4752-81f4-317546347cae",
      "GroupPath": "Config/LevelOutput/Group/Groups_P20136_F20136001/LevelGroup_P20136_F20136001_G48.json",
      "Name": "MainMission4140107_",
      "ID": 48
    },
    {
      "GroupGUID": "1463ba5a-9b7f-4d28-839b-8b93ddc8f074",
      "GroupPath": "Config/LevelOutput/Group/Groups_P20136_F20136001/LevelGroup_P20136_F20136001_G49.json",
      "Name": "New Group",
      "ID": 49
    },
    {
      "GroupGUID": "9156474d-29e1-41d6-a52b-919b20958d19",
      "GroupPath": "Config/LevelOutput/Group/Groups_P20136_F20136001/LevelGroup_P20136_F20136001_G50.json",
      "Name": "Sound_01",
      "ID": 50
    },
    {
      "GroupGUID": "089c815b-624d-4d28-a7a8-87e9d632b24f",
      "GroupPath": "Config/LevelOutput/Group/Groups_P20136_F20136001/LevelGroup_P20136_F20136001_G51.json",
      "Name": "Sound_02",
      "ID": 51
    },
    {
      "GroupGUID": "9215926e-1d64-4268-9495-03e2e09b927f",
      "GroupPath": "Config/LevelOutput/Group/Groups_P20136_F20136001/LevelGroup_P20136_F20136001_G52.json",
      "Name": "Sound_03",
      "ID": 52
    },
    {
      "GroupGUID": "bb656120-1758-44d0-95a2-41b0c147edbd",
      "GroupPath": "Config/LevelOutput/Group/Groups_P20136_F20136001/LevelGroup_P20136_F20136001_G53.json",
      "Name": "MainMission4140111_Yipao",
      "ID": 53
    },
    {
      "GroupGUID": "01602db6-4526-4a3f-80fa-89b0cbd7622f",
      "GroupPath": "Config/LevelOutput/Group/Groups_P20136_F20136001/LevelGroup_P20136_F20136001_G54.json",
      "Name": "MainMission8014141_InfiniteChallengeAfter",
      "ID": 54
    },
    {
      "GroupGUID": "87b7a1cb-a717-4f42-91bb-4be82fff9b6d",
      "GroupPath": "Config/LevelOutput/Group/Groups_P20136_F20136001/LevelGroup_P20136_F20136001_G55.json",
      "Name": "MainMission8014142_InfiniteChallengeAfter",
      "ID": 55
    },
    {
      "GroupGUID": "721d8033-de73-4b8d-adb0-59b481bd07ae",
      "GroupPath": "Config/LevelOutput/Group/Groups_P20136_F20136001/LevelGroup_P20136_F20136001_G56.json",
      "Name": "MainMission8014143_InfiniteChallengeAfter",
      "ID": 56
    },
    {
      "GroupGUID": "13aee3c3-2d5d-4109-99fa-fb48a934a5ea",
      "GroupPath": "Config/LevelOutput/Group/Groups_P20136_F20136001/LevelGroup_P20136_F20136001_G57.json",
      "Name": "MainMission8014144_InfiniteChallengeAfter",
      "ID": 57
    },
    {
      "GroupGUID": "c9357da1-c626-49fc-82df-5a1985d9b892",
      "GroupPath": "Config/LevelOutput/Group/Groups_P20136_F20136001/LevelGroup_P20136_F20136001_G58.json",
      "Name": "MainMission8014145_InfiniteChallengeAfter",
      "ID": 58
    },
    {
      "GroupGUID": "7a0a1d29-0a99-4ba5-9840-0b6a07ca3d56",
      "GroupPath": "Config/LevelOutput/Group/Groups_P20136_F20136001/LevelGroup_P20136_F20136001_G59.json",
      "Name": "MainMission8014146_InfiniteChallengeAfter",
      "ID": 59
    },
    {
      "GroupGUID": "331d0a99-1f99-4d69-b9fe-9203374d4d6c",
      "GroupPath": "Config/LevelOutput/Group/Groups_P20136_F20136001/LevelGroup_P20136_F20136001_G60.json",
      "Name": "MainMission8014147_InfiniteChallengeAfter",
      "ID": 60
    },
    {
      "GroupGUID": "26cb3b5b-cd3e-434d-bfbd-0ad414fee318",
      "GroupPath": "Config/LevelOutput/Group/Groups_P20136_F20136001/LevelGroup_P20136_F20136001_G61.json",
      "Name": "MainMission8014148_InfiniteChallengeAfter",
      "ID": 61
    },
    {
      "GroupGUID": "4f23ba62-461c-49bc-850d-291c8d4845e4",
      "GroupPath": "Config/LevelOutput/Group/Groups_P20136_F20136001/LevelGroup_P20136_F20136001_G62.json",
      "Name": "MainMission8014149_InfiniteChallengeAfter",
      "ID": 62
    },
    {
      "GroupGUID": "e63ec47f-3c98-4672-ad64-ea20d2680941",
      "GroupPath": "Config/LevelOutput/Group/Groups_P20136_F20136001/LevelGroup_P20136_F20136001_G63.json",
      "Name": "MainMission4140106_",
      "ID": 63
    },
    {
      "GroupGUID": "d10dc1e6-a7fa-4f93-8155-5bae28e90cc2",
      "GroupPath": "Config/LevelOutput/Group/Groups_P20136_F20136001/LevelGroup_P20136_F20136001_G64.json",
      "Name": "FireMan",
      "ID": 64
    },
    {
      "GroupGUID": "bacc3ce1-8b19-450f-a9e2-49d616f25858",
      "GroupPath": "Config/LevelOutput/Group/Groups_P20136_F20136001/LevelGroup_P20136_F20136001_G65.json",
      "Name": "IceMan",
      "ID": 65
    },
    {
      "GroupGUID": "00dd3869-7414-4d5f-959d-bc5225a245fd",
      "GroupPath": "Config/LevelOutput/Group/Groups_P20136_F20136001/LevelGroup_P20136_F20136001_G66.json",
      "Name": "ExitStop2",
      "ID": 66
    },
    {
      "GroupGUID": "3ba9e09a-0655-4ddf-9394-0b228625a2a8",
      "GroupPath": "Config/LevelOutput/Group/Groups_P20136_F20136001/LevelGroup_P20136_F20136001_G67.json",
      "Name": "Book",
      "ID": 67
    },
    {
      "GroupGUID": "ba1a3a16-c428-4755-a71b-86483c4acc07",
      "GroupPath": "Config/LevelOutput/Group/Groups_P20136_F20136001/LevelGroup_P20136_F20136001_G68.json",
      "Name": "MainMission8014139_LinkBattle_After",
      "ID": 68
    }
  ],
  "DefaultEnviroProfile": "Stages/Outputs/Chapter01/EnviroProfile/Chap01_CloseView_ADV_Area_M305_01_Night.enviroProfile.asset",
  "StageData": "Stages/Outputs/Chapter01/Stages/Chap01_MAZ_M305_MainLine_01_StageData/Chap01_MAZ_M305_MainLine_01_StageData.stage",
  "CameraType": "Maze",
  "TimeOfDayEnviroProfileMap": {
    "2": "Stages/Outputs/Chapter01/EnviroProfile/Chap01_CloseView_ADV_Area_Square_01_Night.enviroProfile.asset"
  },
  "LayerToAreaMask": [
    16,
    8
  ],
  "FloorCustomData": {
    "CustomValues": [
      {
        "$type": "RPG.GameCore.FloorCustomFloatConfig",
        "ID": 10001,
        "Name": "EnemySequence"
      }
    ],
    "SavedValues": [
      {
        "ID": 1,
        "Name": "Group17Loard",
        "AllowedValues": [],
        "MaxValue": 1
      },
      {
        "ID": 2,
        "Name": "CrowdPlane",
        "AllowedValues": [],
        "MaxValue": 2
      },
      {
        "ID": 5,
        "Name": "EnemyType",
        "AllowedValues": [],
        "MaxValue": 5
      },
      {
        "ID": 7,
        "Name": "BigFan",
        "AllowedValues": [],
        "MaxValue": 1
      },
      {
        "ID": 8,
        "Name": "FireIceMan",
        "AllowedValues": [],
        "MaxValue": 2
      },
      {
        "ID": 9,
        "Name": "EnvSound",
        "AllowedValues": [],
        "MaxValue": 2
      },
      {
        "ID": 11,
        "Name": "ExitStop",
        "AllowedValues": [],
        "MaxValue": 1
      }
    ]
  },
  "BattleAreaList": [],
  "DimensionList": [
    {}
  ],
  "NavmapConfigPath": "Config/LevelOutput/Map/MapInfo_P20136_F20136001.json",
  "EnableGroupStreaming": false,
  "EnableGroupSpaceConflict": false,
  "IsRestartLevelGraph": false
}