{
  "FloorID": 20111001,
  "FloorName": "FloorName_20111001",
  "StartGroupID": 2,
  "StartAnchorID": 1,
  "GroupList": [
    {
      "GroupGUID": "c30ac7bc-9105-41fe-bf40-0a5ec5a9fbea",
      "GroupPath": "Config/LevelOutput/Group/Groups_P20111_F20111001/LevelGroup_P20111_F20111001_G2.json",
      "Name": "Public01",
      "ID": 2
    },
    {
      "GroupGUID": "0e6b8319-a33c-4f05-8504-a3fd993aa8ef",
      "GroupPath": "Config/LevelOutput/Group/Groups_P20111_F20111001/LevelGroup_P20111_F20111001_G68.json",
      "Name": "Exit",
      "ID": 68
    },
    {
      "GroupGUID": "c7e839ef-17da-4ab9-be05-1f26fe25a807",
      "GroupPath": "Config/LevelOutput/Group/Groups_P20111_F20111001/LevelGroup_P20111_F20111001_G21.json",
      "Name": "DefaultData_Props",
      "ID": 21
    },
    {
      "GroupGUID": "72f2dd78-05f0-4b7d-9445-3555db7776eb",
      "GroupPath": "Config/LevelOutput/Group/Groups_P20111_F20111001/LevelGroup_P20111_F20111001_G5.json",
      "Name": "DefaultChest",
      "ID": 5
    },
    {
      "GroupGUID": "3d30af5b-ff60-4d5a-a92e-9e35d9e46596",
      "GroupPath": "Config/LevelOutput/Group/Groups_P20111_F20111001/LevelGroup_P20111_F20111001_G73.json",
      "Name": "DefaultChestV090Added",
      "ID": 73
    },
    {
      "GroupGUID": "5a611975-56d4-4e03-ae1a-59a8ac5111cf",
      "GroupPath": "Config/LevelOutput/Group/Groups_P20111_F20111001/LevelGroup_P20111_F20111001_G6.json",
      "Name": "DefaultDestructibleItem",
      "ID": 6
    },
    {
      "GroupGUID": "c82aef79-2c8e-47d1-a532-0d13bb1d7f7e",
      "GroupPath": "Config/LevelOutput/Group/Groups_P20111_F20111001/LevelGroup_P20111_F20111001_G17.json",
      "Name": "DefaultDestructibleItem",
      "ID": 17
    },
    {
      "GroupGUID": "6528180c-6094-4939-8ff8-d499768c0e31",
      "GroupPath": "Config/LevelOutput/Group/Groups_P20111_F20111001/LevelGroup_P20111_F20111001_G7.json",
      "Name": "MainMissionMonster",
      "ID": 7
    },
    {
      "GroupGUID": "de92cc9d-b2dd-430f-874a-9ba2e7fdfcd2",
      "GroupPath": "Config/LevelOutput/Group/Groups_P20111_F20111001/LevelGroup_P20111_F20111001_G27.json",
      "Name": "Monster_Exp",
      "ID": 27
    },
    {
      "GroupGUID": "10447134-fad5-4c18-85ed-1e45a23df88f",
      "GroupPath": "Config/LevelOutput/Group/Groups_P20111_F20111001/LevelGroup_P20111_F20111001_G19.json",
      "Name": "FarmElement",
      "ID": 19
    },
    {
      "GroupGUID": "f8d60867-bd72-428b-a848-d1f1dd724742",
      "GroupPath": "Config/LevelOutput/Group/Groups_P20111_F20111001/LevelGroup_P20111_F20111001_G23.json",
      "Name": "DefaultCocoon01",
      "ID": 23
    },
    {
      "GroupGUID": "f4f7c95b-f574-4158-9575-b1bb4c89cf13",
      "GroupPath": "Config/LevelOutput/Group/Groups_P20111_F20111001/LevelGroup_P20111_F20111001_G26.json",
      "Name": "DefaultCocoon02",
      "ID": 26
    },
    {
      "GroupGUID": "f9b4c760-b49e-4338-bc1d-ff59d34b3042",
      "GroupPath": "Config/LevelOutput/Group/Groups_P20111_F20111001/LevelGroup_P20111_F20111001_G11.json",
      "Name": "Books",
      "ID": 11
    },
    {
      "GroupGUID": "3a97d783-a74b-46a3-92ad-8df27f1d3c88",
      "GroupPath": "Config/LevelOutput/Group/Groups_P20111_F20111001/LevelGroup_P20111_F20111001_G4.json",
      "Name": "MainMission01_Trigger",
      "ID": 4
    },
    {
      "GroupGUID": "8d79bd5c-25b6-4c43-99c3-84d3df8309c2",
      "GroupPath": "Config/LevelOutput/Group/Groups_P20111_F20111001/LevelGroup_P20111_F20111001_G12.json",
      "Name": "SubMissionProp",
      "ID": 12
    },
    {
      "GroupGUID": "153829c3-ed0c-4103-adbe-36965521cb4d",
      "GroupPath": "Config/LevelOutput/Group/Groups_P20111_F20111001/LevelGroup_P20111_F20111001_G3.json",
      "Name": "Default_ChallengeChest",
      "ID": 3
    },
    {
      "GroupGUID": "2f6a8953-56ac-4f69-a088-1282b7d110d1",
      "GroupPath": "Config/LevelOutput/Group/Groups_P20111_F20111001/LevelGroup_P20111_F20111001_G20.json",
      "Name": "Default_ChallengeChest",
      "ID": 20
    },
    {
      "GroupGUID": "171dae60-0913-4d1a-83dd-7673b72cb882",
      "GroupPath": "Config/LevelOutput/Group/Groups_P20111_F20111001/LevelGroup_P20111_F20111001_G22.json",
      "Name": "DailyCollect",
      "ID": 22,
      "IsDelete": true
    },
    {
      "GroupGUID": "f8a42778-1ac7-4402-928c-480f1dbb6744",
      "GroupPath": "Config/LevelOutput/Group/Groups_P20111_F20111001/LevelGroup_P20111_F20111001_G8.json",
      "Name": "CocoonWhiteBox",
      "ID": 8
    },
    {
      "GroupGUID": "799453da-cb3e-4776-a8a3-63a9934123f9",
      "GroupPath": "Config/LevelOutput/Group/Groups_P20111_F20111001/LevelGroup_P20111_F20111001_G9.json",
      "Name": "CocoonWhiteBoxNPC",
      "ID": 9
    },
    {
      "GroupGUID": "69f6cd9a-b22a-4a3e-9334-e25b591e089f",
      "GroupPath": "Config/LevelOutput/Group/Groups_P20111_F20111001/LevelGroup_P20111_F20111001_G10.json",
      "Name": "CocoonWhiteBoxBoss",
      "ID": 10
    },
    {
      "GroupGUID": "4c571e11-8ead-4163-9599-41b7f8078bcf",
      "GroupPath": "Config/LevelOutput/Group/Groups_P20111_F20111001/LevelGroup_P20111_F20111001_G15.json",
      "Name": "MainMission",
      "ID": 15
    },
    {
      "GroupGUID": "1287cf0d-5066-47eb-8671-c9fc41783fb8",
      "GroupPath": "Config/LevelOutput/Group/Groups_P20111_F20111001/LevelGroup_P20111_F20111001_G16.json",
      "Name": "MainMission_NPC",
      "ID": 16
    },
    {
      "GroupGUID": "230cc44f-35c9-4170-ab02-7c5569c30fbd",
      "GroupPath": "Config/LevelOutput/Group/Groups_P20111_F20111001/LevelGroup_P20111_F20111001_G24.json",
      "Name": "Monster_ChestMonster",
      "ID": 24
    },
    {
      "GroupGUID": "d2e8bf8b-4597-4e1f-b1c0-12cd117fa7be",
      "GroupPath": "Config/LevelOutput/Group/Groups_P20111_F20111001/LevelGroup_P20111_F20111001_G25.json",
      "Name": "FindChest_CoffeePoint",
      "ID": 25
    },
    {
      "GroupGUID": "e9b708b8-41c3-415f-8b66-24de86b66176",
      "GroupPath": "Config/LevelOutput/Group/Groups_P20111_F20111001/LevelGroup_P20111_F20111001_G36.json",
      "Name": "FindChest_CoffeePointCheck",
      "ID": 36
    },
    {
      "GroupGUID": "290edf19-3d5e-422d-8229-d45df8db271b",
      "GroupPath": "Config/LevelOutput/Group/Groups_P20111_F20111001/LevelGroup_P20111_F20111001_G37.json",
      "Name": "Sound",
      "ID": 37
    },
    {
      "GroupGUID": "c1642e53-db73-4203-8f33-427598dd7825",
      "GroupPath": "Config/LevelOutput/Group/Groups_P20111_F20111001/LevelGroup_P20111_F20111001_G47.json",
      "Name": "RobotHunt",
      "ID": 47
    },
    {
      "GroupGUID": "8f5d3481-650a-4623-ad2b-2c09cf9ed9fd",
      "GroupPath": "Config/LevelOutput/Group/Groups_P20111_F20111001/LevelGroup_P20111_F20111001_G48.json",
      "Name": "SimpleMission",
      "ID": 48
    },
    {
      "GroupGUID": "38e9e24e-c9d0-40a4-84f0-59bc1a76fe34",
      "GroupPath": "Config/LevelOutput/Group/Groups_P20111_F20111001/LevelGroup_P20111_F20111001_G49.json",
      "Name": "SubMission",
      "ID": 49
    },
    {
      "GroupGUID": "43ccdfa7-4caf-4730-8c4c-7d1233655a5e",
      "GroupPath": "Config/LevelOutput/Group/Groups_P20111_F20111001/LevelGroup_P20111_F20111001_G53.json",
      "Name": "BoxMan",
      "ID": 53
    },
    {
      "GroupGUID": "964bf1e7-770f-4020-b7e3-e87c659a2790",
      "GroupPath": "Config/LevelOutput/Group/Groups_P20111_F20111001/LevelGroup_P20111_F20111001_G54.json",
      "Name": "BoxMan",
      "ID": 54
    },
    {
      "GroupGUID": "938a62a8-a1c3-4928-b2cb-061a96aa322b",
      "GroupPath": "Config/LevelOutput/Group/Groups_P20111_F20111001/LevelGroup_P20111_F20111001_G55.json",
      "Name": "BoxMan",
      "ID": 55
    },
    {
      "GroupGUID": "60b7c42c-f6d2-4d0b-9735-12615c64b2b1",
      "GroupPath": "Config/LevelOutput/Group/Groups_P20111_F20111001/LevelGroup_P20111_F20111001_G61.json",
      "Name": "PuzzleChest",
      "ID": 61
    },
    {
      "GroupGUID": "42527de6-f2d1-4349-8613-f7ecce2e5af1",
      "GroupPath": "Config/LevelOutput/Group/Groups_P20111_F20111001/LevelGroup_P20111_F20111001_G64.json",
      "Name": "GhostOfPast_1",
      "ID": 64
    },
    {
      "GroupGUID": "6e080bc9-9511-402d-8f6e-f10691beba2c",
      "GroupPath": "Config/LevelOutput/Group/Groups_P20111_F20111001/LevelGroup_P20111_F20111001_G67.json",
      "Name": "GhostOfPast_2",
      "ID": 67
    },
    {
      "GroupGUID": "58e406ab-b3c0-4b38-a51d-ab69289d3fdd",
      "GroupPath": "Config/LevelOutput/Group/Groups_P20111_F20111001/LevelGroup_P20111_F20111001_G74.json",
      "Name": "GhostOfPast_3",
      "ID": 74
    },
    {
      "GroupGUID": "2ec7616c-e010-4414-9f58-8ad39f581ab4",
      "GroupPath": "Config/LevelOutput/Group/Groups_P20111_F20111001/LevelGroup_P20111_F20111001_G75.json",
      "Name": "CablePuzzleDailyStart",
      "ID": 75
    },
    {
      "GroupGUID": "5f98b99a-f15f-4d4c-a795-dc1110d22f40",
      "GroupPath": "Config/LevelOutput/Group/Groups_P20111_F20111001/LevelGroup_P20111_F20111001_G76.json",
      "Name": "CablePuzzleDaily",
      "ID": 76
    },
    {
      "GroupGUID": "82185464-93e8-4413-b057-cb94fc239808",
      "GroupPath": "Config/LevelOutput/Group/Groups_P20111_F20111001/LevelGroup_P20111_F20111001_G78.json",
      "Name": "MainMission4040129_",
      "ID": 78
    },
    {
      "GroupGUID": "4287d109-8949-4004-a688-6fe02f3caca7",
      "GroupPath": "Config/LevelOutput/Group/Groups_P20111_F20111001/LevelGroup_P20111_F20111001_G80.json",
      "Name": "MainMission8001206_1",
      "ID": 80
    },
    {
      "GroupGUID": "29dad374-f235-41a9-9466-f2f301760d6c",
      "GroupPath": "Config/LevelOutput/Group/Groups_P20111_F20111001/LevelGroup_P20111_F20111001_G82.json",
      "Name": "MainMission8001223_01",
      "ID": 82
    },
    {
      "GroupGUID": "00869678-a27d-47f5-b0fe-f05780ca236b",
      "GroupPath": "Config/LevelOutput/Group/Groups_P20111_F20111001/LevelGroup_P20111_F20111001_G83.json",
      "Name": "MainMission8001224_01",
      "ID": 83
    },
    {
      "GroupGUID": "0dcf2bb6-8627-4e34-92de-2e62193b0760",
      "GroupPath": "Config/LevelOutput/Group/Groups_P20111_F20111001/LevelGroup_P20111_F20111001_G84.json",
      "Name": "MainMission8001223_02",
      "ID": 84
    },
    {
      "GroupGUID": "fd005850-c9d2-4070-9dae-c339954559ea",
      "GroupPath": "Config/LevelOutput/Group/Groups_P20111_F20111001/LevelGroup_P20111_F20111001_G85.json",
      "Name": "MainMission8001224_02",
      "ID": 85
    }
  ],
  "DefaultEnviroProfile": "Stages/Outputs/Chapter01/EnviroProfile/Chap01_CloseView_ADV_Area_M101_01_Day.enviroProfile.asset",
  "StageData": "Stages/Outputs/Chapter01/Stages/Chap01_MAZ_M101_MainLine_01_StageData/Chap01_MAZ_M101_MainLine_01_StageData.stage",
  "CameraType": "Maze",
  "TimeOfDayEnviroProfileMap": {},
  "LayerToAreaMask": [
    1
  ],
  "BattleAreaList": [],
  "DimensionList": [
    {}
  ],
  "NavmapConfigPath": "Config/LevelOutput/Map/MapInfo_P20111_F20111001.json",
  "IsRestartLevelGraph": false
}