{
  "FloorID": 20133001,
  "FloorName": "FloorName_20133001",
  "StartGroupID": 1,
  "StartAnchorID": 1,
  "GroupList": [
    {
      "GroupGUID": "63abf7cc-63c7-44c0-be3e-f675ded34212",
      "GroupPath": "Config/LevelOutput/Group/Groups_P20133_F20133001/LevelGroup_P20133_F20133001_G1.json",
      "Name": "New Group",
      "ID": 1
    },
    {
      "GroupGUID": "cb219fae-e256-4ce6-b8e8-cf82e0b7afae",
      "GroupPath": "Config/LevelOutput/Group/Groups_P20133_F20133001/LevelGroup_P20133_F20133001_G2.json",
      "Name": "DefaultGroup",
      "ID": 2
    },
    {
      "GroupGUID": "f32a7d98-dcec-4888-a4e7-1fee1ffba138",
      "GroupPath": "Config/LevelOutput/Group/Groups_P20133_F20133001/LevelGroup_P20133_F20133001_G4.json",
      "Name": "MainMission",
      "ID": 4
    },
    {
      "GroupGUID": "9662034b-4fb2-442b-ab0d-3968014b9d64",
      "GroupPath": "Config/LevelOutput/Group/Groups_P20133_F20133001/LevelGroup_P20133_F20133001_G3.json",
      "Name": "MainMission",
      "ID": 3
    },
    {
      "GroupGUID": "ba03901c-32ad-4331-880e-e191e4749efc",
      "GroupPath": "Config/LevelOutput/Group/Groups_P20133_F20133001/LevelGroup_P20133_F20133001_G9.json",
      "Name": "MainMission",
      "ID": 9
    },
    {
      "GroupGUID": "6163537e-f133-4fc0-8c96-2ec98996133f",
      "GroupPath": "Config/LevelOutput/Group/Groups_P20133_F20133001/LevelGroup_P20133_F20133001_G10.json",
      "Name": "Sound",
      "ID": 10
    },
    {
      "GroupGUID": "0d9ce4a4-26b1-4131-adeb-42cfcd03a656",
      "GroupPath": "Config/LevelOutput/Group/Groups_P20133_F20133001/LevelGroup_P20133_F20133001_G11.json",
      "Name": "MainMission",
      "ID": 11
    },
    {
      "GroupGUID": "b6f0a900-527a-4fad-ad3d-93f6975623db",
      "GroupPath": "Config/LevelOutput/Group/Groups_P20133_F20133001/LevelGroup_P20133_F20133001_G18.json",
      "Name": "MainMission1011405_",
      "ID": 18,
      "IsDelete": true
    },
    {
      "GroupGUID": "5a952daf-334f-438d-a576-67e3df662ac2",
      "GroupPath": "Config/LevelOutput/Group/Groups_P20133_F20133001/LevelGroup_P20133_F20133001_G20.json",
      "Name": "SaveGroup",
      "ID": 20
    }
  ],
  "DefaultEnviroProfile": "Stages/Outputs/Chapter01/EnviroProfile/Chap01_CloseView_ADV_Area_M303_01_Foggy.enviroProfile.asset",
  "StageData": "Stages/Outputs/Chapter01/Stages/Chap01_MAZ_M303_MainLine_01_StageData/Chap01_MAZ_M303_MainLine_01_StageData.stage",
  "CameraType": "Maze",
  "TimeOfDayEnviroProfileMap": {},
  "LayerToAreaMask": [
    1
  ],
  "BattleAreaList": [],
  "DimensionList": [
    {}
  ],
  "NavmapConfigPath": "Config/LevelOutput/Map/MapInfo_P20133_F20133001.json",
  "IsRestartLevelGraph": false
}