{
  "FloorID": 20135001,
  "FloorName": "FloorName_20135001",
  "StartGroupID": 1,
  "StartAnchorID": 1,
  "GroupList": [
    {
      "GroupGUID": "d11bd7fc-62fb-4673-b5b1-ce4c61f5c65c",
      "GroupPath": "Config/LevelOutput/Group/Groups_P20135_F20135001/LevelGroup_P20135_F20135001_G1.json",
      "Name": "DefaultGroup",
      "ID": 1
    },
    {
      "GroupGUID": "08d896c0-54f2-48c0-b8ce-c58e700be64f",
      "GroupPath": "Config/LevelOutput/Group/Groups_P20135_F20135001/LevelGroup_P20135_F20135001_G2.json",
      "Name": "Sound",
      "ID": 2
    },
    {
      "GroupGUID": "72f2d8fc-c49e-473f-aa4e-b29587304d56",
      "GroupPath": "Config/LevelOutput/Group/Groups_P20135_F20135001/LevelGroup_P20135_F20135001_G3.json",
      "Name": "AtmosphereGroup",
      "ID": 3
    },
    {
      "GroupGUID": "8147e9c9-de33-48f3-9bf8-85360cbcda3c",
      "GroupPath": "Config/LevelOutput/Group/Groups_P20135_F20135001/LevelGroup_P20135_F20135001_G4.json",
      "Name": "Normal_NPC",
      "ID": 4
    },
    {
      "GroupGUID": "a996bea9-7384-46eb-aa57-84baa7fd0c45",
      "GroupPath": "Config/LevelOutput/Group/Groups_P20135_F20135001/LevelGroup_P20135_F20135001_G5.json",
      "Name": "Crowd",
      "ID": 5
    },
    {
      "GroupGUID": "a1a3c31f-1ccc-47a6-bffd-fd8e4a76c160",
      "GroupPath": "Config/LevelOutput/Group/Groups_P20135_F20135001/LevelGroup_P20135_F20135001_G6.json",
      "Name": "MainMission2010203_27",
      "ID": 6
    },
    {
      "GroupGUID": "ad1c6543-8b90-47f6-bd8e-ef7d63789f9f",
      "GroupPath": "Config/LevelOutput/Group/Groups_P20135_F20135001/LevelGroup_P20135_F20135001_G7.json",
      "Name": "MainMission2010203_28",
      "ID": 7
    },
    {
      "GroupGUID": "31b727d6-efe9-46df-89a6-9f818bda3c7f",
      "GroupPath": "Config/LevelOutput/Group/Groups_P20135_F20135001/LevelGroup_P20135_F20135001_G8.json",
      "Name": "Chest",
      "ID": 8
    },
    {
      "GroupGUID": "490bf131-ba21-4ae2-94d8-ea235c6dc19f",
      "GroupPath": "Config/LevelOutput/Group/Groups_P20135_F20135001/LevelGroup_P20135_F20135001_G9.json",
      "Name": "MainMission2010203_28",
      "ID": 9
    },
    {
      "GroupGUID": "aa8bb000-52f5-47a9-9310-94a5988a36ef",
      "GroupPath": "Config/LevelOutput/Group/Groups_P20135_F20135001/LevelGroup_P20135_F20135001_G10.json",
      "Name": "New Group",
      "ID": 10
    },
    {
      "GroupGUID": "02a76ec1-96cf-458a-ba0d-a2bcc2f1afd0",
      "GroupPath": "Config/LevelOutput/Group/Groups_P20135_F20135001/LevelGroup_P20135_F20135001_G11.json",
      "Name": "New Group",
      "ID": 11
    },
    {
      "GroupGUID": "c7814cbd-24c0-4fca-8148-527feca6156b",
      "GroupPath": "Config/LevelOutput/Group/Groups_P20135_F20135001/LevelGroup_P20135_F20135001_G12.json",
      "Name": "MainMission4140101_Normal",
      "ID": 12
    },
    {
      "GroupGUID": "c6ca8329-39e7-4301-9a2a-3eb32c9c43d4",
      "GroupPath": "Config/LevelOutput/Group/Groups_P20135_F20135001/LevelGroup_P20135_F20135001_G13.json",
      "Name": "Prop_1",
      "ID": 13
    },
    {
      "GroupGUID": "5625f017-a23e-44b5-be92-f6662cd87c9c",
      "GroupPath": "Config/LevelOutput/Group/Groups_P20135_F20135001/LevelGroup_P20135_F20135001_G14.json",
      "Name": "Find",
      "ID": 14
    },
    {
      "GroupGUID": "8d55bfde-8300-4156-9583-f51dd3d21b28",
      "GroupPath": "Config/LevelOutput/Group/Groups_P20135_F20135001/LevelGroup_P20135_F20135001_G15.json",
      "Name": "MainMission4140102_",
      "ID": 15
    },
    {
      "GroupGUID": "3c99b614-7630-4b70-aacd-97bdcc4e2459",
      "GroupPath": "Config/LevelOutput/Group/Groups_P20135_F20135001/LevelGroup_P20135_F20135001_G16.json",
      "Name": "MainMission4140108_Normal",
      "ID": 16
    },
    {
      "GroupGUID": "8a4245f3-412c-460a-8704-fccff773acd4",
      "GroupPath": "Config/LevelOutput/Group/Groups_P20135_F20135001/LevelGroup_P20135_F20135001_G17.json",
      "Name": "Prop_2",
      "ID": 17
    },
    {
      "GroupGUID": "13bdfbb9-e7da-4aca-8889-c3024cceb853",
      "GroupPath": "Config/LevelOutput/Group/Groups_P20135_F20135001/LevelGroup_P20135_F20135001_G18.json",
      "Name": "MainMission4140104_",
      "ID": 18
    },
    {
      "GroupGUID": "dd3795b6-ad7e-4b19-9352-1a9f75bdbb09",
      "GroupPath": "Config/LevelOutput/Group/Groups_P20135_F20135001/LevelGroup_P20135_F20135001_G19.json",
      "Name": "NPC_1",
      "ID": 19
    },
    {
      "GroupGUID": "439d9490-c108-4851-bd75-829d5ebe8103",
      "GroupPath": "Config/LevelOutput/Group/Groups_P20135_F20135001/LevelGroup_P20135_F20135001_G20.json",
      "Name": "NPC_2",
      "ID": 20
    },
    {
      "GroupGUID": "b9efc4a8-765c-4ff2-95f4-6f633b1cf784",
      "GroupPath": "Config/LevelOutput/Group/Groups_P20135_F20135001/LevelGroup_P20135_F20135001_G21.json",
      "Name": "NPC_3",
      "ID": 21
    },
    {
      "GroupGUID": "a13d8a2c-0c67-41a5-8e09-06ea3cafb0b5",
      "GroupPath": "Config/LevelOutput/Group/Groups_P20135_F20135001/LevelGroup_P20135_F20135001_G22.json",
      "Name": "MainMission4140103_",
      "ID": 22
    },
    {
      "GroupGUID": "d780d7dd-3057-471d-96ab-14b8f21ab4bb",
      "GroupPath": "Config/LevelOutput/Group/Groups_P20135_F20135001/LevelGroup_P20135_F20135001_G23.json",
      "Name": "MainMission4140103_",
      "ID": 23
    },
    {
      "GroupGUID": "c688b103-cf2b-4712-aded-66e60c04421a",
      "GroupPath": "Config/LevelOutput/Group/Groups_P20135_F20135001/LevelGroup_P20135_F20135001_G24.json",
      "Name": "MainMission4140103_",
      "ID": 24
    },
    {
      "GroupGUID": "7d9af527-616a-4fbc-81ab-d6688bcc1a24",
      "GroupPath": "Config/LevelOutput/Group/Groups_P20135_F20135001/LevelGroup_P20135_F20135001_G25.json",
      "Name": "MainMission4140103_",
      "ID": 25
    },
    {
      "GroupGUID": "234906cb-8a2f-4bb5-82c4-fa4710d04d50",
      "GroupPath": "Config/LevelOutput/Group/Groups_P20135_F20135001/LevelGroup_P20135_F20135001_G26.json",
      "Name": "SecretResearch",
      "ID": 26
    },
    {
      "GroupGUID": "ff577bf3-6ab8-44b1-aa7e-11a49781bec5",
      "GroupPath": "Config/LevelOutput/Group/Groups_P20135_F20135001/LevelGroup_P20135_F20135001_G27.json",
      "Name": "MainMission4140113_PlanA",
      "ID": 27
    },
    {
      "GroupGUID": "babf78a0-4133-46a6-9569-ff0453e37553",
      "GroupPath": "Config/LevelOutput/Group/Groups_P20135_F20135001/LevelGroup_P20135_F20135001_G28.json",
      "Name": "NPC_SW",
      "ID": 28
    },
    {
      "GroupGUID": "3356a69d-1a95-4096-9b5a-85d20897ddc0",
      "GroupPath": "Config/LevelOutput/Group/Groups_P20135_F20135001/LevelGroup_P20135_F20135001_G29.json",
      "Name": "Book",
      "ID": 29
    },
    {
      "GroupGUID": "76dba610-aa13-440a-9273-12dffa188006",
      "GroupPath": "Config/LevelOutput/Group/Groups_P20135_F20135001/LevelGroup_P20135_F20135001_G30.json",
      "Name": "SecretResearch",
      "ID": 30
    },
    {
      "GroupGUID": "37b8d1c6-f948-4a4f-aa7d-e20f1c83b83e",
      "GroupPath": "Config/LevelOutput/Group/Groups_P20135_F20135001/LevelGroup_P20135_F20135001_G31.json",
      "ID": 31
    }
  ],
  "DefaultEnviroProfile": "Stages/Outputs/Chapter01/EnviroProfile/Chap01_CloseView_ADV_Area_M304_01_Foggy.enviroProfile.asset",
  "StageData": "Stages/Outputs/Chapter01/Stages/Chap01_MAZ_M304_MainLine_01_StageData/Chap01_MAZ_M304_MainLine_01_StageData.stage",
  "TimeOfDayEnviroProfileMap": {
    "2": "Stages/Outputs/Chapter01/EnviroProfile/Chap01_CloseView_ADV_Area_Square_01_Night.enviroProfile.asset"
  },
  "LayerToAreaMask": [
    9
  ],
  "FloorCustomData": {
    "SavedValues": [
      {
        "ID": 1,
        "Name": "4140101",
        "AllowedValues": [],
        "MaxValue": 1
      },
      {
        "ID": 4,
        "Name": "Prop17Group",
        "AllowedValues": [],
        "MaxValue": 1
      },
      {
        "ID": 5,
        "Name": "G26P300001",
        "AllowedValues": [],
        "MaxValue": 1
      },
      {
        "ID": 8,
        "Name": "G27NPC",
        "AllowedValues": [],
        "MaxValue": 1
      },
      {
        "ID": 9,
        "Name": "G30P300001",
        "AllowedValues": [],
        "MaxValue": 1
      }
    ]
  },
  "BattleAreaList": [],
  "DimensionList": [
    {}
  ],
  "NavmapConfigPath": "Config/LevelOutput/Map/MapInfo_P20135_F20135001.json",
  "EnableGroupStreaming": false,
  "EnableGroupSpaceConflict": false,
  "IsRestartLevelGraph": false
}