{
  "FloorID": 20231002,
  "FloorName": "FloorName_20231002",
  "StartGroupID": 1,
  "StartAnchorID": 1,
  "GroupList": [
    {
      "GroupGUID": "f06a085f-62d6-4dd4-b8af-2a57b561f1b9",
      "GroupPath": "Config/LevelOutput/Group/Groups_P20231_F20231002/LevelGroup_P20231_F20231002_G1.json",
      "Name": "DefaultGroup",
      "ID": 1
    },
    {
      "GroupGUID": "2a0582e3-a93a-4945-9227-0ebf1abf7eec",
      "GroupPath": "Config/LevelOutput/Group/Groups_P20231_F20231002/LevelGroup_P20231_F20231002_G6.json",
      "Name": "Teleport",
      "ID": 6
    },
    {
      "GroupGUID": "49350fa5-6a8d-41b1-a438-8c1e3e4c72fd",
      "GroupPath": "Config/LevelOutput/Group/Groups_P20231_F20231002/LevelGroup_P20231_F20231002_G7.json",
      "Name": "Default_BoundaryCamera_Client",
      "ID": 7
    },
    {
      "GroupGUID": "e9dce80a-ab93-468e-8c5a-6563cfe9b5b9",
      "GroupPath": "Config/LevelOutput/Group/Groups_P20231_F20231002/LevelGroup_P20231_F20231002_G52.json",
      "Name": "Sound",
      "ID": 52
    },
    {
      "GroupGUID": "529f5963-d180-436c-9207-95027b641999",
      "GroupPath": "Config/LevelOutput/Group/Groups_P20231_F20231002/LevelGroup_P20231_F20231002_G8.json",
      "Name": "Book",
      "ID": 8
    },
    {
      "GroupGUID": "98438a71-55b2-48d6-86f9-583fd157b6c0",
      "GroupPath": "Config/LevelOutput/Group/Groups_P20231_F20231002/LevelGroup_P20231_F20231002_G53.json",
      "Name": "Book",
      "ID": 53
    }
  ],
  "DefaultEnviroProfile": "Stages/Outputs/Chapter02/EnviroProfile/Chap02_CloseView_MAZ_X301_MainLine_02_Day.enviroProfile.asset",
  "StageData": "Stages/Outputs/Chapter02/Stages/Chap02_MAZ_X301_MainLine_02_StageData/Chap02_MAZ_X301_MainLine_02_StageData.stage",
  "CameraType": "Maze",
  "MinimapVolumeData": {},
  "TimeOfDayEnviroProfileMap": {},
  "LayerToAreaMask": [
    1
  ],
  "IsRestartLevelGraph": false
}