{
  "FloorID": 20211001,
  "FloorName": "MazeText_Empty",
  "StartGroupID": 1,
  "StartAnchorID": 1,
  "GroupList": [
    {
      "GroupGUID": "615852ee-91e2-4efa-9a14-197c42b983b0",
      "GroupPath": "Config/LevelOutput/Group/Groups_P20211_F20211001/LevelGroup_P20211_F20211001_G1.json",
      "DimensionFilter": {
        "FilterType": "All"
      },
      "Name": "Default",
      "ID": 1
    },
    {
      "GroupGUID": "26ff7fc5-1127-4e02-a52e-09c84d28cc95",
      "GroupPath": "Config/LevelOutput/Group/Groups_P20211_F20211001/LevelGroup_P20211_F20211001_G38.json",
      "DimensionFilter": {
        "FilterType": "All"
      },
      "Name": "Exit",
      "ID": 38
    },
    {
      "GroupGUID": "b59a6aaa-aa61-43f8-98a1-ab67393f1caf",
      "GroupPath": "Config/LevelOutput/Group/Groups_P20211_F20211001/LevelGroup_P20211_F20211001_G35.json",
      "DimensionFilter": {
        "FilterType": "All"
      },
      "Name": "Default_Props_Door",
      "ID": 35
    },
    {
      "GroupGUID": "c5280fcd-8956-4893-8a9e-6a92e8ebbd06",
      "GroupPath": "Config/LevelOutput/Group/Groups_P20211_F20211001/LevelGroup_P20211_F20211001_G187.json",
      "DimensionFilter": {
        "FilterType": "All"
      },
      "Name": "Default_Props_Door",
      "ID": 187
    },
    {
      "GroupGUID": "5da064bd-e312-453a-bd43-49998525c884",
      "GroupPath": "Config/LevelOutput/Group/Groups_P20211_F20211001/LevelGroup_P20211_F20211001_G2.json",
      "DimensionFilter": {
        "FilterType": "All"
      },
      "Name": "TreasureBox",
      "ID": 2
    },
    {
      "GroupGUID": "e89db4b9-cd20-4bf7-8c78-1d88020e6110",
      "GroupPath": "Config/LevelOutput/Group/Groups_P20211_F20211001/LevelGroup_P20211_F20211001_G3.json",
      "DimensionFilter": {
        "FilterType": "All"
      },
      "Name": "DistructableDefault",
      "ID": 3
    },
    {
      "GroupGUID": "9af2d7f9-8872-4860-a79a-4bddbdc9743e",
      "GroupPath": "Config/LevelOutput/Group/Groups_P20211_F20211001/LevelGroup_P20211_F20211001_G106.json",
      "DimensionFilter": {
        "FilterType": "All"
      },
      "Name": "Book",
      "ID": 106
    },
    {
      "GroupGUID": "24b2029e-57c5-4d3d-8147-771dd728d67a",
      "GroupPath": "Config/LevelOutput/Group/Groups_P20211_F20211001/LevelGroup_P20211_F20211001_G43.json",
      "DimensionFilter": {},
      "Name": "MainMission1020201_",
      "ID": 43
    },
    {
      "GroupGUID": "0e1cfdf9-9e9e-4904-bfca-348e9097fc86",
      "GroupPath": "Config/LevelOutput/Group/Groups_P20211_F20211001/LevelGroup_P20211_F20211001_G4.json",
      "DimensionFilter": {},
      "Name": "MainMission1020201_MainMissionMonster",
      "ID": 4
    },
    {
      "GroupGUID": "86354e16-0379-45c0-be91-beff4e791fff",
      "GroupPath": "Config/LevelOutput/Group/Groups_P20211_F20211001/LevelGroup_P20211_F20211001_G55.json",
      "DimensionFilter": {
        "FilterType": "All"
      },
      "Name": "DefaultMonster",
      "ID": 55
    },
    {
      "GroupGUID": "cfc1e593-8b1b-4046-bdf3-c54ec6e38ced",
      "GroupPath": "Config/LevelOutput/Group/Groups_P20211_F20211001/LevelGroup_P20211_F20211001_G103.json",
      "DimensionFilter": {
        "FilterType": "All"
      },
      "Name": "Monster_ChestMonster",
      "ID": 103
    },
    {
      "GroupGUID": "fcd45829-b27d-4a32-afa5-401e15c6a5e5",
      "GroupPath": "Config/LevelOutput/Group/Groups_P20211_F20211001/LevelGroup_P20211_F20211001_G7.json",
      "DimensionFilter": {
        "FilterType": "All"
      },
      "Name": "Containertutorial",
      "ID": 7
    },
    {
      "GroupGUID": "6ea7576c-7311-4133-afb3-70a80170f2cf",
      "GroupPath": "Config/LevelOutput/Group/Groups_P20211_F20211001/LevelGroup_P20211_F20211001_G119.json",
      "DimensionFilter": {},
      "Name": "MainMission4020104_",
      "ID": 119
    },
    {
      "GroupGUID": "8ab11d64-7af8-479c-9e49-b2e4fe08aed5",
      "GroupPath": "Config/LevelOutput/Group/Groups_P20211_F20211001/LevelGroup_P20211_F20211001_G40.json",
      "DimensionFilter": {},
      "Name": "FarmElement",
      "ID": 40
    },
    {
      "GroupGUID": "dbcd9db0-f96f-4369-975f-bff8a8e4e9ed",
      "GroupPath": "Config/LevelOutput/Group/Groups_P20211_F20211001/LevelGroup_P20211_F20211001_G56.json",
      "DimensionFilter": {},
      "Name": "FarmRelic",
      "ID": 56
    },
    {
      "GroupGUID": "79f17e78-c6bf-4446-b071-70e5d011e0cd",
      "GroupPath": "Config/LevelOutput/Group/Groups_P20211_F20211001/LevelGroup_P20211_F20211001_G234.json",
      "DimensionFilter": {},
      "Name": "DefaultCocoon02",
      "ID": 234
    },
    {
      "GroupGUID": "d2586629-9dc6-49e9-b1f7-b0b9b52277dd",
      "GroupPath": "Config/LevelOutput/Group/Groups_P20211_F20211001/LevelGroup_P20211_F20211001_G41.json",
      "DimensionFilter": {
        "FilterType": "All"
      },
      "Name": "Default_ChallengeChest",
      "ID": 41
    },
    {
      "GroupGUID": "96fb2b73-0b48-4657-8659-ca17484c0f98",
      "GroupPath": "Config/LevelOutput/Group/Groups_P20211_F20211001/LevelGroup_P20211_F20211001_G42.json",
      "DimensionFilter": {
        "FilterType": "All"
      },
      "Name": "Default_ChallengeChest",
      "ID": 42
    },
    {
      "GroupGUID": "c77601db-5770-4861-b921-04b56bca9a97",
      "GroupPath": "Config/LevelOutput/Group/Groups_P20211_F20211001/LevelGroup_P20211_F20211001_G10.json",
      "DimensionFilter": {},
      "Name": "MainMission1020201_",
      "ID": 10
    },
    {
      "GroupGUID": "6aa4fd6f-d74c-4192-a6f3-525f411f0602",
      "GroupPath": "Config/LevelOutput/Group/Groups_P20211_F20211001/LevelGroup_P20211_F20211001_G11.json",
      "DimensionFilter": {},
      "Name": "MainMission1020201_",
      "ID": 11
    },
    {
      "GroupGUID": "c09ff5db-e73e-4295-a51a-ed57f04da3bf",
      "GroupPath": "Config/LevelOutput/Group/Groups_P20211_F20211001/LevelGroup_P20211_F20211001_G12.json",
      "DimensionFilter": {},
      "Name": "MainMission1020201_",
      "ID": 12
    },
    {
      "GroupGUID": "fa394dcb-f9f3-423f-9ef8-d92a198004dc",
      "GroupPath": "Config/LevelOutput/Group/Groups_P20211_F20211001/LevelGroup_P20211_F20211001_G14.json",
      "DimensionFilter": {},
      "Name": "MainMission1020201_",
      "ID": 14
    },
    {
      "GroupGUID": "ba77be46-ee56-4c4f-9e81-93724c1f8262",
      "GroupPath": "Config/LevelOutput/Group/Groups_P20211_F20211001/LevelGroup_P20211_F20211001_G15.json",
      "DimensionFilter": {},
      "Name": "MainMission1020201_",
      "ID": 15
    },
    {
      "GroupGUID": "8d42ea50-134e-4e0e-be60-ce5871b0ea84",
      "GroupPath": "Config/LevelOutput/Group/Groups_P20211_F20211001/LevelGroup_P20211_F20211001_G16.json",
      "DimensionFilter": {},
      "Name": "MainMission1020201_",
      "ID": 16
    },
    {
      "GroupGUID": "1a2483d3-8d92-4aa5-ad2e-c2a1b1d7023f",
      "GroupPath": "Config/LevelOutput/Group/Groups_P20211_F20211001/LevelGroup_P20211_F20211001_G18.json",
      "DimensionFilter": {},
      "Name": "MainMission1020201_",
      "ID": 18
    },
    {
      "GroupGUID": "fc86cc8f-08b9-4f38-9c6c-7f866b3608f2",
      "GroupPath": "Config/LevelOutput/Group/Groups_P20211_F20211001/LevelGroup_P20211_F20211001_G22.json",
      "Name": "MainMission_102040103",
      "ID": 22,
      "IsDelete": true
    },
    {
      "GroupGUID": "706c907a-e4b5-4a43-aa42-d3021d435069",
      "GroupPath": "Config/LevelOutput/Group/Groups_P20211_F20211001/LevelGroup_P20211_F20211001_G23.json",
      "Name": "MainMission_102040104",
      "ID": 23,
      "IsDelete": true
    },
    {
      "GroupGUID": "0bf03cbb-e5eb-47b2-bae2-dba3e50cbfd0",
      "GroupPath": "Config/LevelOutput/Group/Groups_P20211_F20211001/LevelGroup_P20211_F20211001_G26.json",
      "DimensionFilter": {},
      "Name": "MainMission_102020122",
      "ID": 26
    },
    {
      "GroupGUID": "ed2cc5af-d0c6-446e-873b-01619419dc7d",
      "GroupPath": "Config/LevelOutput/Group/Groups_P20211_F20211001/LevelGroup_P20211_F20211001_G27.json",
      "DimensionFilter": {},
      "Name": "MainMission1020201_",
      "ID": 27
    },
    {
      "GroupGUID": "fb52270f-4835-4a00-8ecc-7ddfcb277118",
      "GroupPath": "Config/LevelOutput/Group/Groups_P20211_F20211001/LevelGroup_P20211_F20211001_G28.json",
      "DimensionFilter": {},
      "Name": "MainMission_102040207",
      "ID": 28
    },
    {
      "GroupGUID": "07532e2f-99cc-4934-9c7c-9b28b3944baf",
      "GroupPath": "Config/LevelOutput/Group/Groups_P20211_F20211001/LevelGroup_P20211_F20211001_G29.json",
      "Name": "MainMission_102040208",
      "ID": 29,
      "IsDelete": true
    },
    {
      "GroupGUID": "e23093c7-f536-47ba-a3e2-f05c475afd50",
      "GroupPath": "Config/LevelOutput/Group/Groups_P20211_F20211001/LevelGroup_P20211_F20211001_G30.json",
      "Name": "MainMission_102040209",
      "ID": 30,
      "IsDelete": true
    },
    {
      "GroupGUID": "b30644f3-9a60-476b-8914-6237ed18edd7",
      "GroupPath": "Config/LevelOutput/Group/Groups_P20211_F20211001/LevelGroup_P20211_F20211001_G31.json",
      "Name": "MainMission_102040201",
      "ID": 31,
      "IsDelete": true
    },
    {
      "GroupGUID": "4fc536a4-b11b-4f5d-a5a3-f29199b1a7cb",
      "GroupPath": "Config/LevelOutput/Group/Groups_P20211_F20211001/LevelGroup_P20211_F20211001_G39.json",
      "DimensionFilter": {
        "FilterType": "All"
      },
      "Name": "BlockLine",
      "ID": 39
    },
    {
      "GroupGUID": "686cc123-63e1-4315-a5a1-be25c16e3bf2",
      "GroupPath": "Config/LevelOutput/Group/Groups_P20211_F20211001/LevelGroup_P20211_F20211001_G44.json",
      "Name": "WorldBoss",
      "ID": 44,
      "IsDelete": true
    },
    {
      "GroupGUID": "b8e1a8b9-4840-4900-bb0d-5b9b2634f1fd",
      "GroupPath": "Config/LevelOutput/Group/Groups_P20211_F20211001/LevelGroup_P20211_F20211001_G49.json",
      "DimensionFilter": {},
      "Name": "MainMission4010127_",
      "ID": 49
    },
    {
      "GroupGUID": "f72058e0-15b7-47e3-a49f-a491f447d749",
      "GroupPath": "Config/LevelOutput/Group/Groups_P20211_F20211001/LevelGroup_P20211_F20211001_G54.json",
      "DimensionFilter": {
        "FilterType": "All"
      },
      "Name": "StarSkiff",
      "ID": 54
    },
    {
      "GroupGUID": "48b1fcdb-8f5f-4218-880a-61a1a96ace3e",
      "GroupPath": "Config/LevelOutput/Group/Groups_P20211_F20211001/LevelGroup_P20211_F20211001_G57.json",
      "DimensionFilter": {
        "FilterType": "All"
      },
      "Name": "Container01",
      "ID": 57
    },
    {
      "GroupGUID": "eebc72ae-1c1d-403a-9b6a-e06e6aaa6c7c",
      "GroupPath": "Config/LevelOutput/Group/Groups_P20211_F20211001/LevelGroup_P20211_F20211001_G58.json",
      "DimensionFilter": {
        "FilterType": "All"
      },
      "Name": "Container02",
      "ID": 58
    },
    {
      "GroupGUID": "572ece6c-eb71-4f1d-b5ed-89f5c435db02",
      "GroupPath": "Config/LevelOutput/Group/Groups_P20211_F20211001/LevelGroup_P20211_F20211001_G59.json",
      "DimensionFilter": {
        "FilterType": "All"
      },
      "Name": "Container03",
      "ID": 59
    },
    {
      "GroupGUID": "ab5394f9-faa9-4a6f-8bf4-208eea7c17f6",
      "GroupPath": "Config/LevelOutput/Group/Groups_P20211_F20211001/LevelGroup_P20211_F20211001_G60.json",
      "DimensionFilter": {
        "FilterType": "All"
      },
      "Name": "Container04",
      "ID": 60
    },
    {
      "GroupGUID": "e5df87a7-a8dd-47b5-84f6-814e15a6c3a2",
      "GroupPath": "Config/LevelOutput/Group/Groups_P20211_F20211001/LevelGroup_P20211_F20211001_G62.json",
      "DimensionFilter": {
        "FilterType": "All"
      },
      "Name": "Sound",
      "ID": 62
    },
    {
      "GroupGUID": "283ab35d-07a5-43f8-8812-6c1c8f19edec",
      "GroupPath": "Config/LevelOutput/Group/Groups_P20211_F20211001/LevelGroup_P20211_F20211001_G67.json",
      "Name": "Book",
      "ID": 67,
      "IsDelete": true
    },
    {
      "GroupGUID": "e56efa71-f62f-4ac1-95aa-73980b5bd821",
      "GroupPath": "Config/LevelOutput/Group/Groups_P20211_F20211001/LevelGroup_P20211_F20211001_G70.json",
      "DimensionFilter": {
        "FilterType": "All"
      },
      "Name": "AreaIdentifier",
      "ID": 70
    },
    {
      "GroupGUID": "8474acaf-4ac1-42a3-838b-e96ed6e9d234",
      "GroupPath": "Config/LevelOutput/Group/Groups_P20211_F20211001/LevelGroup_P20211_F20211001_G77.json",
      "DimensionFilter": {
        "FilterType": "All"
      },
      "Name": "LogisticsRobot",
      "ID": 77
    },
    {
      "GroupGUID": "cf6a0ea1-4a9d-4cc2-8c0f-6d4b9b59913c",
      "GroupPath": "Config/LevelOutput/Group/Groups_P20211_F20211001/LevelGroup_P20211_F20211001_G95.json",
      "DimensionFilter": {
        "FilterType": "All"
      },
      "Name": "LogisticsRobot",
      "ID": 95
    },
    {
      "GroupGUID": "f722b41e-aa6c-4e45-aede-9a1448b7373f",
      "GroupPath": "Config/LevelOutput/Group/Groups_P20211_F20211001/LevelGroup_P20211_F20211001_G96.json",
      "DimensionFilter": {
        "FilterType": "All"
      },
      "Name": "New Group",
      "ID": 96
    },
    {
      "GroupGUID": "59dd12f3-0e8e-4628-9131-f4f3399b60ab",
      "GroupPath": "Config/LevelOutput/Group/Groups_P20211_F20211001/LevelGroup_P20211_F20211001_G99.json",
      "DimensionFilter": {},
      "Name": "MainMission4020106_",
      "ID": 99
    },
    {
      "GroupGUID": "cd572f75-f6e6-4a45-9dca-61f691aeeb35",
      "GroupPath": "Config/LevelOutput/Group/Groups_P20211_F20211001/LevelGroup_P20211_F20211001_G107.json",
      "DimensionFilter": {},
      "Name": "MainMission4010127_",
      "ID": 107
    },
    {
      "GroupGUID": "50b968d8-4835-49a7-b8da-27f236873ff1",
      "GroupPath": "Config/LevelOutput/Group/Groups_P20211_F20211001/LevelGroup_P20211_F20211001_G112.json",
      "DimensionFilter": {
        "FilterType": "All"
      },
      "Name": "ScenePropSfx",
      "ID": 112
    },
    {
      "GroupGUID": "37f0aae8-9bca-4a28-9761-1d4e4e46ee81",
      "GroupPath": "Config/LevelOutput/Group/Groups_P20211_F20211001/LevelGroup_P20211_F20211001_G113.json",
      "DimensionFilter": {
        "FilterType": "All"
      },
      "Name": "QiongYiCore",
      "ID": 113
    },
    {
      "GroupGUID": "e7c526b8-a683-43d3-887c-c7d37d4c0336",
      "GroupPath": "Config/LevelOutput/Group/Groups_P20211_F20211001/LevelGroup_P20211_F20211001_G71.json",
      "DimensionFilter": {},
      "Name": "MainMission2020303_",
      "ID": 71
    },
    {
      "GroupGUID": "3d337849-ddb7-4ac2-82a0-e9e8a547f700",
      "GroupPath": "Config/LevelOutput/Group/Groups_P20211_F20211001/LevelGroup_P20211_F20211001_G72.json",
      "DimensionFilter": {},
      "Name": "MainMission2020303_",
      "ID": 72
    },
    {
      "GroupGUID": "e4ad2db4-7ee3-4909-b1ff-a78f9319306b",
      "GroupPath": "Config/LevelOutput/Group/Groups_P20211_F20211001/LevelGroup_P20211_F20211001_G104.json",
      "DimensionFilter": {},
      "Name": "MainMission2020303_",
      "ID": 104
    },
    {
      "GroupGUID": "b9bf9641-36ce-45d5-b0fa-8465a002878a",
      "GroupPath": "Config/LevelOutput/Group/Groups_P20211_F20211001/LevelGroup_P20211_F20211001_G108.json",
      "DimensionFilter": {
        "FilterType": "All"
      },
      "Name": "LogisticsRobot",
      "ID": 108
    },
    {
      "GroupGUID": "e5798d27-22d7-4499-a384-9d2408287072",
      "GroupPath": "Config/LevelOutput/Group/Groups_P20211_F20211001/LevelGroup_P20211_F20211001_G115.json",
      "DimensionFilter": {},
      "Name": "MainMission0_",
      "ID": 115
    },
    {
      "GroupGUID": "0f05d159-703e-4a35-a815-a3b6afea50b0",
      "GroupPath": "Config/LevelOutput/Group/Groups_P20211_F20211001/LevelGroup_P20211_F20211001_G117.json",
      "DimensionFilter": {},
      "Name": "SimpleMission",
      "ID": 117
    },
    {
      "GroupGUID": "2f75405f-c1a9-4afb-84cc-236ea0c201c9",
      "GroupPath": "Config/LevelOutput/Group/Groups_P20211_F20211001/LevelGroup_P20211_F20211001_G120.json",
      "DimensionFilter": {
        "FilterType": "All"
      },
      "Name": "LogisticsRobot",
      "ID": 120
    },
    {
      "GroupGUID": "df369c76-cc8b-4aea-8961-b4d068b4a2c7",
      "GroupPath": "Config/LevelOutput/Group/Groups_P20211_F20211001/LevelGroup_P20211_F20211001_G122.json",
      "DimensionFilter": {},
      "Name": "MainMission4040203_",
      "ID": 122
    },
    {
      "GroupGUID": "6343ae7f-fc88-4bb7-9972-8fbe3838cf8e",
      "GroupPath": "Config/LevelOutput/Group/Groups_P20211_F20211001/LevelGroup_P20211_F20211001_G123.json",
      "DimensionFilter": {},
      "Name": "MainMission4040203_",
      "ID": 123
    },
    {
      "GroupGUID": "48f168c4-5640-4047-a6b1-0c113d55ebfc",
      "GroupPath": "Config/LevelOutput/Group/Groups_P20211_F20211001/LevelGroup_P20211_F20211001_G125.json",
      "Name": "Insertion_DoorConsole",
      "ID": 125,
      "IsDelete": true
    },
    {
      "GroupGUID": "d5037ae9-2ec0-4e47-a496-caa5e74b4b81",
      "GroupPath": "Config/LevelOutput/Group/Groups_P20211_F20211001/LevelGroup_P20211_F20211001_G126.json",
      "Name": "Insertion_DoorConsole",
      "ID": 126,
      "IsDelete": true
    },
    {
      "GroupGUID": "f15a48c0-e364-4721-b5e7-e4add0900e1b",
      "GroupPath": "Config/LevelOutput/Group/Groups_P20211_F20211001/LevelGroup_P20211_F20211001_G127.json",
      "DimensionFilter": {
        "FilterType": "All"
      },
      "Name": "SimpleMision_Insertion",
      "ID": 127
    },
    {
      "GroupGUID": "60e219e5-2fb5-4a6a-8286-3abc7d579df0",
      "GroupPath": "Config/LevelOutput/Group/Groups_P20211_F20211001/LevelGroup_P20211_F20211001_G131.json",
      "DimensionFilter": {
        "FilterType": "All"
      },
      "Name": "RubikCubeOfficial01",
      "ID": 131
    },
    {
      "GroupGUID": "3e77e747-69f6-4dd0-a2f8-dd2bb7c40eb3",
      "GroupPath": "Config/LevelOutput/Group/Groups_P20211_F20211001/LevelGroup_P20211_F20211001_G132.json",
      "DimensionFilter": {
        "FilterType": "All"
      },
      "Name": "RubikCubeOfficial02",
      "ID": 132
    },
    {
      "GroupGUID": "8133e249-8e97-4ba6-a4de-b67536efae94",
      "GroupPath": "Config/LevelOutput/Group/Groups_P20211_F20211001/LevelGroup_P20211_F20211001_G133.json",
      "DimensionFilter": {
        "FilterType": "All"
      },
      "Name": "RubikCubeOfficial03",
      "ID": 133
    },
    {
      "GroupGUID": "a456e6cd-da94-4658-a754-8ff067712d01",
      "GroupPath": "Config/LevelOutput/Group/Groups_P20211_F20211001/LevelGroup_P20211_F20211001_G134.json",
      "DimensionFilter": {
        "FilterType": "Expression",
        "FilterExpression": {
          "ExpressionList": [
            {
              "$type": "RPG.GameCore.LevelDimensionFilterIDExpression",
              "Operation": "NotIn",
              "DimensionIDList": [
                1
              ]
            }
          ]
        }
      },
      "Name": "RubikCubeOfficial04",
      "ID": 134
    },
    {
      "GroupGUID": "d4178b05-2842-4152-bed6-cc86d5e24f39",
      "GroupPath": "Config/LevelOutput/Group/Groups_P20211_F20211001/LevelGroup_P20211_F20211001_G138.json",
      "DimensionFilter": {
        "FilterType": "All"
      },
      "Name": "RubikCubeOfficial16",
      "ID": 138
    },
    {
      "GroupGUID": "0102ec3b-5159-4e28-a644-1635c81f6f86",
      "GroupPath": "Config/LevelOutput/Group/Groups_P20211_F20211001/LevelGroup_P20211_F20211001_G139.json",
      "DimensionFilter": {
        "FilterType": "All"
      },
      "Name": "RubikCubeOfficial17",
      "ID": 139
    },
    {
      "GroupGUID": "2850bd67-0015-41f1-bb6a-43a9c5fae419",
      "GroupPath": "Config/LevelOutput/Group/Groups_P20211_F20211001/LevelGroup_P20211_F20211001_G140.json",
      "DimensionFilter": {
        "FilterType": "All"
      },
      "Name": "RubikCubeOfficial18",
      "ID": 140
    },
    {
      "GroupGUID": "cedc153e-1503-478c-83d0-90f8e28814e0",
      "GroupPath": "Config/LevelOutput/Group/Groups_P20211_F20211001/LevelGroup_P20211_F20211001_G141.json",
      "DimensionFilter": {
        "FilterType": "Expression",
        "FilterExpression": {
          "ExpressionList": [
            {
              "$type": "RPG.GameCore.LevelDimensionFilterIDExpression",
              "Operation": "NotIn",
              "DimensionIDList": [
                1
              ]
            }
          ]
        }
      },
      "Name": "RubikCubeOfficial19",
      "ID": 141
    },
    {
      "GroupGUID": "e403f482-9686-4cf7-a84d-2b5aa02bcfe3",
      "GroupPath": "Config/LevelOutput/Group/Groups_P20211_F20211001/LevelGroup_P20211_F20211001_G153.json",
      "Name": "Contamination_Key_OB01",
      "ID": 153,
      "IsDelete": true
    },
    {
      "GroupGUID": "9f9b3b9a-73ca-4e79-aa9e-062bb71ff42e",
      "GroupPath": "Config/LevelOutput/Group/Groups_P20211_F20211001/LevelGroup_P20211_F20211001_G154.json",
      "Name": "Contamination_Key_OB02",
      "ID": 154,
      "IsDelete": true
    },
    {
      "GroupGUID": "55f182d4-18a8-4389-943f-3b95002649d9",
      "GroupPath": "Config/LevelOutput/Group/Groups_P20211_F20211001/LevelGroup_P20211_F20211001_G155.json",
      "Name": "Contamination_Key_OB03",
      "ID": 155,
      "IsDelete": true
    },
    {
      "GroupGUID": "b61d6b2b-7e4d-47b7-8005-b5080521a565",
      "GroupPath": "Config/LevelOutput/Group/Groups_P20211_F20211001/LevelGroup_P20211_F20211001_G150.json",
      "Name": "Contamination_Norm_OB01",
      "ID": 150,
      "IsDelete": true
    },
    {
      "GroupGUID": "73ad46c5-576e-40ec-a8c4-af81696f9cf0",
      "GroupPath": "Config/LevelOutput/Group/Groups_P20211_F20211001/LevelGroup_P20211_F20211001_G160.json",
      "Name": "Contamination_Norm_OB01",
      "ID": 160,
      "IsDelete": true
    },
    {
      "GroupGUID": "e1c927e2-3f5f-4b0f-84c5-14c6c0a71f7b",
      "GroupPath": "Config/LevelOutput/Group/Groups_P20211_F20211001/LevelGroup_P20211_F20211001_G151.json",
      "Name": "Contamination_Norm_OB02",
      "ID": 151,
      "IsDelete": true
    },
    {
      "GroupGUID": "49b33a5b-e36b-4f4d-9cca-08758ffbfb7e",
      "GroupPath": "Config/LevelOutput/Group/Groups_P20211_F20211001/LevelGroup_P20211_F20211001_G161.json",
      "Name": "Contamination_Norm_OB02",
      "ID": 161,
      "IsDelete": true
    },
    {
      "GroupGUID": "7dc365d5-1198-44f9-8409-902217852ba1",
      "GroupPath": "Config/LevelOutput/Group/Groups_P20211_F20211001/LevelGroup_P20211_F20211001_G157.json",
      "DimensionFilter": {
        "FilterType": "All"
      },
      "Name": "CompassPuzzle_OneShot",
      "ID": 157
    },
    {
      "GroupGUID": "99c1cf00-6ed7-4593-a348-173e913d49da",
      "GroupPath": "Config/LevelOutput/Group/Groups_P20211_F20211001/LevelGroup_P20211_F20211001_G158.json",
      "DimensionFilter": {
        "FilterType": "Expression",
        "FilterExpression": {
          "ExpressionList": [
            {
              "$type": "RPG.GameCore.LevelDimensionFilterIDExpression",
              "Operation": "NotIn",
              "DimensionIDList": [
                1
              ]
            }
          ]
        }
      },
      "Name": "CompassPuzzle_OneShot",
      "ID": 158
    },
    {
      "GroupGUID": "a009d29d-5404-43b0-b1ea-3fe21d3ef2be",
      "GroupPath": "Config/LevelOutput/Group/Groups_P20211_F20211001/LevelGroup_P20211_F20211001_G159.json",
      "DimensionFilter": {
        "FilterType": "All"
      },
      "Name": "PropDialogue",
      "ID": 159
    },
    {
      "GroupGUID": "4b723f75-33a0-48f7-af08-591b089c903a",
      "GroupPath": "Config/LevelOutput/Group/Groups_P20211_F20211001/LevelGroup_P20211_F20211001_G137.json",
      "DimensionFilter": {
        "FilterType": "All"
      },
      "Name": "PuzzleCompass_Anchor",
      "ID": 137
    },
    {
      "GroupGUID": "457e4e64-02ea-43d4-b58f-c6c4bd1eede6",
      "GroupPath": "Config/LevelOutput/Group/Groups_P20211_F20211001/LevelGroup_P20211_F20211001_G162.json",
      "DimensionFilter": {},
      "Name": "MainMission4015101_PuzzleCompass_NPC",
      "ID": 162
    },
    {
      "GroupGUID": "5b3075a6-ba80-47c4-804c-243ef70579a3",
      "GroupPath": "Config/LevelOutput/Group/Groups_P20211_F20211001/LevelGroup_P20211_F20211001_G181.json",
      "DimensionFilter": {},
      "Name": "MainMission4015101_PuzzleCompass_NPC",
      "ID": 181
    },
    {
      "GroupGUID": "36549bd8-568f-4efc-bbed-57b50ff9c78c",
      "GroupPath": "Config/LevelOutput/Group/Groups_P20211_F20211001/LevelGroup_P20211_F20211001_G129.json",
      "DimensionFilter": {},
      "Name": "MainMission4015101_PuzzleCompass_SR01",
      "ID": 129
    },
    {
      "GroupGUID": "054813fa-7371-44be-aca3-a6b885462276",
      "GroupPath": "Config/LevelOutput/Group/Groups_P20211_F20211001/LevelGroup_P20211_F20211001_G130.json",
      "DimensionFilter": {},
      "Name": "MainMission4015101_PuzzleCompass_SR02",
      "ID": 130
    },
    {
      "GroupGUID": "e367c198-62e4-4658-8697-932d2b8dce87",
      "GroupPath": "Config/LevelOutput/Group/Groups_P20211_F20211001/LevelGroup_P20211_F20211001_G168.json",
      "DimensionFilter": {},
      "Name": "MainMission4015101_PuzzleCompass_SR03",
      "ID": 168
    },
    {
      "GroupGUID": "cac7e222-2b47-474b-b7d9-ea404ab3f5f2",
      "GroupPath": "Config/LevelOutput/Group/Groups_P20211_F20211001/LevelGroup_P20211_F20211001_G165.json",
      "DimensionFilter": {},
      "Name": "MainMission4015101_",
      "ID": 165
    },
    {
      "GroupGUID": "478f79a1-9cb4-436a-b4e2-8198f6e345f3",
      "GroupPath": "Config/LevelOutput/Group/Groups_P20211_F20211001/LevelGroup_P20211_F20211001_G169.json",
      "DimensionFilter": {},
      "Name": "MainMission4015101_PuzzleCompass_SR04",
      "ID": 169
    },
    {
      "GroupGUID": "4cb3ba10-24c7-4c2a-94bd-b029b16edb7d",
      "GroupPath": "Config/LevelOutput/Group/Groups_P20211_F20211001/LevelGroup_P20211_F20211001_G164.json",
      "DimensionFilter": {},
      "Name": "MainMission4015103_",
      "ID": 164
    },
    {
      "GroupGUID": "59a08d26-c2a3-4eb0-a371-e5749e9e7075",
      "GroupPath": "Config/LevelOutput/Group/Groups_P20211_F20211001/LevelGroup_P20211_F20211001_G174.json",
      "DimensionFilter": {},
      "Name": "MainMission4015103_PuzzleCompass_SR05",
      "ID": 174
    },
    {
      "GroupGUID": "f4e2ebb7-223e-4d23-8ce6-12ffa1117dab",
      "GroupPath": "Config/LevelOutput/Group/Groups_P20211_F20211001/LevelGroup_P20211_F20211001_G175.json",
      "DimensionFilter": {},
      "Name": "MainMission4015103_PuzzleCompass_SR06",
      "ID": 175
    },
    {
      "GroupGUID": "40773428-3df9-453b-a4db-4604e01f774e",
      "GroupPath": "Config/LevelOutput/Group/Groups_P20211_F20211001/LevelGroup_P20211_F20211001_G166.json",
      "DimensionFilter": {},
      "Name": "MainMission4015103_",
      "ID": 166
    },
    {
      "GroupGUID": "2251dfa1-ffb0-4f9f-bd4a-53f68f33e1ea",
      "GroupPath": "Config/LevelOutput/Group/Groups_P20211_F20211001/LevelGroup_P20211_F20211001_G177.json",
      "DimensionFilter": {},
      "Name": "MainMission4015103_PuzzleCompass_SR07",
      "ID": 177
    },
    {
      "GroupGUID": "ced71220-134a-46a0-ad31-2723c7353922",
      "GroupPath": "Config/LevelOutput/Group/Groups_P20211_F20211001/LevelGroup_P20211_F20211001_G163.json",
      "DimensionFilter": {},
      "Name": "MainMission4015103_",
      "ID": 163
    },
    {
      "GroupGUID": "3d8b0e6a-2951-48d9-9345-fd9b37be052b",
      "GroupPath": "Config/LevelOutput/Group/Groups_P20211_F20211001/LevelGroup_P20211_F20211001_G178.json",
      "DimensionFilter": {},
      "Name": "MainMission4015103_PuzzleCompass_SR08",
      "ID": 178
    },
    {
      "GroupGUID": "359e5ada-bca6-49f4-b05b-d4610e2e7c3e",
      "GroupPath": "Config/LevelOutput/Group/Groups_P20211_F20211001/LevelGroup_P20211_F20211001_G172.json",
      "DimensionFilter": {},
      "Name": "MainMission4015102_PuzzleCompass_SR09",
      "ID": 172
    },
    {
      "GroupGUID": "f368e12b-e10e-4558-94e3-1c87bfe872a9",
      "GroupPath": "Config/LevelOutput/Group/Groups_P20211_F20211001/LevelGroup_P20211_F20211001_G170.json",
      "DimensionFilter": {},
      "Name": "MainMission4015102_PuzzleCompass_SR10",
      "ID": 170
    },
    {
      "GroupGUID": "47de0611-e50c-47fa-a3e0-6ee2dbd4d9f1",
      "GroupPath": "Config/LevelOutput/Group/Groups_P20211_F20211001/LevelGroup_P20211_F20211001_G171.json",
      "DimensionFilter": {},
      "Name": "MainMission4015102_PuzzleCompass_SR11",
      "ID": 171
    },
    {
      "GroupGUID": "5a30a94f-0172-49b4-a16c-d3f77b7103ac",
      "GroupPath": "Config/LevelOutput/Group/Groups_P20211_F20211001/LevelGroup_P20211_F20211001_G167.json",
      "DimensionFilter": {},
      "Name": "MainMission4015102_",
      "ID": 167
    },
    {
      "GroupGUID": "76f0fbd9-85b3-410f-aa4e-71f22e269d27",
      "GroupPath": "Config/LevelOutput/Group/Groups_P20211_F20211001/LevelGroup_P20211_F20211001_G173.json",
      "DimensionFilter": {},
      "Name": "MainMission4015102_PuzzleCompass_SR12",
      "ID": 173
    },
    {
      "GroupGUID": "235e15b2-a003-41a5-b029-41fe8febaf5c",
      "GroupPath": "Config/LevelOutput/Group/Groups_P20211_F20211001/LevelGroup_P20211_F20211001_G183.json",
      "Name": "MainMission2020104_15",
      "ID": 183,
      "IsDelete": true
    },
    {
      "GroupGUID": "84882bbc-bc9b-4126-8287-eec01c122da6",
      "GroupPath": "Config/LevelOutput/Group/Groups_P20211_F20211001/LevelGroup_P20211_F20211001_G184.json",
      "DimensionFilter": {},
      "Name": "MainMission_RoadBlock",
      "ID": 184
    },
    {
      "GroupGUID": "cd872bad-797a-4ac4-878a-a47d1e552d38",
      "GroupPath": "Config/LevelOutput/Group/Groups_P20211_F20211001/LevelGroup_P20211_F20211001_G186.json",
      "DimensionFilter": {
        "FilterType": "All"
      },
      "Name": "PolymerSceneProp",
      "ID": 186
    },
    {
      "GroupGUID": "607ec16b-6215-4b23-bd52-ad1994065968",
      "GroupPath": "Config/LevelOutput/Group/Groups_P20211_F20211001/LevelGroup_P20211_F20211001_G73.json",
      "DimensionFilter": {},
      "Name": "SubMission202030601",
      "ID": 73
    },
    {
      "GroupGUID": "8c4e55ef-1081-4b4f-803c-5918306e7122",
      "GroupPath": "Config/LevelOutput/Group/Groups_P20211_F20211001/LevelGroup_P20211_F20211001_G78.json",
      "DimensionFilter": {},
      "Name": "Submission2020306",
      "ID": 78
    },
    {
      "GroupGUID": "0f4ab329-501b-4ac9-b792-c35f7b3f6f71",
      "GroupPath": "Config/LevelOutput/Group/Groups_P20211_F20211001/LevelGroup_P20211_F20211001_G80.json",
      "DimensionFilter": {},
      "Name": "SubMission202030606",
      "ID": 80
    },
    {
      "GroupGUID": "419d832a-e482-48e9-a6f8-062615ee64a4",
      "GroupPath": "Config/LevelOutput/Group/Groups_P20211_F20211001/LevelGroup_P20211_F20211001_G81.json",
      "DimensionFilter": {},
      "Name": "SubMission202030607",
      "ID": 81
    },
    {
      "GroupGUID": "39064278-809b-4001-9cbe-ddd56c1abced",
      "GroupPath": "Config/LevelOutput/Group/Groups_P20211_F20211001/LevelGroup_P20211_F20211001_G82.json",
      "DimensionFilter": {},
      "Name": "SubMission202030613",
      "ID": 82
    },
    {
      "GroupGUID": "9e441f3c-b953-422d-9b6e-94b04a2eccb6",
      "GroupPath": "Config/LevelOutput/Group/Groups_P20211_F20211001/LevelGroup_P20211_F20211001_G83.json",
      "DimensionFilter": {},
      "Name": "Submission202030612",
      "ID": 83
    },
    {
      "GroupGUID": "59a8436b-552c-4895-a6d6-d128918d905f",
      "GroupPath": "Config/LevelOutput/Group/Groups_P20211_F20211001/LevelGroup_P20211_F20211001_G84.json",
      "DimensionFilter": {},
      "Name": "Submission202030609",
      "ID": 84
    },
    {
      "GroupGUID": "8e37f66c-3ed1-460d-a037-e45bf2a61ecf",
      "GroupPath": "Config/LevelOutput/Group/Groups_P20211_F20211001/LevelGroup_P20211_F20211001_G85.json",
      "DimensionFilter": {},
      "Name": "Submission202030615",
      "ID": 85
    },
    {
      "GroupGUID": "3e7f2346-aea1-4673-9ca4-547f480331fb",
      "GroupPath": "Config/LevelOutput/Group/Groups_P20211_F20211001/LevelGroup_P20211_F20211001_G87.json",
      "DimensionFilter": {},
      "Name": "Submission202030619",
      "ID": 87
    },
    {
      "GroupGUID": "6934987e-8593-4fbb-aa87-dc818fdf37c8",
      "GroupPath": "Config/LevelOutput/Group/Groups_P20211_F20211001/LevelGroup_P20211_F20211001_G89.json",
      "DimensionFilter": {},
      "Name": "Submission202030617",
      "ID": 89
    },
    {
      "GroupGUID": "f74cc8f9-4775-4136-af26-315fbe88bced",
      "GroupPath": "Config/LevelOutput/Group/Groups_P20211_F20211001/LevelGroup_P20211_F20211001_G90.json",
      "DimensionFilter": {},
      "Name": "Submission202030621",
      "ID": 90
    },
    {
      "GroupGUID": "4fc52cfe-3559-4814-a05a-429cba6475c2",
      "GroupPath": "Config/LevelOutput/Group/Groups_P20211_F20211001/LevelGroup_P20211_F20211001_G91.json",
      "DimensionFilter": {},
      "Name": "Submission202030623",
      "ID": 91
    },
    {
      "GroupGUID": "5ed40954-443f-4228-bd9e-027620260bbe",
      "GroupPath": "Config/LevelOutput/Group/Groups_P20211_F20211001/LevelGroup_P20211_F20211001_G92.json",
      "DimensionFilter": {},
      "Name": "Submission202030625",
      "ID": 92
    },
    {
      "GroupGUID": "dbcc9901-6ee2-4e16-ac60-e129865a0fcc",
      "GroupPath": "Config/LevelOutput/Group/Groups_P20211_F20211001/LevelGroup_P20211_F20211001_G93.json",
      "DimensionFilter": {},
      "Name": "Submission202030626",
      "ID": 93
    },
    {
      "GroupGUID": "baebe4a4-bb25-4617-a0fd-da5d0bfb3504",
      "GroupPath": "Config/LevelOutput/Group/Groups_P20211_F20211001/LevelGroup_P20211_F20211001_G102.json",
      "DimensionFilter": {},
      "Name": "SubMission2020306",
      "ID": 102
    },
    {
      "GroupGUID": "a6438fce-6e4d-4cd1-9de6-e2954e76d4fc",
      "GroupPath": "Config/LevelOutput/Group/Groups_P20211_F20211001/LevelGroup_P20211_F20211001_G105.json",
      "DimensionFilter": {},
      "Name": "MainMission2020313_BeforeRaid",
      "ID": 105
    },
    {
      "GroupGUID": "734f0663-36eb-4d56-b479-691f9f7e94fc",
      "GroupPath": "Config/LevelOutput/Group/Groups_P20211_F20211001/LevelGroup_P20211_F20211001_G109.json",
      "DimensionFilter": {},
      "Name": "SubMission202030601",
      "ID": 109
    },
    {
      "GroupGUID": "1e8ef29e-4e6e-4c29-b3b1-a8ea0927cdd6",
      "GroupPath": "Config/LevelOutput/Group/Groups_P20211_F20211001/LevelGroup_P20211_F20211001_G110.json",
      "DimensionFilter": {},
      "Name": "SubMission2020306",
      "ID": 110
    },
    {
      "GroupGUID": "8663b7a3-9122-452e-9839-fcb93ea690c6",
      "GroupPath": "Config/LevelOutput/Group/Groups_P20211_F20211001/LevelGroup_P20211_F20211001_G114.json",
      "DimensionFilter": {},
      "Name": "MainMission2020313_AfterRaid",
      "ID": 114
    },
    {
      "GroupGUID": "0dd1355c-656c-4195-8b84-a99a8444ff71",
      "GroupPath": "Config/LevelOutput/Group/Groups_P20211_F20211001/LevelGroup_P20211_F20211001_G189.json",
      "DimensionFilter": {
        "FilterType": "All"
      },
      "Name": "RaidGate_2020313",
      "ID": 189
    },
    {
      "GroupGUID": "b3294ae0-02fa-4d59-b96f-9c7101294e2b",
      "GroupPath": "Config/LevelOutput/Group/Groups_P20211_F20211001/LevelGroup_P20211_F20211001_G190.json",
      "DimensionFilter": {
        "FilterType": "All"
      },
      "Name": "New Group",
      "ID": 190
    },
    {
      "GroupGUID": "a8204c1f-99e9-40af-9196-857076454aa2",
      "GroupPath": "Config/LevelOutput/Group/Groups_P20211_F20211001/LevelGroup_P20211_F20211001_G192.json",
      "DimensionFilter": {},
      "Name": "MainMission8003240_01",
      "ID": 192
    },
    {
      "GroupGUID": "f963974b-14d1-4d7a-b93b-8aec72a70844",
      "GroupPath": "Config/LevelOutput/Group/Groups_P20211_F20211001/LevelGroup_P20211_F20211001_G199.json",
      "DimensionFilter": {},
      "Name": "MainMission8003240_02",
      "ID": 199
    },
    {
      "GroupGUID": "e2ac68ea-ad71-4262-bb24-37f1947cc281",
      "GroupPath": "Config/LevelOutput/Group/Groups_P20211_F20211001/LevelGroup_P20211_F20211001_G206.json",
      "DimensionFilter": {},
      "Name": "MainMission8003240_03",
      "ID": 206
    },
    {
      "GroupGUID": "adb1a2a8-6048-4ca9-b96d-8a8febd6d3bc",
      "GroupPath": "Config/LevelOutput/Group/Groups_P20211_F20211001/LevelGroup_P20211_F20211001_G207.json",
      "DimensionFilter": {},
      "Name": "MainMission8003240_04",
      "ID": 207
    },
    {
      "GroupGUID": "545784cb-93a0-4e34-bfbd-8e6103191a10",
      "GroupPath": "Config/LevelOutput/Group/Groups_P20211_F20211001/LevelGroup_P20211_F20211001_G204.json",
      "DimensionFilter": {},
      "Name": "MainMission8003240_05",
      "ID": 204
    },
    {
      "GroupGUID": "7fb8e3ff-da94-4194-8232-ad869444f68a",
      "GroupPath": "Config/LevelOutput/Group/Groups_P20211_F20211001/LevelGroup_P20211_F20211001_G205.json",
      "DimensionFilter": {},
      "Name": "MainMission8003240_06",
      "ID": 205
    },
    {
      "GroupGUID": "3379915e-6c16-4d04-ac63-3d7d8c716164",
      "GroupPath": "Config/LevelOutput/Group/Groups_P20211_F20211001/LevelGroup_P20211_F20211001_G208.json",
      "DimensionFilter": {},
      "Name": "MainMission8003241_01",
      "ID": 208
    },
    {
      "GroupGUID": "931f936e-92af-433b-98c9-c538bd7bdf57",
      "GroupPath": "Config/LevelOutput/Group/Groups_P20211_F20211001/LevelGroup_P20211_F20211001_G193.json",
      "DimensionFilter": {
        "FilterType": "All"
      },
      "Name": "New Group",
      "ID": 193
    },
    {
      "GroupGUID": "cab85026-a316-4a1c-88d1-b093df5925fa",
      "GroupPath": "Config/LevelOutput/Group/Groups_P20211_F20211001/LevelGroup_P20211_F20211001_G194.json",
      "DimensionFilter": {
        "FilterType": "All"
      },
      "Name": "NPC1",
      "ID": 194
    },
    {
      "GroupGUID": "0b57b59b-4481-4ed8-b784-55ea0e62648b",
      "GroupPath": "Config/LevelOutput/Group/Groups_P20211_F20211001/LevelGroup_P20211_F20211001_G195.json",
      "DimensionFilter": {
        "FilterType": "All"
      },
      "Name": "NPC2",
      "ID": 195
    },
    {
      "GroupGUID": "178f8939-2562-406e-8733-aa324723b4a7",
      "GroupPath": "Config/LevelOutput/Group/Groups_P20211_F20211001/LevelGroup_P20211_F20211001_G196.json",
      "DimensionFilter": {
        "FilterType": "All"
      },
      "Name": "NPC3",
      "ID": 196
    },
    {
      "GroupGUID": "3df96b3d-1509-4f72-a0ec-7e37056ee1ee",
      "GroupPath": "Config/LevelOutput/Group/Groups_P20211_F20211001/LevelGroup_P20211_F20211001_G197.json",
      "DimensionFilter": {
        "FilterType": "All"
      },
      "Name": "NPC4",
      "ID": 197
    },
    {
      "GroupGUID": "12eed33e-4f61-4da7-a4ed-29972d59c2c9",
      "GroupPath": "Config/LevelOutput/Group/Groups_P20211_F20211001/LevelGroup_P20211_F20211001_G198.json",
      "DimensionFilter": {},
      "Name": "MainMission_RoadBlock",
      "ID": 198
    },
    {
      "GroupGUID": "6576ac99-823e-4d16-bf94-2bbc5bdc2961",
      "GroupPath": "Config/LevelOutput/Group/Groups_P20211_F20211001/LevelGroup_P20211_F20211001_G200.json",
      "DimensionFilter": {},
      "Name": "MainMission4122102_",
      "ID": 200
    },
    {
      "GroupGUID": "e79046a4-db3f-433c-b7e4-66928c278fc3",
      "GroupPath": "Config/LevelOutput/Group/Groups_P20211_F20211001/LevelGroup_P20211_F20211001_G201.json",
      "DimensionFilter": {},
      "Name": "MainMission4122102_",
      "ID": 201
    },
    {
      "GroupGUID": "468484cb-cda1-4397-a6ab-47883ddf942f",
      "GroupPath": "Config/LevelOutput/Group/Groups_P20211_F20211001/LevelGroup_P20211_F20211001_G202.json",
      "DimensionFilter": {
        "FilterType": "All"
      },
      "Name": "Book2",
      "ID": 202
    },
    {
      "GroupGUID": "4fac7a8c-1ec0-46d8-8ebe-a9bb04293791",
      "GroupPath": "Config/LevelOutput/Group/Groups_P20211_F20211001/LevelGroup_P20211_F20211001_G203.json",
      "DimensionFilter": {},
      "Name": "MainMission4015103_",
      "ID": 203
    },
    {
      "GroupGUID": "e788bbfb-bd56-477b-b374-a963bb5db943",
      "GroupPath": "Config/LevelOutput/Group/Groups_P20211_F20211001/LevelGroup_P20211_F20211001_G211.json",
      "DimensionFilter": {},
      "Name": "MainMission8015104_4",
      "ID": 211
    },
    {
      "GroupGUID": "764aa5a5-1047-4918-8c1d-bd47d5d0d970",
      "GroupPath": "Config/LevelOutput/Group/Groups_P20211_F20211001/LevelGroup_P20211_F20211001_G212.json",
      "DimensionFilter": {},
      "Name": "MainMission8015104_6",
      "ID": 212
    },
    {
      "GroupGUID": "7f3f4a64-3705-45e9-952f-3fbec2eb656c",
      "GroupPath": "Config/LevelOutput/Group/Groups_P20211_F20211001/LevelGroup_P20211_F20211001_G215.json",
      "DimensionFilter": {},
      "Name": "MainMission8015173_03",
      "ID": 215
    },
    {
      "GroupGUID": "5854270e-3d9b-4fde-bd8b-6547f197470e",
      "GroupPath": "Config/LevelOutput/Group/Groups_P20211_F20211001/LevelGroup_P20211_F20211001_G216.json",
      "DimensionFilter": {},
      "Name": "MainMission8015173_04",
      "ID": 216
    },
    {
      "GroupGUID": "033419af-bb14-40e9-b7ad-4ac5d18555fc",
      "GroupPath": "Config/LevelOutput/Group/Groups_P20211_F20211001/LevelGroup_P20211_F20211001_G218.json",
      "ExportTarget": "Dev",
      "DimensionFilter": {
        "FilterType": "Expression",
        "FilterExpression": {
          "ExpressionList": [
            {
              "$type": "RPG.GameCore.LevelDimensionFilterIDExpression",
              "DimensionIDList": [
                1
              ]
            }
          ]
        }
      },
      "Name": "MainMission_902040101",
      "ID": 218,
      "IsDelete": true
    },
    {
      "GroupGUID": "19714916-def9-43aa-8e01-bec5dffdcfb9",
      "GroupPath": "Config/LevelOutput/Group/Groups_P20211_F20211001/LevelGroup_P20211_F20211001_G219.json",
      "ExportTarget": "Dev",
      "DimensionFilter": {
        "FilterType": "Expression",
        "FilterExpression": {
          "ExpressionList": [
            {
              "$type": "RPG.GameCore.LevelDimensionFilterIDExpression",
              "DimensionIDList": [
                1
              ]
            }
          ]
        }
      },
      "Name": "MainMission9020401_02",
      "ID": 219,
      "IsDelete": true
    },
    {
      "GroupGUID": "52e9ae8d-1698-4b9c-ac1b-2a885e802408",
      "GroupPath": "Config/LevelOutput/Group/Groups_P20211_F20211001/LevelGroup_P20211_F20211001_G223.json",
      "ExportTarget": "Dev",
      "DimensionFilter": {
        "FilterType": "Expression",
        "FilterExpression": {
          "ExpressionList": [
            {
              "$type": "RPG.GameCore.LevelDimensionFilterIDExpression",
              "DimensionIDList": [
                1
              ]
            }
          ]
        }
      },
      "Name": "MainMission9020401_01",
      "ID": 223,
      "IsDelete": true
    },
    {
      "GroupGUID": "19a63eb7-54dd-46d5-b629-ffefc1f7fd9f",
      "GroupPath": "Config/LevelOutput/Group/Groups_P20211_F20211001/LevelGroup_P20211_F20211001_G224.json",
      "ExportTarget": "Dev",
      "DimensionFilter": {
        "FilterType": "Expression",
        "FilterExpression": {
          "ExpressionList": [
            {
              "$type": "RPG.GameCore.LevelDimensionFilterIDExpression",
              "DimensionIDList": [
                1
              ]
            }
          ]
        }
      },
      "Name": "MainMission9020401_02",
      "ID": 224,
      "IsDelete": true
    },
    {
      "GroupGUID": "0b70dc25-266b-4848-a4ed-d0f8e2b03e01",
      "GroupPath": "Config/LevelOutput/Group/Groups_P20211_F20211001/LevelGroup_P20211_F20211001_G225.json",
      "ExportTarget": "Dev",
      "DimensionFilter": {
        "FilterType": "Expression",
        "FilterExpression": {
          "ExpressionList": [
            {
              "$type": "RPG.GameCore.LevelDimensionFilterIDExpression",
              "DimensionIDList": []
            }
          ]
        }
      },
      "Name": "MainMission9020401_03",
      "ID": 225
    },
    {
      "GroupGUID": "34380593-42d6-498c-bc98-97c3d000bd25",
      "GroupPath": "Config/LevelOutput/Group/Groups_P20211_F20211001/LevelGroup_P20211_F20211001_G226.json",
      "ExportTarget": "Dev",
      "DimensionFilter": {
        "FilterType": "Expression",
        "FilterExpression": {
          "ExpressionList": [
            {
              "$type": "RPG.GameCore.LevelDimensionFilterIDExpression",
              "DimensionIDList": [
                1
              ]
            }
          ]
        }
      },
      "Name": "PuzzleCompass01",
      "ID": 226,
      "IsDelete": true
    },
    {
      "GroupGUID": "eee4b3cf-95e7-474c-bf07-fcb7d21bf9c4",
      "GroupPath": "Config/LevelOutput/Group/Groups_P20211_F20211001/LevelGroup_P20211_F20211001_G227.json",
      "ExportTarget": "Dev",
      "DimensionFilter": {
        "FilterType": "Expression",
        "FilterExpression": {
          "ExpressionList": [
            {
              "$type": "RPG.GameCore.LevelDimensionFilterIDExpression",
              "DimensionIDList": [
                1
              ]
            }
          ]
        }
      },
      "Name": "MainMission9020401_MainMissionMonster",
      "ID": 227,
      "IsDelete": true
    },
    {
      "GroupGUID": "2c3a7d8c-23e8-490d-b829-a29fb2013656",
      "GroupPath": "Config/LevelOutput/Group/Groups_P20211_F20211001/LevelGroup_P20211_F20211001_G228.json",
      "ExportTarget": "Dev",
      "DimensionFilter": {
        "FilterType": "Expression",
        "FilterExpression": {
          "ExpressionList": [
            {
              "$type": "RPG.GameCore.LevelDimensionFilterIDExpression",
              "DimensionIDList": [
                1
              ]
            }
          ]
        }
      },
      "Name": "MainMissionMonster",
      "ID": 228,
      "IsDelete": true
    },
    {
      "GroupGUID": "db8c412a-f5ee-4efb-825f-70c667c65fe5",
      "GroupPath": "Config/LevelOutput/Group/Groups_P20211_F20211001/LevelGroup_P20211_F20211001_G229.json",
      "ExportTarget": "Dev",
      "DimensionFilter": {
        "FilterType": "Expression",
        "FilterExpression": {
          "ExpressionList": [
            {
              "$type": "RPG.GameCore.LevelDimensionFilterIDExpression",
              "DimensionIDList": [
                1
              ]
            }
          ]
        }
      },
      "Name": "MainMission9020401_04",
      "ID": 229,
      "IsDelete": true
    },
    {
      "GroupGUID": "1ffe495a-7bf6-4729-b065-0bbeba659e56",
      "GroupPath": "Config/LevelOutput/Group/Groups_P20211_F20211001/LevelGroup_P20211_F20211001_G230.json",
      "ExportTarget": "Dev",
      "DimensionFilter": {
        "FilterType": "Expression",
        "FilterExpression": {
          "ExpressionList": [
            {
              "$type": "RPG.GameCore.LevelDimensionFilterIDExpression",
              "DimensionIDList": [
                1
              ]
            }
          ]
        }
      },
      "Name": "MainMission9020401_05",
      "ID": 230,
      "IsDelete": true
    },
    {
      "GroupGUID": "9fd93cae-18c1-4100-b214-b9460590a300",
      "GroupPath": "Config/LevelOutput/Group/Groups_P20211_F20211001/LevelGroup_P20211_F20211001_G232.json",
      "DimensionFilter": {},
      "Name": "MainMission8015104_New Group",
      "ID": 232
    },
    {
      "GroupGUID": "846dbf98-9502-41fe-9b04-3254ad1a9edd",
      "GroupPath": "Config/LevelOutput/Group/Groups_P20211_F20211001/LevelGroup_P20211_F20211001_G233.json",
      "ExportTarget": "Dev",
      "DimensionFilter": {
        "FilterType": "All"
      },
      "Name": "MainMission9020401_01",
      "ID": 233,
      "IsDelete": true
    }
  ],
  "DefaultEnviroProfile": "Stages/Outputs/Chapter02/EnviroProfile/Chap02_CloseView_MAZ_X101_MainLine_01_Day.enviroProfile.asset",
  "StageData": "Stages/Outputs/Chapter02/Stages/Chap02_MAZ_X101_MainLine_01_StageData/Chap02_MAZ_X101_MainLine_01_StageData.stage",
  "CameraType": "Maze",
  "TimeOfDayEnviroProfileMap": {},
  "LayerToAreaMask": [
    8,
    16
  ],
  "BattleAreaList": [],
  "DimensionList": [
    {},
    {
      "ID": 1,
      "OverrideBattleAreaList": []
    }
  ],
  "NavmapConfigPath": "Config/LevelOutput/Map/MapInfo_P20211_F20211001.json",
  "EnableGroupStreaming": false,
  "EnableGroupSpaceConflict": false,
  "IsRestartLevelGraph": false
}