{
  "FloorID": 20233001,
  "FloorName": "FloorName_20233001",
  "StartGroupID": 1,
  "StartAnchorID": 1,
  "GroupList": [
    {
      "GroupGUID": "4005af2c-4f7d-4e6b-aa58-f8803e29bdef",
      "GroupPath": "Config/LevelOutput/Group/Groups_P20233_F20233001/LevelGroup_P20233_F20233001_G1.json",
      "Name": "DefaultGroup",
      "ID": 1
    },
    {
      "GroupGUID": "68190431-b0b2-47b2-b246-bd029dd27c68",
      "GroupPath": "Config/LevelOutput/Group/Groups_P20233_F20233001/LevelGroup_P20233_F20233001_G4.json",
      "Name": "MainX3-3",
      "ID": 4
    },
    {
      "GroupGUID": "d7bc8bc1-337e-4b85-8225-89ee6080a69b",
      "GroupPath": "Config/LevelOutput/Group/Groups_P20233_F20233001/LevelGroup_P20233_F20233001_G5.json",
      "Name": "MainMission1021702_AfterStory",
      "ID": 5
    },
    {
      "GroupGUID": "f9a873ff-a0ca-47b6-b090-738a3380b464",
      "GroupPath": "Config/LevelOutput/Group/Groups_P20233_F20233001/LevelGroup_P20233_F20233001_G6.json",
      "Name": "BATProp",
      "ID": 6
    },
    {
      "GroupGUID": "9db4a856-2004-402f-b460-61af24950b12",
      "GroupPath": "Config/LevelOutput/Group/Groups_P20233_F20233001/LevelGroup_P20233_F20233001_G7.json",
      "Name": "New Group",
      "ID": 7
    },
    {
      "GroupGUID": "a882bd17-9f36-4812-9c0b-315f1b200aa5",
      "GroupPath": "Config/LevelOutput/Group/Groups_P20233_F20233001/LevelGroup_P20233_F20233001_G10.json",
      "Name": "Sound",
      "ID": 10
    }
  ],
  "DefaultEnviroProfile": "Stages/Outputs/Chapter02/EnviroProfile/Chap02_CloseView_MAZ_X303_MainLine_01_Day.enviroProfile.asset",
  "StageData": "Stages/Outputs/Chapter02/Stages/Chap02_MAZ_X303_MainLine_01_StageData/Chap02_MAZ_X303_MainLine_01_StageData.stage",
  "CameraType": "Maze",
  "MinimapVolumeData": {},
  "TimeOfDayEnviroProfileMap": {},
  "LayerToAreaMask": [
    1
  ],
  "IsRestartLevelGraph": false
}