{
  "FloorID": 20213001,
  "FloorName": "FloorName_20213001",
  "StartGroupID": 1,
  "StartAnchorID": 1,
  "GroupList": [
    {
      "GroupGUID": "3415b659-d08b-4d32-b9dd-7e41c9da61b5",
      "GroupPath": "Config/LevelOutput/Group/Groups_P20213_F20213001/LevelGroup_P20213_F20213001_G1.json",
      "Name": "Default",
      "ID": 1
    },
    {
      "GroupGUID": "e80dc5c1-9685-46bd-9722-980119da25d0",
      "GroupPath": "Config/LevelOutput/Group/Groups_P20213_F20213001/LevelGroup_P20213_F20213001_G3.json",
      "Name": "MainMission_102040104",
      "ID": 3
    },
    {
      "GroupGUID": "c6c99049-9a4a-44b8-be3c-3a5648a25e73",
      "GroupPath": "Config/LevelOutput/Group/Groups_P20213_F20213001/LevelGroup_P20213_F20213001_G4.json",
      "Name": "MainMission_102040207",
      "ID": 4
    },
    {
      "GroupGUID": "2f01ee54-d0bc-4e42-a24d-fd5e545b269a",
      "GroupPath": "Config/LevelOutput/Group/Groups_P20213_F20213001/LevelGroup_P20213_F20213001_G5.json",
      "Name": "MainMission_102040208",
      "ID": 5
    },
    {
      "GroupGUID": "0d896f55-9aa9-4b45-9451-2be7c9ea0402",
      "GroupPath": "Config/LevelOutput/Group/Groups_P20213_F20213001/LevelGroup_P20213_F20213001_G6.json",
      "Name": "MainMission_102040209",
      "ID": 6
    },
    {
      "GroupGUID": "a7ccca45-8e46-42e0-9bab-58014b37d635",
      "GroupPath": "Config/LevelOutput/Group/Groups_P20213_F20213001/LevelGroup_P20213_F20213001_G9.json",
      "Name": "MainMission1020402_",
      "ID": 9
    },
    {
      "GroupGUID": "0cb0db9a-9f40-47b2-8d95-920b50b6eed9",
      "GroupPath": "Config/LevelOutput/Group/Groups_P20213_F20213001/LevelGroup_P20213_F20213001_G10.json",
      "Name": "MainMission_102040201",
      "ID": 10
    },
    {
      "GroupGUID": "589259f9-b0c1-4999-9a34-e8fcc665d92a",
      "GroupPath": "Config/LevelOutput/Group/Groups_P20213_F20213001/LevelGroup_P20213_F20213001_G11.json",
      "Name": "MainMission_1020403",
      "ID": 11
    },
    {
      "GroupGUID": "538a8e63-a751-4809-8f08-338d602b359b",
      "GroupPath": "Config/LevelOutput/Group/Groups_P20213_F20213001/LevelGroup_P20213_F20213001_G41.json",
      "Name": "MainMissionMonster",
      "ID": 41
    },
    {
      "GroupGUID": "b4987d37-bec5-45bc-b14b-ab9b3fc7d6ae",
      "GroupPath": "Config/LevelOutput/Group/Groups_P20213_F20213001/LevelGroup_P20213_F20213001_G12.json",
      "Name": "Container_PuzzleV2",
      "ID": 12
    },
    {
      "GroupGUID": "be02241b-687a-454e-8321-f3f7363b8adb",
      "GroupPath": "Config/LevelOutput/Group/Groups_P20213_F20213001/LevelGroup_P20213_F20213001_G13.json",
      "Name": "MainMissionMonster",
      "ID": 13
    },
    {
      "GroupGUID": "97ba968c-8441-4630-bbd0-9691f93d9002",
      "GroupPath": "Config/LevelOutput/Group/Groups_P20213_F20213001/LevelGroup_P20213_F20213001_G30.json",
      "Name": "Container01",
      "ID": 30
    },
    {
      "GroupGUID": "77417b32-7fc2-4671-8ad5-4e319649b113",
      "GroupPath": "Config/LevelOutput/Group/Groups_P20213_F20213001/LevelGroup_P20213_F20213001_G31.json",
      "Name": "Container02",
      "ID": 31
    },
    {
      "GroupGUID": "2ea33623-06c8-47ef-acbb-9ab99cd84b6e",
      "GroupPath": "Config/LevelOutput/Group/Groups_P20213_F20213001/LevelGroup_P20213_F20213001_G32.json",
      "Name": "Container03",
      "ID": 32
    },
    {
      "GroupGUID": "2c71d919-89b6-4a31-8557-96f98d511fe8",
      "GroupPath": "Config/LevelOutput/Group/Groups_P20213_F20213001/LevelGroup_P20213_F20213001_G33.json",
      "Name": "Container04",
      "ID": 33
    },
    {
      "GroupGUID": "c0ed159f-7aab-4d81-849e-e8e6eb124ee9",
      "GroupPath": "Config/LevelOutput/Group/Groups_P20213_F20213001/LevelGroup_P20213_F20213001_G35.json",
      "Name": "BlockLine",
      "ID": 35
    },
    {
      "GroupGUID": "f57368de-f51b-4022-bd02-4a973dee02cb",
      "GroupPath": "Config/LevelOutput/Group/Groups_P20213_F20213001/LevelGroup_P20213_F20213001_G43.json",
      "Name": "Sound",
      "ID": 43
    },
    {
      "GroupGUID": "a93ff856-7b05-4335-a41d-d66284ff1dca",
      "GroupPath": "Config/LevelOutput/Group/Groups_P20213_F20213001/LevelGroup_P20213_F20213001_G45.json",
      "Name": "Default_Props_Door",
      "ID": 45
    },
    {
      "GroupGUID": "198eaf80-7d01-4f62-bdd9-6e620f45b7af",
      "GroupPath": "Config/LevelOutput/Group/Groups_P20213_F20213001/LevelGroup_P20213_F20213001_G46.json",
      "Name": "MainMission_102040301",
      "ID": 46
    },
    {
      "GroupGUID": "517b5b66-582d-4f4c-9b46-59d09f6cace2",
      "GroupPath": "Config/LevelOutput/Group/Groups_P20213_F20213001/LevelGroup_P20213_F20213001_G47.json",
      "Name": "MainMission_102040302",
      "ID": 47
    },
    {
      "GroupGUID": "463cf394-32de-4620-92b6-dda7142af8a7",
      "GroupPath": "Config/LevelOutput/Group/Groups_P20213_F20213001/LevelGroup_P20213_F20213001_G48.json",
      "Name": "MainMission_102040303",
      "ID": 48
    },
    {
      "GroupGUID": "7cfe7427-374a-4753-9bf3-9e97e43c383a",
      "GroupPath": "Config/LevelOutput/Group/Groups_P20213_F20213001/LevelGroup_P20213_F20213001_G51.json",
      "Name": "PuzzleCompass01",
      "ID": 51
    },
    {
      "GroupGUID": "94bd6b11-5ec8-42c2-a07a-2391911d7b19",
      "GroupPath": "Config/LevelOutput/Group/Groups_P20213_F20213001/LevelGroup_P20213_F20213001_G36.json",
      "Name": "SubMission202030601",
      "ID": 36
    },
    {
      "GroupGUID": "02c964db-29a9-4aa8-a563-1ae30e9c68c8",
      "GroupPath": "Config/LevelOutput/Group/Groups_P20213_F20213001/LevelGroup_P20213_F20213001_G37.json",
      "Name": "SubMission202030602",
      "ID": 37
    },
    {
      "GroupGUID": "0c7d993a-d363-4a64-a3be-1d44a3068f70",
      "GroupPath": "Config/LevelOutput/Group/Groups_P20213_F20213001/LevelGroup_P20213_F20213001_G38.json",
      "Name": "SubMission202030603",
      "ID": 38
    },
    {
      "GroupGUID": "99d1ec65-ff2d-4980-a6b9-ee4793e0bea8",
      "GroupPath": "Config/LevelOutput/Group/Groups_P20213_F20213001/LevelGroup_P20213_F20213001_G39.json",
      "Name": "SubMission202030604",
      "ID": 39
    },
    {
      "GroupGUID": "643b7f89-14f9-4b7c-bfc9-a1cd0abc6656",
      "GroupPath": "Config/LevelOutput/Group/Groups_P20213_F20213001/LevelGroup_P20213_F20213001_G40.json",
      "Name": "SubMission202030606",
      "ID": 40
    },
    {
      "GroupGUID": "b6209ef0-43e4-457a-a3ca-dc50e07bdb9e",
      "GroupPath": "Config/LevelOutput/Group/Groups_P20213_F20213001/LevelGroup_P20213_F20213001_G54.json",
      "Name": "New Group",
      "ID": 54
    },
    {
      "GroupGUID": "7f6b05ce-a327-4d1d-a09d-5c1ada80849c",
      "GroupPath": "Config/LevelOutput/Group/Groups_P20213_F20213001/LevelGroup_P20213_F20213001_G59.json",
      "Name": "MainMission_RoadBlock",
      "ID": 59
    }
  ],
  "DefaultEnviroProfile": "Stages/Outputs/Chapter02/EnviroProfile/Chap02_CloseView_MAZ_X101_MainLine_01_Day.enviroProfile.asset",
  "StageData": "Stages/Outputs/Chapter02/Stages/Chap02_MAZ_X101_MainLine_01_StageData/Chap02_MAZ_X101_MainLine_01_StageData.stage",
  "CameraType": "Maze",
  "TimeOfDayEnviroProfileMap": {},
  "LayerToAreaMask": [
    8,
    16
  ],
  "BattleAreaList": [],
  "DimensionList": [
    {}
  ],
  "NavmapConfigPath": "Config/LevelOutput/Map/MapInfo_P20211_F20211001.json",
  "IsRestartLevelGraph": false
}