{
  "FloorID": 20212001,
  "FloorName": "FloorName_20212001",
  "StartGroupID": 1,
  "StartAnchorID": 1,
  "GroupList": [
    {
      "GroupGUID": "6c3eba0f-084e-4f57-9cd7-6cade18fa510",
      "GroupPath": "Config/LevelOutput/Group/Groups_P20212_F20212001/LevelGroup_P20212_F20212001_G1.json",
      "Name": "Defalut_Group",
      "ID": 1
    },
    {
      "GroupGUID": "e433bffe-9eb9-4924-84dc-c2338a855632",
      "GroupPath": "Config/LevelOutput/Group/Groups_P20212_F20212001/LevelGroup_P20212_F20212001_G3.json",
      "Name": "Elevator",
      "ID": 3
    },
    {
      "GroupGUID": "1d9a9f8a-9a15-4143-945c-722b3ee1a330",
      "GroupPath": "Config/LevelOutput/Group/Groups_P20212_F20212001/LevelGroup_P20212_F20212001_G4.json",
      "Name": "DefaultChest",
      "ID": 4
    },
    {
      "GroupGUID": "b3df5e78-cf21-4c1b-9790-d29a28585cbd",
      "GroupPath": "Config/LevelOutput/Group/Groups_P20212_F20212001/LevelGroup_P20212_F20212001_G5.json",
      "Name": "MainMissionMonster",
      "ID": 5
    },
    {
      "GroupGUID": "ad6a93d0-b1e3-446f-9698-f8dbaa069774",
      "GroupPath": "Config/LevelOutput/Group/Groups_P20212_F20212001/LevelGroup_P20212_F20212001_G51.json",
      "Name": "Monster_Explore",
      "ID": 51
    },
    {
      "GroupGUID": "9eb9c93f-b7ec-4c0f-88a0-34249e2be773",
      "GroupPath": "Config/LevelOutput/Group/Groups_P20212_F20212001/LevelGroup_P20212_F20212001_G38.json",
      "Name": "FarmRelic",
      "ID": 38
    },
    {
      "GroupGUID": "b8f21c03-3b67-4e44-a4ba-1ef549331060",
      "GroupPath": "Config/LevelOutput/Group/Groups_P20212_F20212001/LevelGroup_P20212_F20212001_G63.json",
      "Name": "Default_ChallengeChest",
      "ID": 63
    },
    {
      "GroupGUID": "a52df300-3858-477c-92a4-663b9d40d0bf",
      "GroupPath": "Config/LevelOutput/Group/Groups_P20212_F20212001/LevelGroup_P20212_F20212001_G64.json",
      "Name": "Default_ChallengeChest",
      "ID": 64
    },
    {
      "GroupGUID": "a13944b2-7e6e-4535-a929-014355c0e374",
      "GroupPath": "Config/LevelOutput/Group/Groups_P20212_F20212001/LevelGroup_P20212_F20212001_G111.json",
      "Name": "Default_ChallengeChest",
      "ID": 111
    },
    {
      "GroupGUID": "44bd48cf-a2eb-4b5d-b909-ab0e1f645365",
      "GroupPath": "Config/LevelOutput/Group/Groups_P20212_F20212001/LevelGroup_P20212_F20212001_G76.json",
      "Name": "Monster_ChestMonster",
      "ID": 76
    },
    {
      "GroupGUID": "6f4b3218-f4ac-4e8c-906a-2b04a6c684c0",
      "GroupPath": "Config/LevelOutput/Group/Groups_P20212_F20212001/LevelGroup_P20212_F20212001_G32.json",
      "Name": "MainMission_AlarmMine",
      "ID": 32
    },
    {
      "GroupGUID": "774ef22f-88e3-487e-8539-56f5abc9e96a",
      "GroupPath": "Config/LevelOutput/Group/Groups_P20212_F20212001/LevelGroup_P20212_F20212001_G33.json",
      "Name": "MainMission_AlarmMine2",
      "ID": 33
    },
    {
      "GroupGUID": "ad03fd29-9e52-4876-8d91-3ec276a3c2d2",
      "GroupPath": "Config/LevelOutput/Group/Groups_P20212_F20212001/LevelGroup_P20212_F20212001_G34.json",
      "Name": "MainMission_AlarmMine3",
      "ID": 34
    },
    {
      "GroupGUID": "de4b4f62-d592-4fe3-b59d-0ac1c8813922",
      "GroupPath": "Config/LevelOutput/Group/Groups_P20212_F20212001/LevelGroup_P20212_F20212001_G35.json",
      "Name": "Destruction",
      "ID": 35
    },
    {
      "GroupGUID": "71cbcf24-0d7c-480a-9eee-05e2de5c4eff",
      "GroupPath": "Config/LevelOutput/Group/Groups_P20212_F20212001/LevelGroup_P20212_F20212001_G82.json",
      "Name": "DestructibleItemHP",
      "ID": 82
    },
    {
      "GroupGUID": "797b224e-41ed-41aa-bdff-58b5e4f56078",
      "GroupPath": "Config/LevelOutput/Group/Groups_P20212_F20212001/LevelGroup_P20212_F20212001_G62.json",
      "Name": "FarmElement",
      "ID": 62
    },
    {
      "GroupGUID": "b370069a-84ab-4187-af5a-83d3d1ff0a5e",
      "GroupPath": "Config/LevelOutput/Group/Groups_P20212_F20212001/LevelGroup_P20212_F20212001_G12.json",
      "Name": "MainMission1020601_",
      "ID": 12
    },
    {
      "GroupGUID": "17fd166c-b2e5-43d6-a20b-4521f70ce3a3",
      "GroupPath": "Config/LevelOutput/Group/Groups_P20212_F20212001/LevelGroup_P20212_F20212001_G19.json",
      "Name": "MainMission1020601_",
      "ID": 19
    },
    {
      "GroupGUID": "558ddb6c-5a50-4190-9df3-7044303b3bc3",
      "GroupPath": "Config/LevelOutput/Group/Groups_P20212_F20212001/LevelGroup_P20212_F20212001_G30.json",
      "Name": "MainMission1020601_",
      "ID": 30
    },
    {
      "GroupGUID": "65aefbfb-8917-4ac9-a1b3-310d702d79e6",
      "GroupPath": "Config/LevelOutput/Group/Groups_P20212_F20212001/LevelGroup_P20212_F20212001_G31.json",
      "Name": "MainMission_TrackProp03",
      "ID": 31
    },
    {
      "GroupGUID": "12f850ad-a3ac-4926-9a92-b1d8dc74abce",
      "GroupPath": "Config/LevelOutput/Group/Groups_P20212_F20212001/LevelGroup_P20212_F20212001_G37.json",
      "Name": "New Group",
      "ID": 37
    },
    {
      "GroupGUID": "112f99df-b03a-405d-965e-c6c8e9ff4a09",
      "GroupPath": "Config/LevelOutput/Group/Groups_P20212_F20212001/LevelGroup_P20212_F20212001_G41.json",
      "Name": "SubMission_2020302",
      "ID": 41
    },
    {
      "GroupGUID": "20b27af1-f2d2-4a96-9005-474ff328ddfd",
      "GroupPath": "Config/LevelOutput/Group/Groups_P20212_F20212001/LevelGroup_P20212_F20212001_G42.json",
      "Name": "SubMission_2020302",
      "ID": 42
    },
    {
      "GroupGUID": "714b346f-d244-4379-b505-24431e16bc71",
      "GroupPath": "Config/LevelOutput/Group/Groups_P20212_F20212001/LevelGroup_P20212_F20212001_G40.json",
      "Name": "Kafka_Door",
      "ID": 40
    },
    {
      "GroupGUID": "194c6df5-5076-45ed-be5f-1e04580674c3",
      "GroupPath": "Config/LevelOutput/Group/Groups_P20212_F20212001/LevelGroup_P20212_F20212001_G43.json",
      "Name": "Container01",
      "ID": 43
    },
    {
      "GroupGUID": "0d5cf050-b7b1-4954-9965-4ebe90865503",
      "GroupPath": "Config/LevelOutput/Group/Groups_P20212_F20212001/LevelGroup_P20212_F20212001_G44.json",
      "Name": "Container0203",
      "ID": 44
    },
    {
      "GroupGUID": "300d1baa-58c2-45f2-b3c6-6dc7c8c84e14",
      "GroupPath": "Config/LevelOutput/Group/Groups_P20212_F20212001/LevelGroup_P20212_F20212001_G45.json",
      "Name": "Door",
      "ID": 45
    },
    {
      "GroupGUID": "9639e067-4912-4f56-91f5-cf01ebfe890f",
      "GroupPath": "Config/LevelOutput/Group/Groups_P20212_F20212001/LevelGroup_P20212_F20212001_G48.json",
      "Name": "Container04",
      "ID": 48
    },
    {
      "GroupGUID": "8a522bdb-831f-4fc6-aeff-e6b42828b280",
      "GroupPath": "Config/LevelOutput/Group/Groups_P20212_F20212001/LevelGroup_P20212_F20212001_G49.json",
      "Name": "Container05",
      "ID": 49
    },
    {
      "GroupGUID": "3a52e153-106b-437c-b463-82699fbc1220",
      "GroupPath": "Config/LevelOutput/Group/Groups_P20212_F20212001/LevelGroup_P20212_F20212001_G59.json",
      "Name": "StarSkiff",
      "ID": 59
    },
    {
      "GroupGUID": "b7554f92-6d3e-4833-a4cf-5d5398968dc2",
      "GroupPath": "Config/LevelOutput/Group/Groups_P20212_F20212001/LevelGroup_P20212_F20212001_G60.json",
      "Name": "AreaIdentifier",
      "ID": 60
    },
    {
      "GroupGUID": "4ecb8a75-6a58-4408-9e05-fdc68c775968",
      "GroupPath": "Config/LevelOutput/Group/Groups_P20212_F20212001/LevelGroup_P20212_F20212001_G61.json",
      "Name": "AreaIdentifier",
      "ID": 61
    },
    {
      "GroupGUID": "e35a1550-a2c5-4d77-8958-1268b34aaa62",
      "GroupPath": "Config/LevelOutput/Group/Groups_P20212_F20212001/LevelGroup_P20212_F20212001_G70.json",
      "Name": "Gameplay_CallPuppy_ForSpecialVision",
      "ID": 70
    },
    {
      "GroupGUID": "ebcda18e-810e-4499-9909-f298a403f169",
      "GroupPath": "Config/LevelOutput/Group/Groups_P20212_F20212001/LevelGroup_P20212_F20212001_G75.json",
      "Name": "Sound",
      "ID": 75
    },
    {
      "GroupGUID": "6842846b-cd47-4704-86e3-f8cfd2532d27",
      "GroupPath": "Config/LevelOutput/Group/Groups_P20212_F20212001/LevelGroup_P20212_F20212001_G90.json",
      "Name": "Exit",
      "ID": 90
    },
    {
      "GroupGUID": "dd948727-2cc6-4648-8158-93c7e6d162a1",
      "GroupPath": "Config/LevelOutput/Group/Groups_P20212_F20212001/LevelGroup_P20212_F20212001_G91.json",
      "Name": "LockedConsole",
      "ID": 91
    },
    {
      "GroupGUID": "374c2806-cdcc-4366-afb4-f30d452a66b4",
      "GroupPath": "Config/LevelOutput/Group/Groups_P20212_F20212001/LevelGroup_P20212_F20212001_G92.json",
      "Name": "UnlockedConsole",
      "ID": 92
    },
    {
      "GroupGUID": "d246a022-8274-46df-bf91-5cfde97d35b5",
      "GroupPath": "Config/LevelOutput/Group/Groups_P20212_F20212001/LevelGroup_P20212_F20212001_G127.json",
      "Name": "PuzzleChest",
      "ID": 127,
      "IsDelete": true
    },
    {
      "GroupGUID": "9c744419-b21f-4177-98ce-33c4950d8376",
      "GroupPath": "Config/LevelOutput/Group/Groups_P20212_F20212001/LevelGroup_P20212_F20212001_G81.json",
      "Name": "X1-2_Raid_4021201",
      "ID": 81,
      "IsDelete": true
    },
    {
      "GroupGUID": "25019fea-c226-43c9-bb55-e032c893a12e",
      "GroupPath": "Config/LevelOutput/Group/Groups_P20212_F20212001/LevelGroup_P20212_F20212001_G94.json",
      "Name": "MainMission2020401_",
      "ID": 94
    },
    {
      "GroupGUID": "001f1580-ad8c-4c13-9aa7-1e455b6a1443",
      "GroupPath": "Config/LevelOutput/Group/Groups_P20212_F20212001/LevelGroup_P20212_F20212001_G99.json",
      "Name": "SimpleMission",
      "ID": 99
    },
    {
      "GroupGUID": "2bdc031b-2a8d-4c98-a968-76d3648fce24",
      "GroupPath": "Config/LevelOutput/Group/Groups_P20212_F20212001/LevelGroup_P20212_F20212001_G100.json",
      "Name": "SimpleMission",
      "ID": 100,
      "IsDelete": true
    },
    {
      "GroupGUID": "906a6c99-c953-4696-aba8-6184ff24293c",
      "GroupPath": "Config/LevelOutput/Group/Groups_P20212_F20212001/LevelGroup_P20212_F20212001_G103.json",
      "Name": "LogisticsRobot",
      "ID": 103
    },
    {
      "GroupGUID": "422ae1f2-f028-4013-a879-6fdf180fd0fa",
      "GroupPath": "Config/LevelOutput/Group/Groups_P20212_F20212001/LevelGroup_P20212_F20212001_G104.json",
      "Name": "LogisticsRobot",
      "ID": 104
    },
    {
      "GroupGUID": "197c8f19-40df-47b4-b909-65bbc3bc80dd",
      "GroupPath": "Config/LevelOutput/Group/Groups_P20212_F20212001/LevelGroup_P20212_F20212001_G105.json",
      "Name": "RubikCubeOfficial05",
      "ID": 105
    },
    {
      "GroupGUID": "175c399b-4f86-4137-9429-c0e79e37451a",
      "GroupPath": "Config/LevelOutput/Group/Groups_P20212_F20212001/LevelGroup_P20212_F20212001_G106.json",
      "Name": "RubikCubeOfficial06",
      "ID": 106
    },
    {
      "GroupGUID": "a1b43e78-bcae-484a-819d-3c0162863ff6",
      "GroupPath": "Config/LevelOutput/Group/Groups_P20212_F20212001/LevelGroup_P20212_F20212001_G107.json",
      "Name": "RubikCubeOfficial07",
      "ID": 107
    },
    {
      "GroupGUID": "54b687f3-510a-4c93-a7f6-1a5a9fc3b1d2",
      "GroupPath": "Config/LevelOutput/Group/Groups_P20212_F20212001/LevelGroup_P20212_F20212001_G108.json",
      "Name": "RubikCubeOfficial20",
      "ID": 108
    },
    {
      "GroupGUID": "b104436c-e40a-4805-babc-dd6af30556a4",
      "GroupPath": "Config/LevelOutput/Group/Groups_P20212_F20212001/LevelGroup_P20212_F20212001_G109.json",
      "Name": "RubikCubeOfficial21",
      "ID": 109
    },
    {
      "GroupGUID": "3d8b3d08-7965-4f94-8a8e-2d8ae3371493",
      "GroupPath": "Config/LevelOutput/Group/Groups_P20212_F20212001/LevelGroup_P20212_F20212001_G110.json",
      "Name": "RubikCubeOfficial22",
      "ID": 110
    },
    {
      "GroupGUID": "f6a25e97-8697-4e59-b7a0-8a4a9f392414",
      "GroupPath": "Config/LevelOutput/Group/Groups_P20212_F20212001/LevelGroup_P20212_F20212001_G112.json",
      "Name": "MainMission2020403",
      "ID": 112
    },
    {
      "GroupGUID": "6113e56b-d1ef-4026-bcc2-d1be6467e406",
      "GroupPath": "Config/LevelOutput/Group/Groups_P20212_F20212001/LevelGroup_P20212_F20212001_G113.json",
      "Name": "CompassPuzzle_OneShot",
      "ID": 113
    },
    {
      "GroupGUID": "f53938cd-3c4f-43b7-9a32-7380993d9b2e",
      "GroupPath": "Config/LevelOutput/Group/Groups_P20212_F20212001/LevelGroup_P20212_F20212001_G114.json",
      "Name": "CompassPuzzle_OneShot",
      "ID": 114
    },
    {
      "GroupGUID": "528136e6-a3c2-4ce6-a91f-72dd5c3e3c18",
      "GroupPath": "Config/LevelOutput/Group/Groups_P20212_F20212001/LevelGroup_P20212_F20212001_G121.json",
      "Name": "CompassPuzzle_OneShot",
      "ID": 121
    },
    {
      "GroupGUID": "ae47b163-b7f4-4893-9a22-0b212b9e2b68",
      "GroupPath": "Config/LevelOutput/Group/Groups_P20212_F20212001/LevelGroup_P20212_F20212001_G122.json",
      "Name": "CompassPuzzle_OneShot",
      "ID": 122
    },
    {
      "GroupGUID": "138551ce-971b-4e3a-bceb-3534d068ed63",
      "GroupPath": "Config/LevelOutput/Group/Groups_P20212_F20212001/LevelGroup_P20212_F20212001_G115.json",
      "Name": "Contamination_Norm_OB04",
      "ID": 115,
      "IsDelete": true
    },
    {
      "GroupGUID": "7c54017c-4a41-40a1-9f85-86d5ae61a24c",
      "GroupPath": "Config/LevelOutput/Group/Groups_P20212_F20212001/LevelGroup_P20212_F20212001_G124.json",
      "Name": "Contamination_Norm_OB04",
      "ID": 124,
      "IsDelete": true
    },
    {
      "GroupGUID": "2ddd74d5-c724-4b9d-b1c8-d26c811bf08d",
      "GroupPath": "Config/LevelOutput/Group/Groups_P20212_F20212001/LevelGroup_P20212_F20212001_G118.json",
      "Name": "Contamination_Key_OB04",
      "ID": 118,
      "IsDelete": true
    },
    {
      "GroupGUID": "ef4ca710-c978-4abe-bbc3-85204155079e",
      "GroupPath": "Config/LevelOutput/Group/Groups_P20212_F20212001/LevelGroup_P20212_F20212001_G119.json",
      "Name": "Contamination_Key_OB05",
      "ID": 119,
      "IsDelete": true
    },
    {
      "GroupGUID": "962bcec8-24d6-4a4d-a55b-c935d8acdfcb",
      "GroupPath": "Config/LevelOutput/Group/Groups_P20212_F20212001/LevelGroup_P20212_F20212001_G120.json",
      "Name": "Contamination_Key_OB06",
      "ID": 120,
      "IsDelete": true
    },
    {
      "GroupGUID": "3d06758a-b91b-4315-af1e-2fea43f7b818",
      "GroupPath": "Config/LevelOutput/Group/Groups_P20212_F20212001/LevelGroup_P20212_F20212001_G123.json",
      "Name": "PropTrigger",
      "ID": 123
    },
    {
      "GroupGUID": "ccb413c7-9d53-415a-80a5-52b1b3fcce40",
      "GroupPath": "Config/LevelOutput/Group/Groups_P20212_F20212001/LevelGroup_P20212_F20212001_G125.json",
      "Name": "LogisticsRobot",
      "ID": 125
    },
    {
      "GroupGUID": "161b0942-58ba-49a0-a7d7-8bbdd324d300",
      "GroupPath": "Config/LevelOutput/Group/Groups_P20212_F20212001/LevelGroup_P20212_F20212001_G126.json",
      "Name": "LogisticsRobot",
      "ID": 126
    },
    {
      "GroupGUID": "1c2d46b2-2844-404f-8b2e-ee847677885c",
      "GroupPath": "Config/LevelOutput/Group/Groups_P20212_F20212001/LevelGroup_P20212_F20212001_G98.json",
      "Name": "MainMission6020101_",
      "ID": 98
    },
    {
      "GroupGUID": "1ad980ab-d7ed-4dc6-b025-d5e70cedfdbb",
      "GroupPath": "Config/LevelOutput/Group/Groups_P20212_F20212001/LevelGroup_P20212_F20212001_G131.json",
      "Name": "MainMission1020601_",
      "ID": 131
    },
    {
      "GroupGUID": "c68241f4-4e46-4aa2-be09-af53cb5bad3f",
      "GroupPath": "Config/LevelOutput/Group/Groups_P20212_F20212001/LevelGroup_P20212_F20212001_G93.json",
      "Name": "MainMission6020101_",
      "ID": 93
    },
    {
      "GroupGUID": "cfa818e3-b64a-437b-8b20-47745bdb2716",
      "GroupPath": "Config/LevelOutput/Group/Groups_P20212_F20212001/LevelGroup_P20212_F20212001_G95.json",
      "Name": "MainMission6020101_",
      "ID": 95
    },
    {
      "GroupGUID": "7b146d0f-6abb-4288-8d3b-d090bd46b22b",
      "GroupPath": "Config/LevelOutput/Group/Groups_P20212_F20212001/LevelGroup_P20212_F20212001_G128.json",
      "Name": "MainMission1021702_AfterStoryHXYK",
      "ID": 128
    },
    {
      "GroupGUID": "f96c256b-2d50-474f-98cf-0d92a1f236bc",
      "GroupPath": "Config/LevelOutput/Group/Groups_P20212_F20212001/LevelGroup_P20212_F20212001_G134.json",
      "Name": "MainMission6020101_",
      "ID": 134
    },
    {
      "GroupGUID": "c18683b5-fed2-47bf-a52f-4cb5d60414a5",
      "GroupPath": "Config/LevelOutput/Group/Groups_P20212_F20212001/LevelGroup_P20212_F20212001_G135.json",
      "Name": "MainMission6020101_",
      "ID": 135
    },
    {
      "GroupGUID": "0d06be87-9877-476f-8931-8903fe1adcfe",
      "GroupPath": "Config/LevelOutput/Group/Groups_P20212_F20212001/LevelGroup_P20212_F20212001_G136.json",
      "Name": "MainMission6020101_",
      "ID": 136
    },
    {
      "GroupGUID": "3a0652b7-e5b5-447a-bab1-43c8284c92db",
      "GroupPath": "Config/LevelOutput/Group/Groups_P20212_F20212001/LevelGroup_P20212_F20212001_G137.json",
      "Name": "MainMission8003256_01",
      "ID": 137,
      "IsDelete": true
    },
    {
      "GroupGUID": "166619a8-86d5-40ae-9b33-c523a9cf9ce3",
      "GroupPath": "Config/LevelOutput/Group/Groups_P20212_F20212001/LevelGroup_P20212_F20212001_G138.json",
      "Name": "MainMission9930021_01",
      "ID": 138,
      "IsDelete": true
    },
    {
      "GroupGUID": "2cffe65b-68e5-4803-886d-b3cebdd0aa0d",
      "GroupPath": "Config/LevelOutput/Group/Groups_P20212_F20212001/LevelGroup_P20212_F20212001_G139.json",
      "Name": "MainMission8003242_01",
      "ID": 139,
      "IsDelete": true
    },
    {
      "GroupGUID": "905a4fa4-7b96-4114-a861-8fd7da35ae24",
      "GroupPath": "Config/LevelOutput/Group/Groups_P20212_F20212001/LevelGroup_P20212_F20212001_G140.json",
      "Name": "MainMission4122102_",
      "ID": 140
    },
    {
      "GroupGUID": "039ad49d-7bb1-4a02-a584-75b71bf967a1",
      "GroupPath": "Config/LevelOutput/Group/Groups_P20212_F20212001/LevelGroup_P20212_F20212001_G141.json",
      "Name": "MainMission4122102_",
      "ID": 141
    },
    {
      "GroupGUID": "ab53e429-9626-4ba0-820f-5968f441412e",
      "GroupPath": "Config/LevelOutput/Group/Groups_P20212_F20212001/LevelGroup_P20212_F20212001_G142.json",
      "Name": "MainMission6020101_",
      "ID": 142
    },
    {
      "GroupGUID": "a05b2074-accb-4aa9-86be-eda24e955943",
      "GroupPath": "Config/LevelOutput/Group/Groups_P20212_F20212001/LevelGroup_P20212_F20212001_G144.json",
      "Name": "MainMission4015101_PuzzleCompass_SR02",
      "ID": 144
    },
    {
      "GroupGUID": "82978959-390f-4de0-b7e8-fe0f2f48636d",
      "GroupPath": "Config/LevelOutput/Group/Groups_P20212_F20212001/LevelGroup_P20212_F20212001_G145.json",
      "Name": "MainMission8003242_",
      "ID": 145
    },
    {
      "GroupGUID": "0e7e77dc-491a-469c-8c4e-466eb8339345",
      "GroupPath": "Config/LevelOutput/Group/Groups_P20212_F20212001/LevelGroup_P20212_F20212001_G146.json",
      "DimensionFilter": {},
      "Name": "MainMission8015151_03",
      "ID": 146
    },
    {
      "GroupGUID": "cb29ce4e-3a10-46f4-ac3e-050fbd6edb3e",
      "GroupPath": "Config/LevelOutput/Group/Groups_P20212_F20212001/LevelGroup_P20212_F20212001_G147.json",
      "DimensionFilter": {},
      "Name": "MainMission8015151_Qingni",
      "ID": 147
    },
    {
      "GroupGUID": "8c1bc8f0-cc3b-484e-98f5-bff33f9452fe",
      "GroupPath": "Config/LevelOutput/Group/Groups_P20212_F20212001/LevelGroup_P20212_F20212001_G148.json",
      "DimensionFilter": {},
      "Name": "MainMission8015151_FirstSearchArea",
      "ID": 148
    },
    {
      "GroupGUID": "00a64aeb-ae75-48a2-9313-d7644b559132",
      "GroupPath": "Config/LevelOutput/Group/Groups_P20212_F20212001/LevelGroup_P20212_F20212001_G149.json",
      "DimensionFilter": {},
      "Name": "MainMission8015151_Boat",
      "ID": 149
    },
    {
      "GroupGUID": "3a090893-b36b-4527-aeca-2e6e6fd3e203",
      "GroupPath": "Config/LevelOutput/Group/Groups_P20212_F20212001/LevelGroup_P20212_F20212001_G150.json",
      "DimensionFilter": {},
      "Name": "MainMission8015151_Mission14Trigger",
      "ID": 150
    },
    {
      "GroupGUID": "985f2d94-6af2-43f9-95e1-34307b8ebe28",
      "GroupPath": "Config/LevelOutput/Group/Groups_P20212_F20212001/LevelGroup_P20212_F20212001_G151.json",
      "DimensionFilter": {},
      "Name": "MainMission8015161_1",
      "ID": 151
    },
    {
      "GroupGUID": "8d976659-d33d-4b24-b08f-a64e3ed068ca",
      "GroupPath": "Config/LevelOutput/Group/Groups_P20212_F20212001/LevelGroup_P20212_F20212001_G152.json",
      "DimensionFilter": {},
      "Name": "MainMission8015161_2",
      "ID": 152
    },
    {
      "GroupGUID": "d53fad6b-c5e5-4313-8daf-c8d005eb3dbd",
      "GroupPath": "Config/LevelOutput/Group/Groups_P20212_F20212001/LevelGroup_P20212_F20212001_G153.json",
      "DimensionFilter": {},
      "Name": "MainMission8015161_3",
      "ID": 153
    },
    {
      "GroupGUID": "6e32df97-a945-44a7-8858-8e4849322ad5",
      "GroupPath": "Config/LevelOutput/Group/Groups_P20212_F20212001/LevelGroup_P20212_F20212001_G154.json",
      "DimensionFilter": {},
      "Name": "MainMission8015161_4",
      "ID": 154
    }
  ],
  "DefaultEnviroProfile": "Stages/Outputs/Chapter02/EnviroProfile/Chap02_CloseView_MAZ_X102_MainLine_01_Day.enviroProfile.asset",
  "StageData": "Stages/Outputs/Chapter02/Stages/Chap02_MAZ_X102_MainLine_01_StageData/Chap02_MAZ_X102_MainLine_01_StageData.stage",
  "CameraType": "Maze",
  "TimeOfDayEnviroProfileMap": {},
  "LayerToAreaMask": [
    8,
    16
  ],
  "BattleAreaList": [],
  "DimensionList": [
    {}
  ],
  "NavmapConfigPath": "Config/LevelOutput/Map/MapInfo_P20212_F20212001.json",
  "EnableGroupStreaming": false,
  "EnableGroupSpaceConflict": false,
  "IsRestartLevelGraph": false
}