{
  "FloorID": 20223001,
  "FloorName": "FloorName_20223001",
  "StartGroupID": 1,
  "StartAnchorID": 1,
  "GroupList": [
    {
      "GroupGUID": "94787389-f226-417b-bd94-4da76c075534",
      "GroupPath": "Config/LevelOutput/Group/Groups_P20223_F20223001/LevelGroup_P20223_F20223001_G1.json",
      "Name": "DefaultGroup",
      "ID": 1
    },
    {
      "GroupGUID": "0a05ae98-ff02-41df-9ecb-7dd20dd3ee8a",
      "GroupPath": "Config/LevelOutput/Group/Groups_P20223_F20223001/LevelGroup_P20223_F20223001_G265.json",
      "DimensionFilter": {},
      "Name": "CheckPointAdded",
      "ID": 265
    },
    {
      "GroupGUID": "c7211ae8-d5f1-4960-87da-013be59c9e39",
      "GroupPath": "Config/LevelOutput/Group/Groups_P20223_F20223001/LevelGroup_P20223_F20223001_G2.json",
      "Name": "Exit",
      "ID": 2
    },
    {
      "GroupGUID": "743a9734-448e-4900-b58c-c5d441e55698",
      "GroupPath": "Config/LevelOutput/Group/Groups_P20223_F20223001/LevelGroup_P20223_F20223001_G12.json",
      "Name": "MainMission2021701_HH_TX_01",
      "ID": 12
    },
    {
      "GroupGUID": "d59870a1-a228-45d4-9c6c-8dd763a1732a",
      "GroupPath": "Config/LevelOutput/Group/Groups_P20223_F20223001/LevelGroup_P20223_F20223001_G13.json",
      "Name": "Portal",
      "ID": 13
    },
    {
      "GroupGUID": "f587c5ca-40f5-45eb-9222-bcb8c96f3a2e",
      "GroupPath": "Config/LevelOutput/Group/Groups_P20223_F20223001/LevelGroup_P20223_F20223001_G14.json",
      "DimensionFilter": {},
      "Name": "MainMission2021701_HH_TX_02",
      "ID": 14
    },
    {
      "GroupGUID": "30701c83-f223-4379-8c74-31156cc6096b",
      "GroupPath": "Config/LevelOutput/Group/Groups_P20223_F20223001/LevelGroup_P20223_F20223001_G15.json",
      "Name": "DistructableDefault",
      "ID": 15
    },
    {
      "GroupGUID": "9cb404b6-9d80-4e88-bd78-bf5131b1f9e1",
      "GroupPath": "Config/LevelOutput/Group/Groups_P20223_F20223001/LevelGroup_P20223_F20223001_G143.json",
      "DimensionFilter": {},
      "Name": "DefaultMonster",
      "ID": 143
    },
    {
      "GroupGUID": "4a09218f-b700-44e0-ad65-9a966ba16ffd",
      "GroupPath": "Config/LevelOutput/Group/Groups_P20223_F20223001/LevelGroup_P20223_F20223001_G16.json",
      "DimensionFilter": {},
      "Name": "DefaultMonster",
      "ID": 16
    },
    {
      "GroupGUID": "dfea037a-f0cd-4a68-9286-836c445c89fe",
      "GroupPath": "Config/LevelOutput/Group/Groups_P20223_F20223001/LevelGroup_P20223_F20223001_G142.json",
      "DimensionFilter": {},
      "Name": "DefaultMonster",
      "ID": 142
    },
    {
      "GroupGUID": "511edd93-5fe6-474d-a352-8516a8cb10a5",
      "GroupPath": "Config/LevelOutput/Group/Groups_P20223_F20223001/LevelGroup_P20223_F20223001_G17.json",
      "DimensionFilter": {},
      "Name": "Monster_ChestMonster",
      "ID": 17
    },
    {
      "GroupGUID": "158d276c-0999-4beb-8404-1acc56d8155d",
      "GroupPath": "Config/LevelOutput/Group/Groups_P20223_F20223001/LevelGroup_P20223_F20223001_G22.json",
      "Name": "Default_ChallengeChest",
      "ID": 22
    },
    {
      "GroupGUID": "ae3704a3-22d9-4eec-bb02-0b6e3f866c33",
      "GroupPath": "Config/LevelOutput/Group/Groups_P20223_F20223001/LevelGroup_P20223_F20223001_G18.json",
      "Name": "Default_ChallengeChest",
      "ID": 18
    },
    {
      "GroupGUID": "e40683a2-20cf-4db2-8777-58299e913670",
      "GroupPath": "Config/LevelOutput/Group/Groups_P20223_F20223001/LevelGroup_P20223_F20223001_G20.json",
      "Name": "FarmElement",
      "ID": 20
    },
    {
      "GroupGUID": "29c7961d-6a38-4fd9-95c1-97b99a84d080",
      "GroupPath": "Config/LevelOutput/Group/Groups_P20223_F20223001/LevelGroup_P20223_F20223001_G67.json",
      "Name": "FarmRelic",
      "ID": 67
    },
    {
      "GroupGUID": "a8351664-1547-4ac4-867f-8a15d6cfa71f",
      "GroupPath": "Config/LevelOutput/Group/Groups_P20223_F20223001/LevelGroup_P20223_F20223001_G273.json",
      "DimensionFilter": {},
      "Name": "Cocoon",
      "ID": 273
    },
    {
      "GroupGUID": "5e5b9227-d6af-48ea-ac46-53806fe56ec4",
      "GroupPath": "Config/LevelOutput/Group/Groups_P20223_F20223001/LevelGroup_P20223_F20223001_G144.json",
      "DimensionFilter": {},
      "Name": "MainMission2021701_Monster",
      "ID": 144
    },
    {
      "GroupGUID": "b7c77d42-2db5-4bbb-baaf-89f5082ad07b",
      "GroupPath": "Config/LevelOutput/Group/Groups_P20223_F20223001/LevelGroup_P20223_F20223001_G21.json",
      "DimensionFilter": {},
      "Name": "Default_Chest",
      "ID": 21
    },
    {
      "GroupGUID": "c123151e-97cb-4ea2-8a82-f4181654d2c7",
      "GroupPath": "Config/LevelOutput/Group/Groups_P20223_F20223001/LevelGroup_P20223_F20223001_G24.json",
      "DimensionFilter": {},
      "Name": "MainMission2021701_HH_TX_03",
      "ID": 24
    },
    {
      "GroupGUID": "9fe7a558-33c7-4c5d-acf4-50989f2485a1",
      "GroupPath": "Config/LevelOutput/Group/Groups_P20223_F20223001/LevelGroup_P20223_F20223001_G25.json",
      "DimensionFilter": {},
      "Name": "MainMission2021701_HH_TX_04",
      "ID": 25
    },
    {
      "GroupGUID": "1ed4172a-531b-4a7f-a8b6-febc387e5876",
      "GroupPath": "Config/LevelOutput/Group/Groups_P20223_F20223001/LevelGroup_P20223_F20223001_G26.json",
      "Name": "MainMission2021701_HH_TX_05",
      "ID": 26
    },
    {
      "GroupGUID": "1721bc65-7632-4f0e-95f0-d08d38749873",
      "GroupPath": "Config/LevelOutput/Group/Groups_P20223_F20223001/LevelGroup_P20223_F20223001_G27.json",
      "DimensionFilter": {},
      "Name": "Tower",
      "ID": 27
    },
    {
      "GroupGUID": "c671bd6a-54cf-48b1-bc1e-201590a4a149",
      "GroupPath": "Config/LevelOutput/Group/Groups_P20223_F20223001/LevelGroup_P20223_F20223001_G28.json",
      "Name": "MainMission2021703_HH_TX_06",
      "ID": 28
    },
    {
      "GroupGUID": "eff337a8-1105-4818-8790-337aab17247c",
      "GroupPath": "Config/LevelOutput/Group/Groups_P20223_F20223001/LevelGroup_P20223_F20223001_G29.json",
      "ExportTarget": "Dev",
      "DimensionFilter": {},
      "Name": "MainMission8015101_Mission",
      "ID": 29
    },
    {
      "GroupGUID": "44e5527d-ffa4-4f95-a114-ce92ae511919",
      "GroupPath": "Config/LevelOutput/Group/Groups_P20223_F20223001/LevelGroup_P20223_F20223001_G30.json",
      "DimensionFilter": {},
      "Name": "MainMission2021705_HH_TX_End",
      "ID": 30
    },
    {
      "GroupGUID": "4a614861-a522-4356-9e82-69e0f0efddd1",
      "GroupPath": "Config/LevelOutput/Group/Groups_P20223_F20223001/LevelGroup_P20223_F20223001_G32.json",
      "ExportTarget": "Dev",
      "DimensionFilter": {},
      "Name": "MainMission8015101_Hanya",
      "ID": 32
    },
    {
      "GroupGUID": "a584a861-1293-4da0-86e2-439d29e00791",
      "GroupPath": "Config/LevelOutput/Group/Groups_P20223_F20223001/LevelGroup_P20223_F20223001_G33.json",
      "ExportTarget": "Dev",
      "DimensionFilter": {},
      "Name": "MainMission8015101_Jingyuan",
      "ID": 33
    },
    {
      "GroupGUID": "f8d0d777-07c3-434d-8ffe-0f89390dd6c9",
      "GroupPath": "Config/LevelOutput/Group/Groups_P20223_F20223001/LevelGroup_P20223_F20223001_G36.json",
      "ExportTarget": "Dev",
      "DimensionFilter": {},
      "Name": "MainMission8015104_Mission",
      "ID": 36
    },
    {
      "GroupGUID": "6050f14c-e6a5-4be9-bbb2-688703cd1348",
      "GroupPath": "Config/LevelOutput/Group/Groups_P20223_F20223001/LevelGroup_P20223_F20223001_G37.json",
      "ExportTarget": "Dev",
      "DimensionFilter": {},
      "Name": "MainMission8015104_801510408",
      "ID": 37
    },
    {
      "GroupGUID": "7ac71973-9683-4a93-923d-10f553302a5c",
      "GroupPath": "Config/LevelOutput/Group/Groups_P20223_F20223001/LevelGroup_P20223_F20223001_G38.json",
      "ExportTarget": "Dev",
      "DimensionFilter": {},
      "Name": "MainMission8015104_801510409",
      "ID": 38
    },
    {
      "GroupGUID": "ff762d10-0dc7-468d-bcaf-2a7b68ae004f",
      "GroupPath": "Config/LevelOutput/Group/Groups_P20223_F20223001/LevelGroup_P20223_F20223001_G40.json",
      "ExportTarget": "Dev",
      "DimensionFilter": {},
      "Name": "MainMission8015104_Jingyuan",
      "ID": 40
    },
    {
      "GroupGUID": "180149d5-70a8-4118-8b1d-3d311381bb95",
      "GroupPath": "Config/LevelOutput/Group/Groups_P20223_F20223001/LevelGroup_P20223_F20223001_G34.json",
      "ExportTarget": "Dev",
      "DimensionFilter": {},
      "Name": "MainMission8015102_Mission",
      "ID": 34
    },
    {
      "GroupGUID": "8953b801-08b9-40ac-ad79-72e1f55056fb",
      "GroupPath": "Config/LevelOutput/Group/Groups_P20223_F20223001/LevelGroup_P20223_F20223001_G44.json",
      "ExportTarget": "Dev",
      "DimensionFilter": {},
      "Name": "MainMission8015102_Jingyuan",
      "ID": 44
    },
    {
      "GroupGUID": "b5776718-b52f-4bbe-a542-daea2de2bd18",
      "GroupPath": "Config/LevelOutput/Group/Groups_P20223_F20223001/LevelGroup_P20223_F20223001_G47.json",
      "ExportTarget": "Dev",
      "DimensionFilter": {},
      "Name": "MainMission8015104_801510416",
      "ID": 47
    },
    {
      "GroupGUID": "f43e15fb-5c54-42c9-9543-02e662344d17",
      "GroupPath": "Config/LevelOutput/Group/Groups_P20223_F20223001/LevelGroup_P20223_F20223001_G46.json",
      "ExportTarget": "Dev",
      "DimensionFilter": {},
      "Name": "MainMission8015103_Mission",
      "ID": 46
    },
    {
      "GroupGUID": "312deb00-258b-4373-826e-e698703d1b0e",
      "GroupPath": "Config/LevelOutput/Group/Groups_P20223_F20223001/LevelGroup_P20223_F20223001_G49.json",
      "Name": "SuiGardenElevator",
      "ID": 49
    },
    {
      "GroupGUID": "49d5456e-2688-47fb-945f-6d26290f9af2",
      "GroupPath": "Config/LevelOutput/Group/Groups_P20223_F20223001/LevelGroup_P20223_F20223001_G50.json",
      "ExportTarget": "Dev",
      "DimensionFilter": {},
      "Name": "MainMission8015191_PreMission",
      "ID": 50
    },
    {
      "GroupGUID": "dd9267d6-ad43-4b79-b956-a38167f1cb4a",
      "GroupPath": "Config/LevelOutput/Group/Groups_P20223_F20223001/LevelGroup_P20223_F20223001_G51.json",
      "ExportTarget": "Dev",
      "DimensionFilter": {},
      "Name": "MainMission8015192_PreMission",
      "ID": 51
    },
    {
      "GroupGUID": "b2ddb6fa-90d1-4b2f-af33-4782429bc71b",
      "GroupPath": "Config/LevelOutput/Group/Groups_P20223_F20223001/LevelGroup_P20223_F20223001_G52.json",
      "ExportTarget": "Dev",
      "DimensionFilter": {},
      "Name": "MainMission8015193_PreMission",
      "ID": 52
    },
    {
      "GroupGUID": "9e60d959-f4a6-4add-9636-19201b541622",
      "GroupPath": "Config/LevelOutput/Group/Groups_P20223_F20223001/LevelGroup_P20223_F20223001_G54.json",
      "Name": "MainMission_80151",
      "ID": 54
    },
    {
      "GroupGUID": "53546abc-436e-4b02-b5d7-b561c0d8c641",
      "GroupPath": "Config/LevelOutput/Group/Groups_P20223_F20223001/LevelGroup_P20223_F20223001_G57.json",
      "DimensionFilter": {},
      "Name": "Heliobus_ChallengeTower1",
      "ID": 57
    },
    {
      "GroupGUID": "8711a4c7-fb69-4f18-8ddd-ce5a6bb8fdb2",
      "GroupPath": "Config/LevelOutput/Group/Groups_P20223_F20223001/LevelGroup_P20223_F20223001_G58.json",
      "DimensionFilter": {},
      "Name": "Heliobus_ChallengeTower2",
      "ID": 58
    },
    {
      "GroupGUID": "ca1c71d9-6a33-4992-b185-21c166286229",
      "GroupPath": "Config/LevelOutput/Group/Groups_P20223_F20223001/LevelGroup_P20223_F20223001_G59.json",
      "DimensionFilter": {},
      "Name": "Heliobus_ChallengeTower3",
      "ID": 59
    },
    {
      "GroupGUID": "b07b1466-81d3-48df-a3aa-756cb887893d",
      "GroupPath": "Config/LevelOutput/Group/Groups_P20223_F20223001/LevelGroup_P20223_F20223001_G60.json",
      "Name": "Heliobus_ChallengeTower4",
      "ID": 60
    },
    {
      "GroupGUID": "a5dd2ca5-dcf6-4cb6-9aef-b3ca8551a9ba",
      "GroupPath": "Config/LevelOutput/Group/Groups_P20223_F20223001/LevelGroup_P20223_F20223001_G65.json",
      "Name": "MainMission8015150_801515001",
      "ID": 65
    },
    {
      "GroupGUID": "651c052f-fe5f-4aab-b631-d3ad235ef320",
      "GroupPath": "Config/LevelOutput/Group/Groups_P20223_F20223001/LevelGroup_P20223_F20223001_G66.json",
      "Name": "MainMission8015153_801515301",
      "ID": 66
    },
    {
      "GroupGUID": "4a25e8c5-fcb1-413c-b3bb-ea74d4fe8ff2",
      "GroupPath": "Config/LevelOutput/Group/Groups_P20223_F20223001/LevelGroup_P20223_F20223001_G68.json",
      "Name": "MainMission8015152_801515201",
      "ID": 68
    },
    {
      "GroupGUID": "ff6093bc-dc0c-403d-91d3-0d99eb6acd20",
      "GroupPath": "Config/LevelOutput/Group/Groups_P20223_F20223001/LevelGroup_P20223_F20223001_G69.json",
      "Name": "MainMission8015152_801515205",
      "ID": 69
    },
    {
      "GroupGUID": "1484e067-0f6f-4c54-8cd1-0acfd9d41bfc",
      "GroupPath": "Config/LevelOutput/Group/Groups_P20223_F20223001/LevelGroup_P20223_F20223001_G70.json",
      "DimensionFilter": {},
      "Name": "Heliobus_ChallengeTower5",
      "ID": 70
    },
    {
      "GroupGUID": "e4e3f9c4-6d4e-431f-a4f2-22a55773fb67",
      "GroupPath": "Config/LevelOutput/Group/Groups_P20223_F20223001/LevelGroup_P20223_F20223001_G71.json",
      "Name": "MainMission8015152_801515208",
      "ID": 71
    },
    {
      "GroupGUID": "88d35339-7324-4df2-846d-bddced6e09c6",
      "GroupPath": "Config/LevelOutput/Group/Groups_P20223_F20223001/LevelGroup_P20223_F20223001_G72.json",
      "Name": "BattleArea",
      "ID": 72
    },
    {
      "GroupGUID": "f795c2d3-6b21-4e10-9c93-5dc8bbc3ebec",
      "GroupPath": "Config/LevelOutput/Group/Groups_P20223_F20223001/LevelGroup_P20223_F20223001_G73.json",
      "Name": "MainMission8015155_801515501",
      "ID": 73
    },
    {
      "GroupGUID": "87b4401e-54da-4967-a98d-f8c0b7d2a73f",
      "GroupPath": "Config/LevelOutput/Group/Groups_P20223_F20223001/LevelGroup_P20223_F20223001_G74.json",
      "Name": "MainMission8015155_801515506",
      "ID": 74
    },
    {
      "GroupGUID": "491680d9-91f4-41d5-9f6d-6f48147e75d5",
      "GroupPath": "Config/LevelOutput/Group/Groups_P20223_F20223001/LevelGroup_P20223_F20223001_G75.json",
      "Name": "MainMission8015155_801515507",
      "ID": 75
    },
    {
      "GroupGUID": "8969dec8-2eda-4e90-8e1d-005f685b8427",
      "GroupPath": "Config/LevelOutput/Group/Groups_P20223_F20223001/LevelGroup_P20223_F20223001_G76.json",
      "DimensionFilter": {},
      "Name": "Drone",
      "ID": 76
    },
    {
      "GroupGUID": "9a654a83-4ef2-426d-861f-adc718d7c0b8",
      "GroupPath": "Config/LevelOutput/Group/Groups_P20223_F20223001/LevelGroup_P20223_F20223001_G260.json",
      "DimensionFilter": {},
      "Name": "Drone",
      "ID": 260
    },
    {
      "GroupGUID": "af2ea4ab-fec1-41dd-bcc8-a5824773c18d",
      "GroupPath": "Config/LevelOutput/Group/Groups_P20223_F20223001/LevelGroup_P20223_F20223001_G77.json",
      "DimensionFilter": {},
      "Name": "Drone",
      "ID": 77
    },
    {
      "GroupGUID": "971740e8-f7a5-4a59-9972-d1eaff046f1e",
      "GroupPath": "Config/LevelOutput/Group/Groups_P20223_F20223001/LevelGroup_P20223_F20223001_G261.json",
      "DimensionFilter": {},
      "Name": "Drone",
      "ID": 261
    },
    {
      "GroupGUID": "3e22adc9-4d52-483f-a282-e19402419f27",
      "GroupPath": "Config/LevelOutput/Group/Groups_P20223_F20223001/LevelGroup_P20223_F20223001_G78.json",
      "DimensionFilter": {},
      "Name": "Drone",
      "ID": 78
    },
    {
      "GroupGUID": "228b90b1-2a88-46b3-b1e6-f5b2b22e4377",
      "GroupPath": "Config/LevelOutput/Group/Groups_P20223_F20223001/LevelGroup_P20223_F20223001_G262.json",
      "DimensionFilter": {},
      "Name": "Drone",
      "ID": 262
    },
    {
      "GroupGUID": "f9dbbe1d-477c-41ee-9906-fe6bde889c39",
      "GroupPath": "Config/LevelOutput/Group/Groups_P20223_F20223001/LevelGroup_P20223_F20223001_G79.json",
      "DimensionFilter": {},
      "Name": "MainMission8015180_New Group",
      "ID": 79
    },
    {
      "GroupGUID": "5ee6c9ea-603c-4c36-a792-3f206b23c822",
      "GroupPath": "Config/LevelOutput/Group/Groups_P20223_F20223001/LevelGroup_P20223_F20223001_G80.json",
      "DimensionFilter": {},
      "Name": "MainMission8015180_New Group",
      "ID": 80
    },
    {
      "GroupGUID": "77f0b291-8176-4154-8153-ccf4cd6f8709",
      "GroupPath": "Config/LevelOutput/Group/Groups_P20223_F20223001/LevelGroup_P20223_F20223001_G81.json",
      "DimensionFilter": {},
      "Name": "MainMission8015180_New Group",
      "ID": 81
    },
    {
      "GroupGUID": "495469b6-d064-449c-b70a-6c7f9ef7b76d",
      "GroupPath": "Config/LevelOutput/Group/Groups_P20223_F20223001/LevelGroup_P20223_F20223001_G83.json",
      "Name": "MainMission8015161_801516101",
      "ID": 83
    },
    {
      "GroupGUID": "47ddc1bd-14c9-4a19-b8a4-bb52184c015c",
      "GroupPath": "Config/LevelOutput/Group/Groups_P20223_F20223001/LevelGroup_P20223_F20223001_G84.json",
      "Name": "MainMission8015162_801516201",
      "ID": 84
    },
    {
      "GroupGUID": "35066b4a-980a-4c69-86e8-1426bab3a859",
      "GroupPath": "Config/LevelOutput/Group/Groups_P20223_F20223001/LevelGroup_P20223_F20223001_G85.json",
      "Name": "MainMission8015163_801516301",
      "ID": 85
    },
    {
      "GroupGUID": "95a48757-7468-42c5-9a80-9f88cfb6e281",
      "GroupPath": "Config/LevelOutput/Group/Groups_P20223_F20223001/LevelGroup_P20223_F20223001_G86.json",
      "Name": "MainMission8015164_801516401",
      "ID": 86
    },
    {
      "GroupGUID": "0047148f-d4eb-4ac2-b1d2-09e5028cf496",
      "GroupPath": "Config/LevelOutput/Group/Groups_P20223_F20223001/LevelGroup_P20223_F20223001_G87.json",
      "Name": "MainMission8015165_801516501",
      "ID": 87
    },
    {
      "GroupGUID": "605a845d-7367-4375-a465-a268c311f228",
      "GroupPath": "Config/LevelOutput/Group/Groups_P20223_F20223001/LevelGroup_P20223_F20223001_G88.json",
      "Name": "MainMission8015171_801517101",
      "ID": 88
    },
    {
      "GroupGUID": "ae6bc544-7fc5-4c66-a6a2-fa9b2fc5e3da",
      "GroupPath": "Config/LevelOutput/Group/Groups_P20223_F20223001/LevelGroup_P20223_F20223001_G89.json",
      "Name": "MainMission8015172_801517201",
      "ID": 89
    },
    {
      "GroupGUID": "7ba7b0e5-f792-4632-835a-e262d7f20e9d",
      "GroupPath": "Config/LevelOutput/Group/Groups_P20223_F20223001/LevelGroup_P20223_F20223001_G90.json",
      "Name": "MainMission8015173_801517301",
      "ID": 90
    },
    {
      "GroupGUID": "420b99f1-6f9a-4788-b979-f2bf80b83bc2",
      "GroupPath": "Config/LevelOutput/Group/Groups_P20223_F20223001/LevelGroup_P20223_F20223001_G91.json",
      "DimensionFilter": {},
      "Name": "New Group",
      "ID": 91
    },
    {
      "GroupGUID": "8d539127-b4e4-463d-8177-3059c690f895",
      "GroupPath": "Config/LevelOutput/Group/Groups_P20223_F20223001/LevelGroup_P20223_F20223001_G92.json",
      "Name": "MainMission8015194_801519401",
      "ID": 92
    },
    {
      "GroupGUID": "cfb83649-95e7-4cfd-9c16-4552a3d646a9",
      "GroupPath": "Config/LevelOutput/Group/Groups_P20223_F20223001/LevelGroup_P20223_F20223001_G93.json",
      "Name": "MainMission8015194_801519402",
      "ID": 93
    },
    {
      "GroupGUID": "c2c9229f-b6cb-42ef-a27a-ba0ecba12eef",
      "GroupPath": "Config/LevelOutput/Group/Groups_P20223_F20223001/LevelGroup_P20223_F20223001_G95.json",
      "Name": "New Group",
      "ID": 95
    },
    {
      "GroupGUID": "4975b99e-edca-4717-93fd-73421d73f341",
      "GroupPath": "Config/LevelOutput/Group/Groups_P20223_F20223001/LevelGroup_P20223_F20223001_G96.json",
      "DimensionFilter": {},
      "Name": "New Group",
      "ID": 96
    },
    {
      "GroupGUID": "fcbc44dd-5d3c-4763-83b7-c1bd57e11d24",
      "GroupPath": "Config/LevelOutput/Group/Groups_P20223_F20223001/LevelGroup_P20223_F20223001_G97.json",
      "DimensionFilter": {},
      "Name": "Sound_01",
      "ID": 97
    },
    {
      "GroupGUID": "2ecbb0fc-bf80-439d-9588-954486b9641c",
      "GroupPath": "Config/LevelOutput/Group/Groups_P20223_F20223001/LevelGroup_P20223_F20223001_G98.json",
      "DimensionFilter": {},
      "Name": "Sound_02",
      "ID": 98
    },
    {
      "GroupGUID": "84590dd9-aa79-4ebc-8c48-38d95e525ad0",
      "GroupPath": "Config/LevelOutput/Group/Groups_P20223_F20223001/LevelGroup_P20223_F20223001_G99.json",
      "DimensionFilter": {},
      "Name": "Sound_03",
      "ID": 99
    },
    {
      "GroupGUID": "bf2a9972-7715-4b3c-ac7f-492bf6d62ef9",
      "GroupPath": "Config/LevelOutput/Group/Groups_P20223_F20223001/LevelGroup_P20223_F20223001_G100.json",
      "Name": "MainMission4040260_1",
      "ID": 100
    },
    {
      "GroupGUID": "d8528281-2930-49c2-8ce2-678420c91014",
      "GroupPath": "Config/LevelOutput/Group/Groups_P20223_F20223001/LevelGroup_P20223_F20223001_G101.json",
      "Name": "MainMission4040260_2",
      "ID": 101
    },
    {
      "GroupGUID": "27dfe38e-489c-4a74-8448-546157d6d183",
      "GroupPath": "Config/LevelOutput/Group/Groups_P20223_F20223001/LevelGroup_P20223_F20223001_G102.json",
      "Name": "MainMission4040260_3",
      "ID": 102
    },
    {
      "GroupGUID": "a13dce1d-9ba0-4c15-b31d-333cff565ff2",
      "GroupPath": "Config/LevelOutput/Group/Groups_P20223_F20223001/LevelGroup_P20223_F20223001_G103.json",
      "Name": "MainMission8015104_New Group",
      "ID": 103
    },
    {
      "GroupGUID": "c29d818a-8d67-4fb9-976f-2785b36d7b73",
      "GroupPath": "Config/LevelOutput/Group/Groups_P20223_F20223001/LevelGroup_P20223_F20223001_G104.json",
      "Name": "MainMission8015104_All",
      "ID": 104
    },
    {
      "GroupGUID": "765df78f-3261-4f4c-ad80-7003802e2802",
      "GroupPath": "Config/LevelOutput/Group/Groups_P20223_F20223001/LevelGroup_P20223_F20223001_G105.json",
      "Name": "MainMission8015104_12",
      "ID": 105
    },
    {
      "GroupGUID": "5cd0fce9-c622-4067-a2b6-292aa4216421",
      "GroupPath": "Config/LevelOutput/Group/Groups_P20223_F20223001/LevelGroup_P20223_F20223001_G106.json",
      "DimensionFilter": {},
      "Name": "MainMission8015104_14",
      "ID": 106
    },
    {
      "GroupGUID": "3b61840a-74ce-4339-bf1b-8215f99589c3",
      "GroupPath": "Config/LevelOutput/Group/Groups_P20223_F20223001/LevelGroup_P20223_F20223001_G107.json",
      "Name": "MainMission8015104_16",
      "ID": 107
    },
    {
      "GroupGUID": "b34fa4f5-00eb-4013-b574-98b6d016bce2",
      "GroupPath": "Config/LevelOutput/Group/Groups_P20223_F20223001/LevelGroup_P20223_F20223001_G108.json",
      "Name": "MainMission8015153_801515309",
      "ID": 108
    },
    {
      "GroupGUID": "95ea93e4-940e-444c-a03f-7e9687b8ff31",
      "GroupPath": "Config/LevelOutput/Group/Groups_P20223_F20223001/LevelGroup_P20223_F20223001_G109.json",
      "Name": "MainMission4040262_1",
      "ID": 109
    },
    {
      "GroupGUID": "883da34f-f2d4-44c0-aff4-4bf87671932c",
      "GroupPath": "Config/LevelOutput/Group/Groups_P20223_F20223001/LevelGroup_P20223_F20223001_G110.json",
      "DimensionFilter": {},
      "Name": "MainMission4040262_2",
      "ID": 110
    },
    {
      "GroupGUID": "b707ead6-6a6d-4c9c-a4c2-96bf9a1b90d3",
      "GroupPath": "Config/LevelOutput/Group/Groups_P20223_F20223001/LevelGroup_P20223_F20223001_G111.json",
      "DimensionFilter": {},
      "Name": "MainMission4040262_3",
      "ID": 111
    },
    {
      "GroupGUID": "eca2cee0-2288-4944-bcd2-9ad5fd260db3",
      "GroupPath": "Config/LevelOutput/Group/Groups_P20223_F20223001/LevelGroup_P20223_F20223001_G112.json",
      "Name": "MainMission4040263_4",
      "ID": 112
    },
    {
      "GroupGUID": "a1a75f96-b751-4902-82d6-c1c8773a2700",
      "GroupPath": "Config/LevelOutput/Group/Groups_P20223_F20223001/LevelGroup_P20223_F20223001_G113.json",
      "DimensionFilter": {},
      "Name": "MainMission4040262_5",
      "ID": 113
    },
    {
      "GroupGUID": "eecc331b-95b1-45a6-886a-ad87468cf0c1",
      "GroupPath": "Config/LevelOutput/Group/Groups_P20223_F20223001/LevelGroup_P20223_F20223001_G114.json",
      "Name": "MainMission8015153_801515313",
      "ID": 114
    },
    {
      "GroupGUID": "74e1e2d0-f943-47c0-abd1-625569e2eb16",
      "GroupPath": "Config/LevelOutput/Group/Groups_P20223_F20223001/LevelGroup_P20223_F20223001_G116.json",
      "Name": "MainMission8015151_01",
      "ID": 116
    },
    {
      "GroupGUID": "5b7ecd84-f47b-4b2d-bfd5-7efc321bc9ab",
      "GroupPath": "Config/LevelOutput/Group/Groups_P20223_F20223001/LevelGroup_P20223_F20223001_G117.json",
      "Name": "MainMission8015151_02",
      "ID": 117,
      "IsDelete": true
    },
    {
      "GroupGUID": "d39b7ebf-6e91-44dd-af99-41dadbcfef00",
      "GroupPath": "Config/LevelOutput/Group/Groups_P20223_F20223001/LevelGroup_P20223_F20223001_G118.json",
      "Name": "MainMission8015151_03",
      "ID": 118,
      "IsDelete": true
    },
    {
      "GroupGUID": "8d4949e9-071a-4173-93db-45b517b656e7",
      "GroupPath": "Config/LevelOutput/Group/Groups_P20223_F20223001/LevelGroup_P20223_F20223001_G119.json",
      "Name": "MainMission8015151_04",
      "ID": 119,
      "IsDelete": true
    },
    {
      "GroupGUID": "68faf201-a94b-4d73-b64e-beb0b9ad44ab",
      "GroupPath": "Config/LevelOutput/Group/Groups_P20223_F20223001/LevelGroup_P20223_F20223001_G120.json",
      "Name": "MainMission8015151_05",
      "ID": 120,
      "IsDelete": true
    },
    {
      "GroupGUID": "19ec537c-6bcb-486c-9e5a-6f2ee258a8e0",
      "GroupPath": "Config/LevelOutput/Group/Groups_P20223_F20223001/LevelGroup_P20223_F20223001_G121.json",
      "Name": "MainMission8015151_06",
      "ID": 121,
      "IsDelete": true
    },
    {
      "GroupGUID": "453392b0-c57b-4335-b1fb-415d9a06f60f",
      "GroupPath": "Config/LevelOutput/Group/Groups_P20223_F20223001/LevelGroup_P20223_F20223001_G122.json",
      "DimensionFilter": {},
      "Name": "MainMission8015151_07",
      "ID": 122
    },
    {
      "GroupGUID": "cdc7ba19-6f4c-49c2-a905-1b6c6ddace3d",
      "GroupPath": "Config/LevelOutput/Group/Groups_P20223_F20223001/LevelGroup_P20223_F20223001_G123.json",
      "DimensionFilter": {},
      "Name": "MainMission8015151_08",
      "ID": 123
    },
    {
      "GroupGUID": "220d93b3-8504-42fc-b27d-5859d53f05f6",
      "GroupPath": "Config/LevelOutput/Group/Groups_P20223_F20223001/LevelGroup_P20223_F20223001_G124.json",
      "DimensionFilter": {},
      "Name": "MainMission8015151_09",
      "ID": 124,
      "IsDelete": true
    },
    {
      "GroupGUID": "c9d5f9c6-c9e5-44b2-89dd-932b04741589",
      "GroupPath": "Config/LevelOutput/Group/Groups_P20223_F20223001/LevelGroup_P20223_F20223001_G125.json",
      "DimensionFilter": {},
      "Name": "MainMission8015151_FollowGhost",
      "ID": 125
    },
    {
      "GroupGUID": "dcb7775d-a646-4dda-81f7-621b497ec144",
      "GroupPath": "Config/LevelOutput/Group/Groups_P20223_F20223001/LevelGroup_P20223_F20223001_G126.json",
      "DimensionFilter": {},
      "Name": "MainMission8015151_PerformanceBoat",
      "ID": 126
    },
    {
      "GroupGUID": "f1edd37b-e6db-427f-92de-8f3ff714cbca",
      "GroupPath": "Config/LevelOutput/Group/Groups_P20223_F20223001/LevelGroup_P20223_F20223001_G127.json",
      "Name": "MainMission8015151_12",
      "ID": 127
    },
    {
      "GroupGUID": "c12e0a04-c459-4bc7-91ea-5cfcc362bfca",
      "GroupPath": "Config/LevelOutput/Group/Groups_P20223_F20223001/LevelGroup_P20223_F20223001_G128.json",
      "Name": "MainMission4040259_1",
      "ID": 128
    },
    {
      "GroupGUID": "04f19c6d-416c-4ddb-bf8d-0ad7cfd5b221",
      "GroupPath": "Config/LevelOutput/Group/Groups_P20223_F20223001/LevelGroup_P20223_F20223001_G129.json",
      "Name": "MainMission4040259_2",
      "ID": 129
    },
    {
      "GroupGUID": "18b71729-becd-490e-87f4-6a3e1c565207",
      "GroupPath": "Config/LevelOutput/Group/Groups_P20223_F20223001/LevelGroup_P20223_F20223001_G130.json",
      "Name": "MainMission4040259_3",
      "ID": 130
    },
    {
      "GroupGUID": "682d017d-f54b-4002-9fe6-798f139fa367",
      "GroupPath": "Config/LevelOutput/Group/Groups_P20223_F20223001/LevelGroup_P20223_F20223001_G131.json",
      "Name": "MainMission4040259_4",
      "ID": 131
    },
    {
      "GroupGUID": "548311a5-e268-4478-91b6-672676a348f2",
      "GroupPath": "Config/LevelOutput/Group/Groups_P20223_F20223001/LevelGroup_P20223_F20223001_G132.json",
      "Name": "MapNpc1",
      "ID": 132
    },
    {
      "GroupGUID": "a0bf2369-f817-459a-bc48-f957d9541d52",
      "GroupPath": "Config/LevelOutput/Group/Groups_P20223_F20223001/LevelGroup_P20223_F20223001_G133.json",
      "Name": "MapNpc2",
      "ID": 133
    },
    {
      "GroupGUID": "eaf2130c-4b5a-4be8-9528-2995a54203b2",
      "GroupPath": "Config/LevelOutput/Group/Groups_P20223_F20223001/LevelGroup_P20223_F20223001_G134.json",
      "Name": "MapNpc3",
      "ID": 134
    },
    {
      "GroupGUID": "4163fcad-8b35-44a6-89c2-061c5dccc016",
      "GroupPath": "Config/LevelOutput/Group/Groups_P20223_F20223001/LevelGroup_P20223_F20223001_G135.json",
      "Name": "MapNpc4",
      "ID": 135
    },
    {
      "GroupGUID": "2a98d21c-389c-4d3f-9cfb-8404ef7400b3",
      "GroupPath": "Config/LevelOutput/Group/Groups_P20223_F20223001/LevelGroup_P20223_F20223001_G136.json",
      "Name": "MapNpc5",
      "ID": 136
    },
    {
      "GroupGUID": "74ccdcf5-2b8d-4cc7-9a78-20b635140ec2",
      "GroupPath": "Config/LevelOutput/Group/Groups_P20223_F20223001/LevelGroup_P20223_F20223001_G137.json",
      "DimensionFilter": {},
      "Name": "MainMission4040258_01",
      "ID": 137
    },
    {
      "GroupGUID": "3d94c8e8-7f63-44a1-8978-ac2ad1f55363",
      "GroupPath": "Config/LevelOutput/Group/Groups_P20223_F20223001/LevelGroup_P20223_F20223001_G138.json",
      "DimensionFilter": {},
      "Name": "MainMission8015159_01",
      "ID": 138
    },
    {
      "GroupGUID": "1bf86e24-6f69-423f-8b0f-03a6ab3f61f4",
      "GroupPath": "Config/LevelOutput/Group/Groups_P20223_F20223001/LevelGroup_P20223_F20223001_G140.json",
      "DimensionFilter": {},
      "Name": "MainMission8015171_801517101",
      "ID": 140
    },
    {
      "GroupGUID": "76ab9d76-e614-49af-8991-0e6c987e4b4a",
      "GroupPath": "Config/LevelOutput/Group/Groups_P20223_F20223001/LevelGroup_P20223_F20223001_G141.json",
      "DimensionFilter": {},
      "Name": "MainMission8015171_801517102",
      "ID": 141
    },
    {
      "GroupGUID": "76d9f3b4-9fc9-4fd8-bf3d-a73b91cb5595",
      "GroupPath": "Config/LevelOutput/Group/Groups_P20223_F20223001/LevelGroup_P20223_F20223001_G145.json",
      "DimensionFilter": {},
      "Name": "MainMission8015154_01",
      "ID": 145
    },
    {
      "GroupGUID": "1c6fd128-e1ff-4747-94b8-dbfd18255d25",
      "GroupPath": "Config/LevelOutput/Group/Groups_P20223_F20223001/LevelGroup_P20223_F20223001_G146.json",
      "DimensionFilter": {},
      "Name": "MainMission4040261_01",
      "ID": 146
    },
    {
      "GroupGUID": "078ba507-362e-4dd4-b169-3c3afdf65146",
      "GroupPath": "Config/LevelOutput/Group/Groups_P20223_F20223001/LevelGroup_P20223_F20223001_G147.json",
      "DimensionFilter": {},
      "Name": "MainMission4040261_02",
      "ID": 147
    },
    {
      "GroupGUID": "5d127492-d5d5-4d9e-869d-0b3a146553bc",
      "GroupPath": "Config/LevelOutput/Group/Groups_P20223_F20223001/LevelGroup_P20223_F20223001_G148.json",
      "DimensionFilter": {},
      "Name": "MainMission4040261_03",
      "ID": 148
    },
    {
      "GroupGUID": "2119df15-b873-47de-80bb-87dc1e8d2f2f",
      "GroupPath": "Config/LevelOutput/Group/Groups_P20223_F20223001/LevelGroup_P20223_F20223001_G149.json",
      "DimensionFilter": {},
      "Name": "MainMission4040261_04",
      "ID": 149
    },
    {
      "GroupGUID": "e67baede-42c2-4509-9cde-df4ac663e061",
      "GroupPath": "Config/LevelOutput/Group/Groups_P20223_F20223001/LevelGroup_P20223_F20223001_G151.json",
      "DimensionFilter": {},
      "Name": "MainMission8015161_1",
      "ID": 151
    },
    {
      "GroupGUID": "36e9d956-d886-4eab-a6ac-37cf99c6b9ce",
      "GroupPath": "Config/LevelOutput/Group/Groups_P20223_F20223001/LevelGroup_P20223_F20223001_G152.json",
      "DimensionFilter": {},
      "Name": "MainMission4040260_Music",
      "ID": 152
    },
    {
      "GroupGUID": "3245cfad-f0b9-4f53-b9d4-1c67e5abc1d4",
      "GroupPath": "Config/LevelOutput/Group/Groups_P20223_F20223001/LevelGroup_P20223_F20223001_G153.json",
      "DimensionFilter": {},
      "Name": "Music",
      "ID": 153
    },
    {
      "GroupGUID": "3889d22c-a9be-4a68-ae2f-8868e2b90423",
      "GroupPath": "Config/LevelOutput/Group/Groups_P20223_F20223001/LevelGroup_P20223_F20223001_G157.json",
      "DimensionFilter": {},
      "Name": "New Group",
      "ID": 157
    },
    {
      "GroupGUID": "0551aa4f-6bad-4bfa-bcf3-100a23b7e5fc",
      "GroupPath": "Config/LevelOutput/Group/Groups_P20223_F20223001/LevelGroup_P20223_F20223001_G158.json",
      "DimensionFilter": {},
      "Name": "MainMission8015157_New Group",
      "ID": 158
    },
    {
      "GroupGUID": "a86d137d-ce14-4881-baa5-4191e2fcf561",
      "GroupPath": "Config/LevelOutput/Group/Groups_P20223_F20223001/LevelGroup_P20223_F20223001_G159.json",
      "DimensionFilter": {},
      "Name": "MainMission4015401_01",
      "ID": 159
    },
    {
      "GroupGUID": "3c65551d-2f0c-49c0-806c-91f6c04a1cee",
      "GroupPath": "Config/LevelOutput/Group/Groups_P20223_F20223001/LevelGroup_P20223_F20223001_G160.json",
      "DimensionFilter": {},
      "Name": "MainMission4015401_02",
      "ID": 160
    },
    {
      "GroupGUID": "b5f2ed67-7423-4f72-9b85-97bd756a995c",
      "GroupPath": "Config/LevelOutput/Group/Groups_P20223_F20223001/LevelGroup_P20223_F20223001_G161.json",
      "DimensionFilter": {},
      "Name": "MainMission4015401_03",
      "ID": 161
    },
    {
      "GroupGUID": "50dcf2b2-bccd-4d8a-af49-7b32cfbcbddf",
      "GroupPath": "Config/LevelOutput/Group/Groups_P20223_F20223001/LevelGroup_P20223_F20223001_G162.json",
      "DimensionFilter": {},
      "Name": "MainMission4015401_02",
      "ID": 162
    },
    {
      "GroupGUID": "af275a3c-ebb7-46c7-8380-6fb257c54b52",
      "GroupPath": "Config/LevelOutput/Group/Groups_P20223_F20223001/LevelGroup_P20223_F20223001_G163.json",
      "DimensionFilter": {},
      "Name": "MainMission4015401_02",
      "ID": 163
    },
    {
      "GroupGUID": "44787af0-dff4-4381-b33a-0faf07e2dc64",
      "GroupPath": "Config/LevelOutput/Group/Groups_P20223_F20223001/LevelGroup_P20223_F20223001_G164.json",
      "DimensionFilter": {},
      "Name": "MainMission4015401_02",
      "ID": 164
    },
    {
      "GroupGUID": "69f43675-5efb-4a70-9a54-7dbe5179df2e",
      "GroupPath": "Config/LevelOutput/Group/Groups_P20223_F20223001/LevelGroup_P20223_F20223001_G165.json",
      "DimensionFilter": {},
      "Name": "MainMission4015401_07",
      "ID": 165
    },
    {
      "GroupGUID": "f984e719-8cf0-46fe-bf3e-d114c17747d7",
      "GroupPath": "Config/LevelOutput/Group/Groups_P20223_F20223001/LevelGroup_P20223_F20223001_G166.json",
      "DimensionFilter": {},
      "Name": "MainMission4015401_09",
      "ID": 166
    },
    {
      "GroupGUID": "b758f286-8d84-4a93-a110-1362bcc0f56a",
      "GroupPath": "Config/LevelOutput/Group/Groups_P20223_F20223001/LevelGroup_P20223_F20223001_G167.json",
      "DimensionFilter": {},
      "Name": "MainMission4015401_02",
      "ID": 167
    },
    {
      "GroupGUID": "f0379fbc-2dd7-449a-ab11-414345e5b71b",
      "GroupPath": "Config/LevelOutput/Group/Groups_P20223_F20223001/LevelGroup_P20223_F20223001_G168.json",
      "DimensionFilter": {},
      "Name": "MainMission4015401_10",
      "ID": 168
    },
    {
      "GroupGUID": "9ac07ee0-152f-4a19-84ed-5683a6dde3d0",
      "GroupPath": "Config/LevelOutput/Group/Groups_P20223_F20223001/LevelGroup_P20223_F20223001_G169.json",
      "DimensionFilter": {},
      "Name": "MainMission4015402_01",
      "ID": 169
    },
    {
      "GroupGUID": "51e1536c-9914-441a-854c-92254af24b95",
      "GroupPath": "Config/LevelOutput/Group/Groups_P20223_F20223001/LevelGroup_P20223_F20223001_G170.json",
      "DimensionFilter": {},
      "Name": "MainMission4015402_01",
      "ID": 170
    },
    {
      "GroupGUID": "c279a07e-7117-4322-bf5d-0e7a5f832ec1",
      "GroupPath": "Config/LevelOutput/Group/Groups_P20223_F20223001/LevelGroup_P20223_F20223001_G171.json",
      "DimensionFilter": {},
      "Name": "MainMission4015402_03",
      "ID": 171
    },
    {
      "GroupGUID": "9f36312e-b185-4fa6-b253-afa1ca1feabb",
      "GroupPath": "Config/LevelOutput/Group/Groups_P20223_F20223001/LevelGroup_P20223_F20223001_G172.json",
      "DimensionFilter": {},
      "Name": "MainMission4015402_04",
      "ID": 172
    },
    {
      "GroupGUID": "fb4bc50d-4f71-4c95-853c-c088d31c6892",
      "GroupPath": "Config/LevelOutput/Group/Groups_P20223_F20223001/LevelGroup_P20223_F20223001_G173.json",
      "DimensionFilter": {},
      "Name": "MainMission4015402_03",
      "ID": 173
    },
    {
      "GroupGUID": "4896dbc1-151a-433b-bc74-84896d70028d",
      "GroupPath": "Config/LevelOutput/Group/Groups_P20223_F20223001/LevelGroup_P20223_F20223001_G174.json",
      "DimensionFilter": {},
      "Name": "MainMission4015402_06",
      "ID": 174
    },
    {
      "GroupGUID": "1e1ddb2f-fc01-43e1-aec8-b4f7552d98bd",
      "GroupPath": "Config/LevelOutput/Group/Groups_P20223_F20223001/LevelGroup_P20223_F20223001_G175.json",
      "DimensionFilter": {},
      "Name": "MainMission4015402_07",
      "ID": 175
    },
    {
      "GroupGUID": "8ad505ce-cb5e-4dc2-9482-ff30391115b4",
      "GroupPath": "Config/LevelOutput/Group/Groups_P20223_F20223001/LevelGroup_P20223_F20223001_G176.json",
      "DimensionFilter": {},
      "Name": "MainMission4015402_08",
      "ID": 176
    },
    {
      "GroupGUID": "238cdc2f-794b-4922-b6b7-2745204331c2",
      "GroupPath": "Config/LevelOutput/Group/Groups_P20223_F20223001/LevelGroup_P20223_F20223001_G177.json",
      "DimensionFilter": {},
      "Name": "MainMission4015402_09",
      "ID": 177
    },
    {
      "GroupGUID": "9c790e5b-6901-4a07-a6cd-aebf733525a2",
      "GroupPath": "Config/LevelOutput/Group/Groups_P20223_F20223001/LevelGroup_P20223_F20223001_G178.json",
      "DimensionFilter": {},
      "Name": "MainMission4015403_01",
      "ID": 178
    },
    {
      "GroupGUID": "9a6706a7-470e-4212-a01b-41b1c197d7df",
      "GroupPath": "Config/LevelOutput/Group/Groups_P20223_F20223001/LevelGroup_P20223_F20223001_G179.json",
      "DimensionFilter": {},
      "Name": "MainMission4015403_01",
      "ID": 179
    },
    {
      "GroupGUID": "df0cfb59-5fba-4bda-9b75-7f1c6bbdf9be",
      "GroupPath": "Config/LevelOutput/Group/Groups_P20223_F20223001/LevelGroup_P20223_F20223001_G180.json",
      "DimensionFilter": {},
      "Name": "MainMission4015403_03",
      "ID": 180
    },
    {
      "GroupGUID": "9b34a025-012f-4dd0-9a96-6376522d3374",
      "GroupPath": "Config/LevelOutput/Group/Groups_P20223_F20223001/LevelGroup_P20223_F20223001_G181.json",
      "DimensionFilter": {},
      "Name": "MainMission4015403_04",
      "ID": 181
    },
    {
      "GroupGUID": "8f4c1ebb-0a08-432b-b589-cdd984610634",
      "GroupPath": "Config/LevelOutput/Group/Groups_P20223_F20223001/LevelGroup_P20223_F20223001_G182.json",
      "DimensionFilter": {},
      "Name": "MainMission4015403_05",
      "ID": 182
    },
    {
      "GroupGUID": "c701c475-cd15-48c1-b69c-bbf090cdda10",
      "GroupPath": "Config/LevelOutput/Group/Groups_P20223_F20223001/LevelGroup_P20223_F20223001_G183.json",
      "DimensionFilter": {},
      "Name": "MainMission4015403_06",
      "ID": 183
    },
    {
      "GroupGUID": "f480a299-ba0a-4a0f-b37c-747394937650",
      "GroupPath": "Config/LevelOutput/Group/Groups_P20223_F20223001/LevelGroup_P20223_F20223001_G184.json",
      "DimensionFilter": {},
      "Name": "MainMission4015403_07",
      "ID": 184
    },
    {
      "GroupGUID": "e4481288-f070-492e-8afc-efed2adacaee",
      "GroupPath": "Config/LevelOutput/Group/Groups_P20223_F20223001/LevelGroup_P20223_F20223001_G185.json",
      "DimensionFilter": {},
      "Name": "MainMission4015403_08",
      "ID": 185
    },
    {
      "GroupGUID": "25429912-a369-47fc-a054-38936887c613",
      "GroupPath": "Config/LevelOutput/Group/Groups_P20223_F20223001/LevelGroup_P20223_F20223001_G186.json",
      "DimensionFilter": {},
      "Name": "MainMission4015403_09",
      "ID": 186
    },
    {
      "GroupGUID": "fb88a72c-896f-42aa-a87a-a6f1b84392ed",
      "GroupPath": "Config/LevelOutput/Group/Groups_P20223_F20223001/LevelGroup_P20223_F20223001_G155.json",
      "DimensionFilter": {},
      "Name": "MainMission8015172_04",
      "ID": 155
    },
    {
      "GroupGUID": "cabb944b-cc48-4426-b0e3-b345c6ad8b78",
      "GroupPath": "Config/LevelOutput/Group/Groups_P20223_F20223001/LevelGroup_P20223_F20223001_G156.json",
      "DimensionFilter": {},
      "Name": "MainMission8015172_05",
      "ID": 156
    },
    {
      "GroupGUID": "fae0b995-9c1d-4a34-ac74-0532cd908d80",
      "GroupPath": "Config/LevelOutput/Group/Groups_P20223_F20223001/LevelGroup_P20223_F20223001_G187.json",
      "DimensionFilter": {},
      "Name": "MainMission8015173_07",
      "ID": 187
    },
    {
      "GroupGUID": "bbf147d7-50a5-4c6c-b755-165e6b0c96bc",
      "GroupPath": "Config/LevelOutput/Group/Groups_P20223_F20223001/LevelGroup_P20223_F20223001_G188.json",
      "DimensionFilter": {},
      "Name": "MainMission8015173_08",
      "ID": 188
    },
    {
      "GroupGUID": "05513899-c846-4816-b12a-1ea0820fd57c",
      "GroupPath": "Config/LevelOutput/Group/Groups_P20223_F20223001/LevelGroup_P20223_F20223001_G189.json",
      "DimensionFilter": {},
      "Name": "MainMission8015172_07",
      "ID": 189
    },
    {
      "GroupGUID": "a99b1550-a2a6-479a-8507-ba6c0df89944",
      "GroupPath": "Config/LevelOutput/Group/Groups_P20223_F20223001/LevelGroup_P20223_F20223001_G190.json",
      "DimensionFilter": {},
      "Name": "New Group",
      "ID": 190
    },
    {
      "GroupGUID": "6da9bd30-f391-45dd-a377-699a8773987b",
      "GroupPath": "Config/LevelOutput/Group/Groups_P20223_F20223001/LevelGroup_P20223_F20223001_G192.json",
      "DimensionFilter": {},
      "Name": "MainMission8015104_801510415",
      "ID": 192
    },
    {
      "GroupGUID": "3982997b-a452-4ac0-aef0-88a88aa72664",
      "GroupPath": "Config/LevelOutput/Group/Groups_P20223_F20223001/LevelGroup_P20223_F20223001_G193.json",
      "DimensionFilter": {},
      "Name": "GhostBoat",
      "ID": 193
    },
    {
      "GroupGUID": "38449bad-34b7-4d25-8d05-40cbf18fe2f4",
      "GroupPath": "Config/LevelOutput/Group/Groups_P20223_F20223001/LevelGroup_P20223_F20223001_G194.json",
      "DimensionFilter": {},
      "Name": "New Group",
      "ID": 194
    },
    {
      "GroupGUID": "f9658cbe-2b61-49c4-8173-92b9ebe75eb8",
      "GroupPath": "Config/LevelOutput/Group/Groups_P20223_F20223001/LevelGroup_P20223_F20223001_G195.json",
      "DimensionFilter": {},
      "Name": "MainMission4040261_MusicBefore",
      "ID": 195
    },
    {
      "GroupGUID": "a883211f-b746-473f-9a6f-8e73bc098d9d",
      "GroupPath": "Config/LevelOutput/Group/Groups_P20223_F20223001/LevelGroup_P20223_F20223001_G196.json",
      "DimensionFilter": {},
      "Name": "Music",
      "ID": 196
    },
    {
      "GroupGUID": "0c0abfa5-09ba-4e5f-be96-f358f5349a41",
      "GroupPath": "Config/LevelOutput/Group/Groups_P20223_F20223001/LevelGroup_P20223_F20223001_G197.json",
      "DimensionFilter": {},
      "Name": "Reading",
      "ID": 197
    },
    {
      "GroupGUID": "c46e3c7c-d315-41ac-b425-a87de5bd6e17",
      "GroupPath": "Config/LevelOutput/Group/Groups_P20223_F20223001/LevelGroup_P20223_F20223001_G198.json",
      "DimensionFilter": {},
      "Name": "Tower1",
      "ID": 198
    },
    {
      "GroupGUID": "4a932cd5-9182-4a33-9918-d309308eb246",
      "GroupPath": "Config/LevelOutput/Group/Groups_P20223_F20223001/LevelGroup_P20223_F20223001_G199.json",
      "DimensionFilter": {},
      "Name": "Tower2",
      "ID": 199
    },
    {
      "GroupGUID": "6ad8c6b3-1730-43ec-ac3b-11798c2b18fb",
      "GroupPath": "Config/LevelOutput/Group/Groups_P20223_F20223001/LevelGroup_P20223_F20223001_G200.json",
      "DimensionFilter": {},
      "Name": "Tower3",
      "ID": 200
    },
    {
      "GroupGUID": "75df63ed-0147-4cb9-9a59-efb772ccb330",
      "GroupPath": "Config/LevelOutput/Group/Groups_P20223_F20223001/LevelGroup_P20223_F20223001_G201.json",
      "DimensionFilter": {},
      "Name": "Tower4",
      "ID": 201
    },
    {
      "GroupGUID": "364748f3-daa0-4ea6-965d-6b2f34d27c15",
      "GroupPath": "Config/LevelOutput/Group/Groups_P20223_F20223001/LevelGroup_P20223_F20223001_G202.json",
      "DimensionFilter": {},
      "Name": "Tower5",
      "ID": 202
    },
    {
      "GroupGUID": "750b441b-c3b7-4fc3-98bd-79c901fc4c2c",
      "GroupPath": "Config/LevelOutput/Group/Groups_P20223_F20223001/LevelGroup_P20223_F20223001_G203.json",
      "DimensionFilter": {},
      "Name": "MainMission8015151_Yukong",
      "ID": 203
    },
    {
      "GroupGUID": "6bab6a01-090f-4e36-b997-6ca1e686291e",
      "GroupPath": "Config/LevelOutput/Group/Groups_P20223_F20223001/LevelGroup_P20223_F20223001_G220.json",
      "DimensionFilter": {},
      "Name": "MainMission8015151_Suiyang",
      "ID": 220
    },
    {
      "GroupGUID": "1d9f168f-3ee8-46af-b8e3-88e0b3776bc1",
      "GroupPath": "Config/LevelOutput/Group/Groups_P20223_F20223001/LevelGroup_P20223_F20223001_G213.json",
      "DimensionFilter": {},
      "Name": "MainMission8015162_Drone",
      "ID": 213
    },
    {
      "GroupGUID": "22dac7de-f6cc-4e89-9ac5-c547221be76f",
      "GroupPath": "Config/LevelOutput/Group/Groups_P20223_F20223001/LevelGroup_P20223_F20223001_G212.json",
      "DimensionFilter": {},
      "Name": "MainMission8015172_08",
      "ID": 212
    },
    {
      "GroupGUID": "0cb108a2-99ef-4849-be54-a862bd13b59c",
      "GroupPath": "Config/LevelOutput/Group/Groups_P20223_F20223001/LevelGroup_P20223_F20223001_G209.json",
      "DimensionFilter": {},
      "Name": "CommandRobotPuzzle_Lv1",
      "ID": 209
    },
    {
      "GroupGUID": "132cd7fd-fa72-4fef-b50e-3028de1dabc7",
      "GroupPath": "Config/LevelOutput/Group/Groups_P20223_F20223001/LevelGroup_P20223_F20223001_G226.json",
      "DimensionFilter": {},
      "Name": "CommandRobotPuzzle_Lv2",
      "ID": 226
    },
    {
      "GroupGUID": "236c0bb1-2236-4fd8-b8fd-05f0d7b8dc71",
      "GroupPath": "Config/LevelOutput/Group/Groups_P20223_F20223001/LevelGroup_P20223_F20223001_G227.json",
      "DimensionFilter": {},
      "Name": "CommandRobotPuzzle_Lv3",
      "ID": 227
    },
    {
      "GroupGUID": "476ad6de-d4e7-4a3f-9054-4c5b1261695b",
      "GroupPath": "Config/LevelOutput/Group/Groups_P20223_F20223001/LevelGroup_P20223_F20223001_G228.json",
      "DimensionFilter": {},
      "Name": "CommandRobotPuzzle_Lv4",
      "ID": 228
    },
    {
      "GroupGUID": "87637bf9-9598-43d4-95b5-629ef0514b47",
      "GroupPath": "Config/LevelOutput/Group/Groups_P20223_F20223001/LevelGroup_P20223_F20223001_G219.json",
      "DimensionFilter": {},
      "Name": "MainMission8015162_08",
      "ID": 219
    },
    {
      "GroupGUID": "8d4bd53a-ea22-49ff-8cfc-81213d4ea9c4",
      "GroupPath": "Config/LevelOutput/Group/Groups_P20223_F20223001/LevelGroup_P20223_F20223001_G215.json",
      "DimensionFilter": {},
      "Name": "MainMission8015162_01",
      "ID": 215
    },
    {
      "GroupGUID": "c91f53a5-b3ca-4da2-b08d-a5bd29128d3d",
      "GroupPath": "Config/LevelOutput/Group/Groups_P20223_F20223001/LevelGroup_P20223_F20223001_G216.json",
      "DimensionFilter": {},
      "Name": "MainMission8015162_02",
      "ID": 216
    },
    {
      "GroupGUID": "667eb9a5-37f4-4107-a12e-9fd440304a87",
      "GroupPath": "Config/LevelOutput/Group/Groups_P20223_F20223001/LevelGroup_P20223_F20223001_G217.json",
      "DimensionFilter": {},
      "Name": "MainMission8015162_03",
      "ID": 217
    },
    {
      "GroupGUID": "c39beb11-f619-4af9-acd7-bad429d6bc1d",
      "GroupPath": "Config/LevelOutput/Group/Groups_P20223_F20223001/LevelGroup_P20223_F20223001_G229.json",
      "DimensionFilter": {},
      "Name": "CommandRobotPuzzle_Lv5",
      "ID": 229
    },
    {
      "GroupGUID": "29ccf25b-5691-4619-8740-e46c5c2efea5",
      "GroupPath": "Config/LevelOutput/Group/Groups_P20223_F20223001/LevelGroup_P20223_F20223001_G230.json",
      "DimensionFilter": {},
      "Name": "CommandRobotPuzzle_Lv6",
      "ID": 230
    },
    {
      "GroupGUID": "38c531d2-14d0-4f3b-9a69-1b54e6eb40ce",
      "GroupPath": "Config/LevelOutput/Group/Groups_P20223_F20223001/LevelGroup_P20223_F20223001_G231.json",
      "DimensionFilter": {},
      "Name": "CommandRobotPuzzle_Lv7",
      "ID": 231
    },
    {
      "GroupGUID": "d26eafd1-c6df-4794-8c29-254e09817b9e",
      "GroupPath": "Config/LevelOutput/Group/Groups_P20223_F20223001/LevelGroup_P20223_F20223001_G232.json",
      "DimensionFilter": {},
      "Name": "CommandRobotPuzzle_Lv8",
      "ID": 232
    },
    {
      "GroupGUID": "8d5498a9-5314-4ef9-a3d9-dad8a8bdc78f",
      "GroupPath": "Config/LevelOutput/Group/Groups_P20223_F20223001/LevelGroup_P20223_F20223001_G233.json",
      "DimensionFilter": {},
      "Name": "CommandRobotPuzzle_Lv9",
      "ID": 233
    },
    {
      "GroupGUID": "c66aa9cc-3b13-4da9-b8a9-612387cf3111",
      "GroupPath": "Config/LevelOutput/Group/Groups_P20223_F20223001/LevelGroup_P20223_F20223001_G250.json",
      "DimensionFilter": {},
      "Name": "MainMission8015163_801516303",
      "ID": 250
    },
    {
      "GroupGUID": "1f471bf0-f364-4d1c-b8dc-da1224c15ab7",
      "GroupPath": "Config/LevelOutput/Group/Groups_P20223_F20223001/LevelGroup_P20223_F20223001_G251.json",
      "Name": "MainMission4015401_CmdBot_MappingInfo_1",
      "ID": 251
    },
    {
      "GroupGUID": "30b4bcd5-3f9b-436b-a711-5c8a342c2fa2",
      "GroupPath": "Config/LevelOutput/Group/Groups_P20223_F20223001/LevelGroup_P20223_F20223001_G252.json",
      "DimensionFilter": {},
      "Name": "CmdBot_MappingInfo_2",
      "ID": 252
    },
    {
      "GroupGUID": "e561a96a-0aae-47b0-952d-90cd1b9a5ed0",
      "GroupPath": "Config/LevelOutput/Group/Groups_P20223_F20223001/LevelGroup_P20223_F20223001_G253.json",
      "DimensionFilter": {},
      "Name": "CmdBot_MappingInfo_3",
      "ID": 253
    },
    {
      "GroupGUID": "99b27bec-4603-4b58-85d5-bb841e2e815f",
      "GroupPath": "Config/LevelOutput/Group/Groups_P20223_F20223001/LevelGroup_P20223_F20223001_G259.json",
      "DimensionFilter": {},
      "Name": "New Group",
      "ID": 259
    },
    {
      "GroupGUID": "b33c2ab2-3f5b-4962-bceb-ca3bb7d0fa1f",
      "GroupPath": "Config/LevelOutput/Group/Groups_P20223_F20223001/LevelGroup_P20223_F20223001_G266.json",
      "DimensionFilter": {},
      "Name": "MainMission8015151_17",
      "ID": 266
    },
    {
      "GroupGUID": "245143e0-b9f9-4c3a-81d4-2f9a184fd0f5",
      "GroupPath": "Config/LevelOutput/Group/Groups_P20223_F20223001/LevelGroup_P20223_F20223001_G267.json",
      "DimensionFilter": {},
      "Name": "MainMission8015151_18",
      "ID": 267
    },
    {
      "GroupGUID": "f5608b09-082f-46b9-9be4-50481ef63d98",
      "GroupPath": "Config/LevelOutput/Group/Groups_P20223_F20223001/LevelGroup_P20223_F20223001_G268.json",
      "DimensionFilter": {},
      "Name": "MainMission8015151_19",
      "ID": 268
    },
    {
      "GroupGUID": "a26b30d2-9965-4ee4-8d31-6a21db3df716",
      "GroupPath": "Config/LevelOutput/Group/Groups_P20223_F20223001/LevelGroup_P20223_F20223001_G269.json",
      "DimensionFilter": {},
      "Name": "MainMission8015151_20",
      "ID": 269
    },
    {
      "GroupGUID": "4499e37d-4ebf-4291-ab5f-d61e87535e14",
      "GroupPath": "Config/LevelOutput/Group/Groups_P20223_F20223001/LevelGroup_P20223_F20223001_G270.json",
      "DimensionFilter": {},
      "Name": "MainMission8015151_21",
      "ID": 270
    }
  ],
  "DefaultEnviroProfile": "Stages/Outputs/Chapter02/EnviroProfile/Chap02_CloseView_ADV_X02_Sanctum_SuiGarden_Night.enviroProfile.asset",
  "StageData": "Stages/Outputs/Chapter02/Stages/Chap02_ADV_X02_Sanctum_SuiGarden_StageData/Chap02_ADV_X02_Sanctum_SuiGarden_StageData.stage",
  "CameraType": "Maze",
  "TimeOfDayEnviroProfileMap": {},
  "LayerToAreaMask": [
    1
  ],
  "FloorCustomData": {
    "CustomValues": [
      {
        "$type": "RPG.GameCore.FloorCustomBoolConfig",
        "ID": 10001,
        "Name": "Drone01"
      },
      {
        "$type": "RPG.GameCore.FloorCustomBoolConfig",
        "ID": 10002,
        "Name": "Drone02"
      },
      {
        "$type": "RPG.GameCore.FloorCustomBoolConfig",
        "ID": 10003,
        "Name": "Drone03"
      }
    ],
    "SavedValues": [
      {
        "ID": 3,
        "Name": "HeliobusTower1",
        "AllowedValues": [],
        "MaxValue": 1
      },
      {
        "ID": 4,
        "Name": "HeliobusTower2",
        "AllowedValues": [],
        "MaxValue": 1
      },
      {
        "ID": 5,
        "Name": "HeliobusTower3",
        "AllowedValues": [],
        "MaxValue": 1
      },
      {
        "ID": 6,
        "Name": "HeliobusTower4",
        "AllowedValues": [],
        "MaxValue": 1
      },
      {
        "ID": 8,
        "Name": "HeliobusChallenge",
        "AllowedValues": [],
        "MaxValue": 1
      },
      {
        "ID": 11,
        "Name": "HeliobusActivity",
        "AllowedValues": [],
        "MaxValue": 1
      },
      {
        "ID": 12,
        "Name": "SceneStateByMainMission",
        "AllowedValues": [
          0,
          1
        ],
        "MaxValue": 1
      },
      {
        "ID": 13,
        "Name": "SoundGroupState",
        "AllowedValues": [],
        "MaxValue": 2
      },
      {
        "ID": 15,
        "Name": "414GSLS",
        "AllowedValues": [],
        "MaxValue": 2
      },
      {
        "ID": 16,
        "Name": "4040261Finish",
        "AllowedValues": [],
        "MaxValue": 1
      },
      {
        "ID": 17,
        "Name": "DroneFire01",
        "AllowedValues": [],
        "MaxValue": 9
      },
      {
        "ID": 18,
        "Name": "DroneFire02",
        "AllowedValues": [],
        "MaxValue": 9
      },
      {
        "ID": 19,
        "Name": "DroneFire03",
        "AllowedValues": [],
        "MaxValue": 9
      },
      {
        "ID": 21,
        "Name": "8015151Finished",
        "AllowedValues": [],
        "MaxValue": 1
      },
      {
        "ID": 22,
        "Name": "2021703Finish",
        "AllowedValues": [],
        "MaxValue": 1
      },
      {
        "ID": 23,
        "Name": "2021705Finish",
        "AllowedValues": [],
        "MaxValue": 1
      },
      {
        "ID": 24,
        "Name": "CmdBotReplayProgression",
        "AllowedValues": [],
        "MaxValue": 3
      },
      {
        "ID": 26,
        "Name": "801510411Finish",
        "AllowedValues": [],
        "MaxValue": 1
      }
    ]
  },
  "BattleAreaList": [],
  "DimensionList": [
    {}
  ],
  "NavmapConfigPath": "Config/LevelOutput/Map/MapInfo_P20223_F20223001.json",
  "EnableGroupStreaming": false,
  "IsRestartLevelGraph": false
}