{
  "FloorID": 20213002,
  "FloorName": "FloorName_20213002",
  "StartGroupID": 2,
  "StartAnchorID": 1,
  "GroupList": [
    {
      "GroupGUID": "84722d2e-5e24-4c3d-9fff-cb3542e5dbef",
      "GroupPath": "Config/LevelOutput/Group/Groups_P20213_F20213002/LevelGroup_P20213_F20213002_G2.json",
      "Name": "New Group",
      "ID": 2
    },
    {
      "GroupGUID": "8dae4f51-76c3-4952-acc8-b4b6755987dc",
      "GroupPath": "Config/LevelOutput/Group/Groups_P20213_F20213002/LevelGroup_P20213_F20213002_G3.json",
      "Name": "MainMission_1020401",
      "ID": 3
    },
    {
      "GroupGUID": "d124c702-51d2-4c2f-88bf-fb7d90e3e162",
      "GroupPath": "Config/LevelOutput/Group/Groups_P20213_F20213002/LevelGroup_P20213_F20213002_G1.json",
      "Name": "Sound",
      "ID": 1
    },
    {
      "GroupGUID": "b2eabdc8-299b-4783-8968-43d4c83695b5",
      "GroupPath": "Config/LevelOutput/Group/Groups_P20213_F20213002/LevelGroup_P20213_F20213002_G4.json",
      "DimensionFilter": {},
      "Name": "BattleArea",
      "ID": 4
    }
  ],
  "DefaultEnviroProfile": "Stages/Outputs/Chapter00/EnviroProfile/Chap00_INT_Train_01.enviroProfile.asset",
  "StageData": "Stages/Outputs/Chapter00/Stages/Chap00_INT_Train_01_StageData/Chap00_INT_Train_01_StageData.stage",
  "TimeOfDayEnviroProfileMap": {},
  "LayerToAreaMask": [
    264
  ],
  "BattleAreaList": [],
  "DimensionList": [
    {}
  ],
  "NavmapConfigPath": "Config/LevelOutput/Map/MapInfo_P10000_F10000000.json",
  "EnableGroupStreaming": false,
  "EnableGroupSpaceConflict": false,
  "IsRestartLevelGraph": false
}