{
  "FloorID": 20314001,
  "FloorName": "FloorName_20314001",
  "StartGroupID": 3,
  "StartAnchorID": 1,
  "GroupList": [
    {
      "GroupGUID": "cc40a8b5-11be-41f2-92c2-54749dfb9ded",
      "GroupPath": "Config/LevelOutput/Group/Groups_P20314_F20314001/LevelGroup_P20314_F20314001_G3.json",
      "Name": "DefaultGroup",
      "ID": 3
    }
  ],
  "DefaultEnviroProfile": "Stages/Outputs/Chapter02/EnviroProfile/Chap02_CloseView_ADV_X01_Starskiff_Day.enviroProfile.asset",
  "StageData": "Stages/Outputs/Chapter03_DesignerBackup/Stages/Chap03_MAZ_P104_GreenHouse_StageData/Chap03_MAZ_P104_GreenHouse_StageData.stage",
  "CameraType": "Maze",
  "MinimapVolumeData": {},
  "TimeOfDayEnviroProfileMap": {},
  "LayerToAreaMask": [
    1
  ],
  "IsRestartLevelGraph": false
}