{
  "FloorID": 20313001,
  "FloorName": "FloorName_20313001",
  "StartGroupID": 1,
  "StartAnchorID": 1,
  "GroupList": [
    {
      "GroupGUID": "d91227e0-7d15-4ba9-929b-ddb70bb81408",
      "GroupPath": "Config/LevelOutput/Group/Groups_P20313_F20313001/LevelGroup_P20313_F20313001_G73.json",
      "Name": "EntranceExit",
      "ID": 73
    },
    {
      "GroupGUID": "c79db37f-8d5b-4f0f-9824-f244fb72e139",
      "GroupPath": "Config/LevelOutput/Group/Groups_P20313_F20313001/LevelGroup_P20313_F20313001_G1.json",
      "DimensionFilter": {},
      "Name": "DefaultGroup",
      "ID": 1
    },
    {
      "GroupGUID": "d4d1426f-63b2-413b-ac47-8a1c89c7f5ad",
      "GroupPath": "Config/LevelOutput/Group/Groups_P20313_F20313001/LevelGroup_P20313_F20313001_G55.json",
      "DimensionFilter": {},
      "Name": "Default_Chest",
      "ID": 55
    },
    {
      "GroupGUID": "1e7b8a7c-40c6-4507-8f94-ee6787c45aa8",
      "GroupPath": "Config/LevelOutput/Group/Groups_P20313_F20313001/LevelGroup_P20313_F20313001_G56.json",
      "Name": "Default_CheckPoint",
      "ID": 56
    },
    {
      "GroupGUID": "b4d8b4b2-c422-4326-8572-849411c7f2bf",
      "GroupPath": "Config/LevelOutput/Group/Groups_P20313_F20313001/LevelGroup_P20313_F20313001_G58.json",
      "DimensionFilter": {},
      "Name": "DefaultDistructable",
      "ID": 58
    },
    {
      "GroupGUID": "b034f982-600b-43c6-b0ee-fdcfd7365253",
      "GroupPath": "Config/LevelOutput/Group/Groups_P20313_F20313001/LevelGroup_P20313_F20313001_G110.json",
      "Name": "HPDestructable",
      "ID": 110
    },
    {
      "GroupGUID": "03179231-b132-417c-a51e-e003bf30a2ed",
      "GroupPath": "Config/LevelOutput/Group/Groups_P20313_F20313001/LevelGroup_P20313_F20313001_G164.json",
      "DimensionFilter": {},
      "Name": "MainMissionMonster",
      "ID": 164
    },
    {
      "GroupGUID": "dcbd656a-89a2-4e52-bd27-490ea3e563c7",
      "GroupPath": "Config/LevelOutput/Group/Groups_P20313_F20313001/LevelGroup_P20313_F20313001_G59.json",
      "DimensionFilter": {},
      "Name": "DefaultMonster",
      "ID": 59
    },
    {
      "GroupGUID": "ccc695aa-e6cc-4b2f-be3d-d93543bb2e99",
      "GroupPath": "Config/LevelOutput/Group/Groups_P20313_F20313001/LevelGroup_P20313_F20313001_G174.json",
      "DimensionFilter": {},
      "Name": "DefaultMonster",
      "ID": 174
    },
    {
      "GroupGUID": "002684d0-769b-4137-8c77-77f7ee4fe6ba",
      "GroupPath": "Config/LevelOutput/Group/Groups_P20313_F20313001/LevelGroup_P20313_F20313001_G175.json",
      "DimensionFilter": {},
      "Name": "DefaultMonster",
      "ID": 175
    },
    {
      "GroupGUID": "3f805e65-00d8-438b-9063-e64576264fde",
      "GroupPath": "Config/LevelOutput/Group/Groups_P20313_F20313001/LevelGroup_P20313_F20313001_G176.json",
      "DimensionFilter": {},
      "Name": "DefaultMonster",
      "ID": 176
    },
    {
      "GroupGUID": "2b2085ad-e7f9-405c-b6b5-0068f8b0706e",
      "GroupPath": "Config/LevelOutput/Group/Groups_P20313_F20313001/LevelGroup_P20313_F20313001_G177.json",
      "DimensionFilter": {},
      "Name": "DefaultMonster",
      "ID": 177
    },
    {
      "GroupGUID": "c6e8b142-5a5f-465f-b025-baa5f859d79d",
      "GroupPath": "Config/LevelOutput/Group/Groups_P20313_F20313001/LevelGroup_P20313_F20313001_G178.json",
      "DimensionFilter": {},
      "Name": "DefaultMonster",
      "ID": 178
    },
    {
      "GroupGUID": "04e13544-acc7-45c2-8c0a-7094e4b254a0",
      "GroupPath": "Config/LevelOutput/Group/Groups_P20313_F20313001/LevelGroup_P20313_F20313001_G62.json",
      "DimensionFilter": {},
      "Name": "Default_ChallengeChest",
      "ID": 62
    },
    {
      "GroupGUID": "1395021f-509b-4dcb-b90c-5e4ec6da24a8",
      "GroupPath": "Config/LevelOutput/Group/Groups_P20313_F20313001/LevelGroup_P20313_F20313001_G68.json",
      "DimensionFilter": {},
      "Name": "Default_ChallengeChest",
      "ID": 68
    },
    {
      "GroupGUID": "0ac2feb1-c56d-4452-9dca-ed8e89668dd7",
      "GroupPath": "Config/LevelOutput/Group/Groups_P20313_F20313001/LevelGroup_P20313_F20313001_G67.json",
      "DimensionFilter": {},
      "Name": "Default_ChallengeChest",
      "ID": 67
    },
    {
      "GroupGUID": "6e394e63-ac09-43e1-a26e-47f8df6f956d",
      "GroupPath": "Config/LevelOutput/Group/Groups_P20313_F20313001/LevelGroup_P20313_F20313001_G165.json",
      "DimensionFilter": {},
      "Name": "ClockToy",
      "ID": 165
    },
    {
      "GroupGUID": "03cf0d60-7207-4d9d-98f5-475f4ed4a64f",
      "GroupPath": "Config/LevelOutput/Group/Groups_P20313_F20313001/LevelGroup_P20313_F20313001_G166.json",
      "DimensionFilter": {},
      "Name": "ClockToy",
      "ID": 166
    },
    {
      "GroupGUID": "933aa8df-7e43-465d-ada7-a810485bf2d5",
      "GroupPath": "Config/LevelOutput/Group/Groups_P20313_F20313001/LevelGroup_P20313_F20313001_G167.json",
      "DimensionFilter": {},
      "Name": "ClockToy",
      "ID": 167
    },
    {
      "GroupGUID": "fcf41c8a-bccf-4719-87b0-fef9ceedc00a",
      "GroupPath": "Config/LevelOutput/Group/Groups_P20313_F20313001/LevelGroup_P20313_F20313001_G168.json",
      "DimensionFilter": {},
      "Name": "Monster_ChestMonster",
      "ID": 168
    },
    {
      "GroupGUID": "9b7bb19d-729f-4309-8f08-14909f35e4e0",
      "GroupPath": "Config/LevelOutput/Group/Groups_P20313_F20313001/LevelGroup_P20313_F20313001_G169.json",
      "DimensionFilter": {
        "FilterType": "All"
      },
      "Name": "Tpl_MainMission4340157_01",
      "ID": 169
    },
    {
      "GroupGUID": "acbe63d0-97a4-4107-97b4-2f14ed319b34",
      "GroupPath": "Config/LevelOutput/Group/Groups_P20313_F20313001/LevelGroup_P20313_F20313001_G186.json",
      "DimensionFilter": {},
      "Name": "DefaultCocoon02",
      "ID": 186
    },
    {
      "GroupGUID": "4b659f2e-c007-4ef5-913d-6c2064c06efc",
      "GroupPath": "Config/LevelOutput/Group/Groups_P20313_F20313001/LevelGroup_P20313_F20313001_G69.json",
      "DimensionFilter": {},
      "Name": "FarmElement",
      "ID": 69
    },
    {
      "GroupGUID": "0d5a3cdc-f929-45e5-a066-cf1cd82efffc",
      "GroupPath": "Config/LevelOutput/Group/Groups_P20313_F20313001/LevelGroup_P20313_F20313001_G6.json",
      "DimensionFilter": {},
      "Name": "Maze01_MPF01",
      "ID": 6
    },
    {
      "GroupGUID": "93f090ba-a02d-4de7-902d-0dd711f12d96",
      "GroupPath": "Config/LevelOutput/Group/Groups_P20313_F20313001/LevelGroup_P20313_F20313001_G7.json",
      "DimensionFilter": {},
      "Name": "Maze01_MPF02",
      "ID": 7
    },
    {
      "GroupGUID": "2dc946e8-74ce-401e-b332-8736fad03bdf",
      "GroupPath": "Config/LevelOutput/Group/Groups_P20313_F20313001/LevelGroup_P20313_F20313001_G71.json",
      "Name": "---------------------------",
      "ID": 71
    },
    {
      "GroupGUID": "06d48acb-9c94-4481-9434-cbc1b3c2d23d",
      "GroupPath": "Config/LevelOutput/Group/Groups_P20313_F20313001/LevelGroup_P20313_F20313001_G3.json",
      "DimensionFilter": {},
      "Name": "Case1IsoCam",
      "ID": 3
    },
    {
      "GroupGUID": "9d95423d-8ebe-4f13-89b0-c5c1c850f4c4",
      "GroupPath": "Config/LevelOutput/Group/Groups_P20313_F20313001/LevelGroup_P20313_F20313001_G141.json",
      "DimensionFilter": {},
      "Name": "Case1AirWalls",
      "ID": 141
    },
    {
      "GroupGUID": "8344c0c7-e795-4837-b9b6-1a8416098a8d",
      "GroupPath": "Config/LevelOutput/Group/Groups_P20313_F20313001/LevelGroup_P20313_F20313001_G5.json",
      "Name": "Case1Connector",
      "ID": 5
    },
    {
      "GroupGUID": "e66decf2-1cc2-421c-9fe4-c2f4e0bb7f39",
      "GroupPath": "Config/LevelOutput/Group/Groups_P20313_F20313001/LevelGroup_P20313_F20313001_G9.json",
      "DimensionFilter": {},
      "Name": "Maze02_IsoCam01",
      "ID": 9
    },
    {
      "GroupGUID": "f4a905c4-af15-4207-b64e-af7ae51eb3ad",
      "GroupPath": "Config/LevelOutput/Group/Groups_P20313_F20313001/LevelGroup_P20313_F20313001_G144.json",
      "DimensionFilter": {},
      "Name": "Case2AirWalls",
      "ID": 144
    },
    {
      "GroupGUID": "6c46eb84-6c4d-4f63-bdd2-5bd909c26a43",
      "GroupPath": "Config/LevelOutput/Group/Groups_P20313_F20313001/LevelGroup_P20313_F20313001_G13.json",
      "DimensionFilter": {},
      "Name": "Maze02_IsoCam01_StaticConnector",
      "ID": 13
    },
    {
      "GroupGUID": "cfc51acb-c588-4416-bcf6-ca54eabfcb83",
      "GroupPath": "Config/LevelOutput/Group/Groups_P20313_F20313001/LevelGroup_P20313_F20313001_G11.json",
      "DimensionFilter": {},
      "Name": "Maze02_IsoCam01_MPF",
      "ID": 11
    },
    {
      "GroupGUID": "df50f305-c61f-4092-9d8d-d86adc3101ee",
      "GroupPath": "Config/LevelOutput/Group/Groups_P20313_F20313001/LevelGroup_P20313_F20313001_G35.json",
      "DimensionFilter": {},
      "Name": "Maze02MPFConnector01",
      "ID": 35
    },
    {
      "GroupGUID": "b38516cd-3bf9-4ebb-b856-d7a7a93a8af8",
      "GroupPath": "Config/LevelOutput/Group/Groups_P20313_F20313001/LevelGroup_P20313_F20313001_G12.json",
      "DimensionFilter": {},
      "Name": "Maze02MPFConnector02",
      "ID": 12
    },
    {
      "GroupGUID": "c51c74d6-1282-4bf6-8ef6-f1de361a9dc1",
      "GroupPath": "Config/LevelOutput/Group/Groups_P20313_F20313001/LevelGroup_P20313_F20313001_G16.json",
      "DimensionFilter": {},
      "Name": "Maze03_IsoCam01",
      "ID": 16
    },
    {
      "GroupGUID": "d1006399-80aa-44ba-bfa6-6283da73693c",
      "GroupPath": "Config/LevelOutput/Group/Groups_P20313_F20313001/LevelGroup_P20313_F20313001_G145.json",
      "DimensionFilter": {},
      "Name": "Case3AirWalls",
      "ID": 145
    },
    {
      "GroupGUID": "a82c8e51-294e-4b74-92ca-4b72fa1fa602",
      "GroupPath": "Config/LevelOutput/Group/Groups_P20313_F20313001/LevelGroup_P20313_F20313001_G19.json",
      "Name": "Maze03_IsoCam01_StaticConnector",
      "ID": 19
    },
    {
      "GroupGUID": "2c868968-8905-4aa3-a03f-dcb45d88cccf",
      "GroupPath": "Config/LevelOutput/Group/Groups_P20313_F20313001/LevelGroup_P20313_F20313001_G17.json",
      "Name": "Maze03_Isocam01_MPFRotate",
      "ID": 17
    },
    {
      "GroupGUID": "cc90ec70-dc26-41fc-b7cb-808b78b5fd5f",
      "GroupPath": "Config/LevelOutput/Group/Groups_P20313_F20313001/LevelGroup_P20313_F20313001_G20.json",
      "Name": "Maze03_Isocam01_MPFRotate_Connector01",
      "ID": 20
    },
    {
      "GroupGUID": "b72c2059-d404-4b50-8ee9-265dadb96d84",
      "GroupPath": "Config/LevelOutput/Group/Groups_P20313_F20313001/LevelGroup_P20313_F20313001_G21.json",
      "DimensionFilter": {},
      "Name": "Maze03_Isocam01_MPFRotate_Connector02",
      "ID": 21
    },
    {
      "GroupGUID": "b40b800b-e624-41a8-add5-60de1f0870b7",
      "GroupPath": "Config/LevelOutput/Group/Groups_P20313_F20313001/LevelGroup_P20313_F20313001_G18.json",
      "Name": "Maze03_Isocam01_MPFDirect",
      "ID": 18
    },
    {
      "GroupGUID": "e5873f4b-1b26-497a-89c3-97476f663824",
      "GroupPath": "Config/LevelOutput/Group/Groups_P20313_F20313001/LevelGroup_P20313_F20313001_G25.json",
      "DimensionFilter": {},
      "Name": "Maze03_IsoCam02end",
      "ID": 25
    },
    {
      "GroupGUID": "90f342d0-5af7-4529-a236-1bb5219857f5",
      "GroupPath": "Config/LevelOutput/Group/Groups_P20313_F20313001/LevelGroup_P20313_F20313001_G146.json",
      "DimensionFilter": {},
      "Name": "Case4AirWalls",
      "ID": 146
    },
    {
      "GroupGUID": "194e8a9f-ef09-4d11-879d-126d82c9f3fa",
      "GroupPath": "Config/LevelOutput/Group/Groups_P20313_F20313001/LevelGroup_P20313_F20313001_G26.json",
      "Name": "Maze03_IsoCam02end_StaticConnector",
      "ID": 26
    },
    {
      "GroupGUID": "ac399ec1-412c-488f-8edc-5fba3e1acaef",
      "GroupPath": "Config/LevelOutput/Group/Groups_P20313_F20313001/LevelGroup_P20313_F20313001_G38.json",
      "DimensionFilter": {},
      "Name": "DLC_IsoCam",
      "ID": 38
    },
    {
      "GroupGUID": "11d78ae2-d766-49b3-8178-f58006d82c7f",
      "GroupPath": "Config/LevelOutput/Group/Groups_P20313_F20313001/LevelGroup_P20313_F20313001_G147.json",
      "DimensionFilter": {},
      "Name": "Case5AirWalls",
      "ID": 147
    },
    {
      "GroupGUID": "c12322e7-75a3-424b-84c9-68855814c29f",
      "GroupPath": "Config/LevelOutput/Group/Groups_P20313_F20313001/LevelGroup_P20313_F20313001_G39.json",
      "DimensionFilter": {},
      "Name": "DLC_MPF01",
      "ID": 39
    },
    {
      "GroupGUID": "48d45f88-e981-4569-a1ea-7fb76317e9cd",
      "GroupPath": "Config/LevelOutput/Group/Groups_P20313_F20313001/LevelGroup_P20313_F20313001_G41.json",
      "Name": "DLC_IsoCam_StaticConnector",
      "ID": 41
    },
    {
      "GroupGUID": "7c31c08f-5b55-4571-89cc-b0dbe5e99c59",
      "GroupPath": "Config/LevelOutput/Group/Groups_P20313_F20313001/LevelGroup_P20313_F20313001_G42.json",
      "Name": "DLC_MPF01_Connector01",
      "ID": 42
    },
    {
      "GroupGUID": "3a6660ac-67e9-4d4d-a059-3ec4aebb0387",
      "GroupPath": "Config/LevelOutput/Group/Groups_P20313_F20313001/LevelGroup_P20313_F20313001_G43.json",
      "Name": "DLC_MPF01_Connector02",
      "ID": 43
    },
    {
      "GroupGUID": "91a0c8c0-3c76-4ba2-9b83-c48ab45cc48e",
      "GroupPath": "Config/LevelOutput/Group/Groups_P20313_F20313001/LevelGroup_P20313_F20313001_G45.json",
      "DimensionFilter": {},
      "Name": "DLC_MPF02",
      "ID": 45
    },
    {
      "GroupGUID": "7bb85ec3-17c2-4a23-810b-5c376e161ac2",
      "GroupPath": "Config/LevelOutput/Group/Groups_P20313_F20313001/LevelGroup_P20313_F20313001_G47.json",
      "Name": "DLC_MPF02_Connector02",
      "ID": 47
    },
    {
      "GroupGUID": "97c906c5-e6bb-47de-a35a-b0839798ff4c",
      "GroupPath": "Config/LevelOutput/Group/Groups_P20313_F20313001/LevelGroup_P20313_F20313001_G107.json",
      "DimensionFilter": {},
      "Name": "Maze03_quickiso",
      "ID": 107
    },
    {
      "GroupGUID": "1ab07878-8298-45b8-ba72-26d773b7d1ea",
      "GroupPath": "Config/LevelOutput/Group/Groups_P20313_F20313001/LevelGroup_P20313_F20313001_G148.json",
      "DimensionFilter": {},
      "Name": "Case6AirWalls",
      "ID": 148
    },
    {
      "GroupGUID": "0838bc77-a4dc-4c45-a8e6-eecf0c5fbbcc",
      "GroupPath": "Config/LevelOutput/Group/Groups_P20313_F20313001/LevelGroup_P20313_F20313001_G108.json",
      "Name": "Maze03_quickiso_connector",
      "ID": 108
    },
    {
      "GroupGUID": "93c02c1b-6c59-4da6-b9e3-acc2b6f8a0a0",
      "GroupPath": "Config/LevelOutput/Group/Groups_P20313_F20313001/LevelGroup_P20313_F20313001_G72.json",
      "Name": "---------------------------",
      "ID": 72
    },
    {
      "GroupGUID": "d07889f7-627c-44e1-bfd5-446f328c88b0",
      "GroupPath": "Config/LevelOutput/Group/Groups_P20313_F20313001/LevelGroup_P20313_F20313001_G76.json",
      "Name": "MainMission1030402_01",
      "ID": 76
    },
    {
      "GroupGUID": "94434582-a954-435d-bdad-905c82cd1211",
      "GroupPath": "Config/LevelOutput/Group/Groups_P20313_F20313001/LevelGroup_P20313_F20313001_G77.json",
      "Name": "MainMission1030402_02",
      "ID": 77
    },
    {
      "GroupGUID": "52076634-6ba1-4693-84c8-cadea122a9aa",
      "GroupPath": "Config/LevelOutput/Group/Groups_P20313_F20313001/LevelGroup_P20313_F20313001_G78.json",
      "Name": "MainMission1030402_03",
      "ID": 78
    },
    {
      "GroupGUID": "22eb40b5-2bdd-49d1-adc1-8cad43b1332b",
      "GroupPath": "Config/LevelOutput/Group/Groups_P20313_F20313001/LevelGroup_P20313_F20313001_G79.json",
      "DimensionFilter": {},
      "Name": "MainMission1030402_04",
      "ID": 79
    },
    {
      "GroupGUID": "cec26014-92f0-4540-b8b7-092ae1160cb7",
      "GroupPath": "Config/LevelOutput/Group/Groups_P20313_F20313001/LevelGroup_P20313_F20313001_G80.json",
      "Name": "MainMission1030402_05",
      "ID": 80
    },
    {
      "GroupGUID": "4481a4fd-a4a0-4989-8bc5-8b41b80e3cdc",
      "GroupPath": "Config/LevelOutput/Group/Groups_P20313_F20313001/LevelGroup_P20313_F20313001_G81.json",
      "DimensionFilter": {},
      "Name": "MainMission1030402_07",
      "ID": 81
    },
    {
      "GroupGUID": "702e937a-8968-4c84-9bd3-89cc561a8040",
      "GroupPath": "Config/LevelOutput/Group/Groups_P20313_F20313001/LevelGroup_P20313_F20313001_G82.json",
      "DimensionFilter": {},
      "Name": "MainMission1030402_08",
      "ID": 82
    },
    {
      "GroupGUID": "d4542ab6-9b9d-46a5-bc3f-7dd5238dbed8",
      "GroupPath": "Config/LevelOutput/Group/Groups_P20313_F20313001/LevelGroup_P20313_F20313001_G83.json",
      "Name": "MainMission1030402_10",
      "ID": 83
    },
    {
      "GroupGUID": "884acf86-cede-4296-be17-19611632bfb4",
      "GroupPath": "Config/LevelOutput/Group/Groups_P20313_F20313001/LevelGroup_P20313_F20313001_G84.json",
      "Name": "MainMission1030402_11",
      "ID": 84
    },
    {
      "GroupGUID": "34d0a646-6dd4-4e09-90c7-07f11e66a029",
      "GroupPath": "Config/LevelOutput/Group/Groups_P20313_F20313001/LevelGroup_P20313_F20313001_G85.json",
      "Name": "MainMission1030402_12",
      "ID": 85
    },
    {
      "GroupGUID": "f6ef145f-9d4e-4fbc-8bb9-7af08291567d",
      "GroupPath": "Config/LevelOutput/Group/Groups_P20313_F20313001/LevelGroup_P20313_F20313001_G86.json",
      "Name": "MainMission1030402_13",
      "ID": 86
    },
    {
      "GroupGUID": "7e52b99d-2b68-45bd-a74a-93077f3b631a",
      "GroupPath": "Config/LevelOutput/Group/Groups_P20313_F20313001/LevelGroup_P20313_F20313001_G87.json",
      "Name": "MainMission1030402_14",
      "ID": 87
    },
    {
      "GroupGUID": "765946e8-adf3-4770-963c-81f5b3b6069e",
      "GroupPath": "Config/LevelOutput/Group/Groups_P20313_F20313001/LevelGroup_P20313_F20313001_G88.json",
      "Name": "MainMission1030402_15",
      "ID": 88
    },
    {
      "GroupGUID": "b90ea430-0429-4427-819d-2f85f95dd561",
      "GroupPath": "Config/LevelOutput/Group/Groups_P20313_F20313001/LevelGroup_P20313_F20313001_G89.json",
      "Name": "MainMission1030402_16",
      "ID": 89
    },
    {
      "GroupGUID": "c5383751-79a0-46a8-b04e-93642f6ac112",
      "GroupPath": "Config/LevelOutput/Group/Groups_P20313_F20313001/LevelGroup_P20313_F20313001_G90.json",
      "Name": "MainMission1030402_17",
      "ID": 90
    },
    {
      "GroupGUID": "cd0ad056-51c6-43c3-9fb7-225418a6b741",
      "GroupPath": "Config/LevelOutput/Group/Groups_P20313_F20313001/LevelGroup_P20313_F20313001_G91.json",
      "Name": "MainMission1030402_18",
      "ID": 91
    },
    {
      "GroupGUID": "fada9b30-9f8c-4695-956d-a36eb9474f8f",
      "GroupPath": "Config/LevelOutput/Group/Groups_P20313_F20313001/LevelGroup_P20313_F20313001_G92.json",
      "Name": "MainMission1030402_19",
      "ID": 92
    },
    {
      "GroupGUID": "8d6184bb-2851-4213-baef-ba1e4a3fe5dc",
      "GroupPath": "Config/LevelOutput/Group/Groups_P20313_F20313001/LevelGroup_P20313_F20313001_G93.json",
      "Name": "MainMission1030402_20",
      "ID": 93
    },
    {
      "GroupGUID": "0471b525-8c4e-401f-8f9a-cc68ccbc8bad",
      "GroupPath": "Config/LevelOutput/Group/Groups_P20313_F20313001/LevelGroup_P20313_F20313001_G94.json",
      "DimensionFilter": {},
      "Name": "MainMission1030402_21",
      "ID": 94
    },
    {
      "GroupGUID": "9be4a0f3-3c34-42c9-b4f6-a611b62a0a34",
      "GroupPath": "Config/LevelOutput/Group/Groups_P20313_F20313001/LevelGroup_P20313_F20313001_G95.json",
      "Name": "MainMission1030402_29",
      "ID": 95
    },
    {
      "GroupGUID": "966b6a7f-cd38-4669-83f6-d0800de9e8dc",
      "GroupPath": "Config/LevelOutput/Group/Groups_P20313_F20313001/LevelGroup_P20313_F20313001_G97.json",
      "Name": "MainMission1030402_23",
      "ID": 97
    },
    {
      "GroupGUID": "06c11e6e-3281-4d80-a788-ef24069109d4",
      "GroupPath": "Config/LevelOutput/Group/Groups_P20313_F20313001/LevelGroup_P20313_F20313001_G98.json",
      "Name": "MainMission1030402_24",
      "ID": 98
    },
    {
      "GroupGUID": "af3892ef-dbcc-4bfd-ab1f-8a92979b572b",
      "GroupPath": "Config/LevelOutput/Group/Groups_P20313_F20313001/LevelGroup_P20313_F20313001_G99.json",
      "Name": "MainMission1030402_26",
      "ID": 99
    },
    {
      "GroupGUID": "8ff3c9e8-5f2f-45ae-9764-babba3b14d1d",
      "GroupPath": "Config/LevelOutput/Group/Groups_P20313_F20313001/LevelGroup_P20313_F20313001_G100.json",
      "Name": "MainMission1030402_27",
      "ID": 100
    },
    {
      "GroupGUID": "ace2f571-703b-4d43-a6e8-e7ba6350898f",
      "GroupPath": "Config/LevelOutput/Group/Groups_P20313_F20313001/LevelGroup_P20313_F20313001_G101.json",
      "Name": "MainMission1030402_28",
      "ID": 101
    },
    {
      "GroupGUID": "aca67a18-af63-4aec-a29c-bccc91ec7dff",
      "GroupPath": "Config/LevelOutput/Group/Groups_P20313_F20313001/LevelGroup_P20313_F20313001_G102.json",
      "Name": "MainMission1030402_20",
      "ID": 102
    },
    {
      "GroupGUID": "f786e487-f230-4f7e-b1fb-ce144823bbfe",
      "GroupPath": "Config/LevelOutput/Group/Groups_P20313_F20313001/LevelGroup_P20313_F20313001_G250.json",
      "DimensionFilter": {},
      "Name": "MainMission1030402_30",
      "ID": 250
    },
    {
      "GroupGUID": "9c9d861b-217d-4bb2-814c-dbab2d6878a7",
      "GroupPath": "Config/LevelOutput/Group/Groups_P20313_F20313001/LevelGroup_P20313_F20313001_G251.json",
      "DimensionFilter": {},
      "Name": "MainMission1030402_31",
      "ID": 251
    },
    {
      "GroupGUID": "4c28e9f2-3f5f-4422-9abb-91a1b72f746e",
      "GroupPath": "Config/LevelOutput/Group/Groups_P20313_F20313001/LevelGroup_P20313_F20313001_G114.json",
      "DimensionFilter": {},
      "Name": "QuickTeleport",
      "ID": 114
    },
    {
      "GroupGUID": "9636e5e5-312f-43e5-88f9-e1abfb633f87",
      "GroupPath": "Config/LevelOutput/Group/Groups_P20313_F20313001/LevelGroup_P20313_F20313001_G116.json",
      "DimensionFilter": {},
      "Name": "QuickTeleport",
      "ID": 116
    },
    {
      "GroupGUID": "cc50f01a-2e68-4e8d-b584-7844b8bb08d8",
      "GroupPath": "Config/LevelOutput/Group/Groups_P20313_F20313001/LevelGroup_P20313_F20313001_G117.json",
      "Name": "DoorControl",
      "ID": 117
    },
    {
      "GroupGUID": "5cbc069e-e552-4818-961f-eef9341d7d2f",
      "GroupPath": "Config/LevelOutput/Group/Groups_P20313_F20313001/LevelGroup_P20313_F20313001_G118.json",
      "Name": "MainMission1030402_06",
      "ID": 118
    },
    {
      "GroupGUID": "64c59098-3ba9-4044-b7f2-83159e5e9133",
      "GroupPath": "Config/LevelOutput/Group/Groups_P20313_F20313001/LevelGroup_P20313_F20313001_G126.json",
      "DimensionFilter": {},
      "Name": "MainMission1030402_28",
      "ID": 126
    },
    {
      "GroupGUID": "710f4f16-9a5a-4f66-9139-b2b5ec4c50a2",
      "GroupPath": "Config/LevelOutput/Group/Groups_P20313_F20313001/LevelGroup_P20313_F20313001_G130.json",
      "DimensionFilter": {},
      "Name": "MainMission2030301_NPC",
      "ID": 130
    },
    {
      "GroupGUID": "a241f5db-79ab-481a-8dc2-240009f05d9b",
      "GroupPath": "Config/LevelOutput/Group/Groups_P20313_F20313001/LevelGroup_P20313_F20313001_G206.json",
      "DimensionFilter": {},
      "Name": "MainMission203030101_chadeweike",
      "ID": 206
    },
    {
      "GroupGUID": "a9ecf25f-adb0-4e41-9c56-0abdd6796c73",
      "GroupPath": "Config/LevelOutput/Group/Groups_P20313_F20313001/LevelGroup_P20313_F20313001_G207.json",
      "DimensionFilter": {},
      "Name": "MainMission203030101_New Group",
      "ID": 207
    },
    {
      "GroupGUID": "37cf6d0f-5b30-40df-b9d2-6314e6131b2c",
      "GroupPath": "Config/LevelOutput/Group/Groups_P20313_F20313001/LevelGroup_P20313_F20313001_G208.json",
      "DimensionFilter": {},
      "Name": "MainMission203030101_New Group",
      "ID": 208
    },
    {
      "GroupGUID": "1abc6dce-45a6-43db-bdb5-77aa30e2461b",
      "GroupPath": "Config/LevelOutput/Group/Groups_P20313_F20313001/LevelGroup_P20313_F20313001_G209.json",
      "DimensionFilter": {},
      "Name": "MainMission203030101_New Group",
      "ID": 209
    },
    {
      "GroupGUID": "bec1ad2f-60dc-4b59-b44c-ef70fa1a14e1",
      "GroupPath": "Config/LevelOutput/Group/Groups_P20313_F20313001/LevelGroup_P20313_F20313001_G210.json",
      "DimensionFilter": {},
      "Name": "MainMission2030301_New Group",
      "ID": 210
    },
    {
      "GroupGUID": "f4f459bb-87cf-4d05-91bf-2edd0fbb31d9",
      "GroupPath": "Config/LevelOutput/Group/Groups_P20313_F20313001/LevelGroup_P20313_F20313001_G217.json",
      "DimensionFilter": {},
      "Name": "MainMission2030301_New Group",
      "ID": 217
    },
    {
      "GroupGUID": "4855ccea-f01c-4c20-8311-f312266f71f8",
      "GroupPath": "Config/LevelOutput/Group/Groups_P20313_F20313001/LevelGroup_P20313_F20313001_G131.json",
      "DimensionFilter": {},
      "Name": "NPC",
      "ID": 131
    },
    {
      "GroupGUID": "a4304761-5354-47ee-aba8-76d6b6abb0f6",
      "GroupPath": "Config/LevelOutput/Group/Groups_P20313_F20313001/LevelGroup_P20313_F20313001_G132.json",
      "DimensionFilter": {},
      "Name": "NPC",
      "ID": 132
    },
    {
      "GroupGUID": "101004a4-d096-4fd8-ab26-4b49b686a6f2",
      "GroupPath": "Config/LevelOutput/Group/Groups_P20313_F20313001/LevelGroup_P20313_F20313001_G133.json",
      "DimensionFilter": {},
      "Name": "NPC",
      "ID": 133
    },
    {
      "GroupGUID": "0177451c-21d3-433f-8770-f53a667efdb6",
      "GroupPath": "Config/LevelOutput/Group/Groups_P20313_F20313001/LevelGroup_P20313_F20313001_G134.json",
      "DimensionFilter": {},
      "Name": "NPC",
      "ID": 134
    },
    {
      "GroupGUID": "5bb83a3e-7beb-4829-adee-12fe0f624d39",
      "GroupPath": "Config/LevelOutput/Group/Groups_P20313_F20313001/LevelGroup_P20313_F20313001_G135.json",
      "DimensionFilter": {},
      "Name": "NPC",
      "ID": 135
    },
    {
      "GroupGUID": "f8062301-81d2-41a8-93a5-17cff074a2a3",
      "GroupPath": "Config/LevelOutput/Group/Groups_P20313_F20313001/LevelGroup_P20313_F20313001_G136.json",
      "DimensionFilter": {},
      "Name": "NPC",
      "ID": 136
    },
    {
      "GroupGUID": "4970e434-ea99-4a73-bc34-542c01765b59",
      "GroupPath": "Config/LevelOutput/Group/Groups_P20313_F20313001/LevelGroup_P20313_F20313001_G137.json",
      "DimensionFilter": {},
      "Name": "NPC",
      "ID": 137
    },
    {
      "GroupGUID": "1440197d-3c6d-42ac-adf3-aeafda63182d",
      "GroupPath": "Config/LevelOutput/Group/Groups_P20313_F20313001/LevelGroup_P20313_F20313001_G138.json",
      "DimensionFilter": {},
      "Name": "NPC",
      "ID": 138
    },
    {
      "GroupGUID": "aa01c2fe-a7cf-45da-b163-6ad63521d232",
      "GroupPath": "Config/LevelOutput/Group/Groups_P20313_F20313001/LevelGroup_P20313_F20313001_G139.json",
      "DimensionFilter": {},
      "Name": "New Group",
      "ID": 139
    },
    {
      "GroupGUID": "31232347-7778-42f7-bdbb-d7149731077d",
      "GroupPath": "Config/LevelOutput/Group/Groups_P20313_F20313001/LevelGroup_P20313_F20313001_G140.json",
      "DimensionFilter": {},
      "Name": "Crowd",
      "ID": 140
    },
    {
      "GroupGUID": "abe0b604-f51d-41b9-8d92-80175c02840b",
      "GroupPath": "Config/LevelOutput/Group/Groups_P20313_F20313001/LevelGroup_P20313_F20313001_G171.json",
      "DimensionFilter": {},
      "Name": "MainMission1030402_JigsawPuzzle_P103_MainLine_01_RotateSwitch",
      "ID": 171
    },
    {
      "GroupGUID": "93c13745-90fd-43ee-ab1e-e29c20c35062",
      "GroupPath": "Config/LevelOutput/Group/Groups_P20313_F20313001/LevelGroup_P20313_F20313001_G173.json",
      "DimensionFilter": {},
      "Name": "MainMission1030402_JigsawPuzzle_P103_MainLine_02_IsometricSwitch",
      "ID": 173
    },
    {
      "GroupGUID": "46ef97ba-9a96-4e85-9ad9-e130e94a176a",
      "GroupPath": "Config/LevelOutput/Group/Groups_P20313_F20313001/LevelGroup_P20313_F20313001_G185.json",
      "DimensionFilter": {},
      "Name": "OrigamiBirdColony",
      "ID": 185
    },
    {
      "GroupGUID": "b8e1b77a-c6f9-4f32-9ed2-b567348a5afe",
      "GroupPath": "Config/LevelOutput/Group/Groups_P20313_F20313001/LevelGroup_P20313_F20313001_G149.json",
      "DimensionFilter": {},
      "Name": "Tpl_OrigamiBird_Normal",
      "ID": 149
    },
    {
      "GroupGUID": "af381016-4147-43e4-87b0-bd9a70c155bb",
      "GroupPath": "Config/LevelOutput/Group/Groups_P20313_F20313001/LevelGroup_P20313_F20313001_G151.json",
      "DimensionFilter": {},
      "Name": "Tpl_OrigamiBird_Normal",
      "ID": 151
    },
    {
      "GroupGUID": "92a39188-dc83-46f1-bec0-eba871719c90",
      "GroupPath": "Config/LevelOutput/Group/Groups_P20313_F20313001/LevelGroup_P20313_F20313001_G150.json",
      "DimensionFilter": {},
      "Name": "OrigamiBird_Normal",
      "ID": 150
    },
    {
      "GroupGUID": "824687f1-d9e9-4870-a97c-3f2874afe4f7",
      "GroupPath": "Config/LevelOutput/Group/Groups_P20313_F20313001/LevelGroup_P20313_F20313001_G152.json",
      "DimensionFilter": {},
      "Name": "Tpl_OrigamiBird_Normal",
      "ID": 152
    },
    {
      "GroupGUID": "de061109-c09f-49e6-9c70-de38ea9f7c49",
      "GroupPath": "Config/LevelOutput/Group/Groups_P20313_F20313001/LevelGroup_P20313_F20313001_G153.json",
      "DimensionFilter": {},
      "Name": "OrigamiBird_Chasing",
      "ID": 153
    },
    {
      "GroupGUID": "4504d11f-630b-4e76-af65-135d48cd95fd",
      "GroupPath": "Config/LevelOutput/Group/Groups_P20313_F20313001/LevelGroup_P20313_F20313001_G154.json",
      "DimensionFilter": {},
      "Name": "Tpl_OrigamiBird_Normal",
      "ID": 154
    },
    {
      "GroupGUID": "d914ba7d-97b8-4efe-be73-24f747c9eb29",
      "GroupPath": "Config/LevelOutput/Group/Groups_P20313_F20313001/LevelGroup_P20313_F20313001_G155.json",
      "DimensionFilter": {},
      "Name": "Tpl_OrigamiBird_Normal",
      "ID": 155
    },
    {
      "GroupGUID": "cf09fc0e-3442-44fe-a3b9-49856540c5c8",
      "GroupPath": "Config/LevelOutput/Group/Groups_P20313_F20313001/LevelGroup_P20313_F20313001_G156.json",
      "DimensionFilter": {},
      "Name": "Tpl_OrigamiBird_Normal",
      "ID": 156
    },
    {
      "GroupGUID": "c366908b-1757-415c-af23-0d1e986d9459",
      "GroupPath": "Config/LevelOutput/Group/Groups_P20313_F20313001/LevelGroup_P20313_F20313001_G157.json",
      "DimensionFilter": {},
      "Name": "Tpl_OrigamiBird_Normal",
      "ID": 157
    },
    {
      "GroupGUID": "b4bf4373-8700-4559-9d4d-04dedb2ecdbc",
      "GroupPath": "Config/LevelOutput/Group/Groups_P20313_F20313001/LevelGroup_P20313_F20313001_G158.json",
      "DimensionFilter": {},
      "Name": "Tpl_OrigamiBird_Normal",
      "ID": 158
    },
    {
      "GroupGUID": "788ccb16-a5a2-4970-9c6e-4eb8a394c894",
      "GroupPath": "Config/LevelOutput/Group/Groups_P20313_F20313001/LevelGroup_P20313_F20313001_G159.json",
      "DimensionFilter": {},
      "Name": "MainMission1031201_0",
      "ID": 159
    },
    {
      "GroupGUID": "1b9395e2-1cd7-44dc-a3bf-b5463e02927e",
      "GroupPath": "Config/LevelOutput/Group/Groups_P20313_F20313001/LevelGroup_P20313_F20313001_G160.json",
      "DimensionFilter": {},
      "Name": "ShrinkGameplay01_Manager",
      "ID": 160
    },
    {
      "GroupGUID": "043aabe5-668b-4802-9d3a-d27e631cb4c5",
      "GroupPath": "Config/LevelOutput/Group/Groups_P20313_F20313001/LevelGroup_P20313_F20313001_G161.json",
      "DimensionFilter": {},
      "Name": "ShrinkGameplay_01",
      "ID": 161
    },
    {
      "GroupGUID": "5e6cdbd5-ac9f-4921-9a31-1b3ee9ba8afa",
      "GroupPath": "Config/LevelOutput/Group/Groups_P20313_F20313001/LevelGroup_P20313_F20313001_G180.json",
      "DimensionFilter": {},
      "Name": "JigsawPuzzle_P103_Normal_03_BridgeAndTreasure",
      "ID": 180
    },
    {
      "GroupGUID": "765e2f72-d49f-4443-9dc5-21e2aaf9337f",
      "GroupPath": "Config/LevelOutput/Group/Groups_P20313_F20313001/LevelGroup_P20313_F20313001_G187.json",
      "DimensionFilter": {},
      "Name": "Pinball_Maze01",
      "ID": 187
    },
    {
      "GroupGUID": "8be03899-9df9-41fd-a45c-590be926e8b5",
      "GroupPath": "Config/LevelOutput/Group/Groups_P20313_F20313001/LevelGroup_P20313_F20313001_G188.json",
      "DimensionFilter": {},
      "Name": "Pinball_Maze02",
      "ID": 188
    },
    {
      "GroupGUID": "32cfab3d-86ec-46ad-ad94-2361d36fe4d4",
      "GroupPath": "Config/LevelOutput/Group/Groups_P20313_F20313001/LevelGroup_P20313_F20313001_G189.json",
      "DimensionFilter": {},
      "Name": "MainMission4040311_Dog",
      "ID": 189
    },
    {
      "GroupGUID": "9297c8b7-fdb7-4978-b2c3-2d2826261d61",
      "GroupPath": "Config/LevelOutput/Group/Groups_P20313_F20313001/LevelGroup_P20313_F20313001_G190.json",
      "DimensionFilter": {},
      "Name": "WolfMonster",
      "ID": 190
    },
    {
      "GroupGUID": "d8c197b1-d314-4d01-877c-b5f39fbec0aa",
      "GroupPath": "Config/LevelOutput/Group/Groups_P20313_F20313001/LevelGroup_P20313_F20313001_G191.json",
      "DimensionFilter": {},
      "Name": "MainMission4240306_missing",
      "ID": 191
    },
    {
      "GroupGUID": "61b283fb-098d-4e2b-91c2-67f943fcc98f",
      "GroupPath": "Config/LevelOutput/Group/Groups_P20313_F20313001/LevelGroup_P20313_F20313001_G192.json",
      "DimensionFilter": {},
      "Name": "MainMission4240306_full",
      "ID": 192
    },
    {
      "GroupGUID": "cb945414-aaa0-4d8c-bbf2-1d85d2288a61",
      "GroupPath": "Config/LevelOutput/Group/Groups_P20313_F20313001/LevelGroup_P20313_F20313001_G193.json",
      "DimensionFilter": {},
      "Name": "BGM",
      "ID": 193
    },
    {
      "GroupGUID": "4a0c5e5d-3777-4b8c-9fc3-e20e454156b4",
      "GroupPath": "Config/LevelOutput/Group/Groups_P20313_F20313001/LevelGroup_P20313_F20313001_G194.json",
      "DimensionFilter": {},
      "Name": "SpecialDistructable",
      "ID": 194
    },
    {
      "GroupGUID": "4d98bb9f-9bea-45a8-aa0e-bb2838527f63",
      "GroupPath": "Config/LevelOutput/Group/Groups_P20313_F20313001/LevelGroup_P20313_F20313001_G195.json",
      "DimensionFilter": {},
      "Name": "MainMission4240306_stay",
      "ID": 195
    },
    {
      "GroupGUID": "023cce2a-75bf-4ee3-ada6-8a5ac27bac57",
      "GroupPath": "Config/LevelOutput/Group/Groups_P20313_F20313001/LevelGroup_P20313_F20313001_G196.json",
      "DimensionFilter": {},
      "Name": "MainMission4240306_complete",
      "ID": 196
    },
    {
      "GroupGUID": "1df5bf92-cf29-49f4-bbf1-680481357e43",
      "GroupPath": "Config/LevelOutput/Group/Groups_P20313_F20313001/LevelGroup_P20313_F20313001_G197.json",
      "DimensionFilter": {},
      "Name": "Sound",
      "ID": 197
    },
    {
      "GroupGUID": "ffbd2ac6-0ee3-4986-bae7-cefde7f1c4ff",
      "GroupPath": "Config/LevelOutput/Group/Groups_P20313_F20313001/LevelGroup_P20313_F20313001_G198.json",
      "DimensionFilter": {},
      "Name": "MainMission4340103_03",
      "ID": 198
    },
    {
      "GroupGUID": "eadd12dd-44f3-4c92-baef-e4aa81bd8a1d",
      "GroupPath": "Config/LevelOutput/Group/Groups_P20313_F20313001/LevelGroup_P20313_F20313001_G201.json",
      "DimensionFilter": {},
      "Name": "MainMission4240314_01",
      "ID": 201
    },
    {
      "GroupGUID": "3d717569-c1b5-4769-9535-e60a1f5e1728",
      "GroupPath": "Config/LevelOutput/Group/Groups_P20313_F20313001/LevelGroup_P20313_F20313001_G202.json",
      "DimensionFilter": {},
      "Name": "SafeRoom",
      "ID": 202
    },
    {
      "GroupGUID": "b6d3bca3-a523-466e-9f26-96d89bbbca6a",
      "GroupPath": "Config/LevelOutput/Group/Groups_P20313_F20313001/LevelGroup_P20313_F20313001_G203.json",
      "DimensionFilter": {},
      "Name": "MainMission2030101_01",
      "ID": 203,
      "IsDelete": true
    },
    {
      "GroupGUID": "b9c06ec6-644e-4f38-90a9-4069a418d2f3",
      "GroupPath": "Config/LevelOutput/Group/Groups_P20313_F20313001/LevelGroup_P20313_F20313001_G204.json",
      "DimensionFilter": {},
      "Name": "MainMission2030101_02",
      "ID": 204
    },
    {
      "GroupGUID": "af5a19f4-4703-45cf-a483-78c742b644ed",
      "GroupPath": "Config/LevelOutput/Group/Groups_P20313_F20313001/LevelGroup_P20313_F20313001_G211.json",
      "DimensionFilter": {},
      "Name": "MainMission4240307_NPC",
      "ID": 211
    },
    {
      "GroupGUID": "eff7438d-bdc2-4645-a57b-51f5bf948963",
      "GroupPath": "Config/LevelOutput/Group/Groups_P20313_F20313001/LevelGroup_P20313_F20313001_G212.json",
      "DimensionFilter": {},
      "Name": "MainMission4240307_NPC",
      "ID": 212
    },
    {
      "GroupGUID": "e92b9ea3-e4f2-4f94-bc3c-36d7659591d5",
      "GroupPath": "Config/LevelOutput/Group/Groups_P20313_F20313001/LevelGroup_P20313_F20313001_G213.json",
      "DimensionFilter": {},
      "Name": "MainMission4240307_NPC",
      "ID": 213
    },
    {
      "GroupGUID": "a64a77ad-a666-477b-84c1-6a71c060a042",
      "GroupPath": "Config/LevelOutput/Group/Groups_P20313_F20313001/LevelGroup_P20313_F20313001_G214.json",
      "DimensionFilter": {},
      "Name": "MainMission4240307_NPC",
      "ID": 214
    },
    {
      "GroupGUID": "1d751f37-8fb9-445d-bfcd-73885d493874",
      "GroupPath": "Config/LevelOutput/Group/Groups_P20313_F20313001/LevelGroup_P20313_F20313001_G215.json",
      "DimensionFilter": {},
      "Name": "MainMission4340105_02",
      "ID": 215
    },
    {
      "GroupGUID": "baa82b91-d32b-4993-b8c7-5b5fd4ff2724",
      "GroupPath": "Config/LevelOutput/Group/Groups_P20313_F20313001/LevelGroup_P20313_F20313001_G216.json",
      "DimensionFilter": {},
      "Name": "MainMission4240307_Crowd",
      "ID": 216
    },
    {
      "GroupGUID": "aad90c10-d6c5-497f-9a00-58e0742e018f",
      "GroupPath": "Config/LevelOutput/Group/Groups_P20313_F20313001/LevelGroup_P20313_F20313001_G218.json",
      "DimensionFilter": {},
      "Name": "MainMission4240316_NPC",
      "ID": 218
    },
    {
      "GroupGUID": "98f22483-f3b6-4615-9f9a-e1a8bbeb6599",
      "GroupPath": "Config/LevelOutput/Group/Groups_P20313_F20313001/LevelGroup_P20313_F20313001_G219.json",
      "DimensionFilter": {},
      "Name": "MainMission4240316_NPC",
      "ID": 219
    },
    {
      "GroupGUID": "52b037b1-6986-4bf0-acb1-22b758681169",
      "GroupPath": "Config/LevelOutput/Group/Groups_P20313_F20313001/LevelGroup_P20313_F20313001_G220.json",
      "DimensionFilter": {},
      "Name": "MainMission8020304_ActivityTelevision ",
      "ID": 220
    },
    {
      "GroupGUID": "d9afc549-1f69-4be2-bfa3-351fddf8ab0b",
      "GroupPath": "Config/LevelOutput/Group/Groups_P20313_F20313001/LevelGroup_P20313_F20313001_G221.json",
      "DimensionFilter": {},
      "Name": "MainMission4240316_NPC",
      "ID": 221
    },
    {
      "GroupGUID": "7c5e122b-eb4b-4bc3-82d3-ba1065e6db8c",
      "GroupPath": "Config/LevelOutput/Group/Groups_P20313_F20313001/LevelGroup_P20313_F20313001_G222.json",
      "DimensionFilter": {},
      "Name": "MainMission4340106_07",
      "ID": 222
    },
    {
      "GroupGUID": "b8f509e1-c96f-49a8-8596-e886bc582a7e",
      "GroupPath": "Config/LevelOutput/Group/Groups_P20313_F20313001/LevelGroup_P20313_F20313001_G223.json",
      "DimensionFilter": {},
      "Name": "MainMission4340106_08",
      "ID": 223
    },
    {
      "GroupGUID": "5c4dee73-b168-48fb-9c0a-5b04a63391be",
      "GroupPath": "Config/LevelOutput/Group/Groups_P20313_F20313001/LevelGroup_P20313_F20313001_G224.json",
      "Name": "MainMission2030302_New Group",
      "ID": 224
    },
    {
      "GroupGUID": "eeda804f-f706-42e1-9c37-1e2f01324bc9",
      "GroupPath": "Config/LevelOutput/Group/Groups_P20313_F20313001/LevelGroup_P20313_F20313001_G225.json",
      "DimensionFilter": {},
      "Name": "MainMission8020304_Mission",
      "ID": 225
    },
    {
      "GroupGUID": "4e6bef52-8e63-4211-9706-e048d3fb97b9",
      "GroupPath": "Config/LevelOutput/Group/Groups_P20313_F20313001/LevelGroup_P20313_F20313001_G227.json",
      "DimensionFilter": {},
      "Name": "JigsawPuzzle_P103_Normal_01_TreasureBox",
      "ID": 227
    },
    {
      "GroupGUID": "0402ce2d-f802-4775-8ea9-da34226322dc",
      "GroupPath": "Config/LevelOutput/Group/Groups_P20313_F20313001/LevelGroup_P20313_F20313001_G228.json",
      "DimensionFilter": {},
      "Name": "JigsawPuzzle_P103_Normal_02_TreasureBox",
      "ID": 228
    },
    {
      "GroupGUID": "db4c76a2-4fbb-451b-9011-f68d4641c209",
      "GroupPath": "Config/LevelOutput/Group/Groups_P20313_F20313001/LevelGroup_P20313_F20313001_G229.json",
      "DimensionFilter": {
        "FilterType": "All"
      },
      "Name": "Tpl_MainMission4340150_01",
      "ID": 229
    },
    {
      "GroupGUID": "9ccd0915-c429-4925-9764-3e18e5ba4b2f",
      "GroupPath": "Config/LevelOutput/Group/Groups_P20313_F20313001/LevelGroup_P20313_F20313001_G230.json",
      "Name": "Music",
      "ID": 230
    },
    {
      "GroupGUID": "0f744ab4-6ec8-407b-bc38-f8999b30ce52",
      "GroupPath": "Config/LevelOutput/Group/Groups_P20313_F20313001/LevelGroup_P20313_F20313001_G231.json",
      "DimensionFilter": {},
      "Name": "Find",
      "ID": 231
    },
    {
      "GroupGUID": "939ff0ff-ea94-465c-aeee-81285304bb2f",
      "GroupPath": "Config/LevelOutput/Group/Groups_P20313_F20313001/LevelGroup_P20313_F20313001_G232.json",
      "DimensionFilter": {},
      "Name": "LiuYing",
      "ID": 232
    },
    {
      "GroupGUID": "d3653014-2416-4176-9cea-61603fbbf10e",
      "GroupPath": "Config/LevelOutput/Group/Groups_P20313_F20313001/LevelGroup_P20313_F20313001_G233.json",
      "DimensionFilter": {},
      "Name": "MainMission4240401_LightPoint",
      "ID": 233
    },
    {
      "GroupGUID": "052677d7-1b53-4127-8c0a-8da6c0eba3ce",
      "GroupPath": "Config/LevelOutput/Group/Groups_P20313_F20313001/LevelGroup_P20313_F20313001_G234.json",
      "DimensionFilter": {},
      "Name": "Sound-Reverb",
      "ID": 234
    },
    {
      "GroupGUID": "c56db644-12b9-425a-bac6-a43ec0df814b",
      "GroupPath": "Config/LevelOutput/Group/Groups_P20313_F20313001/LevelGroup_P20313_F20313001_G238.json",
      "DimensionFilter": {},
      "Name": "New Group",
      "ID": 238
    },
    {
      "GroupGUID": "de3fc21d-4fb2-408b-85be-a8f194dc7dbc",
      "GroupPath": "Config/LevelOutput/Group/Groups_P20313_F20313001/LevelGroup_P20313_F20313001_G239.json",
      "DimensionFilter": {},
      "Name": "New Group",
      "ID": 239
    },
    {
      "GroupGUID": "7e6b4071-110d-4c13-ad31-94e47e3e89d4",
      "GroupPath": "Config/LevelOutput/Group/Groups_P20313_F20313001/LevelGroup_P20313_F20313001_G240.json",
      "DimensionFilter": {},
      "Name": "New Group",
      "ID": 240
    },
    {
      "GroupGUID": "856c38a8-cc4e-4ff8-9eae-bbc3c321948b",
      "GroupPath": "Config/LevelOutput/Group/Groups_P20313_F20313001/LevelGroup_P20313_F20313001_G241.json",
      "DimensionFilter": {},
      "Name": "New Group",
      "ID": 241
    },
    {
      "GroupGUID": "6f4c85ec-ba1d-40d3-9a18-6b208e4cda85",
      "GroupPath": "Config/LevelOutput/Group/Groups_P20313_F20313001/LevelGroup_P20313_F20313001_G242.json",
      "DimensionFilter": {},
      "Name": "New Group",
      "ID": 242
    },
    {
      "GroupGUID": "0acdcdfa-0bcd-4f47-9fcf-fe7f1d33fd97",
      "GroupPath": "Config/LevelOutput/Group/Groups_P20313_F20313001/LevelGroup_P20313_F20313001_G243.json",
      "DimensionFilter": {},
      "Name": "New Group",
      "ID": 243
    },
    {
      "GroupGUID": "0211f43a-1453-498d-a556-e2d613924dc9",
      "GroupPath": "Config/LevelOutput/Group/Groups_P20313_F20313001/LevelGroup_P20313_F20313001_G244.json",
      "DimensionFilter": {},
      "Name": "New Group",
      "ID": 244
    },
    {
      "GroupGUID": "6ab329b2-f7fa-43ae-be63-1292a3cd2cb5",
      "GroupPath": "Config/LevelOutput/Group/Groups_P20313_F20313001/LevelGroup_P20313_F20313001_G245.json",
      "DimensionFilter": {},
      "Name": "New Group",
      "ID": 245
    },
    {
      "GroupGUID": "90412567-b2b0-4a22-afec-ce56e9e03553",
      "GroupPath": "Config/LevelOutput/Group/Groups_P20313_F20313001/LevelGroup_P20313_F20313001_G246.json",
      "DimensionFilter": {},
      "Name": "New Group",
      "ID": 246
    },
    {
      "GroupGUID": "741afb77-560d-4600-b30a-d329ae15c2bb",
      "GroupPath": "Config/LevelOutput/Group/Groups_P20313_F20313001/LevelGroup_P20313_F20313001_G247.json",
      "DimensionFilter": {},
      "Name": "MeteorShower",
      "ID": 247
    },
    {
      "GroupGUID": "86d0d955-98fe-45cf-aa6e-6b54ca655116",
      "GroupPath": "Config/LevelOutput/Group/Groups_P20313_F20313001/LevelGroup_P20313_F20313001_G248.json",
      "DimensionFilter": {},
      "Name": "Book",
      "ID": 248
    },
    {
      "GroupGUID": "ebbed1a5-f15e-4eff-962c-c77e3818b303",
      "GroupPath": "Config/LevelOutput/Group/Groups_P20313_F20313001/LevelGroup_P20313_F20313001_G249.json",
      "DimensionFilter": {},
      "Name": "MainMission1031201_2",
      "ID": 249
    },
    {
      "GroupGUID": "2bb2f78f-562b-492c-ba84-f402706f8898",
      "GroupPath": "Config/LevelOutput/Group/Groups_P20313_F20313001/LevelGroup_P20313_F20313001_G252.json",
      "DimensionFilter": {},
      "Name": "MainMission2030401_New Group",
      "ID": 252
    },
    {
      "GroupGUID": "1a67b777-662b-4b7f-b464-5d0b40e84217",
      "GroupPath": "Config/LevelOutput/Group/Groups_P20313_F20313001/LevelGroup_P20313_F20313001_G253.json",
      "DimensionFilter": {},
      "Name": "Book",
      "ID": 253
    },
    {
      "GroupGUID": "0795dd8e-e78d-4e88-866e-fe0efce87ebb",
      "GroupPath": "Config/LevelOutput/Group/Groups_P20313_F20313001/LevelGroup_P20313_F20313001_G254.json",
      "DimensionFilter": {},
      "Name": "MainMission2030401_New Group",
      "ID": 254
    },
    {
      "GroupGUID": "d1ff0c85-0ab1-4e69-b7e1-f4e3123324bd",
      "GroupPath": "Config/LevelOutput/Group/Groups_P20313_F20313001/LevelGroup_P20313_F20313001_G255.json",
      "DimensionFilter": {},
      "Name": "MainMission2030401_New Group",
      "ID": 255
    },
    {
      "GroupGUID": "48c851be-e01f-489e-94aa-9f983565c12f",
      "GroupPath": "Config/LevelOutput/Group/Groups_P20313_F20313001/LevelGroup_P20313_F20313001_G256.json",
      "DimensionFilter": {},
      "Name": "MainMission2030401_New Group",
      "ID": 256,
      "IsDelete": true
    },
    {
      "GroupGUID": "229cd5cc-7bf2-4823-8e71-4f7e4207a5d5",
      "GroupPath": "Config/LevelOutput/Group/Groups_P20313_F20313001/LevelGroup_P20313_F20313001_G257.json",
      "DimensionFilter": {},
      "Name": "MainMission1031201_257",
      "ID": 257
    }
  ],
  "DefaultEnviroProfile": "Stages/Outputs/Chapter03/EnviroProfile/Chap03_CloseView_MAZ_P103_DreamEdge_night_01.enviroProfile.asset",
  "StageData": "Stages/Outputs/Chapter03/Stages/Chap03_MAZ_P103_StageData/Chap03_MAZ_P103_StageData.stage",
  "CameraType": "Maze",
  "TimeOfDayEnviroProfileMap": {},
  "LayerToAreaMask": [
    8
  ],
  "FloorCustomData": {
    "CustomValues": [
      {
        "$type": "RPG.GameCore.FloorCustomBoolConfig",
        "DefaultValue": true,
        "ID": 10004,
        "Name": "IsIsometricReset"
      },
      {
        "$type": "RPG.GameCore.FloorCustomBoolConfig",
        "ID": 10005,
        "Name": "IsInIsometric"
      },
      {
        "$type": "RPG.GameCore.FloorCustomBoolConfig",
        "ID": 10006,
        "Name": "IsIsometricZoomIn"
      },
      {
        "$type": "RPG.GameCore.FloorCustomBoolConfig",
        "ID": 10007,
        "Name": "IsometricEffectFlag"
      },
      {
        "$type": "RPG.GameCore.FloorCustomFloatConfig",
        "ID": 10008,
        "Name": "MissionFCV_103040207"
      },
      {
        "$type": "RPG.GameCore.FloorCustomFloatConfig",
        "ID": 10009,
        "Name": "FCV_103040228"
      },
      {
        "$type": "RPG.GameCore.FloorCustomBoolConfig",
        "ID": 10010,
        "Name": "Isometric_CanSwipeCam"
      },
      {
        "$type": "RPG.GameCore.FloorCustomFloatConfig",
        "ID": 10011,
        "Name": "FCV_TeleBattle_4"
      },
      {
        "$type": "RPG.GameCore.FloorCustomBoolConfig",
        "ID": 10012,
        "Name": "Case5RotateMPFSolved"
      },
      {
        "$type": "RPG.GameCore.FloorCustomBoolConfig",
        "ID": 10013,
        "Name": "Case5DirectMPFSolved"
      },
      {
        "$type": "RPG.GameCore.FloorCustomStringConfig",
        "DefaultValue": "1",
        "ID": 10014,
        "Name": "zhuizong"
      }
    ],
    "SavedValues": [
      {
        "ID": 8,
        "Name": "SceneStateByMainMission",
        "AllowedValues": [
          0,
          1
        ],
        "MaxValue": 1
      },
      {
        "ID": 9,
        "Name": "IsInIsometric",
        "AllowedValues": [
          0,
          1
        ],
        "MaxValue": 1
      },
      {
        "ID": 10,
        "Name": "CrowdLoard",
        "AllowedValues": [],
        "MaxValue": 1
      },
      {
        "ID": 17,
        "Name": "JigsawPuzzle1_Solved",
        "AllowedValues": [
          0,
          1
        ],
        "MaxValue": 1
      },
      {
        "ID": 18,
        "Name": "JigsawPuzzle2_Solved",
        "AllowedValues": [
          0,
          1
        ],
        "MaxValue": 1
      },
      {
        "ID": 19,
        "Name": "IsIsometricReset",
        "DefaultValue": 1,
        "AllowedValues": [
          0,
          1
        ],
        "MaxValue": 1
      },
      {
        "ID": 20,
        "Name": "FSV_Jigsaw_M103040220_Finish",
        "AllowedValues": [
          0,
          1
        ],
        "MaxValue": 1
      },
      {
        "ID": 20,
        "Name": "FSV_Jigsaw_M103040221_Finish",
        "AllowedValues": [
          0,
          1
        ],
        "MaxValue": 1
      },
      {
        "ID": 24,
        "Name": "IsWolf01",
        "AllowedValues": [
          0,
          1
        ],
        "MaxValue": 1
      },
      {
        "ID": 25,
        "Name": "TestController",
        "AllowedValues": [],
        "MaxValue": 1
      },
      {
        "ID": 26,
        "Name": "FSV_103040228",
        "AllowedValues": [],
        "MaxValue": 1
      },
      {
        "ID": 27,
        "Name": "FSV_TeleBattle_4",
        "AllowedValues": [
          0,
          1
        ],
        "MaxValue": 1
      },
      {
        "ID": 28,
        "Name": "JG_ML_01_BoardState",
        "AllowedValues": [
          0,
          1,
          2,
          3
        ],
        "MaxValue": 3
      },
      {
        "ID": 29,
        "Name": "JG_ML_02_BoardState",
        "AllowedValues": [
          0,
          1,
          2,
          3
        ],
        "MaxValue": 3
      },
      {
        "ID": 30,
        "Name": "FSV_MLCase1Complete",
        "AllowedValues": [
          0,
          1
        ],
        "MaxValue": 1
      },
      {
        "ID": 31,
        "Name": "IsNearCase1Switch2",
        "AllowedValues": [
          0,
          1
        ],
        "MaxValue": 99
      },
      {
        "ID": 32,
        "Name": "FSV_MLCase1Started",
        "AllowedValues": [
          0,
          1
        ],
        "MaxValue": 3
      }
    ]
  },
  "BattleAreaList": [],
  "DimensionList": [
    {}
  ],
  "LevelFeatureModules": [
    "HeartDial"
  ],
  "NavmapConfigPath": "Config/LevelOutput/Map/MapInfo_P20313_F20313001.json",
  "IsRestartLevelGraph": false
}