{
  "FloorID": 20312001,
  "FloorName": "FloorName_20312001",
  "StartGroupID": 68,
  "StartAnchorID": 1,
  "GroupList": [
    {
      "GroupGUID": "8672d6bb-b6a0-4171-acbb-52b4267354ad",
      "GroupPath": "Config/LevelOutput/Group/Groups_P20312_F20312001/LevelGroup_P20312_F20312001_G3.json",
      "DimensionFilter": {},
      "Name": "DefaultGroup",
      "ID": 3
    },
    {
      "GroupGUID": "e329b6c2-1ae0-4a6a-a9b8-0fd1baf7114f",
      "GroupPath": "Config/LevelOutput/Group/Groups_P20312_F20312001/LevelGroup_P20312_F20312001_G67.json",
      "Name": "Default_Chest",
      "ID": 67
    },
    {
      "GroupGUID": "4959d287-20c8-4de1-8622-de3bc668bf6c",
      "GroupPath": "Config/LevelOutput/Group/Groups_P20312_F20312001/LevelGroup_P20312_F20312001_G68.json",
      "Name": "Default_CheckPoint",
      "ID": 68
    },
    {
      "GroupGUID": "f61797d5-e0ec-42d7-807f-d9a3447b2e0c",
      "GroupPath": "Config/LevelOutput/Group/Groups_P20312_F20312001/LevelGroup_P20312_F20312001_G209.json",
      "DimensionFilter": {},
      "Name": "MainMissionMonster",
      "ID": 209
    },
    {
      "GroupGUID": "709b48ff-da1d-485c-b6cb-aaf2be94635d",
      "GroupPath": "Config/LevelOutput/Group/Groups_P20312_F20312001/LevelGroup_P20312_F20312001_G210.json",
      "DimensionFilter": {},
      "Name": "MainMissionMonster",
      "ID": 210
    },
    {
      "GroupGUID": "c83feeb9-61de-46a6-97ec-2dc60f7e431c",
      "GroupPath": "Config/LevelOutput/Group/Groups_P20312_F20312001/LevelGroup_P20312_F20312001_G69.json",
      "DimensionFilter": {},
      "Name": "DefaultMonster",
      "ID": 69
    },
    {
      "GroupGUID": "fe2840be-6af7-4ca4-a00d-87f43d294b9d",
      "GroupPath": "Config/LevelOutput/Group/Groups_P20312_F20312001/LevelGroup_P20312_F20312001_G207.json",
      "DimensionFilter": {},
      "Name": "DefaultMonster",
      "ID": 207
    },
    {
      "GroupGUID": "6503880d-b68c-4006-9808-f4dca473da0a",
      "GroupPath": "Config/LevelOutput/Group/Groups_P20312_F20312001/LevelGroup_P20312_F20312001_G71.json",
      "DimensionFilter": {},
      "Name": "Default_ChallengeChest",
      "ID": 71
    },
    {
      "GroupGUID": "41015920-3256-4c0b-bbf3-961db473d84c",
      "GroupPath": "Config/LevelOutput/Group/Groups_P20312_F20312001/LevelGroup_P20312_F20312001_G73.json",
      "DimensionFilter": {},
      "Name": "DefaultDistructable",
      "ID": 73
    },
    {
      "GroupGUID": "510c96c5-9d6d-454f-a9a9-ba85f238f527",
      "GroupPath": "Config/LevelOutput/Group/Groups_P20312_F20312001/LevelGroup_P20312_F20312001_G211.json",
      "DimensionFilter": {
        "FilterType": "All"
      },
      "Name": "Tpl_MainMission4340151_TrashCan",
      "ID": 211
    },
    {
      "GroupGUID": "ea143576-9725-415d-9e73-f9e5a120488a",
      "GroupPath": "Config/LevelOutput/Group/Groups_P20312_F20312001/LevelGroup_P20312_F20312001_G208.json",
      "DimensionFilter": {},
      "Name": "Monster_ChestMonster",
      "ID": 208
    },
    {
      "GroupGUID": "d0a7e82f-70d7-4cc5-8bad-160e4f278665",
      "GroupPath": "Config/LevelOutput/Group/Groups_P20312_F20312001/LevelGroup_P20312_F20312001_G219.json",
      "DimensionFilter": {},
      "Name": "DefaultCocoon02",
      "ID": 219
    },
    {
      "GroupGUID": "2b37085a-b192-404f-9fe9-35fc1d22ba77",
      "GroupPath": "Config/LevelOutput/Group/Groups_P20312_F20312001/LevelGroup_P20312_F20312001_G4.json",
      "DimensionFilter": {},
      "Name": "RotatableRegion02_Charger",
      "ID": 4
    },
    {
      "GroupGUID": "3ec8151a-be96-44de-8096-6bf0a0d182d8",
      "GroupPath": "Config/LevelOutput/Group/Groups_P20312_F20312001/LevelGroup_P20312_F20312001_G5.json",
      "Name": "Group_Pose1",
      "ID": 5
    },
    {
      "GroupGUID": "93934780-8cbf-4e07-815d-1f90b6593417",
      "GroupPath": "Config/LevelOutput/Group/Groups_P20312_F20312001/LevelGroup_P20312_F20312001_G6.json",
      "Name": "Group_Pose2",
      "ID": 6
    },
    {
      "GroupGUID": "637892bb-1328-4c25-899b-74330875ed6a",
      "GroupPath": "Config/LevelOutput/Group/Groups_P20312_F20312001/LevelGroup_P20312_F20312001_G7.json",
      "Name": "Group_Pose3",
      "ID": 7
    },
    {
      "GroupGUID": "8dbdd157-3f50-4e2c-a464-16bfbb00617d",
      "GroupPath": "Config/LevelOutput/Group/Groups_P20312_F20312001/LevelGroup_P20312_F20312001_G8.json",
      "DimensionFilter": {},
      "Name": "RotatableRegion02_Charger",
      "ID": 8
    },
    {
      "GroupGUID": "c067d997-dadb-42f2-8e4a-d2782687b4a0",
      "GroupPath": "Config/LevelOutput/Group/Groups_P20312_F20312001/LevelGroup_P20312_F20312001_G9.json",
      "Name": "Group_Pose5",
      "ID": 9
    },
    {
      "GroupGUID": "146081d5-f084-4ac3-a4b1-4cfdd1b38cdb",
      "GroupPath": "Config/LevelOutput/Group/Groups_P20312_F20312001/LevelGroup_P20312_F20312001_G17.json",
      "DimensionFilter": {},
      "Name": "RotatableRegion01_Charger",
      "ID": 17
    },
    {
      "GroupGUID": "5ecd5a88-3171-4d11-9522-bf02d1c6ab7e",
      "GroupPath": "Config/LevelOutput/Group/Groups_P20312_F20312001/LevelGroup_P20312_F20312001_G18.json",
      "DimensionFilter": {},
      "Name": "DefaultChest_1_Pose1",
      "ID": 18
    },
    {
      "GroupGUID": "f62090e6-1aec-4994-9cfc-f353f8a0a543",
      "GroupPath": "Config/LevelOutput/Group/Groups_P20312_F20312001/LevelGroup_P20312_F20312001_G19.json",
      "Name": "Group_Pose2",
      "ID": 19
    },
    {
      "GroupGUID": "64673e31-d086-43dd-a855-084eece3070f",
      "GroupPath": "Config/LevelOutput/Group/Groups_P20312_F20312001/LevelGroup_P20312_F20312001_G21.json",
      "Name": "Group_Pose3",
      "ID": 21
    },
    {
      "GroupGUID": "b7b005fa-62e7-4a98-862c-eb86f4a2e84f",
      "GroupPath": "Config/LevelOutput/Group/Groups_P20312_F20312001/LevelGroup_P20312_F20312001_G22.json",
      "Name": "Group_Pose4",
      "ID": 22
    },
    {
      "GroupGUID": "7d77b32a-30ae-4e5c-8dd3-58119876b3ab",
      "GroupPath": "Config/LevelOutput/Group/Groups_P20312_F20312001/LevelGroup_P20312_F20312001_G31.json",
      "Name": "Group_Pose5",
      "ID": 31
    },
    {
      "GroupGUID": "80d8a20f-b95a-4add-b9f7-6b57d6d0fd6c",
      "GroupPath": "Config/LevelOutput/Group/Groups_P20312_F20312001/LevelGroup_P20312_F20312001_G33.json",
      "DimensionFilter": {},
      "Name": "Gravity_Volume01",
      "ID": 33
    },
    {
      "GroupGUID": "2d5da539-cf9e-47b7-b107-25305f9ba663",
      "GroupPath": "Config/LevelOutput/Group/Groups_P20312_F20312001/LevelGroup_P20312_F20312001_G34.json",
      "DimensionFilter": {},
      "Name": "Gravity_Volume02",
      "ID": 34
    },
    {
      "GroupGUID": "7094f7f1-b40e-4def-b967-ac37ba21be2e",
      "GroupPath": "Config/LevelOutput/Group/Groups_P20312_F20312001/LevelGroup_P20312_F20312001_G38.json",
      "Name": "AriLock_01",
      "ID": 38
    },
    {
      "GroupGUID": "cba63d02-f8b0-49b1-b63b-4102c8610b50",
      "GroupPath": "Config/LevelOutput/Group/Groups_P20312_F20312001/LevelGroup_P20312_F20312001_G39.json",
      "Name": "AriLock_02",
      "ID": 39
    },
    {
      "GroupGUID": "5ee58d45-3dff-4d27-b47c-962caa92545b",
      "GroupPath": "Config/LevelOutput/Group/Groups_P20312_F20312001/LevelGroup_P20312_F20312001_G40.json",
      "Name": "AriLock_01",
      "ID": 40
    },
    {
      "GroupGUID": "bf2ddc24-55fe-46cb-b9e4-d5701bfbeae6",
      "GroupPath": "Config/LevelOutput/Group/Groups_P20312_F20312001/LevelGroup_P20312_F20312001_G43.json",
      "Name": "AriLock_04",
      "ID": 43
    },
    {
      "GroupGUID": "9cf0e4f8-d16a-42fa-904f-37b201ec2aae",
      "GroupPath": "Config/LevelOutput/Group/Groups_P20312_F20312001/LevelGroup_P20312_F20312001_G212.json",
      "DimensionFilter": {},
      "Name": "MainMissionMonster_1_Pose5",
      "ID": 212
    },
    {
      "GroupGUID": "f493674b-4c43-4212-8293-05fbac0416ad",
      "GroupPath": "Config/LevelOutput/Group/Groups_P20312_F20312001/LevelGroup_P20312_F20312001_G74.json",
      "DimensionFilter": {},
      "Name": "DefaultMonster_1_Pose5",
      "ID": 74
    },
    {
      "GroupGUID": "514b0a07-e812-4aa7-b208-39bf0d9be020",
      "GroupPath": "Config/LevelOutput/Group/Groups_P20312_F20312001/LevelGroup_P20312_F20312001_G75.json",
      "Name": "DefaultDistructable_Pose0",
      "ID": 75
    },
    {
      "GroupGUID": "86f488fb-44da-4c84-8603-1545dc8da754",
      "GroupPath": "Config/LevelOutput/Group/Groups_P20312_F20312001/LevelGroup_P20312_F20312001_G76.json",
      "DimensionFilter": {},
      "Name": "DefaultDistructable_1_Pose5",
      "ID": 76
    },
    {
      "GroupGUID": "c43d674f-3c8b-4f50-991e-7be8d8bf3a4b",
      "GroupPath": "Config/LevelOutput/Group/Groups_P20312_F20312001/LevelGroup_P20312_F20312001_G77.json",
      "Name": "DefaultMonster_2_Pose0",
      "ID": 77
    },
    {
      "GroupGUID": "1a4b6f7a-7335-40e8-8efa-903caac54bb1",
      "GroupPath": "Config/LevelOutput/Group/Groups_P20312_F20312001/LevelGroup_P20312_F20312001_G213.json",
      "DimensionFilter": {},
      "Name": "MaiMissionMonster_2_Pose0",
      "ID": 213
    },
    {
      "GroupGUID": "488d6e55-430d-44c1-a26a-484cc4f63fa1",
      "GroupPath": "Config/LevelOutput/Group/Groups_P20312_F20312001/LevelGroup_P20312_F20312001_G78.json",
      "Name": "DefaultChest_2_Pose0",
      "ID": 78
    },
    {
      "GroupGUID": "dd6617bd-657b-42db-821e-a46d65e99126",
      "GroupPath": "Config/LevelOutput/Group/Groups_P20312_F20312001/LevelGroup_P20312_F20312001_G79.json",
      "DimensionFilter": {},
      "Name": "DefaultDistructable_2_Pose0",
      "ID": 79
    },
    {
      "GroupGUID": "06d0d9e3-0b8e-4783-a347-a18d9fcc759a",
      "GroupPath": "Config/LevelOutput/Group/Groups_P20312_F20312001/LevelGroup_P20312_F20312001_G220.json",
      "DimensionFilter": {},
      "Name": "MainMissionDistructable_2_Pose0",
      "ID": 220
    },
    {
      "GroupGUID": "e21d791e-9fb0-4759-b6fa-a0f90086ac68",
      "GroupPath": "Config/LevelOutput/Group/Groups_P20312_F20312001/LevelGroup_P20312_F20312001_G81.json",
      "DimensionFilter": {},
      "Name": "Default_ChallengeChest_2_Pose0",
      "ID": 81
    },
    {
      "GroupGUID": "e576caf6-70f3-478c-8a96-369f92619275",
      "GroupPath": "Config/LevelOutput/Group/Groups_P20312_F20312001/LevelGroup_P20312_F20312001_G82.json",
      "Name": "DefaultChest_2_Pose1",
      "ID": 82
    },
    {
      "GroupGUID": "e1e731e5-acf4-41eb-83cb-3bc5ee8e8fc4",
      "GroupPath": "Config/LevelOutput/Group/Groups_P20312_F20312001/LevelGroup_P20312_F20312001_G83.json",
      "DimensionFilter": {},
      "Name": "DefaultDistructable_2_Pose1",
      "ID": 83
    },
    {
      "GroupGUID": "364e6efc-b7d8-4ad8-96a8-3171cb8de6bf",
      "GroupPath": "Config/LevelOutput/Group/Groups_P20312_F20312001/LevelGroup_P20312_F20312001_G85.json",
      "DimensionFilter": {},
      "Name": "Default_ChallengeChest_2_Pose1",
      "ID": 85
    },
    {
      "GroupGUID": "0d39b32b-4bd7-402d-82a1-f7542b901c49",
      "GroupPath": "Config/LevelOutput/Group/Groups_P20312_F20312001/LevelGroup_P20312_F20312001_G86.json",
      "DimensionFilter": {},
      "Name": "DefaultChest_2_Pose5",
      "ID": 86
    },
    {
      "GroupGUID": "f0331c94-34ae-4f43-926d-a39938b22562",
      "GroupPath": "Config/LevelOutput/Group/Groups_P20312_F20312001/LevelGroup_P20312_F20312001_G87.json",
      "DimensionFilter": {},
      "Name": "DefaultDistructable_2_Pose5",
      "ID": 87
    },
    {
      "GroupGUID": "8cb1d3cf-9c4e-451c-baea-b83caf10cdcd",
      "GroupPath": "Config/LevelOutput/Group/Groups_P20312_F20312001/LevelGroup_P20312_F20312001_G89.json",
      "DimensionFilter": {},
      "Name": "DefaultMonster_2_Pose3",
      "ID": 89
    },
    {
      "GroupGUID": "8300f97c-19de-4eac-b7f1-ff7abc40e79f",
      "GroupPath": "Config/LevelOutput/Group/Groups_P20312_F20312001/LevelGroup_P20312_F20312001_G216.json",
      "DimensionFilter": {},
      "Name": "MainMissionMonster_2_Pose3",
      "ID": 216
    },
    {
      "GroupGUID": "828f618a-a1d5-4668-9d2a-12749b6427b3",
      "GroupPath": "Config/LevelOutput/Group/Groups_P20312_F20312001/LevelGroup_P20312_F20312001_G90.json",
      "Name": "DefaultDistructable_2_Pose3",
      "ID": 90
    },
    {
      "GroupGUID": "036826ad-e55a-4683-8a0d-cb8a4cb3aa5f",
      "GroupPath": "Config/LevelOutput/Group/Groups_P20312_F20312001/LevelGroup_P20312_F20312001_G221.json",
      "DimensionFilter": {},
      "Name": "MainMissionDistructable_2_Pose3",
      "ID": 221
    },
    {
      "GroupGUID": "5fb21c53-15f1-4acb-8815-22a6fb1a06ba",
      "GroupPath": "Config/LevelOutput/Group/Groups_P20312_F20312001/LevelGroup_P20312_F20312001_G91.json",
      "Name": "DefaultChest_2_Pose3",
      "ID": 91
    },
    {
      "GroupGUID": "44c61897-3f51-4e14-9e34-52568788110a",
      "GroupPath": "Config/LevelOutput/Group/Groups_P20312_F20312001/LevelGroup_P20312_F20312001_G214.json",
      "DimensionFilter": {
        "FilterType": "All"
      },
      "Name": "Tpl_MainMission4340155_TrashCan",
      "ID": 214
    },
    {
      "GroupGUID": "aa93c028-cddf-4bc1-bdfb-0a89fe64730b",
      "GroupPath": "Config/LevelOutput/Group/Groups_P20312_F20312001/LevelGroup_P20312_F20312001_G92.json",
      "DimensionFilter": {},
      "Name": "DefaultMonster_2_Pose3",
      "ID": 92
    },
    {
      "GroupGUID": "d2075a51-3fb5-4060-8867-f77269b54a79",
      "GroupPath": "Config/LevelOutput/Group/Groups_P20312_F20312001/LevelGroup_P20312_F20312001_G217.json",
      "DimensionFilter": {},
      "Name": "MainMissionMonster_2_Pose3",
      "ID": 217
    },
    {
      "GroupGUID": "54e6b5e8-ffb4-452d-870b-9e5698c952dd",
      "GroupPath": "Config/LevelOutput/Group/Groups_P20312_F20312001/LevelGroup_P20312_F20312001_G93.json",
      "DimensionFilter": {},
      "Name": "DefaultDistructable_2_Pose3",
      "ID": 93
    },
    {
      "GroupGUID": "b27030c6-9359-41d5-b10f-84f3a16e7cd7",
      "GroupPath": "Config/LevelOutput/Group/Groups_P20312_F20312001/LevelGroup_P20312_F20312001_G99.json",
      "Name": "AriLock_05",
      "ID": 99
    },
    {
      "GroupGUID": "4f028048-f683-4229-9b9f-f2763fb84f60",
      "GroupPath": "Config/LevelOutput/Group/Groups_P20312_F20312001/LevelGroup_P20312_F20312001_G100.json",
      "DimensionFilter": {},
      "Name": "MainMission1030501_04",
      "ID": 100
    },
    {
      "GroupGUID": "70630e8f-210a-4784-81dd-2e9c41583763",
      "GroupPath": "Config/LevelOutput/Group/Groups_P20312_F20312001/LevelGroup_P20312_F20312001_G101.json",
      "Name": "MainMission1030501_05",
      "ID": 101
    },
    {
      "GroupGUID": "06b22e7e-f8c5-4ccc-88a8-5825c23fc7f1",
      "GroupPath": "Config/LevelOutput/Group/Groups_P20312_F20312001/LevelGroup_P20312_F20312001_G102.json",
      "Name": "MainMission1030501_06",
      "ID": 102
    },
    {
      "GroupGUID": "cf6db18e-5031-40eb-af00-a65b0a4329fa",
      "GroupPath": "Config/LevelOutput/Group/Groups_P20312_F20312001/LevelGroup_P20312_F20312001_G103.json",
      "Name": "MainMission1030501_07",
      "ID": 103
    },
    {
      "GroupGUID": "ba79a93b-575b-4775-a49e-90fe267ad41a",
      "GroupPath": "Config/LevelOutput/Group/Groups_P20312_F20312001/LevelGroup_P20312_F20312001_G104.json",
      "DimensionFilter": {},
      "Name": "MainMission1030501_08",
      "ID": 104
    },
    {
      "GroupGUID": "3b611d62-fdbe-4317-a6d1-49296c26fd32",
      "GroupPath": "Config/LevelOutput/Group/Groups_P20312_F20312001/LevelGroup_P20312_F20312001_G105.json",
      "Name": "MainMission1030501_09",
      "ID": 105
    },
    {
      "GroupGUID": "1241d21f-82b3-4385-af47-2d4ed9521967",
      "GroupPath": "Config/LevelOutput/Group/Groups_P20312_F20312001/LevelGroup_P20312_F20312001_G106.json",
      "Name": "MainMission1030501_10",
      "ID": 106
    },
    {
      "GroupGUID": "0b9b732b-c4c2-4d24-aceb-0b879431219d",
      "GroupPath": "Config/LevelOutput/Group/Groups_P20312_F20312001/LevelGroup_P20312_F20312001_G107.json",
      "DimensionFilter": {},
      "Name": "MainMission1030501_11",
      "ID": 107
    },
    {
      "GroupGUID": "73343c8b-b437-4456-bad5-9db28211ee35",
      "GroupPath": "Config/LevelOutput/Group/Groups_P20312_F20312001/LevelGroup_P20312_F20312001_G108.json",
      "Name": "MainMission1030501_03",
      "ID": 108
    },
    {
      "GroupGUID": "f704ffb8-029e-4644-be1c-549ea32f6cf6",
      "GroupPath": "Config/LevelOutput/Group/Groups_P20312_F20312001/LevelGroup_P20312_F20312001_G110.json",
      "DimensionFilter": {},
      "Name": "MainMission1030501_10",
      "ID": 110
    },
    {
      "GroupGUID": "0f9c2bf1-8843-498f-9a75-c05be8f0a42a",
      "GroupPath": "Config/LevelOutput/Group/Groups_P20312_F20312001/LevelGroup_P20312_F20312001_G111.json",
      "DimensionFilter": {},
      "Name": "MainMission1030501_09",
      "ID": 111
    },
    {
      "GroupGUID": "7ca8fe10-ac76-45aa-9a2e-19a1b76c930a",
      "GroupPath": "Config/LevelOutput/Group/Groups_P20312_F20312001/LevelGroup_P20312_F20312001_G112.json",
      "DimensionFilter": {},
      "Name": "MainMission1030501_10",
      "ID": 112
    },
    {
      "GroupGUID": "ce920a9b-b50d-4fda-948a-14a0cb94b55b",
      "GroupPath": "Config/LevelOutput/Group/Groups_P20312_F20312001/LevelGroup_P20312_F20312001_G113.json",
      "Name": "MainMission1030501_12",
      "ID": 113
    },
    {
      "GroupGUID": "8f924f2e-f107-45b3-a800-2152b7d56071",
      "GroupPath": "Config/LevelOutput/Group/Groups_P20312_F20312001/LevelGroup_P20312_F20312001_G114.json",
      "DimensionFilter": {},
      "Name": "MainMission1030501_14",
      "ID": 114
    },
    {
      "GroupGUID": "2a738414-0b32-4dea-9723-1843b65f0865",
      "GroupPath": "Config/LevelOutput/Group/Groups_P20312_F20312001/LevelGroup_P20312_F20312001_G115.json",
      "DimensionFilter": {},
      "Name": "MainMission1030501_14",
      "ID": 115
    },
    {
      "GroupGUID": "79cdc57c-87be-4f21-af7f-f3ad12182fdc",
      "GroupPath": "Config/LevelOutput/Group/Groups_P20312_F20312001/LevelGroup_P20312_F20312001_G116.json",
      "Name": "MainMission1030501_13",
      "ID": 116
    },
    {
      "GroupGUID": "862aacab-e3b9-4760-a710-c80cd550ec4e",
      "GroupPath": "Config/LevelOutput/Group/Groups_P20312_F20312001/LevelGroup_P20312_F20312001_G117.json",
      "DimensionFilter": {},
      "Name": "MainMission1030501_15",
      "ID": 117
    },
    {
      "GroupGUID": "cf45aa7b-6a68-46ca-bbce-4a63b980b95a",
      "GroupPath": "Config/LevelOutput/Group/Groups_P20312_F20312001/LevelGroup_P20312_F20312001_G118.json",
      "DimensionFilter": {},
      "Name": "MainMission1030501_15",
      "ID": 118
    },
    {
      "GroupGUID": "c26c60b9-1a51-4a87-8403-9e45923fe82f",
      "GroupPath": "Config/LevelOutput/Group/Groups_P20312_F20312001/LevelGroup_P20312_F20312001_G119.json",
      "DimensionFilter": {},
      "Name": "MainMission1030501_16",
      "ID": 119
    },
    {
      "GroupGUID": "7b3b93cb-6e03-41e9-ad82-cc11a73e7617",
      "GroupPath": "Config/LevelOutput/Group/Groups_P20312_F20312001/LevelGroup_P20312_F20312001_G120.json",
      "DimensionFilter": {},
      "Name": "MainMission1030501_17",
      "ID": 120
    },
    {
      "GroupGUID": "638fcfe6-8100-4ea6-b386-e55af824c0b8",
      "GroupPath": "Config/LevelOutput/Group/Groups_P20312_F20312001/LevelGroup_P20312_F20312001_G121.json",
      "Name": "MainMission1030501_16",
      "ID": 121
    },
    {
      "GroupGUID": "ed2c3217-3e60-4299-8c0f-9a3fc7235364",
      "GroupPath": "Config/LevelOutput/Group/Groups_P20312_F20312001/LevelGroup_P20312_F20312001_G122.json",
      "DimensionFilter": {},
      "Name": "MainMission1030501_16",
      "ID": 122
    },
    {
      "GroupGUID": "a056e0ba-384d-4e89-9d82-8fad03e46701",
      "GroupPath": "Config/LevelOutput/Group/Groups_P20312_F20312001/LevelGroup_P20312_F20312001_G123.json",
      "DimensionFilter": {},
      "Name": "MainMission1030501_16",
      "ID": 123
    },
    {
      "GroupGUID": "901df954-f0cc-43cb-82cf-63b910d012a2",
      "GroupPath": "Config/LevelOutput/Group/Groups_P20312_F20312001/LevelGroup_P20312_F20312001_G124.json",
      "Name": "MainMission1030501_13",
      "ID": 124
    },
    {
      "GroupGUID": "f01d136f-3679-4b7c-925f-e7f4aacdd17e",
      "GroupPath": "Config/LevelOutput/Group/Groups_P20312_F20312001/LevelGroup_P20312_F20312001_G125.json",
      "Name": "MainMission1030501_18",
      "ID": 125
    },
    {
      "GroupGUID": "fd1b6fea-212d-4ed9-ba72-37ffa3f81374",
      "GroupPath": "Config/LevelOutput/Group/Groups_P20312_F20312001/LevelGroup_P20312_F20312001_G126.json",
      "Name": "MainMission1030501_20",
      "ID": 126
    },
    {
      "GroupGUID": "1755cb9f-107b-49d7-a987-e3869399572c",
      "GroupPath": "Config/LevelOutput/Group/Groups_P20312_F20312001/LevelGroup_P20312_F20312001_G127.json",
      "DimensionFilter": {},
      "Name": "MainMission1030501_21",
      "ID": 127
    },
    {
      "GroupGUID": "334c219a-2fc8-4ce6-b19c-1a44c674e1c9",
      "GroupPath": "Config/LevelOutput/Group/Groups_P20312_F20312001/LevelGroup_P20312_F20312001_G128.json",
      "Name": "MainMission1030501_22",
      "ID": 128
    },
    {
      "GroupGUID": "ed9110e1-bf52-495a-b5a1-a3a266061c9a",
      "GroupPath": "Config/LevelOutput/Group/Groups_P20312_F20312001/LevelGroup_P20312_F20312001_G129.json",
      "Name": "MainMission1030501_23",
      "ID": 129
    },
    {
      "GroupGUID": "3df1ba2e-6dc3-4238-8656-9df15e753ce9",
      "GroupPath": "Config/LevelOutput/Group/Groups_P20312_F20312001/LevelGroup_P20312_F20312001_G130.json",
      "Name": "MainMission1030501_26",
      "ID": 130
    },
    {
      "GroupGUID": "26e6e859-e36d-4071-a552-2662408dd81a",
      "GroupPath": "Config/LevelOutput/Group/Groups_P20312_F20312001/LevelGroup_P20312_F20312001_G131.json",
      "Name": "MainMission1030501_27",
      "ID": 131
    },
    {
      "GroupGUID": "2032a20f-c80d-485c-ace5-0fa586ba26ae",
      "GroupPath": "Config/LevelOutput/Group/Groups_P20312_F20312001/LevelGroup_P20312_F20312001_G132.json",
      "Name": "MainMission1030501_07",
      "ID": 132
    },
    {
      "GroupGUID": "d0f66f9a-27f3-4aaa-aef4-3928cf2f772d",
      "GroupPath": "Config/LevelOutput/Group/Groups_P20312_F20312001/LevelGroup_P20312_F20312001_G133.json",
      "DimensionFilter": {},
      "Name": "MainMission1030501_12",
      "ID": 133
    },
    {
      "GroupGUID": "5bcdf9cc-6048-4e0e-b9dc-d845e6fd83b0",
      "GroupPath": "Config/LevelOutput/Group/Groups_P20312_F20312001/LevelGroup_P20312_F20312001_G134.json",
      "Name": "MainMission1030501_24",
      "ID": 134
    },
    {
      "GroupGUID": "6ff4ba8d-62f4-4561-a568-de196b57360e",
      "GroupPath": "Config/LevelOutput/Group/Groups_P20312_F20312001/LevelGroup_P20312_F20312001_G135.json",
      "DimensionFilter": {},
      "Name": "MainMission1030501_28",
      "ID": 135
    },
    {
      "GroupGUID": "16eba3af-21c5-4193-8fbf-d0cb1dd1e254",
      "GroupPath": "Config/LevelOutput/Group/Groups_P20312_F20312001/LevelGroup_P20312_F20312001_G136.json",
      "Name": "MainMission1030501_30",
      "ID": 136
    },
    {
      "GroupGUID": "4ace2668-f254-4811-83d2-f75e7c91b7ed",
      "GroupPath": "Config/LevelOutput/Group/Groups_P20312_F20312001/LevelGroup_P20312_F20312001_G137.json",
      "Name": "MainMission1030501_32",
      "ID": 137
    },
    {
      "GroupGUID": "bb7fe32e-989d-47b2-a137-e3937cdb0a36",
      "GroupPath": "Config/LevelOutput/Group/Groups_P20312_F20312001/LevelGroup_P20312_F20312001_G138.json",
      "Name": "MainMission1030501_34",
      "ID": 138
    },
    {
      "GroupGUID": "aaaebab1-ba34-414b-9a31-cc3520bf0d44",
      "GroupPath": "Config/LevelOutput/Group/Groups_P20312_F20312001/LevelGroup_P20312_F20312001_G139.json",
      "DimensionFilter": {},
      "Name": "MainMission1030501_37",
      "ID": 139
    },
    {
      "GroupGUID": "fdce4f3a-ccfb-49a4-a9f3-4801632e7d04",
      "GroupPath": "Config/LevelOutput/Group/Groups_P20312_F20312001/LevelGroup_P20312_F20312001_G140.json",
      "Name": "MainMission1030501_39",
      "ID": 140
    },
    {
      "GroupGUID": "56e9506f-baa7-4876-9b76-9f17f1ed28e6",
      "GroupPath": "Config/LevelOutput/Group/Groups_P20312_F20312001/LevelGroup_P20312_F20312001_G141.json",
      "Name": "MainMission1030501_28",
      "ID": 141
    },
    {
      "GroupGUID": "d1efe0f1-8f2d-4d6a-a967-71226b89ac89",
      "GroupPath": "Config/LevelOutput/Group/Groups_P20312_F20312001/LevelGroup_P20312_F20312001_G142.json",
      "DimensionFilter": {},
      "Name": "MainMission1030501_26",
      "ID": 142
    },
    {
      "GroupGUID": "67efd07d-a955-4e84-9d7b-2fe83c28df49",
      "GroupPath": "Config/LevelOutput/Group/Groups_P20312_F20312001/LevelGroup_P20312_F20312001_G143.json",
      "Name": "MainMission1030501_29",
      "ID": 143
    },
    {
      "GroupGUID": "cd5d67a3-e7e9-4df6-91d6-e9d014b72c0d",
      "GroupPath": "Config/LevelOutput/Group/Groups_P20312_F20312001/LevelGroup_P20312_F20312001_G144.json",
      "Name": "MainMission1030501_31",
      "ID": 144
    },
    {
      "GroupGUID": "19ea74cd-2264-4873-b27e-772fd5c26af7",
      "GroupPath": "Config/LevelOutput/Group/Groups_P20312_F20312001/LevelGroup_P20312_F20312001_G145.json",
      "Name": "MainMission1030501_33",
      "ID": 145
    },
    {
      "GroupGUID": "620e3cf4-327a-4e0a-8517-037b9350d551",
      "GroupPath": "Config/LevelOutput/Group/Groups_P20312_F20312001/LevelGroup_P20312_F20312001_G146.json",
      "Name": "MainMission1030501_35",
      "ID": 146
    },
    {
      "GroupGUID": "20a8a5f3-d979-42a8-8f21-35b52f309b62",
      "GroupPath": "Config/LevelOutput/Group/Groups_P20312_F20312001/LevelGroup_P20312_F20312001_G147.json",
      "Name": "MainMission1030501_38",
      "ID": 147
    },
    {
      "GroupGUID": "89c7f2c3-8831-4af2-be98-6d9056fb32df",
      "GroupPath": "Config/LevelOutput/Group/Groups_P20312_F20312001/LevelGroup_P20312_F20312001_G151.json",
      "DimensionFilter": {},
      "Name": "MainDoors",
      "ID": 151
    },
    {
      "GroupGUID": "ccafb901-efec-4e55-987a-d3b3f2756c7b",
      "GroupPath": "Config/LevelOutput/Group/Groups_P20312_F20312001/LevelGroup_P20312_F20312001_G155.json",
      "Name": "MainMission1030501_43",
      "ID": 155
    },
    {
      "GroupGUID": "ce6e5231-809b-4a67-89d1-b61ed6a7eafc",
      "GroupPath": "Config/LevelOutput/Group/Groups_P20312_F20312001/LevelGroup_P20312_F20312001_G156.json",
      "Name": "MainMission1030501_44",
      "ID": 156
    },
    {
      "GroupGUID": "add6fd16-5629-49e5-a164-72ae905c801c",
      "GroupPath": "Config/LevelOutput/Group/Groups_P20312_F20312001/LevelGroup_P20312_F20312001_G157.json",
      "Name": "MainMission1030501_45",
      "ID": 157
    },
    {
      "GroupGUID": "8da1bfd9-9115-417b-bbf0-c95c4fcd7c71",
      "GroupPath": "Config/LevelOutput/Group/Groups_P20312_F20312001/LevelGroup_P20312_F20312001_G158.json",
      "Name": "MainMission1030501_46",
      "ID": 158
    },
    {
      "GroupGUID": "a75cf662-8d86-4557-b1ed-e5ba12d2f70d",
      "GroupPath": "Config/LevelOutput/Group/Groups_P20312_F20312001/LevelGroup_P20312_F20312001_G160.json",
      "DimensionFilter": {},
      "Name": "DefaultChest_2_Pose3",
      "ID": 160
    },
    {
      "GroupGUID": "e560f532-a4c9-400d-88fe-13e5c757f9a4",
      "GroupPath": "Config/LevelOutput/Group/Groups_P20312_F20312001/LevelGroup_P20312_F20312001_G163.json",
      "DimensionFilter": {},
      "Name": "OrigamiBirdColony",
      "ID": 163
    },
    {
      "GroupGUID": "04bdcdd4-968c-4f2e-a717-bc7ba22a80fc",
      "GroupPath": "Config/LevelOutput/Group/Groups_P20312_F20312001/LevelGroup_P20312_F20312001_G152.json",
      "DimensionFilter": {},
      "Name": "Tpl_OrigamiBird_Normal_MainMission",
      "ID": 152
    },
    {
      "GroupGUID": "d3590700-024b-4edc-b36a-99a4c4082f3d",
      "GroupPath": "Config/LevelOutput/Group/Groups_P20312_F20312001/LevelGroup_P20312_F20312001_G164.json",
      "DimensionFilter": {},
      "Name": "Tpl_OrigamiBird_Normal",
      "ID": 164
    },
    {
      "GroupGUID": "d3485d9d-f10d-4155-b3be-5a2215df1ad8",
      "GroupPath": "Config/LevelOutput/Group/Groups_P20312_F20312001/LevelGroup_P20312_F20312001_G165.json",
      "DimensionFilter": {},
      "Name": "Tpl_OrigamiBird_Normal",
      "ID": 165
    },
    {
      "GroupGUID": "10f0171d-c8a2-4104-b4be-0616e960619f",
      "GroupPath": "Config/LevelOutput/Group/Groups_P20312_F20312001/LevelGroup_P20312_F20312001_G179.json",
      "DimensionFilter": {},
      "Name": "Tpl_OrigamiBird_Normal",
      "ID": 179
    },
    {
      "GroupGUID": "63b15238-3d5f-490d-813f-4215b1fb3d7f",
      "GroupPath": "Config/LevelOutput/Group/Groups_P20312_F20312001/LevelGroup_P20312_F20312001_G182.json",
      "DimensionFilter": {},
      "Name": "Tpl_OrigamiBird_Normal",
      "ID": 182
    },
    {
      "GroupGUID": "dc808687-4592-45bf-a0b8-2251d77cbde1",
      "GroupPath": "Config/LevelOutput/Group/Groups_P20312_F20312001/LevelGroup_P20312_F20312001_G178.json",
      "DimensionFilter": {},
      "Name": "Tpl_OrigamiBird_ThreeTimesALL",
      "ID": 178
    },
    {
      "GroupGUID": "6012d0c0-bc9b-4f54-aa83-78df31c39bc0",
      "GroupPath": "Config/LevelOutput/Group/Groups_P20312_F20312001/LevelGroup_P20312_F20312001_G180.json",
      "DimensionFilter": {},
      "Name": "Tpl_OrigamiBird_Normal",
      "ID": 180
    },
    {
      "GroupGUID": "46f7b249-15f5-4739-99f9-8c962d8d2abb",
      "GroupPath": "Config/LevelOutput/Group/Groups_P20312_F20312001/LevelGroup_P20312_F20312001_G181.json",
      "DimensionFilter": {},
      "Name": "OrigamiBird_Normal",
      "ID": 181
    },
    {
      "GroupGUID": "ad59c78f-8401-4197-8840-9f459b6beb90",
      "GroupPath": "Config/LevelOutput/Group/Groups_P20312_F20312001/LevelGroup_P20312_F20312001_G218.json",
      "DimensionFilter": {},
      "Name": "Tpl_OrigamiBird_WithDes",
      "ID": 218
    },
    {
      "GroupGUID": "31cf4068-1ba8-4587-a41c-f9b6238dca9b",
      "GroupPath": "Config/LevelOutput/Group/Groups_P20312_F20312001/LevelGroup_P20312_F20312001_G171.json",
      "DimensionFilter": {},
      "Name": "Tpl_OrigamiBird",
      "ID": 171
    },
    {
      "GroupGUID": "c4ec69a3-ecdb-4aaf-b067-08e01d3ee5e6",
      "GroupPath": "Config/LevelOutput/Group/Groups_P20312_F20312001/LevelGroup_P20312_F20312001_G174.json",
      "DimensionFilter": {},
      "Name": "OneWayBridge",
      "ID": 174
    },
    {
      "GroupGUID": "2ebba576-92dd-4b49-9bac-6bd14ce8473c",
      "GroupPath": "Config/LevelOutput/Group/Groups_P20312_F20312001/LevelGroup_P20312_F20312001_G175.json",
      "DimensionFilter": {},
      "Name": "OneWayBridge",
      "ID": 175
    },
    {
      "GroupGUID": "87a407de-130b-4e0d-b6d4-bdd19103440b",
      "GroupPath": "Config/LevelOutput/Group/Groups_P20312_F20312001/LevelGroup_P20312_F20312001_G176.json",
      "DimensionFilter": {},
      "Name": "OneWayBridge",
      "ID": 176
    },
    {
      "GroupGUID": "a005e710-f4dd-46bf-ad1e-c5df9d4d63d2",
      "GroupPath": "Config/LevelOutput/Group/Groups_P20312_F20312001/LevelGroup_P20312_F20312001_G184.json",
      "DimensionFilter": {},
      "Name": "MainMission1030501_09",
      "ID": 184
    },
    {
      "GroupGUID": "e2d40d14-5d7c-433c-9b1c-b9eccf8a472b",
      "GroupPath": "Config/LevelOutput/Group/Groups_P20312_F20312001/LevelGroup_P20312_F20312001_G191.json",
      "DimensionFilter": {},
      "Name": "ClockToy",
      "ID": 191
    },
    {
      "GroupGUID": "afc052d7-cb40-4f52-898f-e65f462ee909",
      "GroupPath": "Config/LevelOutput/Group/Groups_P20312_F20312001/LevelGroup_P20312_F20312001_G192.json",
      "DimensionFilter": {},
      "Name": "ClockToy",
      "ID": 192
    },
    {
      "GroupGUID": "7d719ce3-114b-4dff-9127-306381424a78",
      "GroupPath": "Config/LevelOutput/Group/Groups_P20312_F20312001/LevelGroup_P20312_F20312001_G193.json",
      "DimensionFilter": {},
      "Name": "ClockToy",
      "ID": 193
    },
    {
      "GroupGUID": "aeb969cc-0238-40bf-b46c-aa0b8e2787ea",
      "GroupPath": "Config/LevelOutput/Group/Groups_P20312_F20312001/LevelGroup_P20312_F20312001_G196.json",
      "DimensionFilter": {},
      "Name": "MainDoors",
      "ID": 196
    },
    {
      "GroupGUID": "dd5bb05b-e3af-4da9-99e7-2bce4522d472",
      "GroupPath": "Config/LevelOutput/Group/Groups_P20312_F20312001/LevelGroup_P20312_F20312001_G200.json",
      "DimensionFilter": {},
      "Name": "JigsawPuzzle_ZZDM_MainLine_01_Door",
      "ID": 200
    },
    {
      "GroupGUID": "e986ea7b-1d77-485c-a766-7e022a5cb513",
      "GroupPath": "Config/LevelOutput/Group/Groups_P20312_F20312001/LevelGroup_P20312_F20312001_G201.json",
      "DimensionFilter": {},
      "Name": "GhostChaseTVSets",
      "ID": 201
    },
    {
      "GroupGUID": "be1f26dd-2dbf-4084-93d3-9bf27540ed76",
      "GroupPath": "Config/LevelOutput/Group/Groups_P20312_F20312001/LevelGroup_P20312_F20312001_G202.json",
      "DimensionFilter": {},
      "Name": "MainMission1030501_48",
      "ID": 202
    },
    {
      "GroupGUID": "c83c6cb4-f050-4fad-ae05-3862e5016d8e",
      "GroupPath": "Config/LevelOutput/Group/Groups_P20312_F20312001/LevelGroup_P20312_F20312001_G203.json",
      "DimensionFilter": {},
      "Name": "MainMission1030501_48",
      "ID": 203
    },
    {
      "GroupGUID": "7e4037c3-edce-4012-af8b-f8013c5b941c",
      "GroupPath": "Config/LevelOutput/Group/Groups_P20312_F20312001/LevelGroup_P20312_F20312001_G204.json",
      "DimensionFilter": {},
      "Name": "MainMission1030501_48",
      "ID": 204
    },
    {
      "GroupGUID": "565b59af-180f-4cf7-ad8c-1d4cc599180c",
      "GroupPath": "Config/LevelOutput/Group/Groups_P20312_F20312001/LevelGroup_P20312_F20312001_G205.json",
      "DimensionFilter": {},
      "Name": "MainMission1030501_48",
      "ID": 205
    },
    {
      "GroupGUID": "702d3543-b8ac-43ef-9383-f6f2ea451b77",
      "GroupPath": "Config/LevelOutput/Group/Groups_P20312_F20312001/LevelGroup_P20312_F20312001_G206.json",
      "DimensionFilter": {},
      "Name": "MainMission1030501_New Group",
      "ID": 206
    },
    {
      "GroupGUID": "f2b05d25-870b-4a8a-8364-83d5ad3e1f63",
      "GroupPath": "Config/LevelOutput/Group/Groups_P20312_F20312001/LevelGroup_P20312_F20312001_G222.json",
      "DimensionFilter": {},
      "Name": "3DMapInfo",
      "ID": 222
    },
    {
      "GroupGUID": "d330b671-a7d8-485a-a23e-61c8733e11e7",
      "GroupPath": "Config/LevelOutput/Group/Groups_P20312_F20312001/LevelGroup_P20312_F20312001_G223.json",
      "DimensionFilter": {},
      "Name": "3DMapInfo",
      "ID": 223
    },
    {
      "GroupGUID": "fa9b4c72-299e-4abb-a7fb-989b47e54a9f",
      "GroupPath": "Config/LevelOutput/Group/Groups_P20312_F20312001/LevelGroup_P20312_F20312001_G224.json",
      "DimensionFilter": {},
      "Name": "MainMission4040311_Dog",
      "ID": 224
    },
    {
      "GroupGUID": "9f21bfda-2034-4908-bc31-0cf76ca76c6b",
      "GroupPath": "Config/LevelOutput/Group/Groups_P20312_F20312001/LevelGroup_P20312_F20312001_G233.json",
      "DimensionFilter": {},
      "Name": "GravityDoorTag",
      "ID": 233
    },
    {
      "GroupGUID": "5397735c-65e3-4ac0-b859-0dae9723ce78",
      "GroupPath": "Config/LevelOutput/Group/Groups_P20312_F20312001/LevelGroup_P20312_F20312001_G234.json",
      "DimensionFilter": {},
      "Name": "GravityDoorTag",
      "ID": 234
    },
    {
      "GroupGUID": "70249fde-a525-46ca-bb65-9ce0aac5fdf6",
      "GroupPath": "Config/LevelOutput/Group/Groups_P20312_F20312001/LevelGroup_P20312_F20312001_G235.json",
      "DimensionFilter": {},
      "Name": "BGM",
      "ID": 235
    },
    {
      "GroupGUID": "65cb5d99-055e-47e6-a0c9-cf57283e12e5",
      "GroupPath": "Config/LevelOutput/Group/Groups_P20312_F20312001/LevelGroup_P20312_F20312001_G236.json",
      "DimensionFilter": {},
      "Name": "MainMission1030501_14",
      "ID": 236
    },
    {
      "GroupGUID": "f3e21c0b-ea66-4b2f-bcf9-026820e23513",
      "GroupPath": "Config/LevelOutput/Group/Groups_P20312_F20312001/LevelGroup_P20312_F20312001_G237.json",
      "DimensionFilter": {},
      "Name": "MainMission1030501_25",
      "ID": 237
    },
    {
      "GroupGUID": "2a9a40d1-15a1-451f-b706-e8b44b7ec603",
      "GroupPath": "Config/LevelOutput/Group/Groups_P20312_F20312001/LevelGroup_P20312_F20312001_G238.json",
      "DimensionFilter": {},
      "Name": "Sound",
      "ID": 238
    },
    {
      "GroupGUID": "29ed149f-58e2-45e3-989e-ef354028a924",
      "GroupPath": "Config/LevelOutput/Group/Groups_P20312_F20312001/LevelGroup_P20312_F20312001_G239.json",
      "DimensionFilter": {},
      "Name": "FindEx",
      "ID": 239
    },
    {
      "GroupGUID": "f775ae97-41b1-42f8-b57e-e5877de9fb5b",
      "GroupPath": "Config/LevelOutput/Group/Groups_P20312_F20312001/LevelGroup_P20312_F20312001_G240.json",
      "DimensionFilter": {},
      "Name": "Find",
      "ID": 240
    },
    {
      "GroupGUID": "eebf6dc1-b7eb-4672-8af0-c755075d40fb",
      "GroupPath": "Config/LevelOutput/Group/Groups_P20312_F20312001/LevelGroup_P20312_F20312001_G241.json",
      "DimensionFilter": {},
      "Name": "Find",
      "ID": 241
    },
    {
      "GroupGUID": "2a89fa05-4921-400c-b154-2b923835baad",
      "GroupPath": "Config/LevelOutput/Group/Groups_P20312_F20312001/LevelGroup_P20312_F20312001_G242.json",
      "DimensionFilter": {},
      "Name": "MainMission1030501_15",
      "ID": 242
    },
    {
      "GroupGUID": "027d46fd-6115-4bfa-ae7e-8b68f2fb5042",
      "GroupPath": "Config/LevelOutput/Group/Groups_P20312_F20312001/LevelGroup_P20312_F20312001_G244.json",
      "DimensionFilter": {},
      "Name": "MainMission4540101_TravelPoint",
      "ID": 244
    },
    {
      "GroupGUID": "4de3fa90-47ac-4575-9937-8cc4ee35dd3a",
      "GroupPath": "Config/LevelOutput/Group/Groups_P20312_F20312001/LevelGroup_P20312_F20312001_G245.json",
      "DimensionFilter": {},
      "Name": "MainMission4540402_TravelPoint",
      "ID": 245
    },
    {
      "GroupGUID": "004f5158-db87-48d0-ad95-38cf043d48c1",
      "GroupPath": "Config/LevelOutput/Group/Groups_P20312_F20312001/LevelGroup_P20312_F20312001_G246.json",
      "DimensionFilter": {},
      "Name": "JigsawPuzzle_P102_Normal_04_FenceToDisappear",
      "ID": 246
    },
    {
      "GroupGUID": "13a8f7d1-47df-49a0-988c-c24f6b42d569",
      "GroupPath": "Config/LevelOutput/Group/Groups_P20312_F20312001/LevelGroup_P20312_F20312001_G248.json",
      "DimensionFilter": {},
      "Name": "SafeRoom",
      "ID": 248
    },
    {
      "GroupGUID": "919492bb-ac2e-44a6-b731-ab9cb57492a5",
      "GroupPath": "Config/LevelOutput/Group/Groups_P20312_F20312001/LevelGroup_P20312_F20312001_G249.json",
      "DimensionFilter": {},
      "Name": "SafeRoom",
      "ID": 249
    },
    {
      "GroupGUID": "7224a8ca-7128-4b09-8541-f868d7bf925b",
      "GroupPath": "Config/LevelOutput/Group/Groups_P20312_F20312001/LevelGroup_P20312_F20312001_G250.json",
      "DimensionFilter": {},
      "Name": "MainMission4540403_New Group",
      "ID": 250
    },
    {
      "GroupGUID": "4469d956-a3bb-4aff-8342-7f21b5bbd099",
      "GroupPath": "Config/LevelOutput/Group/Groups_P20312_F20312001/LevelGroup_P20312_F20312001_G251.json",
      "DimensionFilter": {},
      "Name": "MainMission4540407_New Group",
      "ID": 251
    },
    {
      "GroupGUID": "7691d123-118a-4f36-89e4-36053482706d",
      "GroupPath": "Config/LevelOutput/Group/Groups_P20312_F20312001/LevelGroup_P20312_F20312001_G252.json",
      "DimensionFilter": {},
      "Name": "MainMission4540406_New Group",
      "ID": 252
    },
    {
      "GroupGUID": "f7eaee0b-0fbc-4638-9ea7-ceaa94fce43f",
      "GroupPath": "Config/LevelOutput/Group/Groups_P20312_F20312001/LevelGroup_P20312_F20312001_G253.json",
      "DimensionFilter": {},
      "Name": "Find",
      "ID": 253
    },
    {
      "GroupGUID": "33d305a4-a009-4864-9ff8-2189cbb7ede1",
      "GroupPath": "Config/LevelOutput/Group/Groups_P20312_F20312001/LevelGroup_P20312_F20312001_G254.json",
      "DimensionFilter": {},
      "Name": "Find",
      "ID": 254
    },
    {
      "GroupGUID": "2bf68df3-537e-45e8-9489-ff3417d0a857",
      "GroupPath": "Config/LevelOutput/Group/Groups_P20312_F20312001/LevelGroup_P20312_F20312001_G255.json",
      "DimensionFilter": {},
      "Name": "AchievementTrigger",
      "ID": 255
    },
    {
      "GroupGUID": "d4a1e662-58cb-48d1-8825-097beaea756c",
      "GroupPath": "Config/LevelOutput/Group/Groups_P20312_F20312001/LevelGroup_P20312_F20312001_G256.json",
      "DimensionFilter": {},
      "Name": "JigsawPuzzle_P102_Normal_01_TreasureBox",
      "ID": 256
    },
    {
      "GroupGUID": "52a521d0-6d7d-49d5-a23b-177317723229",
      "GroupPath": "Config/LevelOutput/Group/Groups_P20312_F20312001/LevelGroup_P20312_F20312001_G257.json",
      "DimensionFilter": {},
      "Name": "JigsawPuzzle_P102_Normal_02_TreasureBox",
      "ID": 257
    },
    {
      "GroupGUID": "9df441e1-da0d-4ac6-9995-8c485dfe7ca7",
      "GroupPath": "Config/LevelOutput/Group/Groups_P20312_F20312001/LevelGroup_P20312_F20312001_G258.json",
      "DimensionFilter": {},
      "Name": "JigsawPuzzle_P102_Normal_03_TreasureBox",
      "ID": 258
    },
    {
      "GroupGUID": "6a61be54-779f-4285-9d0c-9aba700a7590",
      "GroupPath": "Config/LevelOutput/Group/Groups_P20312_F20312001/LevelGroup_P20312_F20312001_G259.json",
      "DimensionFilter": {},
      "Name": "Book",
      "ID": 259
    },
    {
      "GroupGUID": "6b15b9a0-a00d-44b9-aaef-e24b724013b3",
      "GroupPath": "Config/LevelOutput/Group/Groups_P20312_F20312001/LevelGroup_P20312_F20312001_G260.json",
      "DimensionFilter": {},
      "Name": "Music",
      "ID": 260
    },
    {
      "GroupGUID": "68b171fe-a1fe-4e6e-8e54-9e0afee68b69",
      "GroupPath": "Config/LevelOutput/Group/Groups_P20312_F20312001/LevelGroup_P20312_F20312001_G263.json",
      "DimensionFilter": {},
      "Name": "Sound",
      "ID": 263
    },
    {
      "GroupGUID": "61f9b7b5-b2e6-454d-b562-6c8e8e0c6061",
      "GroupPath": "Config/LevelOutput/Group/Groups_P20312_F20312001/LevelGroup_P20312_F20312001_G264.json",
      "DimensionFilter": {},
      "Name": "Sound",
      "ID": 264
    },
    {
      "GroupGUID": "753da98d-8a1d-4b85-b82e-68d611d61fe3",
      "GroupPath": "Config/LevelOutput/Group/Groups_P20312_F20312001/LevelGroup_P20312_F20312001_G265.json",
      "DimensionFilter": {},
      "Name": "Sound-Reverb",
      "ID": 265
    },
    {
      "GroupGUID": "0fb48255-6f3c-4b89-a6a6-1b0757b463ee",
      "GroupPath": "Config/LevelOutput/Group/Groups_P20312_F20312001/LevelGroup_P20312_F20312001_G266.json",
      "DimensionFilter": {},
      "Name": "GravityBoard_Tutorial",
      "ID": 266
    },
    {
      "GroupGUID": "b5a39358-7697-4b2d-9e24-eb08b830e1a0",
      "GroupPath": "Config/LevelOutput/Group/Groups_P20312_F20312001/LevelGroup_P20312_F20312001_G273.json",
      "DimensionFilter": {},
      "Name": "DefaultChest_1_Pose0",
      "ID": 273
    },
    {
      "GroupGUID": "370706e8-e600-46ef-9a38-17dffe37f6c9",
      "GroupPath": "Config/LevelOutput/Group/Groups_P20312_F20312001/LevelGroup_P20312_F20312001_G274.json",
      "DimensionFilter": {},
      "Name": "MainMission1030501_41",
      "ID": 274
    },
    {
      "GroupGUID": "ecec8867-3179-4860-adf6-7772887d5f6d",
      "GroupPath": "Config/LevelOutput/Group/Groups_P20312_F20312001/LevelGroup_P20312_F20312001_G275.json",
      "DimensionFilter": {},
      "Name": "sound",
      "ID": 275
    },
    {
      "GroupGUID": "bd0b6c33-95c0-4e67-837b-f21c2d5cdb4e",
      "GroupPath": "Config/LevelOutput/Group/Groups_P20312_F20312001/LevelGroup_P20312_F20312001_G276.json",
      "DimensionFilter": {},
      "Name": "GuidancePoint",
      "ID": 276
    },
    {
      "GroupGUID": "684cf72e-1f4d-44cf-8474-f85164631b48",
      "GroupPath": "Config/LevelOutput/Group/Groups_P20312_F20312001/LevelGroup_P20312_F20312001_G277.json",
      "DimensionFilter": {},
      "Name": "GuidancePoint",
      "ID": 277
    },
    {
      "GroupGUID": "e6baea93-3673-49bd-b542-70cc09e8c2fe",
      "GroupPath": "Config/LevelOutput/Group/Groups_P20312_F20312001/LevelGroup_P20312_F20312001_G278.json",
      "DimensionFilter": {},
      "Name": "GuidancePoint",
      "ID": 278
    },
    {
      "GroupGUID": "ea6aef23-1fc4-4fec-b700-0e15423d0c6e",
      "GroupPath": "Config/LevelOutput/Group/Groups_P20312_F20312001/LevelGroup_P20312_F20312001_G279.json",
      "DimensionFilter": {},
      "Name": "GuidancePoint",
      "ID": 279
    },
    {
      "GroupGUID": "49d2673a-9d46-4879-84f0-f0230df5e3fb",
      "GroupPath": "Config/LevelOutput/Group/Groups_P20312_F20312001/LevelGroup_P20312_F20312001_G280.json",
      "DimensionFilter": {},
      "Name": "GuidancePoint",
      "ID": 280
    },
    {
      "GroupGUID": "d9747d9d-ae2b-4475-aaa0-fa5f52be0872",
      "GroupPath": "Config/LevelOutput/Group/Groups_P20312_F20312001/LevelGroup_P20312_F20312001_G281.json",
      "DimensionFilter": {},
      "Name": "MainMission1030501_Mazebuff",
      "ID": 281
    },
    {
      "GroupGUID": "9c290aac-ecb5-4843-9ba0-3d3d413122fe",
      "GroupPath": "Config/LevelOutput/Group/Groups_P20312_F20312001/LevelGroup_P20312_F20312001_G282.json",
      "DimensionFilter": {},
      "Name": "Book",
      "ID": 282
    },
    {
      "GroupGUID": "eab4b663-4dbd-4058-a0d8-10d1906d665d",
      "GroupPath": "Config/LevelOutput/Group/Groups_P20312_F20312001/LevelGroup_P20312_F20312001_G283.json",
      "DimensionFilter": {},
      "Name": "Book",
      "ID": 283
    },
    {
      "GroupGUID": "9a25fafa-3504-4089-9846-4a190c4f01a1",
      "GroupPath": "Config/LevelOutput/Group/Groups_P20312_F20312001/LevelGroup_P20312_F20312001_G284.json",
      "DimensionFilter": {},
      "Name": "MainMission1030501_39",
      "ID": 284
    }
  ],
  "DefaultEnviroProfile": "Stages/Outputs/Chapter03/EnviroProfile/Chap03_CloseView_MAZ_P102_Rota_night_01.enviroProfile.asset",
  "StageData": "Stages/Outputs/Chapter03/Stages/Chap03_MAZ_P102_StageData/Chap03_MAZ_P102_StageData.stage",
  "CameraType": "Maze",
  "TimeOfDayEnviroProfileMap": {},
  "LayerToAreaMask": [
    1
  ],
  "FloorCustomData": {
    "CustomValues": [
      {
        "$type": "RPG.GameCore.FloorCustomBoolConfig",
        "ID": 10002,
        "Name": "GetFirstCharge"
      }
    ],
    "SavedValues": [
      {
        "ID": 1,
        "Name": "SceneStateByMainMission",
        "AllowedValues": [
          0,
          1
        ],
        "MaxValue": 10
      },
      {
        "ID": 2,
        "Name": "TvSetsState",
        "AllowedValues": [],
        "MaxValue": 5
      },
      {
        "ID": 3,
        "Name": "DoorSetsState",
        "AllowedValues": [],
        "MaxValue": 2
      },
      {
        "ID": 4,
        "Name": "ToyRoomState",
        "AllowedValues": [],
        "MaxValue": 1
      },
      {
        "ID": 5,
        "Name": "GreyDoorSet",
        "DefaultValue": 1,
        "AllowedValues": [],
        "MaxValue": 1
      },
      {
        "ID": 6,
        "Name": "StudyDoorState",
        "AllowedValues": [],
        "MaxValue": 1
      }
    ],
    "ConstValues": [
      {
        "$type": "RPG.GameCore.FloorTargetAgentConfig",
        "AgentType": "Prop",
        "GroupID": 38,
        "InstanceID": 300002,
        "ID": 2,
        "Name": "Region01_Airlock"
      },
      {
        "$type": "RPG.GameCore.FloorTargetAgentConfig",
        "AgentType": "Prop",
        "GroupID": 40,
        "InstanceID": 300002,
        "ID": 3,
        "Name": "Region02_Airlock"
      },
      {
        "$type": "RPG.GameCore.FloorTargetAgentConfig",
        "AgentType": "Prop",
        "GroupID": 39,
        "InstanceID": 300002,
        "ID": 4,
        "Name": "Region10_Airlock"
      },
      {
        "$type": "RPG.GameCore.FloorTargetAgentConfig",
        "AgentType": "Prop",
        "GroupID": 40,
        "InstanceID": 300002,
        "ID": 5,
        "Name": "Region20_Airlock"
      },
      {
        "$type": "RPG.GameCore.FloorTargetAgentConfig",
        "AgentType": "Prop",
        "GroupID": 43,
        "InstanceID": 300002,
        "ID": 6,
        "Name": "Region23_Airlock1"
      },
      {
        "$type": "RPG.GameCore.FloorTargetAgentConfig",
        "AgentType": "Prop",
        "GroupID": 43,
        "InstanceID": 300002,
        "ID": 7,
        "Name": "Region32_Airlock1"
      },
      {
        "$type": "RPG.GameCore.FloorTargetAgentConfig",
        "AgentType": "Prop",
        "GroupID": 99,
        "InstanceID": 300002,
        "ID": 10,
        "Name": "Region23_Airlock2"
      },
      {
        "$type": "RPG.GameCore.FloorTargetAgentConfig",
        "AgentType": "Prop",
        "GroupID": 99,
        "InstanceID": 300002,
        "ID": 11,
        "Name": "Region32_Airlock2"
      }
    ]
  },
  "BattleAreaList": [],
  "DimensionList": [
    {}
  ],
  "LevelFeatureModules": [
    "RotatableRegion"
  ],
  "NavmapConfigPath": "Config/LevelOutput/Map/MapInfo_P20312_F20312001.json",
  "RegionConfigPath": "Config/LevelOutput/Region/FloorRegion_P20312_F20312001.json",
  "IsRestartLevelGraph": false
}