{
  "FloorID": 20332001,
  "FloorName": "FloorName_20332001",
  "StartGroupID": 1,
  "StartAnchorID": 1,
  "GroupList": [
    {
      "GroupGUID": "fbdb420a-bdb7-41ac-9972-0a5ec7025680",
      "GroupPath": "Config/LevelOutput/Group/Groups_P20332_F20332001/LevelGroup_P20332_F20332001_G1.json",
      "DimensionFilter": {},
      "Name": "DefaultGroup",
      "ID": 1
    },
    {
      "GroupGUID": "df05799e-3905-4f35-9b35-6b6a115c892b",
      "GroupPath": "Config/LevelOutput/Group/Groups_P20332_F20332001/LevelGroup_P20332_F20332001_G44.json",
      "DimensionFilter": {},
      "Name": "SceneController",
      "ID": 44
    },
    {
      "GroupGUID": "065dc989-594e-415c-a603-37bf5db6f9e2",
      "GroupPath": "Config/LevelOutput/Group/Groups_P20332_F20332001/LevelGroup_P20332_F20332001_G2.json",
      "DimensionFilter": {},
      "Name": "Charger",
      "ID": 2
    },
    {
      "GroupGUID": "72eaee86-0a32-4ff2-baba-8537220ec383",
      "GroupPath": "Config/LevelOutput/Group/Groups_P20332_F20332001/LevelGroup_P20332_F20332001_G3.json",
      "DimensionFilter": {
        "FilterType": "All"
      },
      "Name": "Charger",
      "ID": 3
    },
    {
      "GroupGUID": "13ef98e2-34bf-4f41-a757-4f28f2fba5a2",
      "GroupPath": "Config/LevelOutput/Group/Groups_P20332_F20332001/LevelGroup_P20332_F20332001_G113.json",
      "DimensionFilter": {},
      "Name": "MainMission1032902_05",
      "ID": 113
    },
    {
      "GroupGUID": "3dcbe46a-1029-4864-9612-26826acc2121",
      "GroupPath": "Config/LevelOutput/Group/Groups_P20332_F20332001/LevelGroup_P20332_F20332001_G4.json",
      "DimensionFilter": {},
      "Name": "Group_Pose2",
      "ID": 4
    },
    {
      "GroupGUID": "eee7b676-12c3-4a9b-bab4-e1e79bf577a0",
      "GroupPath": "Config/LevelOutput/Group/Groups_P20332_F20332001/LevelGroup_P20332_F20332001_G6.json",
      "DimensionFilter": {},
      "Name": "Group_Pose4",
      "ID": 6
    },
    {
      "GroupGUID": "c6793a99-d07e-44d6-9025-2f1a7d6babcd",
      "GroupPath": "Config/LevelOutput/Group/Groups_P20332_F20332001/LevelGroup_P20332_F20332001_G7.json",
      "DimensionFilter": {},
      "Name": "Group_Pose5",
      "ID": 7
    },
    {
      "GroupGUID": "745ac59a-1288-4457-bf5f-70f4b48b853e",
      "GroupPath": "Config/LevelOutput/Group/Groups_P20332_F20332001/LevelGroup_P20332_F20332001_G8.json",
      "DimensionFilter": {},
      "Name": "GravityWallIn",
      "ID": 8
    },
    {
      "GroupGUID": "1a6ee4bc-7f69-4ef4-94d5-7f2cb6c2456a",
      "GroupPath": "Config/LevelOutput/Group/Groups_P20332_F20332001/LevelGroup_P20332_F20332001_G9.json",
      "DimensionFilter": {},
      "Name": "Default_CheckPoint",
      "ID": 9
    },
    {
      "GroupGUID": "e29a5fad-8de5-4ce6-ab23-6ab244bcf414",
      "GroupPath": "Config/LevelOutput/Group/Groups_P20332_F20332001/LevelGroup_P20332_F20332001_G11.json",
      "DimensionFilter": {},
      "Name": "Default_Chest",
      "ID": 11
    },
    {
      "GroupGUID": "b11cbd12-2630-4ac7-be2e-39bd678705b4",
      "GroupPath": "Config/LevelOutput/Group/Groups_P20332_F20332001/LevelGroup_P20332_F20332001_G12.json",
      "DimensionFilter": {
        "FilterType": "All"
      },
      "Name": "DefaultDistructable",
      "ID": 12
    },
    {
      "GroupGUID": "f9a002a1-0e6a-4083-b33d-531819842181",
      "GroupPath": "Config/LevelOutput/Group/Groups_P20332_F20332001/LevelGroup_P20332_F20332001_G13.json",
      "DimensionFilter": {},
      "Name": "Monster_ChestMonster",
      "ID": 13
    },
    {
      "GroupGUID": "51daea78-f077-42b8-8019-676b8fb503e8",
      "GroupPath": "Config/LevelOutput/Group/Groups_P20332_F20332001/LevelGroup_P20332_F20332001_G360.json",
      "DimensionFilter": {},
      "Name": "WeeklyRaid",
      "ID": 360
    },
    {
      "GroupGUID": "966ad440-54ce-43ea-9458-663a4d79fe6e",
      "GroupPath": "Config/LevelOutput/Group/Groups_P20332_F20332001/LevelGroup_P20332_F20332001_G14.json",
      "DimensionFilter": {},
      "Name": "FramePortal",
      "ID": 14
    },
    {
      "GroupGUID": "0c403e10-7761-4ce6-b542-647d93889c98",
      "GroupPath": "Config/LevelOutput/Group/Groups_P20332_F20332001/LevelGroup_P20332_F20332001_G23.json",
      "DimensionFilter": {},
      "Name": "FramePortal",
      "ID": 23
    },
    {
      "GroupGUID": "a603ab74-2763-4be8-ab64-87b8cff36ffe",
      "GroupPath": "Config/LevelOutput/Group/Groups_P20332_F20332001/LevelGroup_P20332_F20332001_G25.json",
      "DimensionFilter": {},
      "Name": "FramePortal",
      "ID": 25
    },
    {
      "GroupGUID": "1d0858c7-5d31-4985-b61a-160b2811baed",
      "GroupPath": "Config/LevelOutput/Group/Groups_P20332_F20332001/LevelGroup_P20332_F20332001_G24.json",
      "DimensionFilter": {},
      "Name": "FramePortal",
      "ID": 24
    },
    {
      "GroupGUID": "019a63a8-48ae-4a45-a309-e6d7e5cb4817",
      "GroupPath": "Config/LevelOutput/Group/Groups_P20332_F20332001/LevelGroup_P20332_F20332001_G26.json",
      "DimensionFilter": {},
      "Name": "FramePortal",
      "ID": 26
    },
    {
      "GroupGUID": "d08ddc3e-3d42-477a-ba2e-505be682c336",
      "GroupPath": "Config/LevelOutput/Group/Groups_P20332_F20332001/LevelGroup_P20332_F20332001_G41.json",
      "DimensionFilter": {},
      "Name": "FramePortal",
      "ID": 41
    },
    {
      "GroupGUID": "581a5868-7408-4ace-bf49-a649ec576979",
      "GroupPath": "Config/LevelOutput/Group/Groups_P20332_F20332001/LevelGroup_P20332_F20332001_G28.json",
      "DimensionFilter": {},
      "Name": "FramePortal",
      "ID": 28
    },
    {
      "GroupGUID": "15c7cf0a-eccb-4aad-b082-88fef34632e4",
      "GroupPath": "Config/LevelOutput/Group/Groups_P20332_F20332001/LevelGroup_P20332_F20332001_G29.json",
      "DimensionFilter": {},
      "Name": "FramePortal",
      "ID": 29
    },
    {
      "GroupGUID": "81425893-05c1-4951-8ea9-42a605f7c53d",
      "GroupPath": "Config/LevelOutput/Group/Groups_P20332_F20332001/LevelGroup_P20332_F20332001_G45.json",
      "DimensionFilter": {},
      "Name": "Gravity_Volume03",
      "ID": 45
    },
    {
      "GroupGUID": "13eadc13-a535-4292-ab27-443415912587",
      "GroupPath": "Config/LevelOutput/Group/Groups_P20332_F20332001/LevelGroup_P20332_F20332001_G46.json",
      "DimensionFilter": {},
      "Name": "Gravity_Charger03",
      "ID": 46
    },
    {
      "GroupGUID": "192147fa-cb57-409a-9d76-000277f15813",
      "GroupPath": "Config/LevelOutput/Group/Groups_P20332_F20332001/LevelGroup_P20332_F20332001_G50.json",
      "DimensionFilter": {
        "FilterType": "All"
      },
      "Name": "Charger",
      "ID": 50
    },
    {
      "GroupGUID": "3015a1c7-ebb2-4ced-a2d4-468da1e964bd",
      "GroupPath": "Config/LevelOutput/Group/Groups_P20332_F20332001/LevelGroup_P20332_F20332001_G60.json",
      "DimensionFilter": {
        "FilterType": "All"
      },
      "Name": "Charger",
      "ID": 60
    },
    {
      "GroupGUID": "d2c8b335-aceb-4018-995d-0819137a7296",
      "GroupPath": "Config/LevelOutput/Group/Groups_P20332_F20332001/LevelGroup_P20332_F20332001_G61.json",
      "DimensionFilter": {},
      "Name": "Charger",
      "ID": 61
    },
    {
      "GroupGUID": "88462cf2-19fe-45f2-b595-453b252854fb",
      "GroupPath": "Config/LevelOutput/Group/Groups_P20332_F20332001/LevelGroup_P20332_F20332001_G62.json",
      "DimensionFilter": {},
      "Name": "GravityWallOut",
      "ID": 62
    },
    {
      "GroupGUID": "ef904bf4-6f68-4c07-a0a8-5af326d41efb",
      "GroupPath": "Config/LevelOutput/Group/Groups_P20332_F20332001/LevelGroup_P20332_F20332001_G64.json",
      "DimensionFilter": {},
      "Name": "Chest",
      "ID": 64
    },
    {
      "GroupGUID": "bdbb3683-7b9a-4030-8386-31439c8bf61d",
      "GroupPath": "Config/LevelOutput/Group/Groups_P20332_F20332001/LevelGroup_P20332_F20332001_G66.json",
      "DimensionFilter": {},
      "Name": "Chest",
      "ID": 66
    },
    {
      "GroupGUID": "a6489838-35ca-4637-b8a3-342a3a9331b2",
      "GroupPath": "Config/LevelOutput/Group/Groups_P20332_F20332001/LevelGroup_P20332_F20332001_G68.json",
      "DimensionFilter": {
        "FilterType": "All"
      },
      "Name": "Chest",
      "ID": 68
    },
    {
      "GroupGUID": "a28f6528-0752-48ac-8113-41b60b20ff52",
      "GroupPath": "Config/LevelOutput/Group/Groups_P20332_F20332001/LevelGroup_P20332_F20332001_G73.json",
      "DimensionFilter": {},
      "Name": "CurtainHugh",
      "ID": 73
    },
    {
      "GroupGUID": "ad6b6d27-8a49-41e7-a35c-e00969a536d4",
      "GroupPath": "Config/LevelOutput/Group/Groups_P20332_F20332001/LevelGroup_P20332_F20332001_G74.json",
      "DimensionFilter": {},
      "Name": "CurtainSmall",
      "ID": 74
    },
    {
      "GroupGUID": "ccc92b4b-16d6-4f56-a8b0-e082d168a846",
      "GroupPath": "Config/LevelOutput/Group/Groups_P20332_F20332001/LevelGroup_P20332_F20332001_G80.json",
      "DimensionFilter": {},
      "Name": "WolfMonster",
      "ID": 80
    },
    {
      "GroupGUID": "ab38fad4-7ce2-4f5d-9d80-81caf5059936",
      "GroupPath": "Config/LevelOutput/Group/Groups_P20332_F20332001/LevelGroup_P20332_F20332001_G81.json",
      "DimensionFilter": {},
      "Name": "WolfGroup",
      "ID": 81
    },
    {
      "GroupGUID": "ebaa32ca-c98f-4056-af35-a3dd6424b3f2",
      "GroupPath": "Config/LevelOutput/Group/Groups_P20332_F20332001/LevelGroup_P20332_F20332001_G82.json",
      "DimensionFilter": {},
      "Name": "WolfGroup",
      "ID": 82
    },
    {
      "GroupGUID": "0d005244-3a46-4f1e-9f58-143c7c6f608a",
      "GroupPath": "Config/LevelOutput/Group/Groups_P20332_F20332001/LevelGroup_P20332_F20332001_G83.json",
      "DimensionFilter": {},
      "Name": "Chest",
      "ID": 83
    },
    {
      "GroupGUID": "57962b23-df1d-431d-bf23-813dfdf6ff53",
      "GroupPath": "Config/LevelOutput/Group/Groups_P20332_F20332001/LevelGroup_P20332_F20332001_G88.json",
      "DimensionFilter": {},
      "Name": "VolumeIn_2Point_01",
      "ID": 88,
      "IsDelete": true
    },
    {
      "GroupGUID": "05bb6e9f-6ea8-4620-a4a0-cfb81d20ad3c",
      "GroupPath": "Config/LevelOutput/Group/Groups_P20332_F20332001/LevelGroup_P20332_F20332001_G90.json",
      "DimensionFilter": {},
      "Name": "VolumeIn_2Point_01_Controller_02",
      "ID": 90,
      "IsDelete": true
    },
    {
      "GroupGUID": "b93fffc9-6352-445f-92d7-5bb6fe9b33a4",
      "GroupPath": "Config/LevelOutput/Group/Groups_P20332_F20332001/LevelGroup_P20332_F20332001_G87.json",
      "DimensionFilter": {},
      "Name": "charger",
      "ID": 87
    },
    {
      "GroupGUID": "1f5503d8-0736-4d7c-b8ee-ee0c2830a405",
      "GroupPath": "Config/LevelOutput/Group/Groups_P20332_F20332001/LevelGroup_P20332_F20332001_G92.json",
      "DimensionFilter": {},
      "Name": "Chest",
      "ID": 92
    },
    {
      "GroupGUID": "803e11ff-fdd0-4594-aa55-3225f06c9407",
      "GroupPath": "Config/LevelOutput/Group/Groups_P20332_F20332001/LevelGroup_P20332_F20332001_G94.json",
      "DimensionFilter": {},
      "Name": "MainMission1032902_01",
      "ID": 94
    },
    {
      "GroupGUID": "08065bc3-dd86-4aad-81e6-de6669d43e34",
      "GroupPath": "Config/LevelOutput/Group/Groups_P20332_F20332001/LevelGroup_P20332_F20332001_G95.json",
      "DimensionFilter": {},
      "Name": "MainMission1032902_02",
      "ID": 95
    },
    {
      "GroupGUID": "9c0bcdf7-a240-45ba-af76-81bc7ef2be16",
      "GroupPath": "Config/LevelOutput/Group/Groups_P20332_F20332001/LevelGroup_P20332_F20332001_G96.json",
      "DimensionFilter": {},
      "Name": "MainMission1032902_03",
      "ID": 96
    },
    {
      "GroupGUID": "65543bf7-b9ec-4be7-a985-727539380a7f",
      "GroupPath": "Config/LevelOutput/Group/Groups_P20332_F20332001/LevelGroup_P20332_F20332001_G97.json",
      "DimensionFilter": {},
      "Name": "MainMission1032902_04",
      "ID": 97
    },
    {
      "GroupGUID": "9b31b99c-0c48-424e-a20c-71a00a6e7bc0",
      "GroupPath": "Config/LevelOutput/Group/Groups_P20332_F20332001/LevelGroup_P20332_F20332001_G101.json",
      "DimensionFilter": {},
      "Name": "MainMission1032902_08",
      "ID": 101
    },
    {
      "GroupGUID": "3927118d-2572-408b-acb9-e7893142ed43",
      "GroupPath": "Config/LevelOutput/Group/Groups_P20332_F20332001/LevelGroup_P20332_F20332001_G105.json",
      "DimensionFilter": {},
      "Name": "MainMission1032902_12",
      "ID": 105
    },
    {
      "GroupGUID": "48e01f47-feee-454a-8eac-e8b46cb35b58",
      "GroupPath": "Config/LevelOutput/Group/Groups_P20332_F20332001/LevelGroup_P20332_F20332001_G106.json",
      "DimensionFilter": {},
      "Name": "MainMission1032902_13",
      "ID": 106
    },
    {
      "GroupGUID": "110bbfbe-1f4e-411b-85b2-0884c76316df",
      "GroupPath": "Config/LevelOutput/Group/Groups_P20332_F20332001/LevelGroup_P20332_F20332001_G107.json",
      "DimensionFilter": {},
      "Name": "MainMission1032902_51",
      "ID": 107
    },
    {
      "GroupGUID": "8964b32a-33bd-480d-80fb-d5ef9a589cab",
      "GroupPath": "Config/LevelOutput/Group/Groups_P20332_F20332001/LevelGroup_P20332_F20332001_G108.json",
      "DimensionFilter": {},
      "Name": "MainMission1032902_15",
      "ID": 108
    },
    {
      "GroupGUID": "1f4a31fa-439f-4981-92ba-3d808cd5605a",
      "GroupPath": "Config/LevelOutput/Group/Groups_P20332_F20332001/LevelGroup_P20332_F20332001_G109.json",
      "DimensionFilter": {},
      "Name": "MainMission1032902_16",
      "ID": 109
    },
    {
      "GroupGUID": "f164a924-f380-45ba-b7c2-005154ef0d6e",
      "GroupPath": "Config/LevelOutput/Group/Groups_P20332_F20332001/LevelGroup_P20332_F20332001_G112.json",
      "DimensionFilter": {},
      "Name": "Gravity_Charger03",
      "ID": 112
    },
    {
      "GroupGUID": "decfd75d-fd77-4376-a454-2b4df04bb408",
      "GroupPath": "Config/LevelOutput/Group/Groups_P20332_F20332001/LevelGroup_P20332_F20332001_G114.json",
      "DimensionFilter": {},
      "Name": "MainMission1032902_06",
      "ID": 114
    },
    {
      "GroupGUID": "e95cb63e-87b6-4cd1-a01e-3aeecfcfc3d0",
      "GroupPath": "Config/LevelOutput/Group/Groups_P20332_F20332001/LevelGroup_P20332_F20332001_G115.json",
      "DimensionFilter": {},
      "Name": "MainMission1032902_07",
      "ID": 115
    },
    {
      "GroupGUID": "778aafc2-3068-410c-9b7f-a8dafb6a4662",
      "GroupPath": "Config/LevelOutput/Group/Groups_P20332_F20332001/LevelGroup_P20332_F20332001_G116.json",
      "DimensionFilter": {},
      "Name": "MainMission1032902_09",
      "ID": 116
    },
    {
      "GroupGUID": "425a112f-1885-4fa0-9bc4-dfb28f439fd9",
      "GroupPath": "Config/LevelOutput/Group/Groups_P20332_F20332001/LevelGroup_P20332_F20332001_G117.json",
      "DimensionFilter": {},
      "Name": "MainMission1032902_10",
      "ID": 117
    },
    {
      "GroupGUID": "14692b3a-6319-42ae-a461-e2a7ec74e038",
      "GroupPath": "Config/LevelOutput/Group/Groups_P20332_F20332001/LevelGroup_P20332_F20332001_G118.json",
      "DimensionFilter": {},
      "Name": "MainMission1032902_11",
      "ID": 118
    },
    {
      "GroupGUID": "ba128b95-dd22-43d6-8486-a892a21e1ca6",
      "GroupPath": "Config/LevelOutput/Group/Groups_P20332_F20332001/LevelGroup_P20332_F20332001_G120.json",
      "DimensionFilter": {},
      "Name": "MainMission1032902_13",
      "ID": 120
    },
    {
      "GroupGUID": "50d389cf-ddc3-47c5-8bdf-53f6700a65e1",
      "GroupPath": "Config/LevelOutput/Group/Groups_P20332_F20332001/LevelGroup_P20332_F20332001_G121.json",
      "DimensionFilter": {},
      "Name": "MainMission1032902_14",
      "ID": 121
    },
    {
      "GroupGUID": "3fd76a8e-18e7-4551-b9f1-ed57db886d78",
      "GroupPath": "Config/LevelOutput/Group/Groups_P20332_F20332001/LevelGroup_P20332_F20332001_G122.json",
      "DimensionFilter": {},
      "Name": "MainMission1032902_15",
      "ID": 122
    },
    {
      "GroupGUID": "443b1715-3f26-46c2-948c-d2aa6e9f5353",
      "GroupPath": "Config/LevelOutput/Group/Groups_P20332_F20332001/LevelGroup_P20332_F20332001_G119.json",
      "DimensionFilter": {},
      "Name": "VolumeOut_3Point_01",
      "ID": 119,
      "IsDelete": true
    },
    {
      "GroupGUID": "caddc52c-0440-455e-95c3-51dad78f5975",
      "GroupPath": "Config/LevelOutput/Group/Groups_P20332_F20332001/LevelGroup_P20332_F20332001_G127.json",
      "DimensionFilter": {},
      "Name": "OneWayBridge",
      "ID": 127
    },
    {
      "GroupGUID": "941d3919-f5c3-401d-923b-f6cf870b0be4",
      "GroupPath": "Config/LevelOutput/Group/Groups_P20332_F20332001/LevelGroup_P20332_F20332001_G128.json",
      "DimensionFilter": {},
      "Name": "OneWayBridge",
      "ID": 128
    },
    {
      "GroupGUID": "f79192e4-3c25-49cc-8f56-d7ddcd034b3f",
      "GroupPath": "Config/LevelOutput/Group/Groups_P20332_F20332001/LevelGroup_P20332_F20332001_G129.json",
      "DimensionFilter": {},
      "Name": "OneWayBridge",
      "ID": 129
    },
    {
      "GroupGUID": "d8175e11-8b13-4fa7-be74-edcb6d8ed315",
      "GroupPath": "Config/LevelOutput/Group/Groups_P20332_F20332001/LevelGroup_P20332_F20332001_G131.json",
      "DimensionFilter": {},
      "Name": "OneWayBridge",
      "ID": 131
    },
    {
      "GroupGUID": "37576651-3679-4912-87c2-2b2eb50c708d",
      "GroupPath": "Config/LevelOutput/Group/Groups_P20332_F20332001/LevelGroup_P20332_F20332001_G134.json",
      "DimensionFilter": {},
      "Name": "Chest",
      "ID": 134
    },
    {
      "GroupGUID": "1e977674-551c-42f5-bbd1-9ea3c29849a6",
      "GroupPath": "Config/LevelOutput/Group/Groups_P20332_F20332001/LevelGroup_P20332_F20332001_G142.json",
      "DimensionFilter": {},
      "Name": "MainMission1032902_18",
      "ID": 142
    },
    {
      "GroupGUID": "993015a0-cb17-4b2a-b478-1fce1ec44077",
      "GroupPath": "Config/LevelOutput/Group/Groups_P20332_F20332001/LevelGroup_P20332_F20332001_G151.json",
      "DimensionFilter": {},
      "Name": "MainMission1032902_III1",
      "ID": 151
    },
    {
      "GroupGUID": "0a650c4e-8f41-441f-89f9-538f2cc91556",
      "GroupPath": "Config/LevelOutput/Group/Groups_P20332_F20332001/LevelGroup_P20332_F20332001_G152.json",
      "DimensionFilter": {},
      "Name": "MainMission1032902_III2",
      "ID": 152
    },
    {
      "GroupGUID": "b54ff417-21ad-4a47-962f-025288136c97",
      "GroupPath": "Config/LevelOutput/Group/Groups_P20332_F20332001/LevelGroup_P20332_F20332001_G153.json",
      "DimensionFilter": {},
      "Name": "MainMission1032902_III7",
      "ID": 153
    },
    {
      "GroupGUID": "74833222-9d36-497a-b28d-283aa7bad014",
      "GroupPath": "Config/LevelOutput/Group/Groups_P20332_F20332001/LevelGroup_P20332_F20332001_G156.json",
      "DimensionFilter": {},
      "Name": "MainMission1032902_III4",
      "ID": 156
    },
    {
      "GroupGUID": "2d5c02f8-278d-45fb-a8dd-f09c189e514e",
      "GroupPath": "Config/LevelOutput/Group/Groups_P20332_F20332001/LevelGroup_P20332_F20332001_G157.json",
      "DimensionFilter": {},
      "Name": "MainMission1032902_III3",
      "ID": 157
    },
    {
      "GroupGUID": "4e9d253f-d2a7-4f50-b68d-94e54ccff6c8",
      "GroupPath": "Config/LevelOutput/Group/Groups_P20332_F20332001/LevelGroup_P20332_F20332001_G158.json",
      "DimensionFilter": {},
      "Name": "MainMission1032902_01",
      "ID": 158
    },
    {
      "GroupGUID": "c76533cd-b615-4cf0-8e41-a163c8a75890",
      "GroupPath": "Config/LevelOutput/Group/Groups_P20332_F20332001/LevelGroup_P20332_F20332001_G160.json",
      "DimensionFilter": {},
      "Name": "MainMission1032902_10",
      "ID": 160
    },
    {
      "GroupGUID": "b06d7370-bf32-4c0e-a5f9-4db4d0d2ef00",
      "GroupPath": "Config/LevelOutput/Group/Groups_P20332_F20332001/LevelGroup_P20332_F20332001_G161.json",
      "DimensionFilter": {},
      "Name": "MainMission1032902_III5",
      "ID": 161
    },
    {
      "GroupGUID": "62f16a32-d2b4-4108-9428-96dd9d1bcf3c",
      "GroupPath": "Config/LevelOutput/Group/Groups_P20332_F20332001/LevelGroup_P20332_F20332001_G163.json",
      "DimensionFilter": {},
      "Name": "MainMission1032902_III6",
      "ID": 163
    },
    {
      "GroupGUID": "f6b6743a-4462-45a4-b7bb-73366de2fb86",
      "GroupPath": "Config/LevelOutput/Group/Groups_P20332_F20332001/LevelGroup_P20332_F20332001_G165.json",
      "DimensionFilter": {},
      "Name": "MainMission1032902_A",
      "ID": 165
    },
    {
      "GroupGUID": "b5e1c65a-bee2-4931-a949-6458d04b75ef",
      "GroupPath": "Config/LevelOutput/Group/Groups_P20332_F20332001/LevelGroup_P20332_F20332001_G166.json",
      "DimensionFilter": {},
      "Name": "MainMission1032902_B",
      "ID": 166
    },
    {
      "GroupGUID": "0570ecb5-2586-45dc-914b-5f761ddaabf5",
      "GroupPath": "Config/LevelOutput/Group/Groups_P20332_F20332001/LevelGroup_P20332_F20332001_G167.json",
      "DimensionFilter": {},
      "Name": "MainMission1032902_C",
      "ID": 167
    },
    {
      "GroupGUID": "b1dc27e5-7477-404b-93bd-8b4a9bac66e3",
      "GroupPath": "Config/LevelOutput/Group/Groups_P20332_F20332001/LevelGroup_P20332_F20332001_G168.json",
      "DimensionFilter": {},
      "Name": "MainMission1032902_D",
      "ID": 168
    },
    {
      "GroupGUID": "9e2eb7c1-8ac8-4e91-9219-a3a807a8248a",
      "GroupPath": "Config/LevelOutput/Group/Groups_P20332_F20332001/LevelGroup_P20332_F20332001_G169.json",
      "DimensionFilter": {},
      "Name": "MainMission1032902_E",
      "ID": 169
    },
    {
      "GroupGUID": "6d2c9711-845a-4919-9518-efcf9d12a3b3",
      "GroupPath": "Config/LevelOutput/Group/Groups_P20332_F20332001/LevelGroup_P20332_F20332001_G171.json",
      "DimensionFilter": {},
      "Name": "MainMission1032902_20",
      "ID": 171
    },
    {
      "GroupGUID": "e226ff8f-5f5d-4bf8-bdea-3b1e9a3cf173",
      "GroupPath": "Config/LevelOutput/Group/Groups_P20332_F20332001/LevelGroup_P20332_F20332001_G173.json",
      "DimensionFilter": {
        "FilterType": "All"
      },
      "Name": "Crowd",
      "ID": 173
    },
    {
      "GroupGUID": "c416f140-889b-4eb4-a9dd-ec84847a2a9c",
      "GroupPath": "Config/LevelOutput/Group/Groups_P20332_F20332001/LevelGroup_P20332_F20332001_G174.json",
      "DimensionFilter": {},
      "Name": "MainMission1032902_22",
      "ID": 174
    },
    {
      "GroupGUID": "a6688c95-b113-4826-ab15-b465f96d3909",
      "GroupPath": "Config/LevelOutput/Group/Groups_P20332_F20332001/LevelGroup_P20332_F20332001_G175.json",
      "DimensionFilter": {},
      "Name": "MainMission1032902_071",
      "ID": 175
    },
    {
      "GroupGUID": "a913b18f-903d-42d6-bacf-d531745b2b82",
      "GroupPath": "Config/LevelOutput/Group/Groups_P20332_F20332001/LevelGroup_P20332_F20332001_G176.json",
      "DimensionFilter": {},
      "Name": "MainMission1032902_072",
      "ID": 176
    },
    {
      "GroupGUID": "92b4a15e-6682-4d2a-a091-5f99056c0113",
      "GroupPath": "Config/LevelOutput/Group/Groups_P20332_F20332001/LevelGroup_P20332_F20332001_G177.json",
      "DimensionFilter": {},
      "Name": "MainMission1032902_24",
      "ID": 177
    },
    {
      "GroupGUID": "28893aac-043b-4dc7-93c2-e6aabbb50253",
      "GroupPath": "Config/LevelOutput/Group/Groups_P20332_F20332001/LevelGroup_P20332_F20332001_G179.json",
      "DimensionFilter": {},
      "Name": "BossControl",
      "ID": 179
    },
    {
      "GroupGUID": "f485b3bf-3d15-4d03-bca9-0227ca3d6a58",
      "GroupPath": "Config/LevelOutput/Group/Groups_P20332_F20332001/LevelGroup_P20332_F20332001_G182.json",
      "DimensionFilter": {},
      "Name": "MainMission1032902_25",
      "ID": 182
    },
    {
      "GroupGUID": "b0da4ea6-31e8-4855-8aa9-402b71b9b91a",
      "GroupPath": "Config/LevelOutput/Group/Groups_P20332_F20332001/LevelGroup_P20332_F20332001_G183.json",
      "DimensionFilter": {},
      "Name": "MainMission1032902_04",
      "ID": 183
    },
    {
      "GroupGUID": "c569e74f-c2f4-4ddc-859c-6194e32036d9",
      "GroupPath": "Config/LevelOutput/Group/Groups_P20332_F20332001/LevelGroup_P20332_F20332001_G185.json",
      "DimensionFilter": {},
      "Name": "MainMission1032902_11",
      "ID": 185
    },
    {
      "GroupGUID": "2fd98132-5a51-4314-9bc6-e3702e4f7093",
      "GroupPath": "Config/LevelOutput/Group/Groups_P20332_F20332001/LevelGroup_P20332_F20332001_G186.json",
      "DimensionFilter": {},
      "Name": "MainMission1032902_11",
      "ID": 186
    },
    {
      "GroupGUID": "ab5804e5-cc0f-45e1-ad44-1a23ee332ae5",
      "GroupPath": "Config/LevelOutput/Group/Groups_P20332_F20332001/LevelGroup_P20332_F20332001_G187.json",
      "DimensionFilter": {},
      "Name": "MainMission1032902_25",
      "ID": 187
    },
    {
      "GroupGUID": "ec79798c-b65c-4388-8a69-53095a9739aa",
      "GroupPath": "Config/LevelOutput/Group/Groups_P20332_F20332001/LevelGroup_P20332_F20332001_G188.json",
      "DimensionFilter": {},
      "Name": "MainMission1032902_27",
      "ID": 188
    },
    {
      "GroupGUID": "f5fdbb53-8f86-40d2-a640-8b283b0455e4",
      "GroupPath": "Config/LevelOutput/Group/Groups_P20332_F20332001/LevelGroup_P20332_F20332001_G189.json",
      "DimensionFilter": {},
      "Name": "MainMission1032902_29",
      "ID": 189
    },
    {
      "GroupGUID": "307b4fcd-ad62-4439-9baa-3f9057c8eea6",
      "GroupPath": "Config/LevelOutput/Group/Groups_P20332_F20332001/LevelGroup_P20332_F20332001_G190.json",
      "DimensionFilter": {},
      "Name": "MainMission1032902_37",
      "ID": 190
    },
    {
      "GroupGUID": "0cc8c472-0abb-4809-aa47-74c0c8d39501",
      "GroupPath": "Config/LevelOutput/Group/Groups_P20332_F20332001/LevelGroup_P20332_F20332001_G194.json",
      "DimensionFilter": {
        "FilterType": "All"
      },
      "Name": "VolumeIn_MPF_01",
      "ID": 194,
      "IsDelete": true
    },
    {
      "GroupGUID": "3f01068c-58e3-4d83-b390-cc6395531ea7",
      "GroupPath": "Config/LevelOutput/Group/Groups_P20332_F20332001/LevelGroup_P20332_F20332001_G195.json",
      "DimensionFilter": {
        "FilterType": "All"
      },
      "Name": "VolumeOut_MPF_1V1OneSideMove_1",
      "ID": 195
    },
    {
      "GroupGUID": "7a6670a4-9e99-4a8b-b424-58f5b449921d",
      "GroupPath": "Config/LevelOutput/Group/Groups_P20332_F20332001/LevelGroup_P20332_F20332001_G208.json",
      "DimensionFilter": {},
      "Name": "MainMission1032902_36",
      "ID": 208
    },
    {
      "GroupGUID": "21d347fc-5782-4b10-ab90-f0494d651990",
      "GroupPath": "Config/LevelOutput/Group/Groups_P20332_F20332001/LevelGroup_P20332_F20332001_G197.json",
      "DimensionFilter": {},
      "Name": "VolumeIn_MPF_01",
      "ID": 197
    },
    {
      "GroupGUID": "df11d616-45c7-4e7d-bd97-80346dd17a81",
      "GroupPath": "Config/LevelOutput/Group/Groups_P20332_F20332001/LevelGroup_P20332_F20332001_G199.json",
      "DimensionFilter": {},
      "Name": "VolumeIn_MPF_01",
      "ID": 199
    },
    {
      "GroupGUID": "de0243ca-0ae6-4888-9120-aa0c5b14d957",
      "GroupPath": "Config/LevelOutput/Group/Groups_P20332_F20332001/LevelGroup_P20332_F20332001_G200.json",
      "DimensionFilter": {},
      "Name": "VolumeIn_MPF_02",
      "ID": 200
    },
    {
      "GroupGUID": "ab47da80-0ce2-4118-ada9-d8b9ca566fef",
      "GroupPath": "Config/LevelOutput/Group/Groups_P20332_F20332001/LevelGroup_P20332_F20332001_G203.json",
      "DimensionFilter": {
        "FilterType": "All"
      },
      "Name": "VolumeOut_MPF_1V1OneSideMove_1",
      "ID": 203
    },
    {
      "GroupGUID": "fa1ac4a5-6162-45d4-84bb-b12bc15da9d8",
      "GroupPath": "Config/LevelOutput/Group/Groups_P20332_F20332001/LevelGroup_P20332_F20332001_G204.json",
      "DimensionFilter": {},
      "Name": "VolumeOut_MPF_1V2OneSideMove_1",
      "ID": 204,
      "IsDelete": true
    },
    {
      "GroupGUID": "cb38b92a-9b19-4189-a0a7-a1f901ab977f",
      "GroupPath": "Config/LevelOutput/Group/Groups_P20332_F20332001/LevelGroup_P20332_F20332001_G205.json",
      "DimensionFilter": {},
      "Name": "VolumeOut_MPF_1V1TwoSideMove_1",
      "ID": 205,
      "IsDelete": true
    },
    {
      "GroupGUID": "03724c0b-4e96-4b40-87e1-14ad298bd6dc",
      "GroupPath": "Config/LevelOutput/Group/Groups_P20332_F20332001/LevelGroup_P20332_F20332001_G206.json",
      "DimensionFilter": {},
      "Name": "VolumeIn_MPF_01",
      "ID": 206
    },
    {
      "GroupGUID": "b5082d0e-b43f-4d14-aaea-1c3bd6a9f970",
      "GroupPath": "Config/LevelOutput/Group/Groups_P20332_F20332001/LevelGroup_P20332_F20332001_G207.json",
      "DimensionFilter": {},
      "Name": "VolumeIn_MPF_01",
      "ID": 207
    },
    {
      "GroupGUID": "ea140c4b-a57c-4999-9914-f52576f15b4f",
      "GroupPath": "Config/LevelOutput/Group/Groups_P20332_F20332001/LevelGroup_P20332_F20332001_G210.json",
      "DimensionFilter": {},
      "Name": "JigsawPuzzle_P302_MainLine_01_BridgeAndTreasure",
      "ID": 210
    },
    {
      "GroupGUID": "3d04a604-faad-4158-b4fb-e0b9b3c722e7",
      "GroupPath": "Config/LevelOutput/Group/Groups_P20332_F20332001/LevelGroup_P20332_F20332001_G211.json",
      "DimensionFilter": {},
      "Name": "JigsawPuzzle_P302_MainLine_03_Bridge",
      "ID": 211
    },
    {
      "GroupGUID": "fe959be1-8b83-4ade-9b87-c802526b9ca7",
      "GroupPath": "Config/LevelOutput/Group/Groups_P20332_F20332001/LevelGroup_P20332_F20332001_G212.json",
      "DimensionFilter": {},
      "Name": "JigsawPuzzle_P302_MainLine_02_JigsawSir",
      "ID": 212
    },
    {
      "GroupGUID": "176bd6d5-411a-4c4f-9633-88c08c325d37",
      "GroupPath": "Config/LevelOutput/Group/Groups_P20332_F20332001/LevelGroup_P20332_F20332001_G217.json",
      "DimensionFilter": {},
      "Name": "VolumeOut_MPF_1V1TwoSideMove_1",
      "ID": 217,
      "IsDelete": true
    },
    {
      "GroupGUID": "f366b565-1fff-4463-8e85-ec1fc72a1aaa",
      "GroupPath": "Config/LevelOutput/Group/Groups_P20332_F20332001/LevelGroup_P20332_F20332001_G220.json",
      "DimensionFilter": {
        "FilterType": "All"
      },
      "Name": "Gravity_Charger03",
      "ID": 220
    },
    {
      "GroupGUID": "5fd544ff-ab5c-4bb0-89e0-167a7fb6f910",
      "GroupPath": "Config/LevelOutput/Group/Groups_P20332_F20332001/LevelGroup_P20332_F20332001_G222.json",
      "DimensionFilter": {},
      "Name": "VolumeIn_MPF_01",
      "ID": 222,
      "IsDelete": true
    },
    {
      "GroupGUID": "50168222-fcae-4f71-b55e-009758d95473",
      "GroupPath": "Config/LevelOutput/Group/Groups_P20332_F20332001/LevelGroup_P20332_F20332001_G223.json",
      "DimensionFilter": {},
      "Name": "VolumeIn_MPF_02",
      "ID": 223
    },
    {
      "GroupGUID": "36061fca-bb87-4b88-b00c-b4e043b4ce67",
      "GroupPath": "Config/LevelOutput/Group/Groups_P20332_F20332001/LevelGroup_P20332_F20332001_G224.json",
      "DimensionFilter": {},
      "Name": "VolumeOut_MPF_1V1TwoSideMove_1",
      "ID": 224
    },
    {
      "GroupGUID": "7629a354-8295-4e89-8a5c-ecd0b5ce0e35",
      "GroupPath": "Config/LevelOutput/Group/Groups_P20332_F20332001/LevelGroup_P20332_F20332001_G225.json",
      "DimensionFilter": {},
      "Name": "VolumeOut_MPF_1V1TwoSideMove_1",
      "ID": 225
    },
    {
      "GroupGUID": "2e3441da-d506-4243-bb75-ef183e484003",
      "GroupPath": "Config/LevelOutput/Group/Groups_P20332_F20332001/LevelGroup_P20332_F20332001_G226.json",
      "DimensionFilter": {},
      "Name": "MainMission1032902_17",
      "ID": 226
    },
    {
      "GroupGUID": "86a4da6b-69b7-4d29-8622-d001a48ad3ed",
      "GroupPath": "Config/LevelOutput/Group/Groups_P20332_F20332001/LevelGroup_P20332_F20332001_G227.json",
      "DimensionFilter": {},
      "Name": "MainMission1032902_19",
      "ID": 227
    },
    {
      "GroupGUID": "837acdf4-3294-4c28-93f2-c42d3a332935",
      "GroupPath": "Config/LevelOutput/Group/Groups_P20332_F20332001/LevelGroup_P20332_F20332001_G228.json",
      "DimensionFilter": {},
      "Name": "MainMission1032902_21",
      "ID": 228
    },
    {
      "GroupGUID": "5667fbe5-057c-4efe-a8e2-65b15934b544",
      "GroupPath": "Config/LevelOutput/Group/Groups_P20332_F20332001/LevelGroup_P20332_F20332001_G229.json",
      "DimensionFilter": {},
      "Name": "MainMission1032902_02",
      "ID": 229
    },
    {
      "GroupGUID": "750b6d35-7a35-423e-af3a-370f7404ff9f",
      "GroupPath": "Config/LevelOutput/Group/Groups_P20332_F20332001/LevelGroup_P20332_F20332001_G230.json",
      "DimensionFilter": {},
      "Name": "MainMission1032902_23",
      "ID": 230
    },
    {
      "GroupGUID": "34f1c426-055d-4023-9cd6-8acc8f86339f",
      "GroupPath": "Config/LevelOutput/Group/Groups_P20332_F20332001/LevelGroup_P20332_F20332001_G231.json",
      "DimensionFilter": {},
      "Name": "MainMission1032902_41",
      "ID": 231
    },
    {
      "GroupGUID": "2ad2a402-f225-4255-88a3-c2a2ed0b1f72",
      "GroupPath": "Config/LevelOutput/Group/Groups_P20332_F20332001/LevelGroup_P20332_F20332001_G232.json",
      "DimensionFilter": {},
      "Name": "MainMission1032902_40",
      "ID": 232
    },
    {
      "GroupGUID": "5c439695-ada5-4ec6-9b6b-d62ae4fe4511",
      "GroupPath": "Config/LevelOutput/Group/Groups_P20332_F20332001/LevelGroup_P20332_F20332001_G233.json",
      "DimensionFilter": {},
      "Name": "MainMission1032902_33",
      "ID": 233
    },
    {
      "GroupGUID": "8cee5987-1ef9-4ac7-a61f-650565b8fa89",
      "GroupPath": "Config/LevelOutput/Group/Groups_P20332_F20332001/LevelGroup_P20332_F20332001_G234.json",
      "DimensionFilter": {},
      "Name": "MainMission1032902_38",
      "ID": 234
    },
    {
      "GroupGUID": "26302095-0fa6-4d06-a4df-d499204c9f0a",
      "GroupPath": "Config/LevelOutput/Group/Groups_P20332_F20332001/LevelGroup_P20332_F20332001_G235.json",
      "DimensionFilter": {},
      "Name": "MainMission1032902_37",
      "ID": 235
    },
    {
      "GroupGUID": "d097d563-ccca-4efb-a375-f36d537190d9",
      "GroupPath": "Config/LevelOutput/Group/Groups_P20332_F20332001/LevelGroup_P20332_F20332001_G237.json",
      "DimensionFilter": {},
      "Name": "MainMission1032902_18",
      "ID": 237
    },
    {
      "GroupGUID": "a2b5b27f-5ba4-47cb-8b9b-6225e6525cbf",
      "GroupPath": "Config/LevelOutput/Group/Groups_P20332_F20332001/LevelGroup_P20332_F20332001_G238.json",
      "DimensionFilter": {},
      "Name": "MainMission8022103_01",
      "ID": 238
    },
    {
      "GroupGUID": "d97fe953-7eee-445c-bc8e-94639056900c",
      "GroupPath": "Config/LevelOutput/Group/Groups_P20332_F20332001/LevelGroup_P20332_F20332001_G239.json",
      "DimensionFilter": {},
      "Name": "MainMission8022103_02",
      "ID": 239
    },
    {
      "GroupGUID": "d581bfcb-c23d-4920-b804-94ffa1df661a",
      "GroupPath": "Config/LevelOutput/Group/Groups_P20332_F20332001/LevelGroup_P20332_F20332001_G240.json",
      "DimensionFilter": {},
      "Name": "MainMission8022103_03",
      "ID": 240
    },
    {
      "GroupGUID": "74b3cb21-0e6d-48ab-bf6b-945ee422ac56",
      "GroupPath": "Config/LevelOutput/Group/Groups_P20332_F20332001/LevelGroup_P20332_F20332001_G295.json",
      "DimensionFilter": {},
      "Name": "MainMission8022103_05",
      "ID": 295
    },
    {
      "GroupGUID": "d1ef8fe5-9264-42a7-8060-30843d521b96",
      "GroupPath": "Config/LevelOutput/Group/Groups_P20332_F20332001/LevelGroup_P20332_F20332001_G241.json",
      "DimensionFilter": {},
      "Name": "MainMission8022103_04",
      "ID": 241
    },
    {
      "GroupGUID": "f673f617-933e-44f9-9dd3-e92b880cbcd7",
      "GroupPath": "Config/LevelOutput/Group/Groups_P20332_F20332001/LevelGroup_P20332_F20332001_G242.json",
      "DimensionFilter": {},
      "Name": "MainMission8022103_05",
      "ID": 242,
      "IsDelete": true
    },
    {
      "GroupGUID": "8c7acdf2-e54c-4e68-83a4-4a162f17c857",
      "GroupPath": "Config/LevelOutput/Group/Groups_P20332_F20332001/LevelGroup_P20332_F20332001_G243.json",
      "DimensionFilter": {},
      "Name": "MainMission1032902_43",
      "ID": 243
    },
    {
      "GroupGUID": "c05fcb2e-5215-4a59-8cff-d51a9eaf99d7",
      "GroupPath": "Config/LevelOutput/Group/Groups_P20332_F20332001/LevelGroup_P20332_F20332001_G244.json",
      "DimensionFilter": {
        "FilterType": "All"
      },
      "Name": "SupportAnchor",
      "ID": 244
    },
    {
      "GroupGUID": "6c5a7006-25fd-4311-be5d-50a615e8d038",
      "GroupPath": "Config/LevelOutput/Group/Groups_P20332_F20332001/LevelGroup_P20332_F20332001_G245.json",
      "DimensionFilter": {},
      "Name": "VolumeIn_MPF_02",
      "ID": 245
    },
    {
      "GroupGUID": "48a6c5f0-0fb1-4beb-a210-ea230b8b9d17",
      "GroupPath": "Config/LevelOutput/Group/Groups_P20332_F20332001/LevelGroup_P20332_F20332001_G246.json",
      "DimensionFilter": {
        "FilterType": "All"
      },
      "Name": "VolumeOut_MPF_1V2OneSideMove_1",
      "ID": 246
    },
    {
      "GroupGUID": "25e2e3cd-eae2-4e49-a45f-a4ad7b97360b",
      "GroupPath": "Config/LevelOutput/Group/Groups_P20332_F20332001/LevelGroup_P20332_F20332001_G247.json",
      "DimensionFilter": {},
      "Name": "OneWayBridge",
      "ID": 247
    },
    {
      "GroupGUID": "23b8b6b1-7200-43f9-b307-55e9db08fe28",
      "GroupPath": "Config/LevelOutput/Group/Groups_P20332_F20332001/LevelGroup_P20332_F20332001_G248.json",
      "DimensionFilter": {},
      "Name": "Gravity_Charger03",
      "ID": 248
    },
    {
      "GroupGUID": "4abe706e-910e-4585-bfdc-1baa66180d2c",
      "GroupPath": "Config/LevelOutput/Group/Groups_P20332_F20332001/LevelGroup_P20332_F20332001_G249.json",
      "DimensionFilter": {},
      "Name": "OneWayBridge",
      "ID": 249
    },
    {
      "GroupGUID": "e281cb55-d17a-4a6e-bc92-d8cf274b2bbb",
      "GroupPath": "Config/LevelOutput/Group/Groups_P20332_F20332001/LevelGroup_P20332_F20332001_G250.json",
      "DimensionFilter": {
        "FilterType": "All"
      },
      "Name": "Gravity_Charger03",
      "ID": 250
    },
    {
      "GroupGUID": "96ae7b0b-5529-42ea-bab2-d9dcd9008290",
      "GroupPath": "Config/LevelOutput/Group/Groups_P20332_F20332001/LevelGroup_P20332_F20332001_G251.json",
      "DimensionFilter": {
        "FilterType": "All"
      },
      "Name": "Gravity_Volume03",
      "ID": 251
    },
    {
      "GroupGUID": "e08e268a-496b-403f-95c0-a1b47ecaf975",
      "GroupPath": "Config/LevelOutput/Group/Groups_P20332_F20332001/LevelGroup_P20332_F20332001_G252.json",
      "DimensionFilter": {
        "FilterType": "All"
      },
      "Name": "VolumeIn_MPF_02",
      "ID": 252
    },
    {
      "GroupGUID": "5d498f1f-2318-4dac-90b9-8b2b0ccd1dc6",
      "GroupPath": "Config/LevelOutput/Group/Groups_P20332_F20332001/LevelGroup_P20332_F20332001_G253.json",
      "DimensionFilter": {
        "FilterType": "All"
      },
      "Name": "Charger",
      "ID": 253,
      "IsDelete": true
    },
    {
      "GroupGUID": "1dc8c288-bc2d-435c-99de-3a294e07413c",
      "GroupPath": "Config/LevelOutput/Group/Groups_P20332_F20332001/LevelGroup_P20332_F20332001_G254.json",
      "DimensionFilter": {},
      "Name": "VolumeIn_MPF_02",
      "ID": 254
    },
    {
      "GroupGUID": "4ab72f38-96f0-47a8-9d0d-431675349d57",
      "GroupPath": "Config/LevelOutput/Group/Groups_P20332_F20332001/LevelGroup_P20332_F20332001_G265.json",
      "DimensionFilter": {},
      "Name": "OneWayBridge",
      "ID": 265
    },
    {
      "GroupGUID": "0c748f97-83cf-4c81-a665-e0f78a20a24b",
      "GroupPath": "Config/LevelOutput/Group/Groups_P20332_F20332001/LevelGroup_P20332_F20332001_G266.json",
      "DimensionFilter": {
        "FilterType": "All"
      },
      "Name": "SupportBlock",
      "ID": 266
    },
    {
      "GroupGUID": "ed531bcb-8419-4946-b2d0-be5038a2e085",
      "GroupPath": "Config/LevelOutput/Group/Groups_P20332_F20332001/LevelGroup_P20332_F20332001_G267.json",
      "DimensionFilter": {
        "FilterType": "All"
      },
      "Name": "Gravity_Charger03",
      "ID": 267
    },
    {
      "GroupGUID": "f61b012a-1058-4bbf-8ff5-8043fa9af75e",
      "GroupPath": "Config/LevelOutput/Group/Groups_P20332_F20332001/LevelGroup_P20332_F20332001_G268.json",
      "DimensionFilter": {
        "FilterType": "All"
      },
      "Name": "Gravity_Charger03",
      "ID": 268
    },
    {
      "GroupGUID": "0bff12b0-623c-4c00-99fc-400fb2e5898a",
      "GroupPath": "Config/LevelOutput/Group/Groups_P20332_F20332001/LevelGroup_P20332_F20332001_G269.json",
      "DimensionFilter": {},
      "Name": "Gravity_Volume03",
      "ID": 269
    },
    {
      "GroupGUID": "469ec5a8-1d53-4c88-a5ac-d199402d1ca3",
      "GroupPath": "Config/LevelOutput/Group/Groups_P20332_F20332001/LevelGroup_P20332_F20332001_G270.json",
      "DimensionFilter": {},
      "Name": "VolumeOut_MPF_1V2OneSideMove_1",
      "ID": 270
    },
    {
      "GroupGUID": "69cd26ad-34b1-4d77-a4ea-ad3535dae0f5",
      "GroupPath": "Config/LevelOutput/Group/Groups_P20332_F20332001/LevelGroup_P20332_F20332001_G272.json",
      "DimensionFilter": {},
      "Name": "DefaultDistructable",
      "ID": 272
    },
    {
      "GroupGUID": "12fbdf11-415b-4864-9fa7-929ff87f2753",
      "GroupPath": "Config/LevelOutput/Group/Groups_P20332_F20332001/LevelGroup_P20332_F20332001_G273.json",
      "DimensionFilter": {
        "FilterType": "All"
      },
      "Name": "DefaultDistructable",
      "ID": 273
    },
    {
      "GroupGUID": "6089e2ba-89d8-4e9e-baf8-7a8662ad0cb8",
      "GroupPath": "Config/LevelOutput/Group/Groups_P20332_F20332001/LevelGroup_P20332_F20332001_G274.json",
      "DimensionFilter": {
        "FilterType": "All"
      },
      "Name": "DefaultDistructable",
      "ID": 274
    },
    {
      "GroupGUID": "7454a6e3-47c1-4281-b12f-9073fbbf03ce",
      "GroupPath": "Config/LevelOutput/Group/Groups_P20332_F20332001/LevelGroup_P20332_F20332001_G275.json",
      "DimensionFilter": {},
      "Name": "DefaultDistructable",
      "ID": 275
    },
    {
      "GroupGUID": "22ba526d-2cff-4f50-b8bd-f8461ca394b1",
      "GroupPath": "Config/LevelOutput/Group/Groups_P20332_F20332001/LevelGroup_P20332_F20332001_G276.json",
      "DimensionFilter": {},
      "Name": "DefaultDistructable",
      "ID": 276
    },
    {
      "GroupGUID": "d2b3e81c-ae7b-44e8-8a77-76c30ea3c62d",
      "GroupPath": "Config/LevelOutput/Group/Groups_P20332_F20332001/LevelGroup_P20332_F20332001_G277.json",
      "DimensionFilter": {},
      "Name": "DefaultDistructable",
      "ID": 277
    },
    {
      "GroupGUID": "fa4d1f64-7aed-4c20-bee7-ee1959b5db2d",
      "GroupPath": "Config/LevelOutput/Group/Groups_P20332_F20332001/LevelGroup_P20332_F20332001_G278.json",
      "DimensionFilter": {},
      "Name": "DefaultDistructable",
      "ID": 278
    },
    {
      "GroupGUID": "2d75ab27-139f-4871-a2c6-ec10f5e0d450",
      "GroupPath": "Config/LevelOutput/Group/Groups_P20332_F20332001/LevelGroup_P20332_F20332001_G279.json",
      "DimensionFilter": {},
      "Name": "DefaultDistructable",
      "ID": 279
    },
    {
      "GroupGUID": "90d85c04-c59d-4fda-9cb0-16a70ab6c3da",
      "GroupPath": "Config/LevelOutput/Group/Groups_P20332_F20332001/LevelGroup_P20332_F20332001_G280.json",
      "DimensionFilter": {
        "FilterType": "All"
      },
      "Name": "Research",
      "ID": 280
    },
    {
      "GroupGUID": "1fcf3d10-1f93-43a6-9f16-d4258dfd4f58",
      "GroupPath": "Config/LevelOutput/Group/Groups_P20332_F20332001/LevelGroup_P20332_F20332001_G281.json",
      "DimensionFilter": {
        "FilterType": "All"
      },
      "Name": "NPC",
      "ID": 281
    },
    {
      "GroupGUID": "272fe235-ee03-4cdd-ad1c-ec1c7f9ffe1f",
      "GroupPath": "Config/LevelOutput/Group/Groups_P20332_F20332001/LevelGroup_P20332_F20332001_G282.json",
      "DimensionFilter": {
        "FilterType": "All"
      },
      "Name": "NPC",
      "ID": 282
    },
    {
      "GroupGUID": "42d6d7ac-a255-4f68-b472-7dd95893c4ed",
      "GroupPath": "Config/LevelOutput/Group/Groups_P20332_F20332001/LevelGroup_P20332_F20332001_G283.json",
      "DimensionFilter": {
        "FilterType": "All"
      },
      "Name": "Charger",
      "ID": 283
    },
    {
      "GroupGUID": "f151a543-32f0-4480-97ef-869404ab216c",
      "GroupPath": "Config/LevelOutput/Group/Groups_P20332_F20332001/LevelGroup_P20332_F20332001_G284.json",
      "DimensionFilter": {
        "FilterType": "All"
      },
      "Name": "Default_Chest",
      "ID": 284
    },
    {
      "GroupGUID": "0b01151a-14f4-4632-8e5e-fa1db7113b0c",
      "GroupPath": "Config/LevelOutput/Group/Groups_P20332_F20332001/LevelGroup_P20332_F20332001_G285.json",
      "DimensionFilter": {
        "FilterType": "All"
      },
      "Name": "VolumeIn_MPF_02",
      "ID": 285
    },
    {
      "GroupGUID": "f4f70a83-eb34-4ff6-8ca7-235a0321a673",
      "GroupPath": "Config/LevelOutput/Group/Groups_P20332_F20332001/LevelGroup_P20332_F20332001_G286.json",
      "DimensionFilter": {
        "FilterType": "All"
      },
      "Name": "OneWayBridge",
      "ID": 286
    },
    {
      "GroupGUID": "831b23c9-eb00-4a25-a2c0-15b6e1999207",
      "GroupPath": "Config/LevelOutput/Group/Groups_P20332_F20332001/LevelGroup_P20332_F20332001_G287.json",
      "DimensionFilter": {
        "FilterType": "All"
      },
      "Name": "Default_Chest",
      "ID": 287
    },
    {
      "GroupGUID": "ab45962d-bdcb-44d9-b72c-62f9cf5524aa",
      "GroupPath": "Config/LevelOutput/Group/Groups_P20332_F20332001/LevelGroup_P20332_F20332001_G288.json",
      "DimensionFilter": {
        "FilterType": "All"
      },
      "Name": "Gravity_Charger01",
      "ID": 288
    },
    {
      "GroupGUID": "eaaca0a3-45a8-4a11-965c-92a4a5a5d3c1",
      "GroupPath": "Config/LevelOutput/Group/Groups_P20332_F20332001/LevelGroup_P20332_F20332001_G289.json",
      "DimensionFilter": {
        "FilterType": "All"
      },
      "Name": "Default_Chest",
      "ID": 289
    },
    {
      "GroupGUID": "f58b9a16-65b6-450b-934b-b1a2b6dc1151",
      "GroupPath": "Config/LevelOutput/Group/Groups_P20332_F20332001/LevelGroup_P20332_F20332001_G290.json",
      "DimensionFilter": {
        "FilterType": "All"
      },
      "Name": "SupportBlock",
      "ID": 290
    },
    {
      "GroupGUID": "6502d863-d1d2-4a84-b36a-a41563449003",
      "GroupPath": "Config/LevelOutput/Group/Groups_P20332_F20332001/LevelGroup_P20332_F20332001_G292.json",
      "DimensionFilter": {
        "FilterType": "All"
      },
      "Name": "GravityUpGradeTutorial",
      "ID": 292
    },
    {
      "GroupGUID": "3125f524-3e0f-409a-9ec6-2931f039edc8",
      "GroupPath": "Config/LevelOutput/Group/Groups_P20332_F20332001/LevelGroup_P20332_F20332001_G293.json",
      "DimensionFilter": {
        "FilterType": "All"
      },
      "Name": "3DMapInfo",
      "ID": 293
    },
    {
      "GroupGUID": "053a117d-25dd-40e2-981f-555748e89de7",
      "GroupPath": "Config/LevelOutput/Group/Groups_P20332_F20332001/LevelGroup_P20332_F20332001_G294.json",
      "DimensionFilter": {
        "FilterType": "All"
      },
      "Name": "NPC",
      "ID": 294
    },
    {
      "GroupGUID": "37d8e230-2c06-4b1a-b195-fb9256215dc8",
      "GroupPath": "Config/LevelOutput/Group/Groups_P20332_F20332001/LevelGroup_P20332_F20332001_G318.json",
      "DimensionFilter": {
        "FilterType": "All"
      },
      "Name": "NPC",
      "ID": 318
    },
    {
      "GroupGUID": "ef7437b9-8ba0-47bb-9f8c-08cfc4e9eb37",
      "GroupPath": "Config/LevelOutput/Group/Groups_P20332_F20332001/LevelGroup_P20332_F20332001_G296.json",
      "DimensionFilter": {
        "FilterType": "All"
      },
      "Name": "JigsawPuzzle_P302_Normal_01_TreasureBox",
      "ID": 296
    },
    {
      "GroupGUID": "1bad74f1-cf30-4329-8cdb-d1e7748b00dc",
      "GroupPath": "Config/LevelOutput/Group/Groups_P20332_F20332001/LevelGroup_P20332_F20332001_G297.json",
      "DimensionFilter": {
        "FilterType": "All"
      },
      "Name": "OrigamiBirdColony",
      "ID": 297
    },
    {
      "GroupGUID": "6b5a3f80-7c88-4b09-be57-1cd74896df2f",
      "GroupPath": "Config/LevelOutput/Group/Groups_P20332_F20332001/LevelGroup_P20332_F20332001_G298.json",
      "DimensionFilter": {
        "FilterType": "All"
      },
      "Name": "Tpl_OrigamiBird_Normal",
      "ID": 298
    },
    {
      "GroupGUID": "5901bd21-0f10-420a-b9c7-ff639586d8a1",
      "GroupPath": "Config/LevelOutput/Group/Groups_P20332_F20332001/LevelGroup_P20332_F20332001_G299.json",
      "DimensionFilter": {
        "FilterType": "All"
      },
      "Name": "Tpl_OrigamiBird_Normal",
      "ID": 299
    },
    {
      "GroupGUID": "e318455b-d22c-4d4d-8c09-110803d18bd4",
      "GroupPath": "Config/LevelOutput/Group/Groups_P20332_F20332001/LevelGroup_P20332_F20332001_G300.json",
      "DimensionFilter": {
        "FilterType": "All"
      },
      "Name": "OrigamiBird_Normal",
      "ID": 300
    },
    {
      "GroupGUID": "e52da536-503f-457a-bd6f-48abd182de0a",
      "GroupPath": "Config/LevelOutput/Group/Groups_P20332_F20332001/LevelGroup_P20332_F20332001_G301.json",
      "DimensionFilter": {
        "FilterType": "All"
      },
      "Name": "OrigamiBird_Normal",
      "ID": 301
    },
    {
      "GroupGUID": "65ae368c-80a3-4184-a738-bc1d3c2e3e67",
      "GroupPath": "Config/LevelOutput/Group/Groups_P20332_F20332001/LevelGroup_P20332_F20332001_G302.json",
      "DimensionFilter": {
        "FilterType": "All"
      },
      "Name": "Tpl_OrigamiBird_Normal",
      "ID": 302
    },
    {
      "GroupGUID": "bc818e99-a6ec-44be-848e-70b9b85a77ab",
      "GroupPath": "Config/LevelOutput/Group/Groups_P20332_F20332001/LevelGroup_P20332_F20332001_G303.json",
      "DimensionFilter": {
        "FilterType": "All"
      },
      "Name": "OrigamiBird_Normal",
      "ID": 303
    },
    {
      "GroupGUID": "d55ee964-7efb-448d-9ff5-c42fb9849aa7",
      "GroupPath": "Config/LevelOutput/Group/Groups_P20332_F20332001/LevelGroup_P20332_F20332001_G304.json",
      "DimensionFilter": {
        "FilterType": "All"
      },
      "Name": "Tpl_OrigamiBird_Normal",
      "ID": 304
    },
    {
      "GroupGUID": "128b392a-d8e2-4472-94d6-15dfb8ce4013",
      "GroupPath": "Config/LevelOutput/Group/Groups_P20332_F20332001/LevelGroup_P20332_F20332001_G305.json",
      "DimensionFilter": {
        "FilterType": "All"
      },
      "Name": "Tpl_OrigamiBird_Normal",
      "ID": 305
    },
    {
      "GroupGUID": "55ef9299-363d-4b26-b71b-7bb06c800561",
      "GroupPath": "Config/LevelOutput/Group/Groups_P20332_F20332001/LevelGroup_P20332_F20332001_G306.json",
      "DimensionFilter": {
        "FilterType": "All"
      },
      "Name": "OrigamiBird_Normal",
      "ID": 306
    },
    {
      "GroupGUID": "5cca3402-0d25-4901-b456-95c2f9a3feef",
      "GroupPath": "Config/LevelOutput/Group/Groups_P20332_F20332001/LevelGroup_P20332_F20332001_G307.json",
      "DimensionFilter": {
        "FilterType": "All"
      },
      "Name": "OrigamiBird_Normal",
      "ID": 307
    },
    {
      "GroupGUID": "a7c245fa-548c-4bc3-8f41-7fe7e1a7685d",
      "GroupPath": "Config/LevelOutput/Group/Groups_P20332_F20332001/LevelGroup_P20332_F20332001_G308.json",
      "DimensionFilter": {
        "FilterType": "All"
      },
      "Name": "Tpl_OrigamiBird_Normal",
      "ID": 308
    },
    {
      "GroupGUID": "cfe588b0-4ad3-4dd9-9509-59b4f5af82f0",
      "GroupPath": "Config/LevelOutput/Group/Groups_P20332_F20332001/LevelGroup_P20332_F20332001_G309.json",
      "DimensionFilter": {
        "FilterType": "All"
      },
      "Name": "Tpl_OrigamiBird_Normal",
      "ID": 309
    },
    {
      "GroupGUID": "17d08dc2-09d8-4157-8d80-2d64f006ae86",
      "GroupPath": "Config/LevelOutput/Group/Groups_P20332_F20332001/LevelGroup_P20332_F20332001_G310.json",
      "DimensionFilter": {
        "FilterType": "All"
      },
      "Name": "OrigamiBird_Normal",
      "ID": 310
    },
    {
      "GroupGUID": "2f29a9ad-6d74-4dbc-8644-e66621d7e28c",
      "GroupPath": "Config/LevelOutput/Group/Groups_P20332_F20332001/LevelGroup_P20332_F20332001_G311.json",
      "DimensionFilter": {
        "FilterType": "All"
      },
      "Name": "Tpl_OrigamiBird_Normal",
      "ID": 311
    },
    {
      "GroupGUID": "bc6ae47e-654c-4f49-91db-e358639b3109",
      "GroupPath": "Config/LevelOutput/Group/Groups_P20332_F20332001/LevelGroup_P20332_F20332001_G312.json",
      "DimensionFilter": {
        "FilterType": "All"
      },
      "Name": "Tpl_OrigamiBird_Normal",
      "ID": 312
    },
    {
      "GroupGUID": "f131b48b-373c-47ac-ac3e-f63e71a8491f",
      "GroupPath": "Config/LevelOutput/Group/Groups_P20332_F20332001/LevelGroup_P20332_F20332001_G313.json",
      "DimensionFilter": {
        "FilterType": "All"
      },
      "Name": "Tpl_OrigamiBird_Normal",
      "ID": 313
    },
    {
      "GroupGUID": "b2672dec-9616-4987-aa47-0cb157e3de1f",
      "GroupPath": "Config/LevelOutput/Group/Groups_P20332_F20332001/LevelGroup_P20332_F20332001_G314.json",
      "DimensionFilter": {
        "FilterType": "All"
      },
      "Name": "Tpl_OrigamiBird_Normal",
      "ID": 314
    },
    {
      "GroupGUID": "1cd4ac71-e1b5-4f9a-8eef-48af50c35ba6",
      "GroupPath": "Config/LevelOutput/Group/Groups_P20332_F20332001/LevelGroup_P20332_F20332001_G315.json",
      "DimensionFilter": {
        "FilterType": "All"
      },
      "Name": "Tpl_OrigamiBird_Normal",
      "ID": 315
    },
    {
      "GroupGUID": "35da4c47-534b-4c92-a7c0-7affbbd419d6",
      "GroupPath": "Config/LevelOutput/Group/Groups_P20332_F20332001/LevelGroup_P20332_F20332001_G316.json",
      "DimensionFilter": {
        "FilterType": "All"
      },
      "Name": "Tpl_OrigamiBird_Normal",
      "ID": 316
    },
    {
      "GroupGUID": "f1f94c67-e63c-43df-9af1-3210d361e15a",
      "GroupPath": "Config/LevelOutput/Group/Groups_P20332_F20332001/LevelGroup_P20332_F20332001_G317.json",
      "DimensionFilter": {
        "FilterType": "All"
      },
      "Name": "Tpl_OrigamiBird_Normal",
      "ID": 317
    },
    {
      "GroupGUID": "886ae926-e327-462f-9c52-9952ac61e8d5",
      "GroupPath": "Config/LevelOutput/Group/Groups_P20332_F20332001/LevelGroup_P20332_F20332001_G319.json",
      "DimensionFilter": {
        "FilterType": "All"
      },
      "Name": "ClockToy",
      "ID": 319
    },
    {
      "GroupGUID": "d0079f2f-d03c-4e5e-a149-49a8741bd64f",
      "GroupPath": "Config/LevelOutput/Group/Groups_P20332_F20332001/LevelGroup_P20332_F20332001_G320.json",
      "DimensionFilter": {
        "FilterType": "All"
      },
      "Name": "ClockToy",
      "ID": 320
    },
    {
      "GroupGUID": "9433ca66-fe28-4a7c-8e23-5b4a8e9ec539",
      "GroupPath": "Config/LevelOutput/Group/Groups_P20332_F20332001/LevelGroup_P20332_F20332001_G321.json",
      "DimensionFilter": {
        "FilterType": "All"
      },
      "Name": "ClockToy",
      "ID": 321
    },
    {
      "GroupGUID": "ad732067-9177-42b1-8e02-fa282ac7d1c2",
      "GroupPath": "Config/LevelOutput/Group/Groups_P20332_F20332001/LevelGroup_P20332_F20332001_G322.json",
      "DimensionFilter": {
        "FilterType": "All"
      },
      "Name": "ClockToy",
      "ID": 322
    },
    {
      "GroupGUID": "da93cda1-8807-42e5-9bde-627cd35ff73c",
      "GroupPath": "Config/LevelOutput/Group/Groups_P20332_F20332001/LevelGroup_P20332_F20332001_G323.json",
      "DimensionFilter": {
        "FilterType": "All"
      },
      "Name": "Chest",
      "ID": 323
    },
    {
      "GroupGUID": "3800d3f8-3e2b-45ef-ad97-4c3f5f8ded55",
      "GroupPath": "Config/LevelOutput/Group/Groups_P20332_F20332001/LevelGroup_P20332_F20332001_G324.json",
      "DimensionFilter": {
        "FilterType": "All"
      },
      "Name": "DefaultDistructable",
      "ID": 324
    },
    {
      "GroupGUID": "6f69e453-546e-4357-b073-c7277ffb446d",
      "GroupPath": "Config/LevelOutput/Group/Groups_P20332_F20332001/LevelGroup_P20332_F20332001_G325.json",
      "DimensionFilter": {
        "FilterType": "All"
      },
      "Name": "Chest",
      "ID": 325
    },
    {
      "GroupGUID": "11d0f651-4234-4421-a2bc-afb33fae88e1",
      "GroupPath": "Config/LevelOutput/Group/Groups_P20332_F20332001/LevelGroup_P20332_F20332001_G326.json",
      "DimensionFilter": {
        "FilterType": "All"
      },
      "Name": "JigsawPuzzle_P302_Normal_02_TreasureBox",
      "ID": 326
    },
    {
      "GroupGUID": "21d679e8-30bc-45f7-b95b-96aea9206833",
      "GroupPath": "Config/LevelOutput/Group/Groups_P20332_F20332001/LevelGroup_P20332_F20332001_G327.json",
      "DimensionFilter": {
        "FilterType": "All"
      },
      "Name": "DefaultDistructable",
      "ID": 327
    },
    {
      "GroupGUID": "bef8ea62-935a-4530-abf8-0bb68c8be45e",
      "GroupPath": "Config/LevelOutput/Group/Groups_P20332_F20332001/LevelGroup_P20332_F20332001_G328.json",
      "DimensionFilter": {
        "FilterType": "All"
      },
      "Name": "MainMissionMonster",
      "ID": 328
    },
    {
      "GroupGUID": "0ff582db-7022-41c9-86f2-f38e4430250b",
      "GroupPath": "Config/LevelOutput/Group/Groups_P20332_F20332001/LevelGroup_P20332_F20332001_G329.json",
      "DimensionFilter": {
        "FilterType": "All"
      },
      "Name": "MainMissionMonster",
      "ID": 329
    },
    {
      "GroupGUID": "5d4469d0-0404-4447-b56b-333abfb75ee6",
      "GroupPath": "Config/LevelOutput/Group/Groups_P20332_F20332001/LevelGroup_P20332_F20332001_G330.json",
      "DimensionFilter": {
        "FilterType": "All"
      },
      "Name": "MainMissionMonster",
      "ID": 330
    },
    {
      "GroupGUID": "2d85d08f-05eb-4ee2-94ea-6041c75a9e6c",
      "GroupPath": "Config/LevelOutput/Group/Groups_P20332_F20332001/LevelGroup_P20332_F20332001_G331.json",
      "DimensionFilter": {
        "FilterType": "All"
      },
      "Name": "MainMissionMonster",
      "ID": 331
    },
    {
      "GroupGUID": "371f1fd0-2f68-4438-87ee-0e3b1d2f8a74",
      "GroupPath": "Config/LevelOutput/Group/Groups_P20332_F20332001/LevelGroup_P20332_F20332001_G332.json",
      "DimensionFilter": {
        "FilterType": "All"
      },
      "Name": "MainMissionMonster",
      "ID": 332
    },
    {
      "GroupGUID": "d30289f8-a385-445a-96fd-45e0ad502bb4",
      "GroupPath": "Config/LevelOutput/Group/Groups_P20332_F20332001/LevelGroup_P20332_F20332001_G333.json",
      "DimensionFilter": {
        "FilterType": "All"
      },
      "Name": "MainMissionMonster",
      "ID": 333
    },
    {
      "GroupGUID": "804598f2-c6a5-426d-b795-fd024fc56cbe",
      "GroupPath": "Config/LevelOutput/Group/Groups_P20332_F20332001/LevelGroup_P20332_F20332001_G334.json",
      "DimensionFilter": {
        "FilterType": "All"
      },
      "Name": "MainMissionMonster",
      "ID": 334
    },
    {
      "GroupGUID": "1ca4f69f-3078-4c84-a0fb-4750c00f9fac",
      "GroupPath": "Config/LevelOutput/Group/Groups_P20332_F20332001/LevelGroup_P20332_F20332001_G335.json",
      "DimensionFilter": {
        "FilterType": "All"
      },
      "Name": "MainMissionMonster",
      "ID": 335
    },
    {
      "GroupGUID": "5074f29d-9359-4369-b377-32215240f062",
      "GroupPath": "Config/LevelOutput/Group/Groups_P20332_F20332001/LevelGroup_P20332_F20332001_G336.json",
      "DimensionFilter": {
        "FilterType": "All"
      },
      "Name": "MainMissionMonster",
      "ID": 336
    },
    {
      "GroupGUID": "4f7c6c71-42af-4289-82a1-4ab29ddd1541",
      "GroupPath": "Config/LevelOutput/Group/Groups_P20332_F20332001/LevelGroup_P20332_F20332001_G337.json",
      "DimensionFilter": {
        "FilterType": "All"
      },
      "Name": "Default_ChallengeMonster",
      "ID": 337
    },
    {
      "GroupGUID": "15312bc8-ea78-45f5-9b0e-064e0474ed65",
      "GroupPath": "Config/LevelOutput/Group/Groups_P20332_F20332001/LevelGroup_P20332_F20332001_G338.json",
      "DimensionFilter": {},
      "Name": "MainMission1032902_18",
      "ID": 338
    },
    {
      "GroupGUID": "395f8cec-6637-42bf-ba0e-627714866eb1",
      "GroupPath": "Config/LevelOutput/Group/Groups_P20332_F20332001/LevelGroup_P20332_F20332001_G339.json",
      "DimensionFilter": {},
      "Name": "MainMission8021501_New Group",
      "ID": 339
    },
    {
      "GroupGUID": "edd833c5-0a0a-469c-944e-dad829035460",
      "GroupPath": "Config/LevelOutput/Group/Groups_P20332_F20332001/LevelGroup_P20332_F20332001_G340.json",
      "DimensionFilter": {},
      "Name": "MainMission8021501_New Group",
      "ID": 340
    },
    {
      "GroupGUID": "b247561d-194b-4102-aa37-b701aafacdbe",
      "GroupPath": "Config/LevelOutput/Group/Groups_P20332_F20332001/LevelGroup_P20332_F20332001_G341.json",
      "DimensionFilter": {},
      "Name": "MainMission8021501_New Group",
      "ID": 341
    },
    {
      "GroupGUID": "8d37ae0b-8f1a-4390-b370-0f217669ff7d",
      "GroupPath": "Config/LevelOutput/Group/Groups_P20332_F20332001/LevelGroup_P20332_F20332001_G342.json",
      "DimensionFilter": {},
      "Name": "MainMission8021501_New Group",
      "ID": 342
    },
    {
      "GroupGUID": "b0e0d7bd-15a7-48f7-b63b-ddda0dec6f95",
      "GroupPath": "Config/LevelOutput/Group/Groups_P20332_F20332001/LevelGroup_P20332_F20332001_G344.json",
      "DimensionFilter": {},
      "Name": "MainMission8021501_New Group",
      "ID": 344
    },
    {
      "GroupGUID": "3b3ffc2f-2ee5-41f9-909e-d5491eb1e00b",
      "GroupPath": "Config/LevelOutput/Group/Groups_P20332_F20332001/LevelGroup_P20332_F20332001_G345.json",
      "DimensionFilter": {},
      "Name": "MainMission8021501_New Group",
      "ID": 345
    },
    {
      "GroupGUID": "a8617bef-9a18-4919-bd18-6f3af0d9efcd",
      "GroupPath": "Config/LevelOutput/Group/Groups_P20332_F20332001/LevelGroup_P20332_F20332001_G347.json",
      "DimensionFilter": {},
      "Name": "MainMission8021501_New Group",
      "ID": 347
    },
    {
      "GroupGUID": "e39ca8a4-3f6f-4ed7-bbbb-5abe1ff05e02",
      "GroupPath": "Config/LevelOutput/Group/Groups_P20332_F20332001/LevelGroup_P20332_F20332001_G348.json",
      "DimensionFilter": {},
      "Name": "MainMission8021501_New Group",
      "ID": 348
    },
    {
      "GroupGUID": "7086e24d-99c1-46da-a129-a6d43b4b073d",
      "GroupPath": "Config/LevelOutput/Group/Groups_P20332_F20332001/LevelGroup_P20332_F20332001_G349.json",
      "DimensionFilter": {},
      "Name": "MainMission8021501_New Group",
      "ID": 349
    },
    {
      "GroupGUID": "179ab6ee-688b-4b44-bef6-50605332306e",
      "GroupPath": "Config/LevelOutput/Group/Groups_P20332_F20332001/LevelGroup_P20332_F20332001_G350.json",
      "DimensionFilter": {},
      "Name": "MainMission8021501_New Group",
      "ID": 350
    },
    {
      "GroupGUID": "528fce7d-7234-45ab-9f1d-e5173cb3f655",
      "GroupPath": "Config/LevelOutput/Group/Groups_P20332_F20332001/LevelGroup_P20332_F20332001_G351.json",
      "DimensionFilter": {},
      "Name": "MainMission8021501_New Group",
      "ID": 351
    },
    {
      "GroupGUID": "5f2ee07b-4221-414f-9b3f-6512a4abaed1",
      "GroupPath": "Config/LevelOutput/Group/Groups_P20332_F20332001/LevelGroup_P20332_F20332001_G352.json",
      "DimensionFilter": {},
      "Name": "MainMission8021501_New Group",
      "ID": 352
    },
    {
      "GroupGUID": "28ef4c48-1bf3-49b8-9eaa-967a93e71d96",
      "GroupPath": "Config/LevelOutput/Group/Groups_P20332_F20332001/LevelGroup_P20332_F20332001_G353.json",
      "DimensionFilter": {},
      "Name": "MainMission8021501_New Group",
      "ID": 353
    },
    {
      "GroupGUID": "9674563c-bb78-4b07-b3c6-e582b0dc9aa6",
      "GroupPath": "Config/LevelOutput/Group/Groups_P20332_F20332001/LevelGroup_P20332_F20332001_G354.json",
      "DimensionFilter": {},
      "Name": "MainMission8021501_New Group",
      "ID": 354
    },
    {
      "GroupGUID": "33bd113d-3db5-4a83-9b62-2802acf0e4e5",
      "GroupPath": "Config/LevelOutput/Group/Groups_P20332_F20332001/LevelGroup_P20332_F20332001_G355.json",
      "DimensionFilter": {},
      "Name": "MainMission8021501_New Group",
      "ID": 355
    },
    {
      "GroupGUID": "6d70ebaf-2797-4e2f-946d-65ee3786f514",
      "GroupPath": "Config/LevelOutput/Group/Groups_P20332_F20332001/LevelGroup_P20332_F20332001_G356.json",
      "DimensionFilter": {},
      "Name": "MainMission8021501_New Group",
      "ID": 356
    },
    {
      "GroupGUID": "af478f21-c7bb-499a-9b1f-d3c6d6793e07",
      "GroupPath": "Config/LevelOutput/Group/Groups_P20332_F20332001/LevelGroup_P20332_F20332001_G357.json",
      "DimensionFilter": {},
      "Name": "MainMission8021501_New Group",
      "ID": 357
    },
    {
      "GroupGUID": "05ab3410-e54a-41cd-b42d-c76583683f06",
      "GroupPath": "Config/LevelOutput/Group/Groups_P20332_F20332001/LevelGroup_P20332_F20332001_G358.json",
      "DimensionFilter": {},
      "Name": "MainMission8021501_New Group",
      "ID": 358
    },
    {
      "GroupGUID": "a7f8cf7c-c5e9-4744-878a-ad8b67db2771",
      "GroupPath": "Config/LevelOutput/Group/Groups_P20332_F20332001/LevelGroup_P20332_F20332001_G359.json",
      "DimensionFilter": {},
      "Name": "MainMission8021501_New Group",
      "ID": 359
    },
    {
      "GroupGUID": "a909d24e-e2db-4127-b49e-e998485c84b1",
      "GroupPath": "Config/LevelOutput/Group/Groups_P20332_F20332001/LevelGroup_P20332_F20332001_G366.json",
      "DimensionFilter": {},
      "Name": "MainMission1032902_00",
      "ID": 366
    },
    {
      "GroupGUID": "d08fb5f4-3044-4619-86a8-369a2183620e",
      "GroupPath": "Config/LevelOutput/Group/Groups_P20332_F20332001/LevelGroup_P20332_F20332001_G365.json",
      "DimensionFilter": {},
      "Name": "MainMission4340118_01",
      "ID": 365
    },
    {
      "GroupGUID": "5eac02e5-ddc9-4ce8-9cce-dc98192d0da3",
      "GroupPath": "Config/LevelOutput/Group/Groups_P20332_F20332001/LevelGroup_P20332_F20332001_G367.json",
      "DimensionFilter": {},
      "Name": "MainMission4340118_02",
      "ID": 367
    },
    {
      "GroupGUID": "1405e807-2f7d-48b6-a577-13062e5ee6d1",
      "GroupPath": "Config/LevelOutput/Group/Groups_P20332_F20332001/LevelGroup_P20332_F20332001_G368.json",
      "DimensionFilter": {},
      "Name": "MainMission4340118_03",
      "ID": 368
    },
    {
      "GroupGUID": "0c5b0808-1b81-49d5-b34e-aa8ee4f08817",
      "GroupPath": "Config/LevelOutput/Group/Groups_P20332_F20332001/LevelGroup_P20332_F20332001_G369.json",
      "DimensionFilter": {},
      "Name": "MainMission1032902_16",
      "ID": 369
    },
    {
      "GroupGUID": "7a9a65a2-3817-496c-8397-fd82c4924517",
      "GroupPath": "Config/LevelOutput/Group/Groups_P20332_F20332001/LevelGroup_P20332_F20332001_G370.json",
      "DimensionFilter": {},
      "Name": "MainMission8021502_New Group",
      "ID": 370
    },
    {
      "GroupGUID": "1cfff640-d7bc-4660-b0ab-71e27ba2f837",
      "GroupPath": "Config/LevelOutput/Group/Groups_P20332_F20332001/LevelGroup_P20332_F20332001_G371.json",
      "DimensionFilter": {},
      "Name": "MainMission8021502_New Group",
      "ID": 371
    },
    {
      "GroupGUID": "d9931310-c6ea-44bc-b6ac-9776e38cc250",
      "GroupPath": "Config/LevelOutput/Group/Groups_P20332_F20332001/LevelGroup_P20332_F20332001_G372.json",
      "DimensionFilter": {},
      "Name": "MainMission8021502_New Group",
      "ID": 372
    },
    {
      "GroupGUID": "02e04336-1c14-432b-873d-1e1f9e949ccc",
      "GroupPath": "Config/LevelOutput/Group/Groups_P20332_F20332001/LevelGroup_P20332_F20332001_G373.json",
      "DimensionFilter": {
        "FilterType": "All"
      },
      "Name": "DefaultMonster",
      "ID": 373
    },
    {
      "GroupGUID": "d9d41b1a-7c7a-4dd8-bf5b-3d850d5cdce0",
      "GroupPath": "Config/LevelOutput/Group/Groups_P20332_F20332001/LevelGroup_P20332_F20332001_G374.json",
      "DimensionFilter": {
        "FilterType": "All"
      },
      "Name": "DefaultMonster",
      "ID": 374
    },
    {
      "GroupGUID": "57be66ac-7940-4502-8c6f-08b38463256e",
      "GroupPath": "Config/LevelOutput/Group/Groups_P20332_F20332001/LevelGroup_P20332_F20332001_G375.json",
      "DimensionFilter": {
        "FilterType": "All"
      },
      "Name": "DefaultMonster",
      "ID": 375
    },
    {
      "GroupGUID": "bc0713e7-dc10-4e38-883e-6b708c362b4f",
      "GroupPath": "Config/LevelOutput/Group/Groups_P20332_F20332001/LevelGroup_P20332_F20332001_G376.json",
      "DimensionFilter": {
        "FilterType": "All"
      },
      "Name": "DefaultMonster",
      "ID": 376
    },
    {
      "GroupGUID": "9d531566-7a47-4053-b839-fed5a8e2aa61",
      "GroupPath": "Config/LevelOutput/Group/Groups_P20332_F20332001/LevelGroup_P20332_F20332001_G377.json",
      "DimensionFilter": {
        "FilterType": "All"
      },
      "Name": "DefaultMonster",
      "ID": 377
    },
    {
      "GroupGUID": "cac0b5e6-4799-4d1c-b6fa-c7327770e7bc",
      "GroupPath": "Config/LevelOutput/Group/Groups_P20332_F20332001/LevelGroup_P20332_F20332001_G378.json",
      "DimensionFilter": {
        "FilterType": "All"
      },
      "Name": "DefaultMonster",
      "ID": 378
    },
    {
      "GroupGUID": "0d6fe371-fca1-421b-9ba4-09be031d230d",
      "GroupPath": "Config/LevelOutput/Group/Groups_P20332_F20332001/LevelGroup_P20332_F20332001_G379.json",
      "DimensionFilter": {
        "FilterType": "All"
      },
      "Name": "DefaultMonster",
      "ID": 379
    },
    {
      "GroupGUID": "39d51daf-d3ea-4013-b5d7-b44b22e5ee6f",
      "GroupPath": "Config/LevelOutput/Group/Groups_P20332_F20332001/LevelGroup_P20332_F20332001_G380.json",
      "DimensionFilter": {
        "FilterType": "All"
      },
      "Name": "DefaultMonster",
      "ID": 380
    },
    {
      "GroupGUID": "049372d7-c1c0-4f00-967a-a575f033423c",
      "GroupPath": "Config/LevelOutput/Group/Groups_P20332_F20332001/LevelGroup_P20332_F20332001_G381.json",
      "DimensionFilter": {
        "FilterType": "All"
      },
      "Name": "DefaultMonster",
      "ID": 381
    },
    {
      "GroupGUID": "aa95db4f-a5ec-4385-a298-cbd39813f771",
      "GroupPath": "Config/LevelOutput/Group/Groups_P20332_F20332001/LevelGroup_P20332_F20332001_G382.json",
      "DimensionFilter": {
        "FilterType": "All"
      },
      "Name": "DefaultMonster",
      "ID": 382
    },
    {
      "GroupGUID": "36081dff-9186-46c1-bba5-94688ce3d7df",
      "GroupPath": "Config/LevelOutput/Group/Groups_P20332_F20332001/LevelGroup_P20332_F20332001_G383.json",
      "DimensionFilter": {
        "FilterType": "All"
      },
      "Name": "DefaultMonster",
      "ID": 383
    },
    {
      "GroupGUID": "2b92b4fa-095c-4e7c-a996-db45e525eacd",
      "GroupPath": "Config/LevelOutput/Group/Groups_P20332_F20332001/LevelGroup_P20332_F20332001_G385.json",
      "DimensionFilter": {
        "FilterType": "All"
      },
      "Name": "Sound",
      "ID": 385
    },
    {
      "GroupGUID": "a1c1341b-0d9a-4fbc-9d7f-c337c06d5c12",
      "GroupPath": "Config/LevelOutput/Group/Groups_P20332_F20332001/LevelGroup_P20332_F20332001_G386.json",
      "DimensionFilter": {
        "FilterType": "All"
      },
      "Name": "Sound",
      "ID": 386
    },
    {
      "GroupGUID": "4d1e933f-a91b-4b72-938a-2e73d8740193",
      "GroupPath": "Config/LevelOutput/Group/Groups_P20332_F20332001/LevelGroup_P20332_F20332001_G390.json",
      "DimensionFilter": {
        "FilterType": "All"
      },
      "Name": "Tpl_MainMission4340165_Trash1",
      "ID": 390
    },
    {
      "GroupGUID": "4e2e7f20-fe4f-4e99-94c4-ab623903432e",
      "GroupPath": "Config/LevelOutput/Group/Groups_P20332_F20332001/LevelGroup_P20332_F20332001_G391.json",
      "DimensionFilter": {
        "FilterType": "All"
      },
      "Name": "Tpl_MainMission4340166_Trash1",
      "ID": 391
    },
    {
      "GroupGUID": "23d68a1b-41bd-4f2e-a950-c8b848aa2d6f",
      "GroupPath": "Config/LevelOutput/Group/Groups_P20332_F20332001/LevelGroup_P20332_F20332001_G392.json",
      "DimensionFilter": {
        "FilterType": "All"
      },
      "Name": "Default_ChallengeMonsterSingle",
      "ID": 392
    },
    {
      "GroupGUID": "fcd35d08-f8a9-4145-a17a-748133be2a6c",
      "GroupPath": "Config/LevelOutput/Group/Groups_P20332_F20332001/LevelGroup_P20332_F20332001_G394.json",
      "DimensionFilter": {
        "FilterType": "All"
      },
      "Name": "Default_ChallengeMonsterSingle",
      "ID": 394
    },
    {
      "GroupGUID": "84b77bf0-405a-43a4-a097-77e6475520a7",
      "GroupPath": "Config/LevelOutput/Group/Groups_P20332_F20332001/LevelGroup_P20332_F20332001_G395.json",
      "DimensionFilter": {
        "FilterType": "All"
      },
      "Name": "Default_ChallengeMonsterSingle",
      "ID": 395
    },
    {
      "GroupGUID": "4f50f2a4-b71b-49f0-8c88-1ade18cbc97c",
      "GroupPath": "Config/LevelOutput/Group/Groups_P20332_F20332001/LevelGroup_P20332_F20332001_G396.json",
      "DimensionFilter": {
        "FilterType": "All"
      },
      "Name": "BGM",
      "ID": 396
    },
    {
      "GroupGUID": "e2c23a08-cddc-4477-87ce-c96f96990e7e",
      "GroupPath": "Config/LevelOutput/Group/Groups_P20332_F20332001/LevelGroup_P20332_F20332001_G400.json",
      "DimensionFilter": {
        "FilterType": "All"
      },
      "Name": "SpecialDistructable",
      "ID": 400
    },
    {
      "GroupGUID": "398e50ee-74b6-459f-9448-a6427db076de",
      "GroupPath": "Config/LevelOutput/Group/Groups_P20332_F20332001/LevelGroup_P20332_F20332001_G401.json",
      "DimensionFilter": {
        "FilterType": "All"
      },
      "Name": "MainDistructable",
      "ID": 401
    },
    {
      "GroupGUID": "5d790384-c259-48f8-babc-b489f53d7e9d",
      "GroupPath": "Config/LevelOutput/Group/Groups_P20332_F20332001/LevelGroup_P20332_F20332001_G402.json",
      "DimensionFilter": {
        "FilterType": "All"
      },
      "Name": "MainDistructable",
      "ID": 402
    },
    {
      "GroupGUID": "3e0d10c2-542b-4ce1-b6fe-9fb5e2e08d20",
      "GroupPath": "Config/LevelOutput/Group/Groups_P20332_F20332001/LevelGroup_P20332_F20332001_G403.json",
      "DimensionFilter": {
        "FilterType": "All"
      },
      "Name": "GravityDoorTag",
      "ID": 403
    },
    {
      "GroupGUID": "08a0157a-d553-4808-800c-904aa1242228",
      "GroupPath": "Config/LevelOutput/Group/Groups_P20332_F20332001/LevelGroup_P20332_F20332001_G404.json",
      "DimensionFilter": {
        "FilterType": "All"
      },
      "Name": "GravityDoorTag",
      "ID": 404
    },
    {
      "GroupGUID": "a0e96c9d-3205-44ef-8e61-e1bf1d81fd5a",
      "GroupPath": "Config/LevelOutput/Group/Groups_P20332_F20332001/LevelGroup_P20332_F20332001_G405.json",
      "DimensionFilter": {
        "FilterType": "All"
      },
      "Name": "GravityDoorTag",
      "ID": 405
    },
    {
      "GroupGUID": "864a0f44-c991-41f0-a15a-cbe95a0ac572",
      "GroupPath": "Config/LevelOutput/Group/Groups_P20332_F20332001/LevelGroup_P20332_F20332001_G406.json",
      "DimensionFilter": {
        "FilterType": "All"
      },
      "Name": "Default_Chest_Special",
      "ID": 406
    },
    {
      "GroupGUID": "550669ae-7d52-46b1-89e5-abed1fd436b8",
      "GroupPath": "Config/LevelOutput/Group/Groups_P20332_F20332001/LevelGroup_P20332_F20332001_G408.json",
      "DimensionFilter": {
        "FilterType": "All"
      },
      "Name": "DefaultDistructable",
      "ID": 408
    },
    {
      "GroupGUID": "0ead9b33-6162-4fe2-be06-ae7c0e22cb7a",
      "GroupPath": "Config/LevelOutput/Group/Groups_P20332_F20332001/LevelGroup_P20332_F20332001_G409.json",
      "DimensionFilter": {
        "FilterType": "All"
      },
      "Name": "DefaultMonster",
      "ID": 409
    },
    {
      "GroupGUID": "502264a3-9ea7-4fff-92d2-e5c8b1ac394b",
      "GroupPath": "Config/LevelOutput/Group/Groups_P20332_F20332001/LevelGroup_P20332_F20332001_G410.json",
      "DimensionFilter": {
        "FilterType": "All"
      },
      "Name": "DefaultDistructable",
      "ID": 410
    },
    {
      "GroupGUID": "d29b5139-904c-424a-b88f-ab287bf87c79",
      "GroupPath": "Config/LevelOutput/Group/Groups_P20332_F20332001/LevelGroup_P20332_F20332001_G411.json",
      "DimensionFilter": {
        "FilterType": "All"
      },
      "Name": "DefaultDistructable",
      "ID": 411
    },
    {
      "GroupGUID": "a19967ff-b24a-407a-b9c4-ee1aded1d406",
      "GroupPath": "Config/LevelOutput/Group/Groups_P20332_F20332001/LevelGroup_P20332_F20332001_G412.json",
      "DimensionFilter": {
        "FilterType": "All"
      },
      "Name": "DefaultMonster",
      "ID": 412
    },
    {
      "GroupGUID": "c0461823-159e-453d-a336-b8d5a07c1793",
      "GroupPath": "Config/LevelOutput/Group/Groups_P20332_F20332001/LevelGroup_P20332_F20332001_G413.json",
      "DimensionFilter": {
        "FilterType": "All"
      },
      "Name": "DefaultMonster",
      "ID": 413
    },
    {
      "GroupGUID": "7ce58b20-64ca-4ef8-8f74-79e892309d9f",
      "GroupPath": "Config/LevelOutput/Group/Groups_P20332_F20332001/LevelGroup_P20332_F20332001_G414.json",
      "DimensionFilter": {
        "FilterType": "All"
      },
      "Name": "DefaultDistructable",
      "ID": 414
    },
    {
      "GroupGUID": "69524233-baff-4497-b9e9-f2d1b7346a76",
      "GroupPath": "Config/LevelOutput/Group/Groups_P20332_F20332001/LevelGroup_P20332_F20332001_G416.json",
      "DimensionFilter": {
        "FilterType": "All"
      },
      "Name": "DefaultDistructable",
      "ID": 416
    },
    {
      "GroupGUID": "f529dae4-bd1e-4395-a9c2-13cf7dbb43c0",
      "GroupPath": "Config/LevelOutput/Group/Groups_P20332_F20332001/LevelGroup_P20332_F20332001_G417.json",
      "DimensionFilter": {
        "FilterType": "All"
      },
      "Name": "DefaultMonster",
      "ID": 417
    },
    {
      "GroupGUID": "0b06f38d-556a-4015-a702-6d1ae2308b0b",
      "GroupPath": "Config/LevelOutput/Group/Groups_P20332_F20332001/LevelGroup_P20332_F20332001_G419.json",
      "DimensionFilter": {
        "FilterType": "All"
      },
      "Name": "DefaultMonster",
      "ID": 419
    },
    {
      "GroupGUID": "c5038632-dd4f-4824-92f0-d947ed4bea99",
      "GroupPath": "Config/LevelOutput/Group/Groups_P20332_F20332001/LevelGroup_P20332_F20332001_G420.json",
      "DimensionFilter": {
        "FilterType": "All"
      },
      "Name": "DefaultDistructable",
      "ID": 420
    },
    {
      "GroupGUID": "5238e0c1-2869-42f7-a090-ba8193a238e3",
      "GroupPath": "Config/LevelOutput/Group/Groups_P20332_F20332001/LevelGroup_P20332_F20332001_G422.json",
      "DimensionFilter": {
        "FilterType": "All"
      },
      "Name": "DefaultMonster",
      "ID": 422
    },
    {
      "GroupGUID": "5067ee2d-f71c-4d18-89c4-230c3a273141",
      "GroupPath": "Config/LevelOutput/Group/Groups_P20332_F20332001/LevelGroup_P20332_F20332001_G423.json",
      "DimensionFilter": {
        "FilterType": "All"
      },
      "Name": "DefaultDistructable",
      "ID": 423
    },
    {
      "GroupGUID": "e25eae46-2420-4c9c-9572-e29cacd0b02a",
      "GroupPath": "Config/LevelOutput/Group/Groups_P20332_F20332001/LevelGroup_P20332_F20332001_G424.json",
      "DimensionFilter": {
        "FilterType": "All"
      },
      "Name": "sound-reverb",
      "ID": 424
    },
    {
      "GroupGUID": "4c0c726c-a606-4437-bd3e-5c66028730ed",
      "GroupPath": "Config/LevelOutput/Group/Groups_P20332_F20332001/LevelGroup_P20332_F20332001_G425.json",
      "DimensionFilter": {},
      "Name": "MainMission1032902_16",
      "ID": 425
    },
    {
      "GroupGUID": "6b8ffa1f-e564-4dcd-8f84-68ec72127043",
      "GroupPath": "Config/LevelOutput/Group/Groups_P20332_F20332001/LevelGroup_P20332_F20332001_G426.json",
      "DimensionFilter": {},
      "Name": "MainMission1032902_16",
      "ID": 426
    },
    {
      "GroupGUID": "f96e690d-41b5-4ee9-9ba6-f4d488058836",
      "GroupPath": "Config/LevelOutput/Group/Groups_P20332_F20332001/LevelGroup_P20332_F20332001_G427.json",
      "DimensionFilter": {},
      "Name": "MainMission1032902_16",
      "ID": 427
    },
    {
      "GroupGUID": "97657d69-2a3e-4930-ac5a-0b18c7cb71b9",
      "GroupPath": "Config/LevelOutput/Group/Groups_P20332_F20332001/LevelGroup_P20332_F20332001_G428.json",
      "DimensionFilter": {
        "FilterType": "All"
      },
      "Name": "Tpl_SafeRoom",
      "ID": 428
    },
    {
      "GroupGUID": "9fb159e4-42c6-4626-a155-100eff9eda3d",
      "GroupPath": "Config/LevelOutput/Group/Groups_P20332_F20332001/LevelGroup_P20332_F20332001_G429.json",
      "DimensionFilter": {},
      "Name": "Book",
      "ID": 429
    },
    {
      "GroupGUID": "e7db8761-ed56-482f-ac94-305fcfa79bfb",
      "GroupPath": "Config/LevelOutput/Group/Groups_P20332_F20332001/LevelGroup_P20332_F20332001_G431.json",
      "DimensionFilter": {
        "FilterType": "All"
      },
      "Name": "WolfMonster",
      "ID": 431
    },
    {
      "GroupGUID": "2ff1d514-6431-466e-a6df-b39f1932f3e9",
      "GroupPath": "Config/LevelOutput/Group/Groups_P20332_F20332001/LevelGroup_P20332_F20332001_G432.json",
      "DimensionFilter": {
        "FilterType": "All"
      },
      "Name": "Music",
      "ID": 432
    },
    {
      "GroupGUID": "f2173a02-54b7-404c-81ee-403925a1644d",
      "GroupPath": "Config/LevelOutput/Group/Groups_P20332_F20332001/LevelGroup_P20332_F20332001_G433.json",
      "DimensionFilter": {
        "FilterType": "All"
      },
      "Name": "Music",
      "ID": 433
    },
    {
      "GroupGUID": "16e253aa-a645-4068-8091-de44b34e8184",
      "GroupPath": "Config/LevelOutput/Group/Groups_P20332_F20332001/LevelGroup_P20332_F20332001_G438.json",
      "DimensionFilter": {},
      "Name": "MainMission1032902_27",
      "ID": 438
    },
    {
      "GroupGUID": "8bc7d2bf-8aac-43eb-831b-3afa64cbcc85",
      "GroupPath": "Config/LevelOutput/Group/Groups_P20332_F20332001/LevelGroup_P20332_F20332001_G439.json",
      "DimensionFilter": {},
      "Name": "MainMission1032902_27",
      "ID": 439
    },
    {
      "GroupGUID": "b1a1404a-72f9-409b-b27b-c6730ea46e62",
      "GroupPath": "Config/LevelOutput/Group/Groups_P20332_F20332001/LevelGroup_P20332_F20332001_G440.json",
      "DimensionFilter": {},
      "Name": "MainMission1032902_27",
      "ID": 440
    },
    {
      "GroupGUID": "7f97bab1-f3fc-49f4-97f9-28eb721e5990",
      "GroupPath": "Config/LevelOutput/Group/Groups_P20332_F20332001/LevelGroup_P20332_F20332001_G441.json",
      "DimensionFilter": {},
      "Name": "MainMission1032902_27",
      "ID": 441
    },
    {
      "GroupGUID": "7940994c-d5cc-414b-b955-e25b4d9c21e0",
      "GroupPath": "Config/LevelOutput/Group/Groups_P20332_F20332001/LevelGroup_P20332_F20332001_G442.json",
      "DimensionFilter": {},
      "Name": "MainMission1032902_27",
      "ID": 442
    },
    {
      "GroupGUID": "153d4c16-0018-4d4e-975d-db0d784fa835",
      "GroupPath": "Config/LevelOutput/Group/Groups_P20332_F20332001/LevelGroup_P20332_F20332001_G443.json",
      "DimensionFilter": {},
      "Name": "MainMission1032902_27",
      "ID": 443
    },
    {
      "GroupGUID": "ae385887-7f04-41f2-9bc8-c1024266ee4b",
      "GroupPath": "Config/LevelOutput/Group/Groups_P20332_F20332001/LevelGroup_P20332_F20332001_G444.json",
      "DimensionFilter": {},
      "Name": "MainMission1032902_27",
      "ID": 444
    },
    {
      "GroupGUID": "70c33c4c-f1a1-4205-a850-58de6ccf13b9",
      "GroupPath": "Config/LevelOutput/Group/Groups_P20332_F20332001/LevelGroup_P20332_F20332001_G445.json",
      "DimensionFilter": {},
      "Name": "MainMission1032902_27",
      "ID": 445
    },
    {
      "GroupGUID": "9bc0ca90-6b1a-40d2-bd13-bc2628995276",
      "GroupPath": "Config/LevelOutput/Group/Groups_P20332_F20332001/LevelGroup_P20332_F20332001_G446.json",
      "DimensionFilter": {},
      "Name": "MainMission1032902_27",
      "ID": 446
    },
    {
      "GroupGUID": "97390d39-4640-49dd-9fa3-a065a8295b98",
      "GroupPath": "Config/LevelOutput/Group/Groups_P20332_F20332001/LevelGroup_P20332_F20332001_G447.json",
      "DimensionFilter": {},
      "Name": "MainMission1032902_27",
      "ID": 447
    },
    {
      "GroupGUID": "51fa5d24-b5ff-4600-a0a9-903b29cfa722",
      "GroupPath": "Config/LevelOutput/Group/Groups_P20332_F20332001/LevelGroup_P20332_F20332001_G463.json",
      "DimensionFilter": {},
      "Name": "MainMission8021501_New Group",
      "ID": 463
    },
    {
      "GroupGUID": "0439888f-70d7-4a9b-8d53-a92a62f9617a",
      "GroupPath": "Config/LevelOutput/Group/Groups_P20332_F20332001/LevelGroup_P20332_F20332001_G464.json",
      "DimensionFilter": {},
      "Name": "MainMission8021501_New Group",
      "ID": 464
    },
    {
      "GroupGUID": "7214b45e-9ba4-4ab6-8a1d-f3215dab2fa7",
      "GroupPath": "Config/LevelOutput/Group/Groups_P20332_F20332001/LevelGroup_P20332_F20332001_G465.json",
      "DimensionFilter": {},
      "Name": "MainMission8021501_New Group",
      "ID": 465
    },
    {
      "GroupGUID": "90e1aa46-dae0-481d-a8ed-5ddb2866d785",
      "GroupPath": "Config/LevelOutput/Group/Groups_P20332_F20332001/LevelGroup_P20332_F20332001_G467.json",
      "DimensionFilter": {
        "FilterType": "All"
      },
      "Name": "sound-reverb",
      "ID": 467
    },
    {
      "GroupGUID": "faf5a5b4-9ed7-4e0b-9c1f-8fcd498e9c27",
      "GroupPath": "Config/LevelOutput/Group/Groups_P20332_F20332001/LevelGroup_P20332_F20332001_G468.json",
      "DimensionFilter": {
        "FilterType": "All"
      },
      "Name": "sound-reverb",
      "ID": 468
    },
    {
      "GroupGUID": "a95ae38f-0caa-4bb5-89fe-ae37e3c93ad0",
      "GroupPath": "Config/LevelOutput/Group/Groups_P20332_F20332001/LevelGroup_P20332_F20332001_G469.json",
      "DimensionFilter": {
        "FilterType": "All"
      },
      "Name": "sound-reverb",
      "ID": 469
    },
    {
      "GroupGUID": "688e5860-dc81-4943-913d-ebb6036b88bd",
      "GroupPath": "Config/LevelOutput/Group/Groups_P20332_F20332001/LevelGroup_P20332_F20332001_G470.json",
      "DimensionFilter": {
        "FilterType": "All"
      },
      "Name": "Sound",
      "ID": 470
    },
    {
      "GroupGUID": "645bf65f-0215-43d5-ab3b-0bdd668df0a5",
      "GroupPath": "Config/LevelOutput/Group/Groups_P20332_F20332001/LevelGroup_P20332_F20332001_G471.json",
      "DimensionFilter": {
        "FilterType": "All"
      },
      "Name": "Sound",
      "ID": 471
    },
    {
      "GroupGUID": "9ac4c141-ac6d-4b57-88e5-e81a3da9090b",
      "GroupPath": "Config/LevelOutput/Group/Groups_P20332_F20332001/LevelGroup_P20332_F20332001_G472.json",
      "DimensionFilter": {
        "FilterType": "All"
      },
      "Name": "Sound",
      "ID": 472
    },
    {
      "GroupGUID": "ccc3125f-39ba-4304-8fdd-52d4ab9173ea",
      "GroupPath": "Config/LevelOutput/Group/Groups_P20332_F20332001/LevelGroup_P20332_F20332001_G477.json",
      "DimensionFilter": {
        "FilterType": "All"
      },
      "Name": "Book",
      "ID": 477
    },
    {
      "GroupGUID": "4aa252bd-b770-4115-b44f-d0e62db15b71",
      "GroupPath": "Config/LevelOutput/Group/Groups_P20332_F20332001/LevelGroup_P20332_F20332001_G479.json",
      "DimensionFilter": {},
      "Name": "MainMission1032902_36",
      "ID": 479
    },
    {
      "GroupGUID": "1ded5faf-c5fd-47b2-94e2-52b04c29006d",
      "GroupPath": "Config/LevelOutput/Group/Groups_P20332_F20332001/LevelGroup_P20332_F20332001_G480.json",
      "DimensionFilter": {},
      "Name": "MainMission1032902_B0",
      "ID": 480
    },
    {
      "GroupGUID": "8d58461e-d916-477f-8e3a-0a04ae7a7358",
      "GroupPath": "Config/LevelOutput/Group/Groups_P20332_F20332001/LevelGroup_P20332_F20332001_G481.json",
      "DimensionFilter": {},
      "Name": "MainMission1032902_C0",
      "ID": 481
    },
    {
      "GroupGUID": "473d7110-aae3-478d-824b-50fd0473086f",
      "GroupPath": "Config/LevelOutput/Group/Groups_P20332_F20332001/LevelGroup_P20332_F20332001_G484.json",
      "DimensionFilter": {},
      "Name": "MainMission1032902_47",
      "ID": 484
    },
    {
      "GroupGUID": "23ea92c2-8597-4f08-ab12-bfbd3770811c",
      "GroupPath": "Config/LevelOutput/Group/Groups_P20332_F20332001/LevelGroup_P20332_F20332001_G485.json",
      "DimensionFilter": {},
      "Name": "MainMission1032902_47",
      "ID": 485
    }
  ],
  "DefaultEnviroProfile": "Stages/Outputs/Chapter03/EnviroProfile/Chap03_CloseView_MAZ_P302_OperaHouse_night_01.enviroProfile.asset",
  "StageData": "Stages/Outputs/Chapter03/Stages/Chap03_MAZ_P302_StageData/Chap03_MAZ_P302_StageData.stage",
  "CameraType": "Maze",
  "TimeOfDayEnviroProfileMap": {},
  "LayerToAreaMask": [
    8,
    32,
    16
  ],
  "FloorCustomData": {
    "CustomValues": [
      {
        "$type": "RPG.GameCore.FloorCustomFloatConfig",
        "ID": 10002,
        "Name": "FCV_Vol_In_01"
      },
      {
        "$type": "RPG.GameCore.FloorCustomFloatConfig",
        "ID": 10003,
        "Name": "FCV_Vol_Out_01"
      },
      {
        "$type": "RPG.GameCore.FloorCustomFloatConfig",
        "ID": 10007,
        "Name": "FCV_Vol_In_02"
      },
      {
        "$type": "RPG.GameCore.FloorCustomFloatConfig",
        "ID": 10008,
        "Name": "FCV_Vol_Out_02_Test"
      },
      {
        "$type": "RPG.GameCore.FloorCustomFloatConfig",
        "ID": 10009,
        "Name": "FCV_Vol_In_03"
      },
      {
        "$type": "RPG.GameCore.FloorCustomFloatConfig",
        "ID": 10010,
        "Name": "FCV_Vol_In_04"
      },
      {
        "$type": "RPG.GameCore.FloorCustomFloatConfig",
        "ID": 10011,
        "Name": "FCV_Vol_In_05"
      },
      {
        "$type": "RPG.GameCore.FloorCustomFloatConfig",
        "ID": 10012,
        "Name": "FCV_Vol_Out_02"
      },
      {
        "$type": "RPG.GameCore.FloorCustomFloatConfig",
        "ID": 10016,
        "Name": "FCV_Vol_Out_01_1v1_TwoSideMove_Test"
      },
      {
        "$type": "RPG.GameCore.FloorCustomFloatConfig",
        "ID": 10017,
        "Name": "FCV_Vol_Out_Ctrler_Test"
      },
      {
        "$type": "RPG.GameCore.FloorCustomFloatConfig",
        "ID": 10018,
        "Name": "FCV_Vol_In_06"
      },
      {
        "$type": "RPG.GameCore.FloorCustomFloatConfig",
        "ID": 10019,
        "Name": "FCV_Vol_In_07"
      },
      {
        "$type": "RPG.GameCore.FloorCustomFloatConfig",
        "ID": 10020,
        "Name": "FCV_Vol_Out_03"
      },
      {
        "$type": "RPG.GameCore.FloorCustomFloatConfig",
        "ID": 10021,
        "Name": "FCV_Vol_Out_04"
      },
      {
        "$type": "RPG.GameCore.FloorTargetAgentConfig",
        "AgentType": "Prop",
        "GroupID": 25,
        "InstanceID": 300004,
        "ID": 10023,
        "Name": "OperatoChaos"
      },
      {
        "$type": "RPG.GameCore.FloorTargetAgentConfig",
        "AgentType": "Prop",
        "GroupID": 26,
        "InstanceID": 300001,
        "ID": 10024,
        "Name": "OperatoMiddle"
      },
      {
        "$type": "RPG.GameCore.FloorTargetAgentConfig",
        "AgentType": "Prop",
        "GroupID": 14,
        "InstanceID": 300002,
        "ID": 10025,
        "Name": "OperatoRule"
      },
      {
        "$type": "RPG.GameCore.FloorTargetAgentConfig",
        "AgentType": "Prop",
        "GroupID": 28,
        "InstanceID": 300007,
        "ID": 10026,
        "Name": "OperatoSide"
      },
      {
        "$type": "RPG.GameCore.FloorTargetAgentConfig",
        "AgentType": "Prop",
        "GroupID": 24,
        "InstanceID": 300003,
        "ID": 10027,
        "Name": "ChaostoOpera"
      },
      {
        "$type": "RPG.GameCore.FloorTargetAgentConfig",
        "AgentType": "Prop",
        "GroupID": 41,
        "InstanceID": 300005,
        "ID": 10028,
        "Name": "MiddletoOpera"
      },
      {
        "$type": "RPG.GameCore.FloorTargetAgentConfig",
        "AgentType": "Prop",
        "GroupID": 23,
        "InstanceID": 300006,
        "ID": 10029,
        "Name": "RuletoOpera"
      },
      {
        "$type": "RPG.GameCore.FloorTargetAgentConfig",
        "AgentType": "Prop",
        "GroupID": 29,
        "InstanceID": 300008,
        "ID": 10030,
        "Name": "SidetoOpera"
      },
      {
        "$type": "RPG.GameCore.FloorCustomFloatConfig",
        "ID": 10031,
        "Name": "FCV_Vol_Out_05"
      },
      {
        "$type": "RPG.GameCore.FloorCustomFloatConfig",
        "ID": 10032,
        "Name": "FCV_Vol_In_08"
      },
      {
        "$type": "RPG.GameCore.FloorCustomFloatConfig",
        "ID": 10033,
        "Name": "FCV_Vol_In_09"
      },
      {
        "$type": "RPG.GameCore.FloorCustomFloatConfig",
        "ID": 10034,
        "Name": "FCV_Vol_Out_06"
      },
      {
        "$type": "RPG.GameCore.FloorCustomFloatConfig",
        "ID": 10035,
        "Name": "FCV_Vol_In_10"
      },
      {
        "$type": "RPG.GameCore.FloorCustomFloatConfig",
        "ID": 10036,
        "Name": "FCV_Vol_In_11"
      },
      {
        "$type": "RPG.GameCore.FloorCustomFloatConfig",
        "ID": 10037,
        "Name": "Region0Entered"
      },
      {
        "$type": "RPG.GameCore.FloorCustomFloatConfig",
        "ID": 10038,
        "Name": "Region1Entered"
      },
      {
        "$type": "RPG.GameCore.FloorCustomFloatConfig",
        "ID": 10039,
        "Name": "Region2Entered"
      },
      {
        "$type": "RPG.GameCore.FloorCustomFloatConfig",
        "ID": 10042,
        "Name": "WolfBoomNum"
      },
      {
        "$type": "RPG.GameCore.FloorCustomFloatConfig",
        "ID": 10043,
        "Name": "WolfBossHP"
      },
      {
        "$type": "RPG.GameCore.FloorCustomFloatConfig",
        "ID": 10044,
        "Name": "WolfBossInCamera"
      }
    ],
    "SavedValues": [
      {
        "ID": 2,
        "Name": "Scene_Transit",
        "AllowedValues": [
          0,
          1
        ],
        "MaxValue": 1
      },
      {
        "ID": 3,
        "Name": "CurtainLeftUnlock",
        "AllowedValues": [
          0,
          1
        ],
        "MaxValue": 1
      },
      {
        "ID": 4,
        "Name": "CurtainRightUnlock",
        "AllowedValues": [
          0,
          1
        ],
        "MaxValue": 1
      },
      {
        "ID": 5,
        "Name": "CarpetShow",
        "AllowedValues": [
          0,
          1
        ],
        "MaxValue": 1
      },
      {
        "ID": 7,
        "Name": "HughCurtainUnlock",
        "AllowedValues": [
          0,
          1
        ],
        "MaxValue": 1
      },
      {
        "ID": 8,
        "Name": "FSV_BossStage2",
        "AllowedValues": [
          0,
          1
        ],
        "MaxValue": 1
      },
      {
        "ID": 9,
        "Name": "JG_ML_03_Show",
        "AllowedValues": [
          0,
          1
        ],
        "MaxValue": 3
      },
      {
        "ID": 10,
        "Name": "JG_ML_04_Complete",
        "AllowedValues": [
          0,
          1
        ],
        "MaxValue": 3
      },
      {
        "ID": 11,
        "Name": "ShowFeather",
        "AllowedValues": [
          0,
          1,
          2
        ],
        "MaxValue": 2
      },
      {
        "ID": 12,
        "Name": "SceneStateByMainMission",
        "AllowedValues": [
          0,
          1
        ],
        "MaxValue": 1
      },
      {
        "ID": 13,
        "Name": "GravityChallengeDifficulty",
        "AllowedValues": [],
        "MaxValue": 3
      },
      {
        "ID": 15,
        "Name": "OrderFrameUnlock",
        "AllowedValues": [
          0,
          1
        ],
        "MaxValue": 1
      },
      {
        "ID": 17,
        "Name": "GravityChallengeStart",
        "AllowedValues": [],
        "MaxValue": 3
      },
      {
        "ID": 20,
        "Name": "GravityRoomEnter",
        "AllowedValues": [
          0,
          1
        ],
        "MaxValue": 1
      },
      {
        "ID": 21,
        "Name": "WolfBossPhase",
        "AllowedValues": [
          0,
          1,
          2
        ],
        "MaxValue": 2
      },
      {
        "ID": 22,
        "Name": "GravityChallengeEnd",
        "AllowedValues": [],
        "MaxValue": 1
      }
    ],
    "ConstValues": [
      {
        "$type": "RPG.GameCore.FloorTargetAgentConfig",
        "GroupID": 25,
        "InstanceID": 3,
        "ID": 1,
        "Name": "maintohundun"
      },
      {
        "$type": "RPG.GameCore.FloorTargetAgentConfig",
        "GroupID": 26,
        "InstanceID": 5,
        "ID": 2,
        "Name": "maintozhongli"
      },
      {
        "$type": "RPG.GameCore.FloorTargetAgentConfig",
        "GroupID": 14,
        "InstanceID": 8,
        "ID": 3,
        "Name": "maintozhixu"
      },
      {
        "$type": "RPG.GameCore.FloorTargetAgentConfig",
        "GroupID": 28,
        "InstanceID": 20,
        "ID": 4,
        "Name": "maintozhixian"
      },
      {
        "$type": "RPG.GameCore.FloorTargetAgentConfig",
        "GroupID": 24,
        "InstanceID": 11,
        "ID": 5,
        "Name": "hunduntomain"
      },
      {
        "$type": "RPG.GameCore.FloorTargetAgentConfig",
        "GroupID": 41,
        "InstanceID": 14,
        "ID": 6,
        "Name": "zhonglitomain"
      },
      {
        "$type": "RPG.GameCore.FloorTargetAgentConfig",
        "GroupID": 23,
        "InstanceID": 17,
        "ID": 7,
        "Name": "zhixutomain"
      },
      {
        "$type": "RPG.GameCore.FloorTargetAgentConfig",
        "GroupID": 29,
        "InstanceID": 23,
        "ID": 8,
        "Name": "zhixiantomain"
      }
    ]
  },
  "BattleAreaList": [],
  "DimensionList": [
    {}
  ],
  "LevelFeatureModules": [
    "RotatableRegion",
    "HeartDial"
  ],
  "NavmapConfigPath": "Config/LevelOutput/Map/MapInfo_P20332_F20332001.json",
  "RegionConfigPath": "Config/LevelOutput/Region/FloorRegion_P20332_F20332001.json"
}