{
  "FloorID": 20323001,
  "FloorName": "FloorName_20323001",
  "StartGroupID": 1,
  "StartAnchorID": 1,
  "GroupList": [
    {
      "GroupGUID": "1bdc9979-b29b-476c-aceb-2e0f09ae9ac0",
      "GroupPath": "Config/LevelOutput/Group/Groups_P20323_F20323001/LevelGroup_P20323_F20323001_G1.json",
      "Name": "DefaultGroup",
      "ID": 1
    },
    {
      "GroupGUID": "b31a4972-6306-4aaf-b541-2d546127b9fe",
      "GroupPath": "Config/LevelOutput/Group/Groups_P20323_F20323001/LevelGroup_P20323_F20323001_G2.json",
      "DimensionFilter": {},
      "Name": "MainMission1031901_03",
      "ID": 2
    },
    {
      "GroupGUID": "ab6f0c3f-43a5-4cb3-b92a-744122abf362",
      "GroupPath": "Config/LevelOutput/Group/Groups_P20323_F20323001/LevelGroup_P20323_F20323001_G3.json",
      "DimensionFilter": {
        "FilterType": "All"
      },
      "Name": "Sound",
      "ID": 3
    }
  ],
  "DefaultEnviroProfile": "Stages/Outputs/Chapter03/EnviroProfile/Chap03_CloseView_MAZ_P203_Night_01.enviroProfile.asset",
  "StageData": "Stages/Outputs/Chapter03/Stages/Chap03_MAZ_P203_StageData/Chap03_MAZ_P203_StageData.stage",
  "TimeOfDayEnviroProfileMap": {},
  "LayerToAreaMask": [
    1
  ],
  "BattleAreaList": [],
  "DimensionList": [
    {}
  ],
  "IsRestartLevelGraph": false
}