{
  "FloorID": 20321001,
  "FloorName": "FloorName_20321001",
  "StartGroupID": 7,
  "StartAnchorID": 1,
  "GroupList": [
    {
      "GroupGUID": "3fd4eb81-21ff-413a-8865-e05cdc3d1472",
      "GroupPath": "Config/LevelOutput/Group/Groups_P20321_F20321001/LevelGroup_P20321_F20321001_G1.json",
      "DimensionFilter": {
        "FilterType": "All"
      },
      "Name": "DefaultGroup",
      "ID": 1
    },
    {
      "GroupGUID": "b1505b65-c869-47c8-a791-a302e5a106c5",
      "GroupPath": "Config/LevelOutput/Group/Groups_P20321_F20321001/LevelGroup_P20321_F20321001_G170.json",
      "DimensionFilter": {
        "FilterType": "All"
      },
      "Name": "Entrance",
      "ID": 170
    },
    {
      "GroupGUID": "441f6fe9-824d-4412-a843-3e1ce95bb919",
      "GroupPath": "Config/LevelOutput/Group/Groups_P20321_F20321001/LevelGroup_P20321_F20321001_G2.json",
      "DimensionFilter": {
        "FilterType": "All"
      },
      "Name": "PinBall_1",
      "ID": 2
    },
    {
      "GroupGUID": "1234e823-9b61-4be1-91b7-1c5a9ea412b2",
      "GroupPath": "Config/LevelOutput/Group/Groups_P20321_F20321001/LevelGroup_P20321_F20321001_G3.json",
      "DimensionFilter": {
        "FilterType": "All"
      },
      "Name": "PinBall_2",
      "ID": 3
    },
    {
      "GroupGUID": "59bc2652-9ce1-4751-b672-ca83351bc187",
      "GroupPath": "Config/LevelOutput/Group/Groups_P20321_F20321001/LevelGroup_P20321_F20321001_G4.json",
      "DimensionFilter": {
        "FilterType": "All"
      },
      "Name": "PinBall_3",
      "ID": 4
    },
    {
      "GroupGUID": "39b2a39f-d967-4989-9926-1f2528388ba9",
      "GroupPath": "Config/LevelOutput/Group/Groups_P20321_F20321001/LevelGroup_P20321_F20321001_G5.json",
      "DimensionFilter": {
        "FilterType": "All"
      },
      "Name": "PinBall_4",
      "ID": 5
    },
    {
      "GroupGUID": "c2e7e099-fab7-4088-bd77-fd2e23d7c4c7",
      "GroupPath": "Config/LevelOutput/Group/Groups_P20321_F20321001/LevelGroup_P20321_F20321001_G18.json",
      "DimensionFilter": {
        "FilterType": "All"
      },
      "Name": "Door",
      "ID": 18
    },
    {
      "GroupGUID": "b1c86440-8489-4b35-bb28-f808cf1b1453",
      "GroupPath": "Config/LevelOutput/Group/Groups_P20321_F20321001/LevelGroup_P20321_F20321001_G53.json",
      "DimensionFilter": {
        "FilterType": "All"
      },
      "Name": "Garden",
      "ID": 53
    },
    {
      "GroupGUID": "e2a9ea9f-05b8-44ba-b1da-e55f6163955a",
      "GroupPath": "Config/LevelOutput/Group/Groups_P20321_F20321001/LevelGroup_P20321_F20321001_G76.json",
      "DimensionFilter": {
        "FilterType": "All"
      },
      "Name": "Screen",
      "ID": 76
    },
    {
      "GroupGUID": "336466d0-66e4-4557-8199-25b9365f25d2",
      "GroupPath": "Config/LevelOutput/Group/Groups_P20321_F20321001/LevelGroup_P20321_F20321001_G41.json",
      "DimensionFilter": {
        "FilterType": "Expression",
        "FilterExpression": {
          "ExpressionList": [
            {
              "$type": "RPG.GameCore.LevelDimensionFilterIDExpression",
              "Operation": "NotIn",
              "DimensionIDList": [
                1
              ]
            }
          ]
        }
      },
      "Name": "Crowd",
      "ID": 41
    },
    {
      "GroupGUID": "16d62ecc-077f-46aa-b72c-862525f13572",
      "GroupPath": "Config/LevelOutput/Group/Groups_P20321_F20321001/LevelGroup_P20321_F20321001_G52.json",
      "DimensionFilter": {
        "FilterType": "All"
      },
      "Name": "PhotoBoard",
      "ID": 52,
      "IsDelete": true
    },
    {
      "GroupGUID": "a08766ce-75ea-47c1-a5f7-4866166e27c5",
      "GroupPath": "Config/LevelOutput/Group/Groups_P20321_F20321001/LevelGroup_P20321_F20321001_G7.json",
      "DimensionFilter": {
        "FilterType": "All"
      },
      "Name": "Teleport",
      "ID": 7
    },
    {
      "GroupGUID": "5479dd65-517f-45ae-910d-f53e91996c2a",
      "GroupPath": "Config/LevelOutput/Group/Groups_P20321_F20321001/LevelGroup_P20321_F20321001_G8.json",
      "DimensionFilter": {
        "FilterType": "All"
      },
      "Name": "Default_Chest",
      "ID": 8
    },
    {
      "GroupGUID": "89b114c6-cde7-4278-beb7-01dcad487286",
      "GroupPath": "Config/LevelOutput/Group/Groups_P20321_F20321001/LevelGroup_P20321_F20321001_G183.json",
      "DimensionFilter": {
        "FilterType": "All"
      },
      "Name": "Default_Chest",
      "ID": 183
    },
    {
      "GroupGUID": "e0b9a8d0-9b3e-411b-bc01-d4cf131c7b65",
      "GroupPath": "Config/LevelOutput/Group/Groups_P20321_F20321001/LevelGroup_P20321_F20321001_G15.json",
      "DimensionFilter": {
        "FilterType": "All"
      },
      "Name": "DefaultDistructable",
      "ID": 15
    },
    {
      "GroupGUID": "d35cdb39-cd1e-461f-b178-116803b733d7",
      "GroupPath": "Config/LevelOutput/Group/Groups_P20321_F20321001/LevelGroup_P20321_F20321001_G11.json",
      "DimensionFilter": {
        "FilterType": "All"
      },
      "Name": "Bird",
      "ID": 11,
      "IsDelete": true
    },
    {
      "GroupGUID": "6c0bf16a-a9e6-431b-9a2a-0d1a48c385a3",
      "GroupPath": "Config/LevelOutput/Group/Groups_P20321_F20321001/LevelGroup_P20321_F20321001_G190.json",
      "DimensionFilter": {
        "FilterType": "All"
      },
      "Name": "MoviegameForMission",
      "ID": 190
    },
    {
      "GroupGUID": "bca33a01-d70c-4c2e-82ba-769d6e40e360",
      "GroupPath": "Config/LevelOutput/Group/Groups_P20321_F20321001/LevelGroup_P20321_F20321001_G23.json",
      "DimensionFilter": {
        "FilterType": "All"
      },
      "Name": "MoviegameRace",
      "ID": 23
    },
    {
      "GroupGUID": "280f0f85-b488-41e4-9c25-a57da515b7a3",
      "GroupPath": "Config/LevelOutput/Group/Groups_P20321_F20321001/LevelGroup_P20321_F20321001_G45.json",
      "DimensionFilter": {
        "FilterType": "All"
      },
      "Name": "ClockToy",
      "ID": 45
    },
    {
      "GroupGUID": "7ed9acda-6e33-4742-92d2-403a731a10c6",
      "GroupPath": "Config/LevelOutput/Group/Groups_P20321_F20321001/LevelGroup_P20321_F20321001_G46.json",
      "DimensionFilter": {
        "FilterType": "All"
      },
      "Name": "ClockToy",
      "ID": 46
    },
    {
      "GroupGUID": "79d48afb-817e-493a-b83c-10229c9fec07",
      "GroupPath": "Config/LevelOutput/Group/Groups_P20321_F20321001/LevelGroup_P20321_F20321001_G47.json",
      "DimensionFilter": {
        "FilterType": "All"
      },
      "Name": "ClockToy",
      "ID": 47
    },
    {
      "GroupGUID": "7bced1ca-6f63-4308-83ef-6f7e77ffd417",
      "GroupPath": "Config/LevelOutput/Group/Groups_P20321_F20321001/LevelGroup_P20321_F20321001_G48.json",
      "DimensionFilter": {
        "FilterType": "All"
      },
      "Name": "ClockToy",
      "ID": 48
    },
    {
      "GroupGUID": "c6098d75-264a-48cf-bf85-4cc1f5ae21e4",
      "GroupPath": "Config/LevelOutput/Group/Groups_P20321_F20321001/LevelGroup_P20321_F20321001_G129.json",
      "DimensionFilter": {
        "FilterType": "All"
      },
      "Name": "JigsawPuzzle_V3",
      "ID": 129,
      "IsDelete": true
    },
    {
      "GroupGUID": "5b88824a-aa82-481e-81c5-25ec7d79a2f1",
      "GroupPath": "Config/LevelOutput/Group/Groups_P20321_F20321001/LevelGroup_P20321_F20321001_G125.json",
      "DimensionFilter": {
        "FilterType": "All"
      },
      "Name": "Obstacle",
      "ID": 125
    },
    {
      "GroupGUID": "f8ecbdac-cc6d-439b-8432-e4ee10158549",
      "GroupPath": "Config/LevelOutput/Group/Groups_P20321_F20321001/LevelGroup_P20321_F20321001_G10.json",
      "DimensionFilter": {
        "FilterType": "All"
      },
      "Name": "MainMonster",
      "ID": 10
    },
    {
      "GroupGUID": "e548c54e-1060-4169-bab8-9b9ba2ff6625",
      "GroupPath": "Config/LevelOutput/Group/Groups_P20321_F20321001/LevelGroup_P20321_F20321001_G13.json",
      "DimensionFilter": {
        "FilterType": "All"
      },
      "Name": "Default_ChallengeChest",
      "ID": 13
    },
    {
      "GroupGUID": "a5230d87-0db0-4bff-8df7-6b7f4612ea67",
      "GroupPath": "Config/LevelOutput/Group/Groups_P20321_F20321001/LevelGroup_P20321_F20321001_G16.json",
      "DimensionFilter": {
        "FilterType": "All"
      },
      "Name": "Default_ChallengeChest",
      "ID": 16
    },
    {
      "GroupGUID": "931c99ae-21ff-40bf-bb7f-5379933ce26f",
      "GroupPath": "Config/LevelOutput/Group/Groups_P20321_F20321001/LevelGroup_P20321_F20321001_G12.json",
      "DimensionFilter": {
        "FilterType": "All"
      },
      "Name": "Default_ChallengeChest",
      "ID": 12
    },
    {
      "GroupGUID": "28847e84-d62c-4463-ba3d-ed96a8e05710",
      "GroupPath": "Config/LevelOutput/Group/Groups_P20321_F20321001/LevelGroup_P20321_F20321001_G310.json",
      "DimensionFilter": {},
      "Name": "FarmElement",
      "ID": 310
    },
    {
      "GroupGUID": "f59c2bc7-ba56-4c75-ab2d-56da6ca6e1cb",
      "GroupPath": "Config/LevelOutput/Group/Groups_P20321_F20321001/LevelGroup_P20321_F20321001_G169.json",
      "DimensionFilter": {},
      "Name": "Cocoon",
      "ID": 169
    },
    {
      "GroupGUID": "bb5acdeb-5592-4567-9872-f8b06d6c8b2e",
      "GroupPath": "Config/LevelOutput/Group/Groups_P20321_F20321001/LevelGroup_P20321_F20321001_G20.json",
      "DimensionFilter": {
        "FilterType": "All"
      },
      "Name": "Shrink_Gameplay_01",
      "ID": 20
    },
    {
      "GroupGUID": "ea90cbe0-6d9d-43ef-abff-602060e4abf8",
      "GroupPath": "Config/LevelOutput/Group/Groups_P20321_F20321001/LevelGroup_P20321_F20321001_G21.json",
      "DimensionFilter": {
        "FilterType": "All"
      },
      "Name": "Shrink_Gameplay_Manager",
      "ID": 21
    },
    {
      "GroupGUID": "6edc7e64-43fc-41d4-821c-9f1dc1ca49c3",
      "GroupPath": "Config/LevelOutput/Group/Groups_P20321_F20321001/LevelGroup_P20321_F20321001_G22.json",
      "DimensionFilter": {
        "FilterType": "All"
      },
      "Name": "Shrink_Gameplay_01_Monster",
      "ID": 22
    },
    {
      "GroupGUID": "1a0dc47b-cef5-49c5-b834-f1d8e2df97fb",
      "GroupPath": "Config/LevelOutput/Group/Groups_P20321_F20321001/LevelGroup_P20321_F20321001_G42.json",
      "DimensionFilter": {
        "FilterType": "All"
      },
      "Name": "Shrink_Gameplay_02",
      "ID": 42
    },
    {
      "GroupGUID": "be41d3c6-9e7f-44a7-993f-83a5c67d0e49",
      "GroupPath": "Config/LevelOutput/Group/Groups_P20321_F20321001/LevelGroup_P20321_F20321001_G44.json",
      "DimensionFilter": {
        "FilterType": "All"
      },
      "Name": "Shrink_Gameplay_02_Monster",
      "ID": 44
    },
    {
      "GroupGUID": "dc5bd6eb-86f6-4754-a118-363467dc8dd2",
      "GroupPath": "Config/LevelOutput/Group/Groups_P20321_F20321001/LevelGroup_P20321_F20321001_G24.json",
      "DimensionFilter": {},
      "Name": "MainMission1031501_30",
      "ID": 24,
      "IsDelete": true
    },
    {
      "GroupGUID": "dcf5f841-4a58-4a9e-8f78-44e442df10aa",
      "GroupPath": "Config/LevelOutput/Group/Groups_P20321_F20321001/LevelGroup_P20321_F20321001_G25.json",
      "DimensionFilter": {},
      "Name": "MainMission1031901_01",
      "ID": 25
    },
    {
      "GroupGUID": "02d1160c-c980-4bb0-9bcd-8567c368930f",
      "GroupPath": "Config/LevelOutput/Group/Groups_P20321_F20321001/LevelGroup_P20321_F20321001_G26.json",
      "DimensionFilter": {},
      "Name": "MainMission1031901_02",
      "ID": 26
    },
    {
      "GroupGUID": "bffc42a2-266f-4df5-88c5-dbe34263190a",
      "GroupPath": "Config/LevelOutput/Group/Groups_P20321_F20321001/LevelGroup_P20321_F20321001_G27.json",
      "DimensionFilter": {
        "FilterType": "Expression",
        "FilterExpression": {
          "ExpressionList": [
            {
              "$type": "RPG.GameCore.LevelDimensionFilterIDExpression",
              "DimensionIDList": [
                1
              ]
            }
          ]
        }
      },
      "Name": "MainMission1031701_01",
      "ID": 27
    },
    {
      "GroupGUID": "b4d67dc1-d713-4698-8624-56388dd16f4a",
      "GroupPath": "Config/LevelOutput/Group/Groups_P20321_F20321001/LevelGroup_P20321_F20321001_G28.json",
      "DimensionFilter": {
        "FilterType": "Expression",
        "FilterExpression": {
          "ExpressionList": [
            {
              "$type": "RPG.GameCore.LevelDimensionFilterIDExpression",
              "DimensionIDList": [
                1
              ]
            }
          ]
        }
      },
      "Name": "MainMission1031701_04",
      "ID": 28
    },
    {
      "GroupGUID": "e345b58d-ead1-4c4f-b9b9-ef45bf72480d",
      "GroupPath": "Config/LevelOutput/Group/Groups_P20321_F20321001/LevelGroup_P20321_F20321001_G30.json",
      "DimensionFilter": {
        "FilterType": "Expression",
        "FilterExpression": {
          "ExpressionList": [
            {
              "$type": "RPG.GameCore.LevelDimensionFilterIDExpression",
              "DimensionIDList": [
                1
              ]
            }
          ]
        }
      },
      "Name": "MainMission1031701_07",
      "ID": 30
    },
    {
      "GroupGUID": "e8ddbef1-0d4d-4934-88eb-da33a191eca7",
      "GroupPath": "Config/LevelOutput/Group/Groups_P20321_F20321001/LevelGroup_P20321_F20321001_G31.json",
      "DimensionFilter": {
        "FilterType": "Expression",
        "FilterExpression": {
          "ExpressionList": [
            {
              "$type": "RPG.GameCore.LevelDimensionFilterIDExpression",
              "DimensionIDList": [
                1
              ]
            }
          ]
        }
      },
      "Name": "MainMission1031701_11",
      "ID": 31
    },
    {
      "GroupGUID": "996b3014-b384-4353-be99-f9a3891c43bd",
      "GroupPath": "Config/LevelOutput/Group/Groups_P20321_F20321001/LevelGroup_P20321_F20321001_G32.json",
      "DimensionFilter": {
        "FilterType": "Expression",
        "FilterExpression": {
          "ExpressionList": [
            {
              "$type": "RPG.GameCore.LevelDimensionFilterIDExpression",
              "DimensionIDList": [
                1
              ]
            }
          ]
        }
      },
      "Name": "MainMission1031701_12",
      "ID": 32
    },
    {
      "GroupGUID": "c8b53a11-b1b6-4079-aaf8-617bad78674c",
      "GroupPath": "Config/LevelOutput/Group/Groups_P20321_F20321001/LevelGroup_P20321_F20321001_G33.json",
      "DimensionFilter": {
        "FilterType": "Expression",
        "FilterExpression": {
          "ExpressionList": [
            {
              "$type": "RPG.GameCore.LevelDimensionFilterIDExpression",
              "DimensionIDList": [
                1
              ]
            }
          ]
        }
      },
      "Name": "MainMission1031701_13",
      "ID": 33
    },
    {
      "GroupGUID": "1ac5182b-024d-44fb-a67d-f8ba382f1b3b",
      "GroupPath": "Config/LevelOutput/Group/Groups_P20321_F20321001/LevelGroup_P20321_F20321001_G34.json",
      "DimensionFilter": {
        "FilterType": "Expression",
        "FilterExpression": {
          "ExpressionList": [
            {
              "$type": "RPG.GameCore.LevelDimensionFilterIDExpression",
              "DimensionIDList": [
                1
              ]
            }
          ]
        }
      },
      "Name": "MainMission1031701_20",
      "ID": 34
    },
    {
      "GroupGUID": "6aa67bb6-cd18-49ac-a0d6-08908ccf5f1c",
      "GroupPath": "Config/LevelOutput/Group/Groups_P20321_F20321001/LevelGroup_P20321_F20321001_G35.json",
      "DimensionFilter": {
        "FilterType": "Expression",
        "FilterExpression": {
          "ExpressionList": [
            {
              "$type": "RPG.GameCore.LevelDimensionFilterIDExpression",
              "DimensionIDList": [
                1
              ]
            }
          ]
        }
      },
      "Name": "MainMission1031701_24",
      "ID": 35
    },
    {
      "GroupGUID": "60be922e-26a6-44e4-955c-c70f4d095c48",
      "GroupPath": "Config/LevelOutput/Group/Groups_P20321_F20321001/LevelGroup_P20321_F20321001_G36.json",
      "DimensionFilter": {
        "FilterType": "Expression",
        "FilterExpression": {
          "ExpressionList": [
            {
              "$type": "RPG.GameCore.LevelDimensionFilterIDExpression",
              "DimensionIDList": [
                1
              ]
            }
          ]
        }
      },
      "Name": "MainMission1031701_30",
      "ID": 36
    },
    {
      "GroupGUID": "aac013b0-560b-4b5c-8462-a65c2005a983",
      "GroupPath": "Config/LevelOutput/Group/Groups_P20321_F20321001/LevelGroup_P20321_F20321001_G37.json",
      "DimensionFilter": {
        "FilterType": "Expression",
        "FilterExpression": {
          "ExpressionList": [
            {
              "$type": "RPG.GameCore.LevelDimensionFilterIDExpression",
              "DimensionIDList": [
                1
              ]
            }
          ]
        }
      },
      "Name": "MainMission1031701_37",
      "ID": 37
    },
    {
      "GroupGUID": "10bd5719-32eb-4461-9b13-36df1fdf10ba",
      "GroupPath": "Config/LevelOutput/Group/Groups_P20321_F20321001/LevelGroup_P20321_F20321001_G38.json",
      "DimensionFilter": {
        "FilterType": "Expression",
        "FilterExpression": {
          "ExpressionList": [
            {
              "$type": "RPG.GameCore.LevelDimensionFilterIDExpression",
              "DimensionIDList": [
                1
              ]
            }
          ]
        }
      },
      "Name": "MainMission1031701_40",
      "ID": 38
    },
    {
      "GroupGUID": "268f8c37-ec88-4da7-8d11-323dbc4b7469",
      "GroupPath": "Config/LevelOutput/Group/Groups_P20321_F20321001/LevelGroup_P20321_F20321001_G39.json",
      "DimensionFilter": {
        "FilterType": "Expression",
        "FilterExpression": {
          "ExpressionList": [
            {
              "$type": "RPG.GameCore.LevelDimensionFilterIDExpression",
              "DimensionIDList": [
                1
              ]
            }
          ]
        }
      },
      "Name": "MainMission1031701_50",
      "ID": 39
    },
    {
      "GroupGUID": "86a2fa6e-6ff1-4f00-ae1a-8a1ff1d3cd30",
      "GroupPath": "Config/LevelOutput/Group/Groups_P20321_F20321001/LevelGroup_P20321_F20321001_G40.json",
      "DimensionFilter": {
        "FilterType": "Expression",
        "FilterExpression": {
          "ExpressionList": [
            {
              "$type": "RPG.GameCore.LevelDimensionFilterIDExpression",
              "DimensionIDList": [
                1
              ]
            }
          ]
        }
      },
      "Name": "MainMission1031701_60",
      "ID": 40
    },
    {
      "GroupGUID": "34ceb844-0289-4ec2-9b6f-d74cc3f4fe0b",
      "GroupPath": "Config/LevelOutput/Group/Groups_P20321_F20321001/LevelGroup_P20321_F20321001_G51.json",
      "DimensionFilter": {},
      "Name": "MainMission1031501_Stoped",
      "ID": 51
    },
    {
      "GroupGUID": "23a680cb-461c-475d-91d9-6263876935ef",
      "GroupPath": "Config/LevelOutput/Group/Groups_P20321_F20321001/LevelGroup_P20321_F20321001_G54.json",
      "DimensionFilter": {
        "FilterType": "Expression",
        "FilterExpression": {
          "ExpressionList": [
            {
              "$type": "RPG.GameCore.LevelDimensionFilterIDExpression",
              "DimensionIDList": [
                1
              ]
            }
          ]
        }
      },
      "Name": "MainMission1031701_27",
      "ID": 54
    },
    {
      "GroupGUID": "4db24d11-1896-4c69-9cf7-44014a428522",
      "GroupPath": "Config/LevelOutput/Group/Groups_P20321_F20321001/LevelGroup_P20321_F20321001_G55.json",
      "DimensionFilter": {
        "FilterType": "Expression",
        "FilterExpression": {
          "ExpressionList": [
            {
              "$type": "RPG.GameCore.LevelDimensionFilterIDExpression",
              "DimensionIDList": [
                1
              ]
            }
          ]
        }
      },
      "Name": "MainMission1031701_28",
      "ID": 55
    },
    {
      "GroupGUID": "ab7d5f35-bafa-4c17-810c-19285892285d",
      "GroupPath": "Config/LevelOutput/Group/Groups_P20321_F20321001/LevelGroup_P20321_F20321001_G56.json",
      "DimensionFilter": {
        "FilterType": "Expression",
        "FilterExpression": {
          "ExpressionList": [
            {
              "$type": "RPG.GameCore.LevelDimensionFilterIDExpression",
              "DimensionIDList": [
                1
              ]
            }
          ]
        }
      },
      "Name": "MainMission1031701_31",
      "ID": 56
    },
    {
      "GroupGUID": "b817d194-7542-424c-8e32-5475a3f1160a",
      "GroupPath": "Config/LevelOutput/Group/Groups_P20321_F20321001/LevelGroup_P20321_F20321001_G57.json",
      "DimensionFilter": {
        "FilterType": "Expression",
        "FilterExpression": {
          "ExpressionList": [
            {
              "$type": "RPG.GameCore.LevelDimensionFilterIDExpression",
              "DimensionIDList": [
                1
              ]
            }
          ]
        }
      },
      "Name": "MainMission1031701_31",
      "ID": 57
    },
    {
      "GroupGUID": "abd3cea1-3b0f-4f23-b356-b367f7be2906",
      "GroupPath": "Config/LevelOutput/Group/Groups_P20321_F20321001/LevelGroup_P20321_F20321001_G58.json",
      "DimensionFilter": {
        "FilterType": "Expression",
        "FilterExpression": {
          "ExpressionList": [
            {
              "$type": "RPG.GameCore.LevelDimensionFilterIDExpression",
              "DimensionIDList": [
                1
              ]
            }
          ]
        }
      },
      "Name": "MainMission1031701_32",
      "ID": 58
    },
    {
      "GroupGUID": "7aa5e056-0cb6-4cd6-afc7-cd270229fefd",
      "GroupPath": "Config/LevelOutput/Group/Groups_P20321_F20321001/LevelGroup_P20321_F20321001_G59.json",
      "DimensionFilter": {
        "FilterType": "Expression",
        "FilterExpression": {
          "ExpressionList": [
            {
              "$type": "RPG.GameCore.LevelDimensionFilterIDExpression",
              "DimensionIDList": [
                1
              ]
            }
          ]
        }
      },
      "Name": "MainMission1031701_35",
      "ID": 59
    },
    {
      "GroupGUID": "979b745d-6286-4845-9036-95a71958ca68",
      "GroupPath": "Config/LevelOutput/Group/Groups_P20321_F20321001/LevelGroup_P20321_F20321001_G60.json",
      "DimensionFilter": {
        "FilterType": "Expression",
        "FilterExpression": {
          "ExpressionList": [
            {
              "$type": "RPG.GameCore.LevelDimensionFilterIDExpression",
              "DimensionIDList": [
                1
              ]
            }
          ]
        }
      },
      "Name": "MainMission1031701_36",
      "ID": 60
    },
    {
      "GroupGUID": "fc0f5864-be4e-433a-9e29-2f18874a57a6",
      "GroupPath": "Config/LevelOutput/Group/Groups_P20321_F20321001/LevelGroup_P20321_F20321001_G61.json",
      "DimensionFilter": {
        "FilterType": "Expression",
        "FilterExpression": {
          "ExpressionList": [
            {
              "$type": "RPG.GameCore.LevelDimensionFilterIDExpression",
              "DimensionIDList": [
                1
              ]
            }
          ]
        }
      },
      "Name": "MainMission1031701_40",
      "ID": 61
    },
    {
      "GroupGUID": "cc937141-b3c2-4f3e-a484-27bdb549bd01",
      "GroupPath": "Config/LevelOutput/Group/Groups_P20321_F20321001/LevelGroup_P20321_F20321001_G62.json",
      "DimensionFilter": {
        "FilterType": "Expression",
        "FilterExpression": {
          "ExpressionList": [
            {
              "$type": "RPG.GameCore.LevelDimensionFilterIDExpression",
              "DimensionIDList": [
                1
              ]
            }
          ]
        }
      },
      "Name": "MainMission1031701_42",
      "ID": 62
    },
    {
      "GroupGUID": "2d584160-bd79-4c9e-93c9-792c8ea32810",
      "GroupPath": "Config/LevelOutput/Group/Groups_P20321_F20321001/LevelGroup_P20321_F20321001_G63.json",
      "DimensionFilter": {
        "FilterType": "Expression",
        "FilterExpression": {
          "ExpressionList": [
            {
              "$type": "RPG.GameCore.LevelDimensionFilterIDExpression",
              "DimensionIDList": [
                1
              ]
            }
          ]
        }
      },
      "Name": "MainMission1031701_43",
      "ID": 63
    },
    {
      "GroupGUID": "aed16c59-0296-4d33-8a1c-35cd191c57e8",
      "GroupPath": "Config/LevelOutput/Group/Groups_P20321_F20321001/LevelGroup_P20321_F20321001_G64.json",
      "DimensionFilter": {
        "FilterType": "Expression",
        "FilterExpression": {
          "ExpressionList": [
            {
              "$type": "RPG.GameCore.LevelDimensionFilterIDExpression",
              "DimensionIDList": [
                1
              ]
            }
          ]
        }
      },
      "Name": "MainMission1031701_45",
      "ID": 64
    },
    {
      "GroupGUID": "4f89848e-7898-4e62-a8ba-b4ac665fed0d",
      "GroupPath": "Config/LevelOutput/Group/Groups_P20321_F20321001/LevelGroup_P20321_F20321001_G65.json",
      "DimensionFilter": {
        "FilterType": "Expression",
        "FilterExpression": {
          "ExpressionList": [
            {
              "$type": "RPG.GameCore.LevelDimensionFilterIDExpression",
              "DimensionIDList": [
                1
              ]
            }
          ]
        }
      },
      "Name": "MainMission1031701_46",
      "ID": 65
    },
    {
      "GroupGUID": "a9f94396-e4b7-4b5d-94cf-5571e032edfc",
      "GroupPath": "Config/LevelOutput/Group/Groups_P20321_F20321001/LevelGroup_P20321_F20321001_G66.json",
      "DimensionFilter": {
        "FilterType": "Expression",
        "FilterExpression": {
          "ExpressionList": [
            {
              "$type": "RPG.GameCore.LevelDimensionFilterIDExpression",
              "DimensionIDList": [
                1
              ]
            }
          ]
        }
      },
      "Name": "MainMission1031701_47",
      "ID": 66
    },
    {
      "GroupGUID": "fde5c4a2-275b-4c44-97ef-2ff86a5a7601",
      "GroupPath": "Config/LevelOutput/Group/Groups_P20321_F20321001/LevelGroup_P20321_F20321001_G67.json",
      "DimensionFilter": {
        "FilterType": "Expression",
        "FilterExpression": {
          "ExpressionList": [
            {
              "$type": "RPG.GameCore.LevelDimensionFilterIDExpression",
              "DimensionIDList": [
                1
              ]
            }
          ]
        }
      },
      "Name": "MainMission1031701_48",
      "ID": 67
    },
    {
      "GroupGUID": "074ab7ff-5e98-4150-90da-bdb82bb3c9b8",
      "GroupPath": "Config/LevelOutput/Group/Groups_P20321_F20321001/LevelGroup_P20321_F20321001_G68.json",
      "DimensionFilter": {
        "FilterType": "Expression",
        "FilterExpression": {
          "ExpressionList": [
            {
              "$type": "RPG.GameCore.LevelDimensionFilterIDExpression",
              "DimensionIDList": [
                1
              ]
            }
          ]
        }
      },
      "Name": "MainMission1031701_50",
      "ID": 68
    },
    {
      "GroupGUID": "60f3e785-eff7-47b2-8691-359c1eb41d4e",
      "GroupPath": "Config/LevelOutput/Group/Groups_P20321_F20321001/LevelGroup_P20321_F20321001_G69.json",
      "DimensionFilter": {
        "FilterType": "Expression",
        "FilterExpression": {
          "ExpressionList": [
            {
              "$type": "RPG.GameCore.LevelDimensionFilterIDExpression",
              "DimensionIDList": [
                1
              ]
            }
          ]
        }
      },
      "Name": "MainMission1031701_52",
      "ID": 69
    },
    {
      "GroupGUID": "0fe1e962-3cdc-42fe-b0d0-04815aaf97a7",
      "GroupPath": "Config/LevelOutput/Group/Groups_P20321_F20321001/LevelGroup_P20321_F20321001_G70.json",
      "DimensionFilter": {
        "FilterType": "Expression",
        "FilterExpression": {
          "ExpressionList": [
            {
              "$type": "RPG.GameCore.LevelDimensionFilterIDExpression",
              "DimensionIDList": [
                1
              ]
            }
          ]
        }
      },
      "Name": "MainMission1031701_54",
      "ID": 70
    },
    {
      "GroupGUID": "06b7cdea-2cea-4820-a361-f304bc7f7dc0",
      "GroupPath": "Config/LevelOutput/Group/Groups_P20321_F20321001/LevelGroup_P20321_F20321001_G72.json",
      "DimensionFilter": {
        "FilterType": "Expression",
        "FilterExpression": {
          "ExpressionList": [
            {
              "$type": "RPG.GameCore.LevelDimensionFilterIDExpression",
              "DimensionIDList": [
                1
              ]
            }
          ]
        }
      },
      "Name": "MainMission1031801_12",
      "ID": 72
    },
    {
      "GroupGUID": "3c9907c9-d38e-4231-ae33-bb1454443b10",
      "GroupPath": "Config/LevelOutput/Group/Groups_P20321_F20321001/LevelGroup_P20321_F20321001_G78.json",
      "DimensionFilter": {
        "FilterType": "Expression",
        "FilterExpression": {
          "ExpressionList": [
            {
              "$type": "RPG.GameCore.LevelDimensionFilterIDExpression",
              "DimensionIDList": [
                1
              ]
            }
          ]
        }
      },
      "Name": "MainMission1031701_3Dwords1",
      "ID": 78
    },
    {
      "GroupGUID": "30d56ac8-9e36-44eb-8cdc-caee9c44d2dc",
      "GroupPath": "Config/LevelOutput/Group/Groups_P20321_F20321001/LevelGroup_P20321_F20321001_G79.json",
      "DimensionFilter": {
        "FilterType": "Expression",
        "FilterExpression": {
          "ExpressionList": [
            {
              "$type": "RPG.GameCore.LevelDimensionFilterIDExpression",
              "DimensionIDList": [
                1
              ]
            }
          ]
        }
      },
      "Name": "MainMission1031701_3Dwords2",
      "ID": 79
    },
    {
      "GroupGUID": "ff0cc17e-ed4c-4093-b1d1-4d5002197f20",
      "GroupPath": "Config/LevelOutput/Group/Groups_P20321_F20321001/LevelGroup_P20321_F20321001_G80.json",
      "DimensionFilter": {
        "FilterType": "Expression",
        "FilterExpression": {
          "ExpressionList": [
            {
              "$type": "RPG.GameCore.LevelDimensionFilterIDExpression",
              "DimensionIDList": [
                1
              ]
            }
          ]
        }
      },
      "Name": "MainMission1031701_3Dwords3",
      "ID": 80
    },
    {
      "GroupGUID": "6f19c67a-c890-4bdf-a2bf-2ea57cdaad84",
      "GroupPath": "Config/LevelOutput/Group/Groups_P20321_F20321001/LevelGroup_P20321_F20321001_G81.json",
      "DimensionFilter": {
        "FilterType": "Expression",
        "FilterExpression": {
          "ExpressionList": [
            {
              "$type": "RPG.GameCore.LevelDimensionFilterIDExpression",
              "DimensionIDList": [
                1
              ]
            }
          ]
        }
      },
      "Name": "MainMission1031701_3Dwords4",
      "ID": 81
    },
    {
      "GroupGUID": "82c827df-9d28-4b64-b214-eba728f1cbb3",
      "GroupPath": "Config/LevelOutput/Group/Groups_P20321_F20321001/LevelGroup_P20321_F20321001_G82.json",
      "DimensionFilter": {
        "FilterType": "Expression",
        "FilterExpression": {
          "ExpressionList": [
            {
              "$type": "RPG.GameCore.LevelDimensionFilterIDExpression",
              "DimensionIDList": [
                1
              ]
            }
          ]
        }
      },
      "Name": "MainMission1031701_3Dwords5",
      "ID": 82
    },
    {
      "GroupGUID": "099c848f-4a37-4755-a353-e17fb56642bd",
      "GroupPath": "Config/LevelOutput/Group/Groups_P20321_F20321001/LevelGroup_P20321_F20321001_G83.json",
      "DimensionFilter": {
        "FilterType": "Expression",
        "FilterExpression": {
          "ExpressionList": [
            {
              "$type": "RPG.GameCore.LevelDimensionFilterIDExpression",
              "DimensionIDList": [
                1
              ]
            }
          ]
        }
      },
      "Name": "MainMission1031701_AirWall",
      "ID": 83
    },
    {
      "GroupGUID": "7f7741e9-a660-4dc6-9d8a-cc797c1ca22d",
      "GroupPath": "Config/LevelOutput/Group/Groups_P20321_F20321001/LevelGroup_P20321_F20321001_G127.json",
      "DimensionFilter": {
        "FilterType": "All"
      },
      "Name": "JigsawPuzzle_V3",
      "ID": 127,
      "IsDelete": true
    },
    {
      "GroupGUID": "8050cbca-0460-4afa-bb26-ea9fbf90f911",
      "GroupPath": "Config/LevelOutput/Group/Groups_P20321_F20321001/LevelGroup_P20321_F20321001_G128.json",
      "DimensionFilter": {
        "FilterType": "All"
      },
      "Name": "JigsawPuzzle_V3",
      "ID": 128,
      "IsDelete": true
    },
    {
      "GroupGUID": "556b8e59-8466-4171-a27a-c7f6880573e7",
      "GroupPath": "Config/LevelOutput/Group/Groups_P20321_F20321001/LevelGroup_P20321_F20321001_G130.json",
      "DimensionFilter": {
        "FilterType": "All"
      },
      "Name": "OrigamiBirdColony",
      "ID": 130
    },
    {
      "GroupGUID": "d84ee9b0-b5cf-4f9c-976c-df9ab755ef99",
      "GroupPath": "Config/LevelOutput/Group/Groups_P20321_F20321001/LevelGroup_P20321_F20321001_G131.json",
      "DimensionFilter": {
        "FilterType": "All"
      },
      "Name": "OrigamiBird_Normal",
      "ID": 131
    },
    {
      "GroupGUID": "25d83d27-a8e9-4667-b2d4-d060e0d99065",
      "GroupPath": "Config/LevelOutput/Group/Groups_P20321_F20321001/LevelGroup_P20321_F20321001_G132.json",
      "DimensionFilter": {
        "FilterType": "All"
      },
      "Name": "OrigamiBird_Normal",
      "ID": 132
    },
    {
      "GroupGUID": "5309187a-182e-43c2-ad81-e33eb8013cb9",
      "GroupPath": "Config/LevelOutput/Group/Groups_P20321_F20321001/LevelGroup_P20321_F20321001_G133.json",
      "DimensionFilter": {
        "FilterType": "All"
      },
      "Name": "Tpl_OrigamiBird_Normal",
      "ID": 133
    },
    {
      "GroupGUID": "ab2e893f-658c-4f72-b947-f5ca3ea52937",
      "GroupPath": "Config/LevelOutput/Group/Groups_P20321_F20321001/LevelGroup_P20321_F20321001_G144.json",
      "DimensionFilter": {
        "FilterType": "All"
      },
      "Name": "Tpl_OrigamiBird_Normal",
      "ID": 144
    },
    {
      "GroupGUID": "05ef0aae-250b-447d-9e62-8b2a8608f4e8",
      "GroupPath": "Config/LevelOutput/Group/Groups_P20321_F20321001/LevelGroup_P20321_F20321001_G134.json",
      "DimensionFilter": {
        "FilterType": "All"
      },
      "Name": "OrigamiBird_Normal",
      "ID": 134
    },
    {
      "GroupGUID": "8e48c518-ac1c-4106-8f73-3a2f0aa97782",
      "GroupPath": "Config/LevelOutput/Group/Groups_P20321_F20321001/LevelGroup_P20321_F20321001_G135.json",
      "DimensionFilter": {
        "FilterType": "All"
      },
      "Name": "OrigamiBird_Normal",
      "ID": 135
    },
    {
      "GroupGUID": "9e8e1db7-b7a3-4904-9d8d-95f102205e95",
      "GroupPath": "Config/LevelOutput/Group/Groups_P20321_F20321001/LevelGroup_P20321_F20321001_G136.json",
      "DimensionFilter": {
        "FilterType": "All"
      },
      "Name": "OrigamiBird_Normal",
      "ID": 136
    },
    {
      "GroupGUID": "072b4588-4445-4f07-aad0-324e30c6168f",
      "GroupPath": "Config/LevelOutput/Group/Groups_P20321_F20321001/LevelGroup_P20321_F20321001_G137.json",
      "DimensionFilter": {
        "FilterType": "All"
      },
      "Name": "OrigamiBird_Normal",
      "ID": 137
    },
    {
      "GroupGUID": "281fa497-aae3-4a1d-a319-880c3301357b",
      "GroupPath": "Config/LevelOutput/Group/Groups_P20321_F20321001/LevelGroup_P20321_F20321001_G138.json",
      "DimensionFilter": {
        "FilterType": "All"
      },
      "Name": "Tpl_OrigamiBird_Normal",
      "ID": 138
    },
    {
      "GroupGUID": "51524851-46e7-400d-85f1-d7eb1e825e3c",
      "GroupPath": "Config/LevelOutput/Group/Groups_P20321_F20321001/LevelGroup_P20321_F20321001_G145.json",
      "DimensionFilter": {
        "FilterType": "All"
      },
      "Name": "Tpl_OrigamiBird_Normal",
      "ID": 145
    },
    {
      "GroupGUID": "fc8ac88d-e4b7-4023-9505-322732f0e06e",
      "GroupPath": "Config/LevelOutput/Group/Groups_P20321_F20321001/LevelGroup_P20321_F20321001_G146.json",
      "DimensionFilter": {
        "FilterType": "All"
      },
      "Name": "Tpl_OrigamiBird_Normal",
      "ID": 146
    },
    {
      "GroupGUID": "6e5b7713-e86d-427d-946c-b7d1b823f919",
      "GroupPath": "Config/LevelOutput/Group/Groups_P20321_F20321001/LevelGroup_P20321_F20321001_G139.json",
      "DimensionFilter": {
        "FilterType": "All"
      },
      "Name": "OrigamiBird_Normal",
      "ID": 139
    },
    {
      "GroupGUID": "7337652b-ac93-4262-a819-b20cc4ae044e",
      "GroupPath": "Config/LevelOutput/Group/Groups_P20321_F20321001/LevelGroup_P20321_F20321001_G140.json",
      "DimensionFilter": {
        "FilterType": "All"
      },
      "Name": "Tpl_OrigamiBird_Normal",
      "ID": 140
    },
    {
      "GroupGUID": "c6b2243e-dd0e-4f2b-bc72-e50a643a5b3b",
      "GroupPath": "Config/LevelOutput/Group/Groups_P20321_F20321001/LevelGroup_P20321_F20321001_G147.json",
      "DimensionFilter": {
        "FilterType": "All"
      },
      "Name": "OrigamiBird_Normal",
      "ID": 147
    },
    {
      "GroupGUID": "120aa5df-fd51-4ab2-873a-53a25f4d7544",
      "GroupPath": "Config/LevelOutput/Group/Groups_P20321_F20321001/LevelGroup_P20321_F20321001_G141.json",
      "DimensionFilter": {
        "FilterType": "All"
      },
      "Name": "OrigamiBird_Normal",
      "ID": 141
    },
    {
      "GroupGUID": "892569e1-b7cb-4994-ab30-990881c13165",
      "GroupPath": "Config/LevelOutput/Group/Groups_P20321_F20321001/LevelGroup_P20321_F20321001_G142.json",
      "DimensionFilter": {
        "FilterType": "All"
      },
      "Name": "Tpl_OrigamiBird_Normal",
      "ID": 142
    },
    {
      "GroupGUID": "10eb3514-5e94-4016-b7d9-9a0703bd36d3",
      "GroupPath": "Config/LevelOutput/Group/Groups_P20321_F20321001/LevelGroup_P20321_F20321001_G143.json",
      "DimensionFilter": {
        "FilterType": "All"
      },
      "Name": "Tpl_OrigamiBird_Normal",
      "ID": 143
    },
    {
      "GroupGUID": "2c4e1f29-fdce-4353-8d04-765edf41a83e",
      "GroupPath": "Config/LevelOutput/Group/Groups_P20321_F20321001/LevelGroup_P20321_F20321001_G148.json",
      "DimensionFilter": {
        "FilterType": "All"
      },
      "Name": "Tpl_OrigamiBird_Normal",
      "ID": 148
    },
    {
      "GroupGUID": "74aac1b9-75cc-4557-b718-bcb6c27e0527",
      "GroupPath": "Config/LevelOutput/Group/Groups_P20321_F20321001/LevelGroup_P20321_F20321001_G149.json",
      "DimensionFilter": {
        "FilterType": "All"
      },
      "Name": "Tpl_OrigamiBird_Normal",
      "ID": 149
    },
    {
      "GroupGUID": "f32861cc-1f05-4e4d-ac44-2bb1ccc6842e",
      "GroupPath": "Config/LevelOutput/Group/Groups_P20321_F20321001/LevelGroup_P20321_F20321001_G150.json",
      "DimensionFilter": {
        "FilterType": "All"
      },
      "Name": "OrigamiBird_Normal",
      "ID": 150
    },
    {
      "GroupGUID": "13d81947-b7fd-4beb-bc8c-d809af1b6c44",
      "GroupPath": "Config/LevelOutput/Group/Groups_P20321_F20321001/LevelGroup_P20321_F20321001_G74.json",
      "DimensionFilter": {},
      "Name": "MainMission1032301_01",
      "ID": 74,
      "IsDelete": true
    },
    {
      "GroupGUID": "71e38ac9-9820-4293-90b5-64cc10154351",
      "GroupPath": "Config/LevelOutput/Group/Groups_P20321_F20321001/LevelGroup_P20321_F20321001_G75.json",
      "DimensionFilter": {},
      "Name": "MainMission1032301_04",
      "ID": 75
    },
    {
      "GroupGUID": "13d37c86-d9ca-4ca0-888b-37311bc0d27f",
      "GroupPath": "Config/LevelOutput/Group/Groups_P20321_F20321001/LevelGroup_P20321_F20321001_G151.json",
      "DimensionFilter": {
        "FilterType": "All"
      },
      "Name": "Crowd",
      "ID": 151
    },
    {
      "GroupGUID": "5fd9e5cd-78e5-480b-bc55-c00a0c3c8e70",
      "GroupPath": "Config/LevelOutput/Group/Groups_P20321_F20321001/LevelGroup_P20321_F20321001_G162.json",
      "DimensionFilter": {
        "FilterType": "All"
      },
      "Name": "NPC",
      "ID": 162
    },
    {
      "GroupGUID": "df854a0a-1c7f-46a3-bff7-093337b5328f",
      "GroupPath": "Config/LevelOutput/Group/Groups_P20321_F20321001/LevelGroup_P20321_F20321001_G152.json",
      "DimensionFilter": {},
      "Name": "MainMission4340109__1",
      "ID": 152
    },
    {
      "GroupGUID": "4199c2c1-3353-4544-a656-e7ee82937e54",
      "GroupPath": "Config/LevelOutput/Group/Groups_P20321_F20321001/LevelGroup_P20321_F20321001_G153.json",
      "DimensionFilter": {},
      "Name": "MainMission4340109_-2",
      "ID": 153
    },
    {
      "GroupGUID": "74b004dd-15b3-47b6-895e-4e63d0828e3c",
      "GroupPath": "Config/LevelOutput/Group/Groups_P20321_F20321001/LevelGroup_P20321_F20321001_G154.json",
      "DimensionFilter": {
        "FilterType": "All"
      },
      "Name": "NPC",
      "ID": 154
    },
    {
      "GroupGUID": "aa58d963-9f0b-4545-b102-f97f24df9395",
      "GroupPath": "Config/LevelOutput/Group/Groups_P20321_F20321001/LevelGroup_P20321_F20321001_G155.json",
      "DimensionFilter": {
        "FilterType": "All"
      },
      "Name": "NPC",
      "ID": 155
    },
    {
      "GroupGUID": "c8193dba-18e6-4931-911e-8c71935b88bc",
      "GroupPath": "Config/LevelOutput/Group/Groups_P20321_F20321001/LevelGroup_P20321_F20321001_G156.json",
      "DimensionFilter": {
        "FilterType": "All"
      },
      "Name": "NPC",
      "ID": 156
    },
    {
      "GroupGUID": "5ed54897-0d33-4607-a1f5-eee81628e882",
      "GroupPath": "Config/LevelOutput/Group/Groups_P20321_F20321001/LevelGroup_P20321_F20321001_G157.json",
      "DimensionFilter": {},
      "Name": "MainMission4240322_NPC",
      "ID": 157
    },
    {
      "GroupGUID": "3aca02e3-5701-4553-8526-e4fdfd811773",
      "GroupPath": "Config/LevelOutput/Group/Groups_P20321_F20321001/LevelGroup_P20321_F20321001_G158.json",
      "DimensionFilter": {
        "FilterType": "All"
      },
      "Name": "NPC",
      "ID": 158
    },
    {
      "GroupGUID": "154043be-0c8d-4141-9231-a2313782f0b3",
      "GroupPath": "Config/LevelOutput/Group/Groups_P20321_F20321001/LevelGroup_P20321_F20321001_G159.json",
      "DimensionFilter": {
        "FilterType": "All"
      },
      "Name": "NPC",
      "ID": 159
    },
    {
      "GroupGUID": "ec6f659f-7b85-4ba9-ac72-88904329121b",
      "GroupPath": "Config/LevelOutput/Group/Groups_P20321_F20321001/LevelGroup_P20321_F20321001_G160.json",
      "DimensionFilter": {
        "FilterType": "All"
      },
      "Name": "NPC",
      "ID": 160
    },
    {
      "GroupGUID": "becd50fe-5156-4f31-b029-a1a8edd80a3d",
      "GroupPath": "Config/LevelOutput/Group/Groups_P20321_F20321001/LevelGroup_P20321_F20321001_G161.json",
      "DimensionFilter": {
        "FilterType": "All"
      },
      "Name": "NPC",
      "ID": 161
    },
    {
      "GroupGUID": "8850cb07-431b-4c80-8aa4-2a107850ea4c",
      "GroupPath": "Config/LevelOutput/Group/Groups_P20321_F20321001/LevelGroup_P20321_F20321001_G163.json",
      "DimensionFilter": {
        "FilterType": "All"
      },
      "Name": "NPC",
      "ID": 163,
      "IsDelete": true
    },
    {
      "GroupGUID": "9a203184-c421-451e-84f2-240577da3cb3",
      "GroupPath": "Config/LevelOutput/Group/Groups_P20321_F20321001/LevelGroup_P20321_F20321001_G164.json",
      "DimensionFilter": {
        "FilterType": "All"
      },
      "Name": "NPC",
      "ID": 164,
      "IsDelete": true
    },
    {
      "GroupGUID": "39a8c630-04d5-41ad-93f1-447174b3c9b5",
      "GroupPath": "Config/LevelOutput/Group/Groups_P20321_F20321001/LevelGroup_P20321_F20321001_G165.json",
      "DimensionFilter": {
        "FilterType": "All"
      },
      "Name": "NPC",
      "ID": 165,
      "IsDelete": true
    },
    {
      "GroupGUID": "34b462cb-fe13-4abf-9a20-cb21e1fcd103",
      "GroupPath": "Config/LevelOutput/Group/Groups_P20321_F20321001/LevelGroup_P20321_F20321001_G166.json",
      "DimensionFilter": {
        "FilterType": "All"
      },
      "Name": "NPC",
      "ID": 166,
      "IsDelete": true
    },
    {
      "GroupGUID": "29f9c3c1-96e0-48f1-a829-7c0890b13018",
      "GroupPath": "Config/LevelOutput/Group/Groups_P20321_F20321001/LevelGroup_P20321_F20321001_G167.json",
      "DimensionFilter": {
        "FilterType": "All"
      },
      "Name": "NPC",
      "ID": 167,
      "IsDelete": true
    },
    {
      "GroupGUID": "b1fe6432-72fd-4c87-8f2b-92a6569f0994",
      "GroupPath": "Config/LevelOutput/Group/Groups_P20321_F20321001/LevelGroup_P20321_F20321001_G168.json",
      "DimensionFilter": {
        "FilterType": "All"
      },
      "Name": "TV",
      "ID": 168
    },
    {
      "GroupGUID": "4b5f2a48-00aa-401c-8ae3-d7964c1b2bf6",
      "GroupPath": "Config/LevelOutput/Group/Groups_P20321_F20321001/LevelGroup_P20321_F20321001_G171.json",
      "DimensionFilter": {
        "FilterType": "Expression",
        "FilterExpression": {
          "ExpressionList": [
            {
              "$type": "RPG.GameCore.LevelDimensionFilterIDExpression",
              "DimensionIDList": [
                1
              ]
            }
          ]
        }
      },
      "Name": "MainMission1031701_56",
      "ID": 171
    },
    {
      "GroupGUID": "5604cbe3-1f9d-4e1e-b97a-6bee66220c6c",
      "GroupPath": "Config/LevelOutput/Group/Groups_P20321_F20321001/LevelGroup_P20321_F20321001_G172.json",
      "DimensionFilter": {},
      "Name": "MainMission4340109_MainMission4340109__3",
      "ID": 172
    },
    {
      "GroupGUID": "bff28795-ff93-408a-9d7a-05b16208ab08",
      "GroupPath": "Config/LevelOutput/Group/Groups_P20321_F20321001/LevelGroup_P20321_F20321001_G173.json",
      "DimensionFilter": {
        "FilterType": "All"
      },
      "Name": "BAT_Prop",
      "ID": 173
    },
    {
      "GroupGUID": "4b3304e5-8a4a-4fb8-9ad5-73df2420b843",
      "GroupPath": "Config/LevelOutput/Group/Groups_P20321_F20321001/LevelGroup_P20321_F20321001_G177.json",
      "DimensionFilter": {
        "FilterType": "All"
      },
      "Name": "Tpl_MainMission4340160_Trash1",
      "ID": 177
    },
    {
      "GroupGUID": "f7915126-5a8b-4b2a-b8ec-7a214b5f32db",
      "GroupPath": "Config/LevelOutput/Group/Groups_P20321_F20321001/LevelGroup_P20321_F20321001_G178.json",
      "DimensionFilter": {
        "FilterType": "All"
      },
      "Name": "Tpl_MainMission4340158_Trash2",
      "ID": 178
    },
    {
      "GroupGUID": "91b6e296-255d-4a75-b345-ab863b1e90da",
      "GroupPath": "Config/LevelOutput/Group/Groups_P20321_F20321001/LevelGroup_P20321_F20321001_G179.json",
      "DimensionFilter": {
        "FilterType": "All"
      },
      "Name": "Monster_ChestMonster",
      "ID": 179
    },
    {
      "GroupGUID": "e22f4a84-7231-469a-81c6-aef84a4e9706",
      "GroupPath": "Config/LevelOutput/Group/Groups_P20321_F20321001/LevelGroup_P20321_F20321001_G180.json",
      "DimensionFilter": {
        "FilterType": "All"
      },
      "Name": "SpecialDistructable",
      "ID": 180
    },
    {
      "GroupGUID": "3a22aa1d-a2d3-43c3-bb19-5486203f6784",
      "GroupPath": "Config/LevelOutput/Group/Groups_P20321_F20321001/LevelGroup_P20321_F20321001_G181.json",
      "DimensionFilter": {
        "FilterType": "Expression",
        "FilterExpression": {
          "ExpressionList": [
            {
              "$type": "RPG.GameCore.LevelDimensionFilterIDExpression",
              "DimensionIDList": [
                1
              ]
            }
          ]
        }
      },
      "Name": "MainMission1031701_FxTrigger1",
      "ID": 181
    },
    {
      "GroupGUID": "b8d3c7b0-b472-4330-88ce-c2d72990ba58",
      "GroupPath": "Config/LevelOutput/Group/Groups_P20321_F20321001/LevelGroup_P20321_F20321001_G182.json",
      "DimensionFilter": {
        "FilterType": "Expression",
        "FilterExpression": {
          "ExpressionList": [
            {
              "$type": "RPG.GameCore.LevelDimensionFilterIDExpression",
              "DimensionIDList": [
                1
              ]
            }
          ]
        }
      },
      "Name": "MainMission1031701_FxTrigger2",
      "ID": 182
    },
    {
      "GroupGUID": "5c286356-091e-4bb9-bef1-f1c8fd6a2b6f",
      "GroupPath": "Config/LevelOutput/Group/Groups_P20321_F20321001/LevelGroup_P20321_F20321001_G184.json",
      "DimensionFilter": {
        "FilterType": "All"
      },
      "Name": "JigsawPuzzle_P201_Normal_01_TreasureBox",
      "ID": 184
    },
    {
      "GroupGUID": "2bdf4dbc-7360-441c-b3fe-fe5b053ed130",
      "GroupPath": "Config/LevelOutput/Group/Groups_P20321_F20321001/LevelGroup_P20321_F20321001_G185.json",
      "DimensionFilter": {
        "FilterType": "All"
      },
      "Name": "DefaultMonster",
      "ID": 185
    },
    {
      "GroupGUID": "ebb4fab4-079e-425b-891f-ca34a2a0cd11",
      "GroupPath": "Config/LevelOutput/Group/Groups_P20321_F20321001/LevelGroup_P20321_F20321001_G186.json",
      "DimensionFilter": {
        "FilterType": "All"
      },
      "Name": "DefaultMonster",
      "ID": 186
    },
    {
      "GroupGUID": "94d5f0ca-cf3e-4f54-bfac-1ce223f7add0",
      "GroupPath": "Config/LevelOutput/Group/Groups_P20321_F20321001/LevelGroup_P20321_F20321001_G187.json",
      "DimensionFilter": {
        "FilterType": "All"
      },
      "Name": "DefaultMonster",
      "ID": 187
    },
    {
      "GroupGUID": "a7a7acd0-ac12-4c52-9681-24ff9c2ee7a9",
      "GroupPath": "Config/LevelOutput/Group/Groups_P20321_F20321001/LevelGroup_P20321_F20321001_G191.json",
      "DimensionFilter": {
        "FilterType": "Expression",
        "FilterExpression": {
          "ExpressionList": [
            {
              "$type": "RPG.GameCore.LevelDimensionFilterIDExpression",
              "DimensionIDList": [
                1
              ]
            }
          ]
        }
      },
      "Name": "MainMission1031701_FxTrigger0",
      "ID": 191
    },
    {
      "GroupGUID": "db40a9ce-8e4f-4e9b-8169-8da4fb2177cb",
      "GroupPath": "Config/LevelOutput/Group/Groups_P20321_F20321001/LevelGroup_P20321_F20321001_G192.json",
      "DimensionFilter": {
        "FilterType": "Expression",
        "FilterExpression": {
          "ExpressionList": [
            {
              "$type": "RPG.GameCore.LevelDimensionFilterIDExpression",
              "DimensionIDList": [
                1
              ]
            }
          ]
        }
      },
      "Name": "MainMission1031701_FxTrigger3",
      "ID": 192
    },
    {
      "GroupGUID": "9443cff8-7044-4440-90f2-b9f5362ad3fc",
      "GroupPath": "Config/LevelOutput/Group/Groups_P20321_F20321001/LevelGroup_P20321_F20321001_G193.json",
      "DimensionFilter": {
        "FilterType": "Expression",
        "FilterExpression": {
          "ExpressionList": [
            {
              "$type": "RPG.GameCore.LevelDimensionFilterIDExpression",
              "DimensionIDList": [
                1
              ]
            }
          ]
        }
      },
      "Name": "MainMission1031701_BallActionTrigger",
      "ID": 193
    },
    {
      "GroupGUID": "ed3d52fe-7933-418e-847e-31f320845083",
      "GroupPath": "Config/LevelOutput/Group/Groups_P20321_F20321001/LevelGroup_P20321_F20321001_G266.json",
      "DimensionFilter": {
        "FilterType": "All"
      },
      "Name": "DefaultMonster",
      "ID": 266
    },
    {
      "GroupGUID": "b724610d-6b05-4aea-b9b0-45ba76e3b5bb",
      "GroupPath": "Config/LevelOutput/Group/Groups_P20321_F20321001/LevelGroup_P20321_F20321001_G267.json",
      "DimensionFilter": {
        "FilterType": "All"
      },
      "Name": "DefaultMonster",
      "ID": 267
    },
    {
      "GroupGUID": "4d011d36-b863-4531-8be3-cee42e3a0c6a",
      "GroupPath": "Config/LevelOutput/Group/Groups_P20321_F20321001/LevelGroup_P20321_F20321001_G194.json",
      "DimensionFilter": {
        "FilterType": "All"
      },
      "Name": "NPC",
      "ID": 194
    },
    {
      "GroupGUID": "df874e2e-4bbb-4b81-9215-99e240b38a0a",
      "GroupPath": "Config/LevelOutput/Group/Groups_P20321_F20321001/LevelGroup_P20321_F20321001_G188.json",
      "DimensionFilter": {
        "FilterType": "All"
      },
      "Name": "JigsawPuzzle_P201_Normal_04_Garden",
      "ID": 188
    },
    {
      "GroupGUID": "61bab717-ef1d-4789-b08d-791e1f6d8564",
      "GroupPath": "Config/LevelOutput/Group/Groups_P20321_F20321001/LevelGroup_P20321_F20321001_G199.json",
      "DimensionFilter": {
        "FilterType": "All"
      },
      "Name": "JigsawPuzzle_P201_Normal_07_ShrinkTreasureBox",
      "ID": 199
    },
    {
      "GroupGUID": "c1b31ce8-bfe5-46e3-8b54-e3b2b8fbc9e5",
      "GroupPath": "Config/LevelOutput/Group/Groups_P20321_F20321001/LevelGroup_P20321_F20321001_G200.json",
      "DimensionFilter": {
        "FilterType": "All"
      },
      "Name": "JigsawPuzzle_P201_Normal_06_ShrinkTreasureBox",
      "ID": 200
    },
    {
      "GroupGUID": "a4076e57-d210-4df8-b111-c993ff2e6578",
      "GroupPath": "Config/LevelOutput/Group/Groups_P20321_F20321001/LevelGroup_P20321_F20321001_G201.json",
      "DimensionFilter": {},
      "Name": "MainMission4240322_01",
      "ID": 201
    },
    {
      "GroupGUID": "0d6d5738-dfe6-4d75-a501-98cc50940cc8",
      "GroupPath": "Config/LevelOutput/Group/Groups_P20321_F20321001/LevelGroup_P20321_F20321001_G202.json",
      "DimensionFilter": {},
      "Name": "MainMission4240322_02",
      "ID": 202
    },
    {
      "GroupGUID": "c2b3bba5-afe1-48b7-8f38-4d3f066e2c0e",
      "GroupPath": "Config/LevelOutput/Group/Groups_P20321_F20321001/LevelGroup_P20321_F20321001_G203.json",
      "DimensionFilter": {},
      "Name": "MainMission4240322_04",
      "ID": 203
    },
    {
      "GroupGUID": "7de340c1-d190-4c71-b298-b87b42013795",
      "GroupPath": "Config/LevelOutput/Group/Groups_P20321_F20321001/LevelGroup_P20321_F20321001_G204.json",
      "DimensionFilter": {},
      "Name": "MainMission4240322_05",
      "ID": 204
    },
    {
      "GroupGUID": "90904ca2-7b3e-48df-b38e-7710c40db66c",
      "GroupPath": "Config/LevelOutput/Group/Groups_P20321_F20321001/LevelGroup_P20321_F20321001_G205.json",
      "DimensionFilter": {},
      "Name": "MainMission4240322_06",
      "ID": 205
    },
    {
      "GroupGUID": "57af0741-3c75-470a-8960-f6e9abf352e0",
      "GroupPath": "Config/LevelOutput/Group/Groups_P20321_F20321001/LevelGroup_P20321_F20321001_G206.json",
      "DimensionFilter": {},
      "Name": "MainMission4240322_07",
      "ID": 206
    },
    {
      "GroupGUID": "9297a10f-a0e2-4c94-b4aa-dffaef59d1a8",
      "GroupPath": "Config/LevelOutput/Group/Groups_P20321_F20321001/LevelGroup_P20321_F20321001_G207.json",
      "DimensionFilter": {},
      "Name": "MainMission4240322_08",
      "ID": 207
    },
    {
      "GroupGUID": "618bf698-e42b-4d4f-aeda-0b857b25d15f",
      "GroupPath": "Config/LevelOutput/Group/Groups_P20321_F20321001/LevelGroup_P20321_F20321001_G208.json",
      "DimensionFilter": {},
      "Name": "MainMission4240322_09",
      "ID": 208
    },
    {
      "GroupGUID": "a4696635-e52d-4a5f-924f-9638f568a6fd",
      "GroupPath": "Config/LevelOutput/Group/Groups_P20321_F20321001/LevelGroup_P20321_F20321001_G210.json",
      "DimensionFilter": {},
      "Name": "MainMission4340111_01",
      "ID": 210
    },
    {
      "GroupGUID": "d341c8ba-58b2-4d38-a84a-484b2b7a9092",
      "GroupPath": "Config/LevelOutput/Group/Groups_P20321_F20321001/LevelGroup_P20321_F20321001_G209.json",
      "DimensionFilter": {},
      "Name": "MainMission4240322_10",
      "ID": 209
    },
    {
      "GroupGUID": "f0640e88-a5b7-4419-877c-d85b05a321df",
      "GroupPath": "Config/LevelOutput/Group/Groups_P20321_F20321001/LevelGroup_P20321_F20321001_G211.json",
      "DimensionFilter": {
        "FilterType": "All"
      },
      "Name": "Sound",
      "ID": 211
    },
    {
      "GroupGUID": "b7c904b1-6fff-44c0-901a-84f958492d1e",
      "GroupPath": "Config/LevelOutput/Group/Groups_P20321_F20321001/LevelGroup_P20321_F20321001_G214.json",
      "DimensionFilter": {
        "FilterType": "All"
      },
      "Name": "ActivityMovieGame",
      "ID": 214
    },
    {
      "GroupGUID": "6734aa78-ccec-4e8e-bbd4-f363a2175227",
      "GroupPath": "Config/LevelOutput/Group/Groups_P20321_F20321001/LevelGroup_P20321_F20321001_G215.json",
      "DimensionFilter": {},
      "Name": "MainMission4340111_02",
      "ID": 215
    },
    {
      "GroupGUID": "81a9b9bd-c5c9-43a0-b7e6-44af0c23c948",
      "GroupPath": "Config/LevelOutput/Group/Groups_P20321_F20321001/LevelGroup_P20321_F20321001_G216.json",
      "DimensionFilter": {},
      "Name": "MainMission4340112_03",
      "ID": 216
    },
    {
      "GroupGUID": "3cda53f0-aba6-43a9-adfa-ceda8dcebc49",
      "GroupPath": "Config/LevelOutput/Group/Groups_P20321_F20321001/LevelGroup_P20321_F20321001_G303.json",
      "DimensionFilter": {
        "FilterType": "All"
      },
      "Name": "ActivityAnchor",
      "ID": 303
    },
    {
      "GroupGUID": "d9e7c3f2-a10b-4bca-b8c8-40fc32f899e2",
      "GroupPath": "Config/LevelOutput/Group/Groups_P20321_F20321001/LevelGroup_P20321_F20321001_G196.json",
      "DimensionFilter": {},
      "Name": "ActivityNpc",
      "ID": 196
    },
    {
      "GroupGUID": "4ac66c82-b171-45b8-906f-487df32d371c",
      "GroupPath": "Config/LevelOutput/Group/Groups_P20321_F20321001/LevelGroup_P20321_F20321001_G298.json",
      "DimensionFilter": {},
      "Name": "MainMission8022101_00",
      "ID": 298
    },
    {
      "GroupGUID": "9cde51d5-cf0f-47ac-b401-697cf8459b93",
      "GroupPath": "Config/LevelOutput/Group/Groups_P20321_F20321001/LevelGroup_P20321_F20321001_G197.json",
      "DimensionFilter": {},
      "Name": "MainMission8022101_01",
      "ID": 197
    },
    {
      "GroupGUID": "5733d0a0-1444-408b-94fa-bcb99e6745ca",
      "GroupPath": "Config/LevelOutput/Group/Groups_P20321_F20321001/LevelGroup_P20321_F20321001_G198.json",
      "DimensionFilter": {},
      "Name": "MainMission8022101_02",
      "ID": 198
    },
    {
      "GroupGUID": "b6cf4727-0878-4d21-9409-cbda32099427",
      "GroupPath": "Config/LevelOutput/Group/Groups_P20321_F20321001/LevelGroup_P20321_F20321001_G217.json",
      "DimensionFilter": {},
      "Name": "MainMission8022102_01",
      "ID": 217
    },
    {
      "GroupGUID": "e82ddebc-8655-4a3a-aa75-ae504e258521",
      "GroupPath": "Config/LevelOutput/Group/Groups_P20321_F20321001/LevelGroup_P20321_F20321001_G218.json",
      "DimensionFilter": {},
      "Name": "MainMission8022102_02",
      "ID": 218,
      "IsDelete": true
    },
    {
      "GroupGUID": "62a8b207-7d31-48f7-9b7a-05419a0ebb59",
      "GroupPath": "Config/LevelOutput/Group/Groups_P20321_F20321001/LevelGroup_P20321_F20321001_G219.json",
      "DimensionFilter": {},
      "Name": "MainMission8022102_03",
      "ID": 219
    },
    {
      "GroupGUID": "13f3293a-1dfa-46ba-b4da-a91486f9f6b3",
      "GroupPath": "Config/LevelOutput/Group/Groups_P20321_F20321001/LevelGroup_P20321_F20321001_G220.json",
      "DimensionFilter": {},
      "Name": "MainMission8022103_01",
      "ID": 220
    },
    {
      "GroupGUID": "b2ee47c8-1870-4853-9408-53ba8f5319b0",
      "GroupPath": "Config/LevelOutput/Group/Groups_P20321_F20321001/LevelGroup_P20321_F20321001_G299.json",
      "DimensionFilter": {},
      "Name": "MainMission8022103_02",
      "ID": 299
    },
    {
      "GroupGUID": "102f39aa-c009-4ff3-af49-55181fedca51",
      "GroupPath": "Config/LevelOutput/Group/Groups_P20321_F20321001/LevelGroup_P20321_F20321001_G221.json",
      "DimensionFilter": {},
      "Name": "MainMission8022104_01",
      "ID": 221
    },
    {
      "GroupGUID": "a147d1f7-ef38-4cec-9105-f0741d75075f",
      "GroupPath": "Config/LevelOutput/Group/Groups_P20321_F20321001/LevelGroup_P20321_F20321001_G222.json",
      "DimensionFilter": {},
      "Name": "MainMission8022104_02",
      "ID": 222
    },
    {
      "GroupGUID": "d87ae0bd-4ae9-4e35-a249-ca5775d01c6f",
      "GroupPath": "Config/LevelOutput/Group/Groups_P20321_F20321001/LevelGroup_P20321_F20321001_G223.json",
      "DimensionFilter": {},
      "Name": "MainMission8022104_03",
      "ID": 223,
      "IsDelete": true
    },
    {
      "GroupGUID": "a432ca7c-f17f-482e-9343-67cb2b9af084",
      "GroupPath": "Config/LevelOutput/Group/Groups_P20321_F20321001/LevelGroup_P20321_F20321001_G290.json",
      "DimensionFilter": {},
      "Name": "Activity_Movie_Raid1",
      "ID": 290
    },
    {
      "GroupGUID": "71f97e1d-10ff-4ef8-9115-12a8e5f5a164",
      "GroupPath": "Config/LevelOutput/Group/Groups_P20321_F20321001/LevelGroup_P20321_F20321001_G291.json",
      "DimensionFilter": {},
      "Name": "Activity_Movie_Raid2",
      "ID": 291
    },
    {
      "GroupGUID": "f7594354-a06c-4257-8167-1d64dfc5fc2e",
      "GroupPath": "Config/LevelOutput/Group/Groups_P20321_F20321001/LevelGroup_P20321_F20321001_G292.json",
      "DimensionFilter": {},
      "Name": "Activity_Movie_Raid3",
      "ID": 292
    },
    {
      "GroupGUID": "179335fb-e4d9-4d70-9517-38032bdd42c4",
      "GroupPath": "Config/LevelOutput/Group/Groups_P20321_F20321001/LevelGroup_P20321_F20321001_G293.json",
      "DimensionFilter": {},
      "Name": "MainMission8022120_01",
      "ID": 293
    },
    {
      "GroupGUID": "05a0519d-fb87-4c7a-a007-410da09d9bdc",
      "GroupPath": "Config/LevelOutput/Group/Groups_P20321_F20321001/LevelGroup_P20321_F20321001_G294.json",
      "DimensionFilter": {},
      "Name": "MainMission8022122_01",
      "ID": 294
    },
    {
      "GroupGUID": "f57ede01-c241-40be-9c8c-d7a8eaa11b52",
      "GroupPath": "Config/LevelOutput/Group/Groups_P20321_F20321001/LevelGroup_P20321_F20321001_G295.json",
      "DimensionFilter": {},
      "Name": "MainMission8022124_01",
      "ID": 295
    },
    {
      "GroupGUID": "0111df88-7d47-44c7-906e-692ebc9b5275",
      "GroupPath": "Config/LevelOutput/Group/Groups_P20321_F20321001/LevelGroup_P20321_F20321001_G224.json",
      "DimensionFilter": {},
      "Name": "MainMission4340113_01",
      "ID": 224
    },
    {
      "GroupGUID": "cf8ee2a4-6c6c-4742-9c88-c40ec93d1922",
      "GroupPath": "Config/LevelOutput/Group/Groups_P20321_F20321001/LevelGroup_P20321_F20321001_G225.json",
      "DimensionFilter": {},
      "Name": "MainMission4340113_02",
      "ID": 225
    },
    {
      "GroupGUID": "86e798f5-d837-4373-9366-f8c79ed75ac6",
      "GroupPath": "Config/LevelOutput/Group/Groups_P20321_F20321001/LevelGroup_P20321_F20321001_G226.json",
      "DimensionFilter": {
        "FilterType": "All"
      },
      "Name": "Find",
      "ID": 226
    },
    {
      "GroupGUID": "4e91a104-b945-4125-9ae1-ec43f1810e17",
      "GroupPath": "Config/LevelOutput/Group/Groups_P20321_F20321001/LevelGroup_P20321_F20321001_G227.json",
      "DimensionFilter": {},
      "Name": "MainMission4340113_02",
      "ID": 227
    },
    {
      "GroupGUID": "562d53dc-a001-4891-abc7-143ef6433ebb",
      "GroupPath": "Config/LevelOutput/Group/Groups_P20321_F20321001/LevelGroup_P20321_F20321001_G228.json",
      "DimensionFilter": {},
      "Name": "MainMission4340113_02",
      "ID": 228
    },
    {
      "GroupGUID": "4ef0d3a3-58a8-4582-ad58-f22e06cf14f6",
      "GroupPath": "Config/LevelOutput/Group/Groups_P20321_F20321001/LevelGroup_P20321_F20321001_G229.json",
      "DimensionFilter": {},
      "Name": "MainMission4340113_02",
      "ID": 229
    },
    {
      "GroupGUID": "2ea7a64b-99bb-4a44-b1fc-dfe4c019dde5",
      "GroupPath": "Config/LevelOutput/Group/Groups_P20321_F20321001/LevelGroup_P20321_F20321001_G230.json",
      "DimensionFilter": {},
      "Name": "MainMission4340113_02",
      "ID": 230
    },
    {
      "GroupGUID": "90195323-fdf7-4438-af12-1952238b1314",
      "GroupPath": "Config/LevelOutput/Group/Groups_P20321_F20321001/LevelGroup_P20321_F20321001_G231.json",
      "DimensionFilter": {},
      "Name": "MainMission4340113_02",
      "ID": 231
    },
    {
      "GroupGUID": "819fb572-29ff-4168-8916-479413e33d25",
      "GroupPath": "Config/LevelOutput/Group/Groups_P20321_F20321001/LevelGroup_P20321_F20321001_G232.json",
      "DimensionFilter": {},
      "Name": "MainMission4340113_02",
      "ID": 232
    },
    {
      "GroupGUID": "1c73b10f-26f0-4a63-8953-9e4002f0878c",
      "GroupPath": "Config/LevelOutput/Group/Groups_P20321_F20321001/LevelGroup_P20321_F20321001_G233.json",
      "DimensionFilter": {
        "FilterType": "All"
      },
      "Name": "New Group",
      "ID": 233
    },
    {
      "GroupGUID": "e532cc95-195c-4d66-99cc-5dfc41af9815",
      "GroupPath": "Config/LevelOutput/Group/Groups_P20321_F20321001/LevelGroup_P20321_F20321001_G234.json",
      "DimensionFilter": {
        "FilterType": "All"
      },
      "Name": "New Group",
      "ID": 234
    },
    {
      "GroupGUID": "047641d8-65f6-4eb1-b670-45c88292ebd2",
      "GroupPath": "Config/LevelOutput/Group/Groups_P20321_F20321001/LevelGroup_P20321_F20321001_G235.json",
      "DimensionFilter": {
        "FilterType": "All"
      },
      "Name": "New Group",
      "ID": 235
    },
    {
      "GroupGUID": "3bbc03f1-36af-4dd1-ba6c-fc15681c08c0",
      "GroupPath": "Config/LevelOutput/Group/Groups_P20321_F20321001/LevelGroup_P20321_F20321001_G236.json",
      "DimensionFilter": {
        "FilterType": "All"
      },
      "Name": "New Group",
      "ID": 236
    },
    {
      "GroupGUID": "b05d59ab-a9d1-41ad-88b3-6542792d3e4e",
      "GroupPath": "Config/LevelOutput/Group/Groups_P20321_F20321001/LevelGroup_P20321_F20321001_G237.json",
      "DimensionFilter": {
        "FilterType": "All"
      },
      "Name": "New Group",
      "ID": 237
    },
    {
      "GroupGUID": "28b8777d-f572-4ff4-aee8-11b2acc014a1",
      "GroupPath": "Config/LevelOutput/Group/Groups_P20321_F20321001/LevelGroup_P20321_F20321001_G238.json",
      "DimensionFilter": {
        "FilterType": "All"
      },
      "Name": "New Group",
      "ID": 238
    },
    {
      "GroupGUID": "1b0b8f0a-92cb-482c-b377-6f26a851172d",
      "GroupPath": "Config/LevelOutput/Group/Groups_P20321_F20321001/LevelGroup_P20321_F20321001_G239.json",
      "DimensionFilter": {
        "FilterType": "All"
      },
      "Name": "New Group",
      "ID": 239
    },
    {
      "GroupGUID": "8867f888-f47a-40a8-9610-34e5122114de",
      "GroupPath": "Config/LevelOutput/Group/Groups_P20321_F20321001/LevelGroup_P20321_F20321001_G240.json",
      "DimensionFilter": {
        "FilterType": "Expression",
        "FilterExpression": {
          "ExpressionList": [
            {
              "$type": "RPG.GameCore.LevelDimensionFilterIDExpression",
              "Operation": "NotIn",
              "DimensionIDList": [
                1
              ]
            }
          ]
        }
      },
      "Name": "crowd",
      "ID": 240
    },
    {
      "GroupGUID": "1295eb4f-0303-41db-81b7-1597cdcd3e00",
      "GroupPath": "Config/LevelOutput/Group/Groups_P20321_F20321001/LevelGroup_P20321_F20321001_G241.json",
      "DimensionFilter": {
        "FilterType": "All"
      },
      "Name": "shelter group",
      "ID": 241
    },
    {
      "GroupGUID": "7305df83-7b0a-43b8-8c30-ff87cf9bec9a",
      "GroupPath": "Config/LevelOutput/Group/Groups_P20321_F20321001/LevelGroup_P20321_F20321001_G242.json",
      "DimensionFilter": {
        "FilterType": "All"
      },
      "Name": "shelter group",
      "ID": 242
    },
    {
      "GroupGUID": "8f5e5cc6-629c-413c-859f-2312a4e25836",
      "GroupPath": "Config/LevelOutput/Group/Groups_P20321_F20321001/LevelGroup_P20321_F20321001_G243.json",
      "DimensionFilter": {},
      "Name": "MainMission4040311_07",
      "ID": 243
    },
    {
      "GroupGUID": "4b381053-0dbd-409a-ae80-1e04cc50561d",
      "GroupPath": "Config/LevelOutput/Group/Groups_P20321_F20321001/LevelGroup_P20321_F20321001_G245.json",
      "DimensionFilter": {
        "FilterExpression": {}
      },
      "Name": "MainMission1031501_AboutCrowd",
      "ID": 245
    },
    {
      "GroupGUID": "b7303729-06a5-4c29-9900-c1dec4ede06c",
      "GroupPath": "Config/LevelOutput/Group/Groups_P20321_F20321001/LevelGroup_P20321_F20321001_G247.json",
      "DimensionFilter": {
        "FilterType": "All"
      },
      "Name": "BGM",
      "ID": 247
    },
    {
      "GroupGUID": "a9bb3da5-b185-4e0c-bd6b-042754e11646",
      "GroupPath": "Config/LevelOutput/Group/Groups_P20321_F20321001/LevelGroup_P20321_F20321001_G250.json",
      "DimensionFilter": {
        "FilterType": "Expression",
        "FilterExpression": {
          "ExpressionList": [
            {
              "$type": "RPG.GameCore.LevelDimensionFilterIDExpression",
              "DimensionIDList": [
                1
              ]
            }
          ]
        }
      },
      "Name": "Sound",
      "ID": 250
    },
    {
      "GroupGUID": "c1dcc68f-0934-4d8e-b00c-5661c733c3a4",
      "GroupPath": "Config/LevelOutput/Group/Groups_P20321_F20321001/LevelGroup_P20321_F20321001_G251.json",
      "DimensionFilter": {
        "FilterType": "All"
      },
      "Name": "Sound-Reverb",
      "ID": 251
    },
    {
      "GroupGUID": "0877d046-f642-4165-929a-48040bf5148f",
      "GroupPath": "Config/LevelOutput/Group/Groups_P20321_F20321001/LevelGroup_P20321_F20321001_G253.json",
      "DimensionFilter": {
        "FilterType": "All"
      },
      "Name": "crowd",
      "ID": 253
    },
    {
      "GroupGUID": "827fd064-931b-4775-8362-9f94144f3f31",
      "GroupPath": "Config/LevelOutput/Group/Groups_P20321_F20321001/LevelGroup_P20321_F20321001_G254.json",
      "DimensionFilter": {},
      "Name": "MainMission8021401_01",
      "ID": 254
    },
    {
      "GroupGUID": "08dd4766-d603-4b15-a752-4c26ec5f4331",
      "GroupPath": "Config/LevelOutput/Group/Groups_P20321_F20321001/LevelGroup_P20321_F20321001_G255.json",
      "DimensionFilter": {},
      "Name": "MainMission8021401_01X02",
      "ID": 255
    },
    {
      "GroupGUID": "87c027a9-43e7-4d1c-9b85-393aff1d347c",
      "GroupPath": "Config/LevelOutput/Group/Groups_P20321_F20321001/LevelGroup_P20321_F20321001_G258.json",
      "DimensionFilter": {},
      "Name": "MainMission1031701_extraNPC",
      "ID": 258
    },
    {
      "GroupGUID": "47f3ab3d-77fb-440d-bf1c-40eb5deea97c",
      "GroupPath": "Config/LevelOutput/Group/Groups_P20321_F20321001/LevelGroup_P20321_F20321001_G265.json",
      "DimensionFilter": {
        "FilterType": "Expression",
        "FilterExpression": {
          "ExpressionList": [
            {
              "$type": "RPG.GameCore.LevelDimensionFilterIDExpression",
              "Operation": "NotIn",
              "DimensionIDList": [
                1
              ]
            }
          ]
        }
      },
      "Name": "FenceByMainMission",
      "ID": 265
    },
    {
      "GroupGUID": "ed973164-8fd9-4aa3-af1f-80c3362f089a",
      "GroupPath": "Config/LevelOutput/Group/Groups_P20321_F20321001/LevelGroup_P20321_F20321001_G256.json",
      "DimensionFilter": {},
      "Name": "MainMission8021403_02",
      "ID": 256
    },
    {
      "GroupGUID": "94cb9732-53e0-497c-8098-5c1cbc3696ba",
      "GroupPath": "Config/LevelOutput/Group/Groups_P20321_F20321001/LevelGroup_P20321_F20321001_G264.json",
      "DimensionFilter": {},
      "Name": "MainMission8021403_03",
      "ID": 264
    },
    {
      "GroupGUID": "4f288824-69a7-4609-b098-dbde59b8e88f",
      "GroupPath": "Config/LevelOutput/Group/Groups_P20321_F20321001/LevelGroup_P20321_F20321001_G257.json",
      "DimensionFilter": {
        "FilterType": "All"
      },
      "Name": "NPC",
      "ID": 257
    },
    {
      "GroupGUID": "71f48df1-d048-4c3a-b3a5-16b48742ae41",
      "GroupPath": "Config/LevelOutput/Group/Groups_P20321_F20321001/LevelGroup_P20321_F20321001_G259.json",
      "DimensionFilter": {
        "FilterType": "All"
      },
      "Name": "NPC",
      "ID": 259
    },
    {
      "GroupGUID": "8d8e5538-76b9-4d51-8dce-c13bc6e66e1e",
      "GroupPath": "Config/LevelOutput/Group/Groups_P20321_F20321001/LevelGroup_P20321_F20321001_G260.json",
      "DimensionFilter": {},
      "Name": "NPC",
      "ID": 260
    },
    {
      "GroupGUID": "b641981f-0e2f-47fd-b7f7-7e62923b9645",
      "GroupPath": "Config/LevelOutput/Group/Groups_P20321_F20321001/LevelGroup_P20321_F20321001_G261.json",
      "DimensionFilter": {
        "FilterType": "All"
      },
      "Name": "NPC",
      "ID": 261
    },
    {
      "GroupGUID": "56e9bcf0-d1a8-4696-93e4-6224e5449a9e",
      "GroupPath": "Config/LevelOutput/Group/Groups_P20321_F20321001/LevelGroup_P20321_F20321001_G262.json",
      "DimensionFilter": {
        "FilterType": "All"
      },
      "Name": "NPC",
      "ID": 262
    },
    {
      "GroupGUID": "633eed82-075a-45ce-b79b-727f19a57740",
      "GroupPath": "Config/LevelOutput/Group/Groups_P20321_F20321001/LevelGroup_P20321_F20321001_G263.json",
      "DimensionFilter": {},
      "Name": "NPC",
      "ID": 263
    },
    {
      "GroupGUID": "91c4e9ce-b372-4ec8-a845-d927fbdb94c6",
      "GroupPath": "Config/LevelOutput/Group/Groups_P20321_F20321001/LevelGroup_P20321_F20321001_G268.json",
      "DimensionFilter": {
        "FilterType": "All"
      },
      "Name": "New Group",
      "ID": 268
    },
    {
      "GroupGUID": "16054c62-c5f8-4233-929b-1f004a961cd5",
      "GroupPath": "Config/LevelOutput/Group/Groups_P20321_F20321001/LevelGroup_P20321_F20321001_G269.json",
      "DimensionFilter": {
        "FilterType": "All"
      },
      "Name": "New Group",
      "ID": 269
    },
    {
      "GroupGUID": "b1afaa84-44f9-4def-95ef-db04e67b3283",
      "GroupPath": "Config/LevelOutput/Group/Groups_P20321_F20321001/LevelGroup_P20321_F20321001_G270.json",
      "DimensionFilter": {
        "FilterType": "Expression",
        "FilterExpression": {
          "ExpressionList": [
            {
              "$type": "RPG.GameCore.LevelDimensionFilterIDExpression",
              "DimensionIDList": [
                1
              ]
            }
          ]
        }
      },
      "Name": "MainMission1031701_Distructable",
      "ID": 270
    },
    {
      "GroupGUID": "523d8b09-01e9-4b29-8ca9-1014452330cc",
      "GroupPath": "Config/LevelOutput/Group/Groups_P20321_F20321001/LevelGroup_P20321_F20321001_G271.json",
      "DimensionFilter": {
        "FilterType": "Expression",
        "FilterExpression": {
          "ExpressionList": [
            {
              "$type": "RPG.GameCore.LevelDimensionFilterIDExpression",
              "DimensionIDList": [
                1
              ]
            }
          ]
        }
      },
      "Name": "MainMission1031701_Distructable",
      "ID": 271
    },
    {
      "GroupGUID": "9453881f-9bfa-434f-9830-863e4dd51e90",
      "GroupPath": "Config/LevelOutput/Group/Groups_P20321_F20321001/LevelGroup_P20321_F20321001_G272.json",
      "DimensionFilter": {
        "FilterType": "Expression",
        "FilterExpression": {
          "ExpressionList": [
            {
              "$type": "RPG.GameCore.LevelDimensionFilterIDExpression",
              "DimensionIDList": [
                1
              ]
            }
          ]
        }
      },
      "Name": "MainMission1031701_Distructable",
      "ID": 272
    },
    {
      "GroupGUID": "3934d21c-610f-4bfe-832b-feb164d8a2e1",
      "GroupPath": "Config/LevelOutput/Group/Groups_P20321_F20321001/LevelGroup_P20321_F20321001_G273.json",
      "DimensionFilter": {
        "FilterType": "All"
      },
      "Name": "DefaultDistructable",
      "ID": 273
    },
    {
      "GroupGUID": "710cd37c-db9d-494c-a45e-1449a7f01a9e",
      "GroupPath": "Config/LevelOutput/Group/Groups_P20321_F20321001/LevelGroup_P20321_F20321001_G274.json",
      "DimensionFilter": {
        "FilterType": "All"
      },
      "Name": "HiddenArea",
      "ID": 274
    },
    {
      "GroupGUID": "cb71ee74-f517-425d-ba78-b34de9ce2440",
      "GroupPath": "Config/LevelOutput/Group/Groups_P20321_F20321001/LevelGroup_P20321_F20321001_G276.json",
      "DimensionFilter": {},
      "Name": "Book",
      "ID": 276
    },
    {
      "GroupGUID": "b5f36ec7-96d8-4a78-9c64-d4118c1a90a0",
      "GroupPath": "Config/LevelOutput/Group/Groups_P20321_F20321001/LevelGroup_P20321_F20321001_G277.json",
      "DimensionFilter": {
        "FilterType": "Expression",
        "FilterExpression": {
          "ExpressionList": [
            {
              "$type": "RPG.GameCore.LevelDimensionFilterIDExpression",
              "DimensionIDList": [
                1
              ]
            }
          ]
        }
      },
      "Name": "MainMission1031701_ChildRun4",
      "ID": 277
    },
    {
      "GroupGUID": "330e2867-ca9e-4a15-b9a2-3a5277af6a13",
      "GroupPath": "Config/LevelOutput/Group/Groups_P20321_F20321001/LevelGroup_P20321_F20321001_G278.json",
      "DimensionFilter": {
        "FilterType": "Expression",
        "FilterExpression": {
          "ExpressionList": [
            {
              "$type": "RPG.GameCore.LevelDimensionFilterIDExpression",
              "DimensionIDList": [
                1
              ]
            }
          ]
        }
      },
      "Name": "MainMission1031701_ChildRun5",
      "ID": 278
    },
    {
      "GroupGUID": "be1f1ca8-e3c6-4203-b682-be6a3ec9ac75",
      "GroupPath": "Config/LevelOutput/Group/Groups_P20321_F20321001/LevelGroup_P20321_F20321001_G279.json",
      "DimensionFilter": {
        "FilterType": "Expression",
        "FilterExpression": {
          "ExpressionList": [
            {
              "$type": "RPG.GameCore.LevelDimensionFilterIDExpression",
              "DimensionIDList": [
                1
              ]
            }
          ]
        }
      },
      "Name": "MainMission1031701_ChildRun6",
      "ID": 279
    },
    {
      "GroupGUID": "ef5a721d-d8d6-4d66-9cda-e2b444546b95",
      "GroupPath": "Config/LevelOutput/Group/Groups_P20321_F20321001/LevelGroup_P20321_F20321001_G283.json",
      "DimensionFilter": {
        "FilterType": "All"
      },
      "Name": "crowd",
      "ID": 283
    },
    {
      "GroupGUID": "dc4b8604-3cb6-43c2-b5d1-6c590e60c4cb",
      "GroupPath": "Config/LevelOutput/Group/Groups_P20321_F20321001/LevelGroup_P20321_F20321001_G284.json",
      "DimensionFilter": {
        "FilterType": "All"
      },
      "Name": "crowd",
      "ID": 284
    },
    {
      "GroupGUID": "69b4e745-a74e-4210-a9e0-6a2bd760099c",
      "GroupPath": "Config/LevelOutput/Group/Groups_P20321_F20321001/LevelGroup_P20321_F20321001_G285.json",
      "DimensionFilter": {
        "FilterType": "All"
      },
      "Name": "crowd",
      "ID": 285
    },
    {
      "GroupGUID": "34c5fc5b-8e80-475a-a100-14fcdc94b54d",
      "GroupPath": "Config/LevelOutput/Group/Groups_P20321_F20321001/LevelGroup_P20321_F20321001_G286.json",
      "DimensionFilter": {
        "FilterType": "All"
      },
      "Name": "crowd",
      "ID": 286
    },
    {
      "GroupGUID": "9d7db631-911d-4d7a-8777-7e4d59aea2f9",
      "GroupPath": "Config/LevelOutput/Group/Groups_P20321_F20321001/LevelGroup_P20321_F20321001_G287.json",
      "DimensionFilter": {
        "FilterType": "All"
      },
      "Name": "crowd",
      "ID": 287
    },
    {
      "GroupGUID": "4d9feb10-dcea-48a7-a85e-b9db7c501866",
      "GroupPath": "Config/LevelOutput/Group/Groups_P20321_F20321001/LevelGroup_P20321_F20321001_G288.json",
      "DimensionFilter": {
        "FilterType": "All"
      },
      "Name": "crowd",
      "ID": 288
    },
    {
      "GroupGUID": "7608e9ba-94c0-437d-86ab-1d5f7746e5c9",
      "GroupPath": "Config/LevelOutput/Group/Groups_P20321_F20321001/LevelGroup_P20321_F20321001_G289.json",
      "DimensionFilter": {
        "FilterType": "All"
      },
      "Name": "Book",
      "ID": 289
    },
    {
      "GroupGUID": "9046ba4a-197f-4bb4-9d84-66c960a20769",
      "GroupPath": "Config/LevelOutput/Group/Groups_P20321_F20321001/LevelGroup_P20321_F20321001_G296.json",
      "DimensionFilter": {
        "FilterType": "Expression",
        "FilterExpression": {
          "ExpressionList": [
            {
              "$type": "RPG.GameCore.LevelDimensionFilterIDExpression",
              "DimensionIDList": [
                1
              ]
            }
          ]
        }
      },
      "Name": "MainMission1031701_3Dwords3-2",
      "ID": 296
    },
    {
      "GroupGUID": "36064a63-0ccb-4e52-929a-cc21606530dd",
      "GroupPath": "Config/LevelOutput/Group/Groups_P20321_F20321001/LevelGroup_P20321_F20321001_G297.json",
      "DimensionFilter": {
        "FilterType": "Expression",
        "FilterExpression": {
          "ExpressionList": [
            {
              "$type": "RPG.GameCore.LevelDimensionFilterIDExpression",
              "DimensionIDList": [
                1
              ]
            }
          ]
        }
      },
      "Name": "MainMission1031701_3Dwords3-3",
      "ID": 297
    },
    {
      "GroupGUID": "f1538414-f6cd-4f67-adae-c2d63e2b9ffd",
      "GroupPath": "Config/LevelOutput/Group/Groups_P20321_F20321001/LevelGroup_P20321_F20321001_G300.json",
      "DimensionFilter": {
        "FilterType": "All"
      },
      "Name": "NPC",
      "ID": 300
    },
    {
      "GroupGUID": "d0316c20-739e-44f0-8382-c0b1e929e4e6",
      "GroupPath": "Config/LevelOutput/Group/Groups_P20321_F20321001/LevelGroup_P20321_F20321001_G301.json",
      "DimensionFilter": {
        "FilterType": "All"
      },
      "Name": "NPC",
      "ID": 301
    },
    {
      "GroupGUID": "f951584e-9941-4583-a9d8-1941431ac14c",
      "GroupPath": "Config/LevelOutput/Group/Groups_P20321_F20321001/LevelGroup_P20321_F20321001_G302.json",
      "DimensionFilter": {
        "FilterType": "All"
      },
      "Name": "WolfGunPlayGroup",
      "ID": 302
    },
    {
      "GroupGUID": "c815e6c2-398c-4901-8521-5af3eabc7319",
      "GroupPath": "Config/LevelOutput/Group/Groups_P20321_F20321001/LevelGroup_P20321_F20321001_G304.json",
      "DimensionFilter": {
        "FilterType": "All"
      },
      "Name": "NPC",
      "ID": 304
    },
    {
      "GroupGUID": "ac94832b-d7e3-42d5-a645-9a647118d885",
      "GroupPath": "Config/LevelOutput/Group/Groups_P20321_F20321001/LevelGroup_P20321_F20321001_G305.json",
      "DimensionFilter": {
        "FilterType": "Expression",
        "FilterExpression": {
          "ExpressionList": [
            {
              "$type": "RPG.GameCore.LevelDimensionFilterIDExpression",
              "DimensionIDList": [
                1
              ]
            }
          ]
        }
      },
      "Name": "MainMission1031701_LookAt1",
      "ID": 305
    },
    {
      "GroupGUID": "eb1459ad-49af-49a6-946e-89a59184ba16",
      "GroupPath": "Config/LevelOutput/Group/Groups_P20321_F20321001/LevelGroup_P20321_F20321001_G306.json",
      "DimensionFilter": {
        "FilterType": "Expression",
        "FilterExpression": {
          "ExpressionList": [
            {
              "$type": "RPG.GameCore.LevelDimensionFilterIDExpression",
              "DimensionIDList": [
                1
              ]
            }
          ]
        }
      },
      "Name": "MainMission1031701_ChatKKWX",
      "ID": 306
    },
    {
      "GroupGUID": "ec55976a-f11f-4307-9780-ef1889fd738a",
      "GroupPath": "Config/LevelOutput/Group/Groups_P20321_F20321001/LevelGroup_P20321_F20321001_G307.json",
      "DimensionFilter": {
        "FilterType": "All"
      },
      "Name": "NPC",
      "ID": 307
    },
    {
      "GroupGUID": "d5ef0077-62a2-44ce-8ad1-638ae22f04bd",
      "GroupPath": "Config/LevelOutput/Group/Groups_P20321_F20321001/LevelGroup_P20321_F20321001_G308.json",
      "DimensionFilter": {
        "FilterType": "All"
      },
      "Name": "NPC",
      "ID": 308
    },
    {
      "GroupGUID": "85aa0fcc-8d45-46c2-8398-422800c4f8d6",
      "GroupPath": "Config/LevelOutput/Group/Groups_P20321_F20321001/LevelGroup_P20321_F20321001_G309.json",
      "DimensionFilter": {},
      "Name": "NPC",
      "ID": 309
    },
    {
      "GroupGUID": "e9d5209e-7d00-49fb-be52-66f95b495061",
      "GroupPath": "Config/LevelOutput/Group/Groups_P20321_F20321001/LevelGroup_P20321_F20321001_G311.json",
      "DimensionFilter": {
        "FilterType": "Expression",
        "FilterExpression": {
          "ExpressionList": [
            {
              "$type": "RPG.GameCore.LevelDimensionFilterIDExpression",
              "DimensionIDList": [
                1
              ]
            }
          ]
        }
      },
      "Name": "MainMission1031701_kkwxPoint",
      "ID": 311
    },
    {
      "GroupGUID": "0bcd1ba8-113c-457f-b0bc-5d2c5eda231f",
      "GroupPath": "Config/LevelOutput/Group/Groups_P20321_F20321001/LevelGroup_P20321_F20321001_G312.json",
      "DimensionFilter": {},
      "Name": "MainMission8021503_New Group",
      "ID": 312
    },
    {
      "GroupGUID": "1ac5b2ba-e543-415d-8507-872edb9080e9",
      "GroupPath": "Config/LevelOutput/Group/Groups_P20321_F20321001/LevelGroup_P20321_F20321001_G313.json",
      "DimensionFilter": {},
      "Name": "MainMission8021503_New Group",
      "ID": 313
    },
    {
      "GroupGUID": "41ea2d23-f2a3-4644-999d-8760833862aa",
      "GroupPath": "Config/LevelOutput/Group/Groups_P20321_F20321001/LevelGroup_P20321_F20321001_G314.json",
      "DimensionFilter": {},
      "Name": "MainMission8022110_NPC",
      "ID": 314
    },
    {
      "GroupGUID": "8f29d928-86d1-4b74-98c4-e8d8e3575e64",
      "GroupPath": "Config/LevelOutput/Group/Groups_P20321_F20321001/LevelGroup_P20321_F20321001_G315.json",
      "DimensionFilter": {},
      "Name": "MainMission8022111_NPC",
      "ID": 315
    },
    {
      "GroupGUID": "41d280ab-3169-478c-a801-3fc406b3898a",
      "GroupPath": "Config/LevelOutput/Group/Groups_P20321_F20321001/LevelGroup_P20321_F20321001_G316.json",
      "DimensionFilter": {},
      "Name": "MainMission8022112_NPC",
      "ID": 316
    },
    {
      "GroupGUID": "78ecf6d6-cc09-4f1c-87c1-5119e5c83b09",
      "GroupPath": "Config/LevelOutput/Group/Groups_P20321_F20321001/LevelGroup_P20321_F20321001_G317.json",
      "DimensionFilter": {},
      "Name": "MainMission8022113_NPC",
      "ID": 317
    },
    {
      "GroupGUID": "5affa6d8-e9b6-48c4-8d5b-c2bb2583a0a5",
      "GroupPath": "Config/LevelOutput/Group/Groups_P20321_F20321001/LevelGroup_P20321_F20321001_G318.json",
      "DimensionFilter": {},
      "Name": "MainMission8022114_NPC",
      "ID": 318
    },
    {
      "GroupGUID": "bc8fc702-1e04-4fd7-9d93-bd8e0dc45eab",
      "GroupPath": "Config/LevelOutput/Group/Groups_P20321_F20321001/LevelGroup_P20321_F20321001_G319.json",
      "DimensionFilter": {},
      "Name": "MainMission8022115_NPC",
      "ID": 319
    },
    {
      "GroupGUID": "92ee8668-e592-451b-9c8f-6d871aee1732",
      "GroupPath": "Config/LevelOutput/Group/Groups_P20321_F20321001/LevelGroup_P20321_F20321001_G326.json",
      "DimensionFilter": {
        "FilterType": "All"
      },
      "Name": "Find2",
      "ID": 326
    },
    {
      "GroupGUID": "7b3191a7-804a-4a4b-9521-bf2fa2e8a242",
      "GroupPath": "Config/LevelOutput/Group/Groups_P20321_F20321001/LevelGroup_P20321_F20321001_G327.json",
      "DimensionFilter": {
        "FilterType": "All"
      },
      "Name": "crowd",
      "ID": 327
    },
    {
      "GroupGUID": "f79fbe12-ae34-489e-b370-eb4c949d41f5",
      "GroupPath": "Config/LevelOutput/Group/Groups_P20321_F20321001/LevelGroup_P20321_F20321001_G328.json",
      "DimensionFilter": {
        "FilterType": "All"
      },
      "Name": "crowd",
      "ID": 328
    },
    {
      "GroupGUID": "afaecbe5-55ff-44b5-95d0-22b8bba85302",
      "GroupPath": "Config/LevelOutput/Group/Groups_P20321_F20321001/LevelGroup_P20321_F20321001_G329.json",
      "DimensionFilter": {
        "FilterType": "All"
      },
      "Name": "crowd",
      "ID": 329
    },
    {
      "GroupGUID": "2a343f90-ce4e-47be-abbf-dda5615b0e59",
      "GroupPath": "Config/LevelOutput/Group/Groups_P20321_F20321001/LevelGroup_P20321_F20321001_G330.json",
      "DimensionFilter": {
        "FilterType": "All"
      },
      "Name": "crowd",
      "ID": 330
    },
    {
      "GroupGUID": "dce2b5d2-0219-4515-99e8-2a842ce3e8b7",
      "GroupPath": "Config/LevelOutput/Group/Groups_P20321_F20321001/LevelGroup_P20321_F20321001_G333.json",
      "DimensionFilter": {
        "FilterType": "All"
      },
      "Name": "Posts",
      "ID": 333
    },
    {
      "GroupGUID": "9334f421-d428-49d0-83a9-ad8d2c29e46a",
      "GroupPath": "Config/LevelOutput/Group/Groups_P20321_F20321001/LevelGroup_P20321_F20321001_G342.json",
      "DimensionFilter": {
        "FilterType": "All"
      },
      "Name": "New Group",
      "ID": 342
    }
  ],
  "DefaultEnviroProfile": "Stages/Outputs/Chapter03/EnviroProfile/Chap03_CloseView_MAZ_P201_Night_01.enviroProfile.asset",
  "StageData": "Stages/Outputs/Chapter03/Stages/Chap03_MAZ_P201_StageData/Chap03_MAZ_P201_StageData.stage",
  "CameraType": "Maze",
  "TimeOfDayEnviroProfileMap": {},
  "LayerToAreaMask": [
    8,
    16
  ],
  "FloorCustomData": {
    "CustomValues": [
      {
        "$type": "RPG.GameCore.FloorCustomStringConfig",
        "DefaultValue": "Cartoon",
        "ID": 10001,
        "Name": "ScreenContent"
      },
      {
        "$type": "RPG.GameCore.FloorCustomFloatConfig",
        "ID": 10005,
        "Name": "PinballPerfermance_01"
      },
      {
        "$type": "RPG.GameCore.FloorCustomFloatConfig",
        "ID": 10010,
        "Name": "Clt_ScreenState"
      }
    ],
    "SavedValues": [
      {
        "ID": 1,
        "Name": "SceneStateByMainMission",
        "AllowedValues": [
          0,
          1
        ],
        "MaxValue": 10
      },
      {
        "ID": 4,
        "Name": "GardenState",
        "AllowedValues": [
          0,
          1,
          2
        ],
        "MaxValue": 2
      },
      {
        "ID": 5,
        "Name": "ScreenState",
        "AllowedValues": [
          0,
          1,
          2,
          3,
          4
        ],
        "MaxValue": 4
      },
      {
        "ID": 7,
        "Name": "CurtainState",
        "AllowedValues": [
          0,
          1
        ],
        "MaxValue": 1
      },
      {
        "ID": 8,
        "Name": "Crowd",
        "AllowedValues": [
          0,
          1,
          2,
          3,
          4,
          5,
          6,
          7,
          8
        ],
        "MaxValue": 8
      },
      {
        "ID": 9,
        "Name": "GameOpen",
        "AllowedValues": [
          0,
          1,
          2
        ],
        "MaxValue": 2
      },
      {
        "ID": 10,
        "Name": "Game1Finish",
        "AllowedValues": [
          0,
          1
        ],
        "MaxValue": 1
      },
      {
        "ID": 11,
        "Name": "ActivityNpcOpen",
        "AllowedValues": [
          0,
          1
        ],
        "MaxValue": 1
      },
      {
        "ID": 12,
        "Name": "Wolf_01_Has_Exploded",
        "AllowedValues": [
          0,
          1
        ],
        "MaxValue": 1
      },
      {
        "ID": 13,
        "Name": "Jigsaw_GardenChanged",
        "AllowedValues": [
          0,
          1
        ],
        "MaxValue": 3
      },
      {
        "ID": 14,
        "Name": "Mr_Pop",
        "AllowedValues": [
          0,
          1,
          2
        ],
        "MaxValue": 2
      },
      {
        "ID": 15,
        "Name": "Bro_Hanu",
        "AllowedValues": [
          0,
          1,
          2
        ],
        "MaxValue": 2
      },
      {
        "ID": 16,
        "Name": "Boss_Stone",
        "AllowedValues": [
          0,
          1,
          2
        ],
        "MaxValue": 2
      },
      {
        "ID": 17,
        "Name": "Pip_Brid",
        "AllowedValues": [
          0,
          1,
          2
        ],
        "MaxValue": 2
      },
      {
        "ID": 18,
        "Name": "Pa_Wood",
        "AllowedValues": [
          0,
          1,
          2
        ],
        "MaxValue": 2
      },
      {
        "ID": 19,
        "Name": "Knight_Hamster",
        "AllowedValues": [
          0,
          1,
          2
        ],
        "MaxValue": 2
      },
      {
        "ID": 21,
        "Name": "Activity_Raid1",
        "AllowedValues": [
          0,
          1
        ],
        "MaxValue": 1
      },
      {
        "ID": 22,
        "Name": "Activity_Raid2",
        "AllowedValues": [
          0,
          1
        ],
        "MaxValue": 1
      },
      {
        "ID": 23,
        "Name": "Activity_Raid3",
        "AllowedValues": [
          0,
          1
        ],
        "MaxValue": 1
      },
      {
        "ID": 24,
        "Name": "Activity_Raid3_End",
        "AllowedValues": [
          0,
          1
        ],
        "MaxValue": 1
      },
      {
        "ID": 26,
        "Name": "SoundThunder",
        "AllowedValues": [
          0,
          1,
          2
        ],
        "MaxValue": 2
      },
      {
        "ID": 27,
        "Name": "ActivityMapinfoOpen",
        "AllowedValues": [
          0,
          1
        ],
        "MaxValue": 1
      },
      {
        "ID": 28,
        "Name": "Jigsaw_Fly",
        "AllowedValues": [
          0,
          1
        ],
        "MaxValue": 1
      },
      {
        "ID": 30,
        "Name": "FSV_Post01",
        "AllowedValues": [
          0,
          1
        ],
        "MaxValue": 1
      },
      {
        "ID": 31,
        "Name": "FSV_Post02",
        "AllowedValues": [
          0,
          1
        ],
        "MaxValue": 1
      },
      {
        "ID": 32,
        "Name": "FSV_Post03",
        "AllowedValues": [
          0,
          1
        ],
        "MaxValue": 1
      },
      {
        "ID": 33,
        "Name": "FSV_Post04",
        "AllowedValues": [
          0,
          1
        ],
        "MaxValue": 1
      },
      {
        "ID": 34,
        "Name": "FSV_Post05",
        "AllowedValues": [
          0,
          1
        ],
        "MaxValue": 1
      },
      {
        "ID": 35,
        "Name": "FSV_Post06",
        "AllowedValues": [
          0,
          1
        ],
        "MaxValue": 1
      }
    ],
    "ConstValues": [
      {
        "$type": "RPG.GameCore.FloorTargetAgentConfig",
        "AgentType": "Prop",
        "GroupID": 42,
        "InstanceID": 300018,
        "ID": 1,
        "Name": "BasementEntrance"
      },
      {
        "$type": "RPG.GameCore.FloorTargetAgentConfig",
        "AgentType": "Prop",
        "GroupID": 42,
        "InstanceID": 300019,
        "ID": 2,
        "Name": "BasementExit"
      }
    ]
  },
  "BattleAreaList": [],
  "DimensionList": [
    {},
    {
      "ID": 1,
      "OverrideBattleAreaList": []
    }
  ],
  "LevelFeatureModules": [
    "HeartDial"
  ],
  "NavmapConfigPath": "Config/LevelOutput/Map/MapInfo_P20321_F20321001.json",
  "RegionConfigPath": "Config/LevelOutput/Region/FloorRegion_P20321_F20321001.json",
  "TempGroupUnloadByY": 80,
  "IsRestartLevelGraph": false
}