{
  "FloorID": 30120001,
  "FloorName": "MazeText_Empty",
  "StartGroupID": 1,
  "StartAnchorID": 1,
  "GroupList": [
    {
      "GroupGUID": "0abc5d0e-d95c-4516-85c9-469ca0d4d88c",
      "GroupPath": "Config/LevelOutput/Group/Groups_P30120_F30120001/LevelGroup_P30120_F30120001_G1.json",
      "Name": "DefaultData",
      "ID": 1
    },
    {
      "GroupGUID": "d3c9cd50-e889-4ee8-9758-23dad7778cca",
      "GroupPath": "Config/LevelOutput/Group/Groups_P30120_F30120001/LevelGroup_P30120_F30120001_G2.json",
      "Name": "Contents01",
      "ID": 2
    },
    {
      "GroupGUID": "ad6402a7-dc03-4303-a443-a31762c19943",
      "GroupPath": "Config/LevelOutput/Group/Groups_P30120_F30120001/LevelGroup_P30120_F30120001_G3.json",
      "Name": "Contents02",
      "ID": 3
    },
    {
      "GroupGUID": "8296b728-fe2a-45eb-9e2f-4ac5c857f01a",
      "GroupPath": "Config/LevelOutput/Group/Groups_P30120_F30120001/LevelGroup_P30120_F30120001_G4.json",
      "Name": "Contents03",
      "ID": 4
    },
    {
      "GroupGUID": "662cef04-7dda-4e1c-9767-1007a9cca1ac",
      "GroupPath": "Config/LevelOutput/Group/Groups_P30120_F30120001/LevelGroup_P30120_F30120001_G5.json",
      "Name": "Contents04",
      "ID": 5
    },
    {
      "GroupGUID": "5c7c1647-cfaf-40f0-afb5-7ef8f7c245ae",
      "GroupPath": "Config/LevelOutput/Group/Groups_P30120_F30120001/LevelGroup_P30120_F30120001_G6.json",
      "Name": "Contents05",
      "ID": 6
    },
    {
      "GroupGUID": "9059c761-ad38-4462-8db8-826064364c22",
      "GroupPath": "Config/LevelOutput/Group/Groups_P30120_F30120001/LevelGroup_P30120_F30120001_G7.json",
      "Name": "Contents06",
      "ID": 7
    }
  ],
  "DefaultEnviroProfile": "Stages/Outputs/Chapter01/EnviroProfile/Chap01_Maze_01.enviroProfile.asset",
  "StageData": "Stages/Outputs/Chapter01/Stages/Chap01_MAZ_M203_MainLine_01_StageData/Chap01_MAZ_M203_MainLine_01_StageData.stage",
  "CameraType": "Maze",
  "MinimapVolumeData": {
    "Scale": 0
  },
  "TimeOfDayEnviroProfileMap": {},
  "LayerToAreaMask": [
    1
  ],
  "BattleAreaList": [],
  "DimensionList": [
    {}
  ],
  "IsRestartLevelGraph": false
}