{
  "FloorID": 30104001,
  "FloorName": "FloorName_30104001",
  "StartGroupID": 1,
  "StartAnchorID": 1,
  "GroupList": [
    {
      "GroupGUID": "f510c810-240c-4d78-a7bf-cf896d9f2801",
      "GroupPath": "Config/LevelOutput/Group/Groups_P30104_F30104001/LevelGroup_P30104_F30104001_G1.json",
      "Name": "DefaultData",
      "ID": 1
    },
    {
      "GroupGUID": "1bfae11a-79f1-4c51-b81c-f7bc8731b492",
      "GroupPath": "Config/LevelOutput/Group/Groups_P30104_F30104001/LevelGroup_P30104_F30104001_G8.json",
      "Name": "Contents",
      "ID": 8
    },
    {
      "GroupGUID": "9df90dc0-97ff-4b7e-a799-2e6174ef302b",
      "GroupPath": "Config/LevelOutput/Group/Groups_P30104_F30104001/LevelGroup_P30104_F30104001_G9.json",
      "Name": "Contents",
      "ID": 9
    },
    {
      "GroupGUID": "d917589d-0d16-4868-96d7-ee934cbc9df2",
      "GroupPath": "Config/LevelOutput/Group/Groups_P30104_F30104001/LevelGroup_P30104_F30104001_G10.json",
      "Name": "Contents",
      "ID": 10
    },
    {
      "GroupGUID": "208ecf5d-a20a-4526-9273-2cdaad17df20",
      "GroupPath": "Config/LevelOutput/Group/Groups_P30104_F30104001/LevelGroup_P30104_F30104001_G11.json",
      "Name": "Contents",
      "ID": 11
    },
    {
      "GroupGUID": "cb41b96f-3493-45f0-a891-afcdbe03083b",
      "GroupPath": "Config/LevelOutput/Group/Groups_P30104_F30104001/LevelGroup_P30104_F30104001_G12.json",
      "Name": "Default",
      "ID": 12
    },
    {
      "GroupGUID": "50dab823-736e-4a9e-bfb5-15126105c56e",
      "GroupPath": "Config/LevelOutput/Group/Groups_P30104_F30104001/LevelGroup_P30104_F30104001_G13.json",
      "Name": "Sound",
      "ID": 13
    },
    {
      "GroupGUID": "e196496d-2b63-442f-86a4-8427ba86335c",
      "GroupPath": "Config/LevelOutput/Group/Groups_P30104_F30104001/LevelGroup_P30104_F30104001_G15.json",
      "Name": "PolymerSceneProp",
      "ID": 15
    }
  ],
  "DefaultEnviroProfile": "Stages/Outputs/Chapter02/EnviroProfile/Chap02_CloseView_MAZ_X101_MainLine_01_Day.enviroProfile.asset",
  "StageData": "Stages/Outputs/Chapter02/Stages/Chap02_MAZ_X101_MainLine_01_StageData/Chap02_MAZ_X101_MainLine_01_StageData.stage",
  "CameraType": "Maze",
  "TimeOfDayEnviroProfileMap": {},
  "LayerToAreaMask": [
    8,
    16
  ],
  "NavmapConfigPath": "Config/LevelOutput/Map/MapInfo_P20211_F20211001.json",
  "IsRestartLevelGraph": false
}