{
  "FloorID": 30121001,
  "FloorName": "MazeText_Empty",
  "StartGroupID": 1,
  "StartAnchorID": 1,
  "GroupList": [
    {
      "GroupGUID": "d961f368-23f3-444a-a633-6f53f52c60b7",
      "GroupPath": "Config/LevelOutput/Group/Groups_P30121_F30121001/LevelGroup_P30121_F30121001_G1.json",
      "DimensionFilter": {},
      "Name": "DefaultGroup",
      "ID": 1
    },
    {
      "GroupGUID": "d4b68524-ce46-4398-83cb-26b2f0566cf8",
      "GroupPath": "Config/LevelOutput/Group/Groups_P30121_F30121001/LevelGroup_P30121_F30121001_G3.json",
      "DimensionFilter": {},
      "Name": "DefaultGroup",
      "ID": 3
    },
    {
      "GroupGUID": "30b0108b-f8d6-443b-aaf6-e076b5b78473",
      "GroupPath": "Config/LevelOutput/Group/Groups_P30121_F30121001/LevelGroup_P30121_F30121001_G4.json",
      "Name": "BGM",
      "ID": 4
    },
    {
      "GroupGUID": "61e22f2b-ce2f-4f12-a418-0a9793cf92a1",
      "GroupPath": "Config/LevelOutput/Group/Groups_P30121_F30121001/LevelGroup_P30121_F30121001_G5.json",
      "Name": "Sound",
      "ID": 5
    },
    {
      "GroupGUID": "c14e2544-5ecc-48de-82b4-a0cab7170ee6",
      "GroupPath": "Config/LevelOutput/Group/Groups_P30121_F30121001/LevelGroup_P30121_F30121001_G6.json",
      "DimensionFilter": {},
      "Name": "Contents",
      "ID": 6
    },
    {
      "GroupGUID": "a28dbaf9-1edd-44cc-8a9d-9310a35bfcc1",
      "GroupPath": "Config/LevelOutput/Group/Groups_P30121_F30121001/LevelGroup_P30121_F30121001_G7.json",
      "DimensionFilter": {},
      "Name": "Contents",
      "ID": 7
    },
    {
      "GroupGUID": "e4f751a4-bdde-42d9-9540-46014ce17e50",
      "GroupPath": "Config/LevelOutput/Group/Groups_P30121_F30121001/LevelGroup_P30121_F30121001_G8.json",
      "DimensionFilter": {},
      "Name": "MainDoors",
      "ID": 8
    }
  ],
  "DefaultEnviroProfile": "Stages/Outputs/Chapter03/EnviroProfile/Chap03_CloseView_MAZ_P102_Rota_night_01.enviroProfile.asset",
  "StageData": "Stages/Outputs/Chapter03/Stages/Chap03_MAZ_P102_StageData/Chap03_MAZ_P102_StageData.stage",
  "CameraType": "Maze",
  "TimeOfDayEnviroProfileMap": {},
  "LayerToAreaMask": [
    1
  ],
  "BattleAreaList": [],
  "DimensionList": [
    {}
  ],
  "NavmapConfigPath": "Config/LevelOutput/Map/MapInfo_P20312_F20312001.json",
  "IsRestartLevelGraph": false
}