{
  "FloorID": 30101001,
  "FloorName": "FloorName_30101001",
  "StartGroupID": 1,
  "StartAnchorID": 1,
  "GroupList": [
    {
      "GroupGUID": "06279034-391a-4897-bca1-4541a188e8ca",
      "GroupPath": "Config/LevelOutput/Group/Groups_P30101_F30101001/LevelGroup_P30101_F30101001_G1.json",
      "Name": "DefaultGroup",
      "ID": 1
    },
    {
      "GroupGUID": "2f76f834-bdd5-441b-bdf7-2949f9cbbf1a",
      "GroupPath": "Config/LevelOutput/Group/Groups_P30101_F30101001/LevelGroup_P30101_F30101001_G2.json",
      "Name": "Contents",
      "ID": 2
    },
    {
      "GroupGUID": "a51251b4-06bf-4df9-bc6d-b2c03e1982c2",
      "GroupPath": "Config/LevelOutput/Group/Groups_P30101_F30101001/LevelGroup_P30101_F30101001_G3.json",
      "Name": "Contents",
      "ID": 3
    },
    {
      "GroupGUID": "1569b338-7fe8-4a6c-aec8-4ae8020d3404",
      "GroupPath": "Config/LevelOutput/Group/Groups_P30101_F30101001/LevelGroup_P30101_F30101001_G4.json",
      "Name": "Contents",
      "ID": 4
    },
    {
      "GroupGUID": "67ab0b61-58b1-480d-ac4b-154e52dfe5b9",
      "GroupPath": "Config/LevelOutput/Group/Groups_P30101_F30101001/LevelGroup_P30101_F30101001_G5.json",
      "Name": "Contents",
      "ID": 5
    },
    {
      "GroupGUID": "80193d12-7bfd-4bae-bbd4-041d4ed8504c",
      "GroupPath": "Config/LevelOutput/Group/Groups_P30101_F30101001/LevelGroup_P30101_F30101001_G7.json",
      "Name": "Sound",
      "ID": 7
    }
  ],
  "DefaultEnviroProfile": "Stages/Outputs/Common/EnviroProfile/Common_Abyss_M101_01_Blue_Day.enviroProfile.asset",
  "StageData": "Stages/Outputs/Chapter01/Stages/Chap01_MAZ_M101_MainLine_01_StageData/Chap01_MAZ_M101_MainLine_01_StageData.stage",
  "CameraType": "Maze",
  "TimeOfDayEnviroProfileMap": {},
  "LayerToAreaMask": [
    1
  ],
  "NavmapConfigPath": "Config/LevelOutput/Map/MapInfo_P20111_F20111001.json",
  "IsRestartLevelGraph": false
}