{
  "FloorID": 30102005,
  "FloorName": "MazeText_Empty",
  "StartGroupID": 1,
  "StartAnchorID": 1,
  "GroupList": [
    {
      "GroupGUID": "640efcdd-bf57-4078-aca2-ba7a93700a2d",
      "GroupPath": "Config/LevelOutput/Group/Groups_P30102_F30102005/LevelGroup_P30102_F30102005_G1.json",
      "Name": "DefaultGroup",
      "ID": 1
    },
    {
      "GroupGUID": "8e3bb10b-459e-4fde-8513-69b7a706d97d",
      "GroupPath": "Config/LevelOutput/Group/Groups_P30102_F30102005/LevelGroup_P30102_F30102005_G2.json",
      "DimensionFilter": {},
      "Name": "DefaultGroup",
      "ID": 2
    },
    {
      "GroupGUID": "78eb4a4b-a66b-4175-8840-914e68f7e5ca",
      "GroupPath": "Config/LevelOutput/Group/Groups_P30102_F30102005/LevelGroup_P30102_F30102005_G3.json",
      "Name": "enviroProfile",
      "ID": 3
    },
    {
      "GroupGUID": "03e7560e-ae5e-4e18-a081-c486341090ab",
      "GroupPath": "Config/LevelOutput/Group/Groups_P30102_F30102005/LevelGroup_P30102_F30102005_G4.json",
      "Name": "Sound",
      "ID": 4
    },
    {
      "GroupGUID": "0ea4941e-16d7-4722-8eab-b9cf4c735e45",
      "GroupPath": "Config/LevelOutput/Group/Groups_P30102_F30102005/LevelGroup_P30102_F30102005_G5.json",
      "Name": "BATProp",
      "ID": 5
    },
    {
      "GroupGUID": "dfc93d48-36da-45d3-b8ca-6761a0270bdc",
      "GroupPath": "Config/LevelOutput/Group/Groups_P30102_F30102005/LevelGroup_P30102_F30102005_G6.json",
      "Name": "Contents",
      "ID": 6
    },
    {
      "GroupGUID": "14158ee2-866d-48e9-b242-bd3b5fa21663",
      "GroupPath": "Config/LevelOutput/Group/Groups_P30102_F30102005/LevelGroup_P30102_F30102005_G7.json",
      "DimensionFilter": {},
      "Name": "Contents",
      "ID": 7
    }
  ],
  "DefaultEnviroProfile": "Stages/Outputs/Chapter02/EnviroProfile/Chap02_CloseView_MAZ_X201_MainLine_01_Night.enviroProfile.asset",
  "StageData": "Stages/Outputs/Chapter02/Stages/Chap02_MAZ_X201_MainLine_01_StageData/Chap02_MAZ_X201_MainLine_01_StageData.stage",
  "CameraType": "Maze",
  "TimeOfDayEnviroProfileMap": {},
  "LayerToAreaMask": [
    8,
    16
  ],
  "BattleAreaList": [],
  "DimensionList": [
    {}
  ],
  "NavmapConfigPath": "Config/LevelOutput/Map/MapInfo_P20221_F20221001.json",
  "EnableGroupStreaming": false,
  "EnableGroupSpaceConflict": false,
  "IsRestartLevelGraph": false
}