{
  "FloorID": 30102001,
  "FloorName": "FloorName_30102001",
  "StartGroupID": 1,
  "StartAnchorID": 1,
  "GroupList": [
    {
      "GroupGUID": "2146a71e-8383-4f1e-875c-d0f460ec265c",
      "GroupPath": "Config/LevelOutput/Group/Groups_P30102_F30102001/LevelGroup_P30102_F30102001_G1.json",
      "Name": "PlayerStart",
      "ID": 1
    },
    {
      "GroupGUID": "287e6169-f723-49c6-aa14-792dc89a9d16",
      "GroupPath": "Config/LevelOutput/Group/Groups_P30102_F30102001/LevelGroup_P30102_F30102001_G8.json",
      "Name": "Contents",
      "ID": 8
    },
    {
      "GroupGUID": "ddf2732c-2644-4521-89d6-383a351713df",
      "GroupPath": "Config/LevelOutput/Group/Groups_P30102_F30102001/LevelGroup_P30102_F30102001_G9.json",
      "Name": "Contents",
      "ID": 9
    },
    {
      "GroupGUID": "9af0d100-d0c7-49e0-bac8-7cd682f0627a",
      "GroupPath": "Config/LevelOutput/Group/Groups_P30102_F30102001/LevelGroup_P30102_F30102001_G10.json",
      "Name": "Contents",
      "ID": 10
    },
    {
      "GroupGUID": "f2e4fc76-e4d8-48f3-8121-f74468aa5442",
      "GroupPath": "Config/LevelOutput/Group/Groups_P30102_F30102001/LevelGroup_P30102_F30102001_G11.json",
      "Name": "Contents",
      "ID": 11
    },
    {
      "GroupGUID": "45e225af-d4ce-4f4e-a19c-8f87c645e20a",
      "GroupPath": "Config/LevelOutput/Group/Groups_P30102_F30102001/LevelGroup_P30102_F30102001_G12.json",
      "Name": "Sound",
      "ID": 12
    },
    {
      "GroupGUID": "06ccc977-5f38-4482-83c1-069c0da3772f",
      "GroupPath": "Config/LevelOutput/Group/Groups_P30102_F30102001/LevelGroup_P30102_F30102001_G13.json",
      "Name": "Contents_NormalBattleArea",
      "ID": 13
    },
    {
      "GroupGUID": "bfa16073-3fb8-49ce-89fe-4c2458100708",
      "GroupPath": "Config/LevelOutput/Group/Groups_P30102_F30102001/LevelGroup_P30102_F30102001_G14.json",
      "Name": "Contents_NormalBattleArea",
      "ID": 14
    },
    {
      "GroupGUID": "27fdb7ff-22d5-4063-9207-3df3c57db3a3",
      "GroupPath": "Config/LevelOutput/Group/Groups_P30102_F30102001/LevelGroup_P30102_F30102001_G15.json",
      "Name": "Contents_NormalBattleArea",
      "ID": 15
    },
    {
      "GroupGUID": "a45a435a-fed4-4abd-b4bd-62ff8680b2d0",
      "GroupPath": "Config/LevelOutput/Group/Groups_P30102_F30102001/LevelGroup_P30102_F30102001_G16.json",
      "Name": "Contents_NormalBattleArea",
      "ID": 16
    }
  ],
  "DefaultEnviroProfile": "Stages/Outputs/Chapter01/EnviroProfile/Chap01_CloseView_ADV_Area_M203_01_Night.enviroProfile.asset",
  "StageData": "Stages/Outputs/Chapter01/Stages/Chap01_MAZ_M203_MainLine_01_StageData/Chap01_MAZ_M203_MainLine_01_StageData.stage",
  "CameraType": "Maze",
  "TimeOfDayEnviroProfileMap": {},
  "LayerToAreaMask": [
    16,
    8
  ],
  "NavmapConfigPath": "Config/LevelOutput/Map/MapInfo_P20123_F20123001.json",
  "IsRestartLevelGraph": false
}