{
  "FloorID": 30102006,
  "FloorName": "MazeText_Empty",
  "StartGroupID": 1,
  "StartAnchorID": 1,
  "GroupList": [
    {
      "GroupGUID": "e7d81d5b-6380-4f7d-942e-0352ece92c04",
      "GroupPath": "Config/LevelOutput/Group/Groups_P30102_F30102006/LevelGroup_P30102_F30102006_G1.json",
      "DimensionFilter": {},
      "Name": "DefaultGroup",
      "ID": 1
    },
    {
      "GroupGUID": "18a6bef5-42a1-41d1-ac57-5f89302076e3",
      "GroupPath": "Config/LevelOutput/Group/Groups_P30102_F30102006/LevelGroup_P30102_F30102006_G2.json",
      "DimensionFilter": {},
      "Name": "Default",
      "ID": 2
    },
    {
      "GroupGUID": "0b139269-3b03-4e9f-8134-ea3b44d48f54",
      "GroupPath": "Config/LevelOutput/Group/Groups_P30102_F30102006/LevelGroup_P30102_F30102006_G3.json",
      "Name": "Sound",
      "ID": 3
    },
    {
      "GroupGUID": "f0b84f2c-8e64-4a3f-9800-72b0f5f87c96",
      "GroupPath": "Config/LevelOutput/Group/Groups_P30102_F30102006/LevelGroup_P30102_F30102006_G4.json",
      "Name": "EnviromentController",
      "ID": 4
    },
    {
      "GroupGUID": "7c14afbb-d7bf-49c8-abc7-dd84721465e6",
      "GroupPath": "Config/LevelOutput/Group/Groups_P30102_F30102006/LevelGroup_P30102_F30102006_G5.json",
      "Name": "New Group",
      "ID": 5
    },
    {
      "GroupGUID": "ae790d33-4c06-4de7-b890-aed5af7fea71",
      "GroupPath": "Config/LevelOutput/Group/Groups_P30102_F30102006/LevelGroup_P30102_F30102006_G6.json",
      "Name": "DragonEffect_Off",
      "ID": 6
    },
    {
      "GroupGUID": "0f946afd-1e06-47f8-8b8a-92ee6b4a9ac2",
      "GroupPath": "Config/LevelOutput/Group/Groups_P30102_F30102006/LevelGroup_P30102_F30102006_G7.json",
      "Name": "MainMission2020602_",
      "ID": 7
    },
    {
      "GroupGUID": "7cc25dba-a17b-4a48-8cd0-cab6c01c3d6d",
      "GroupPath": "Config/LevelOutput/Group/Groups_P30102_F30102006/LevelGroup_P30102_F30102006_G8.json",
      "DimensionFilter": {},
      "Name": "Sequence_Light01_Fake",
      "ID": 8
    },
    {
      "GroupGUID": "849c4807-2521-4c6a-ae0d-187cd3092fca",
      "GroupPath": "Config/LevelOutput/Group/Groups_P30102_F30102006/LevelGroup_P30102_F30102006_G9.json",
      "Name": "Sequence_Light02_Fake",
      "ID": 9
    },
    {
      "GroupGUID": "395388bd-e677-49a3-b92c-3c59673a5932",
      "GroupPath": "Config/LevelOutput/Group/Groups_P30102_F30102006/LevelGroup_P30102_F30102006_G10.json",
      "DimensionFilter": {},
      "Name": "Sequence_Light03_Fake",
      "ID": 10
    },
    {
      "GroupGUID": "7496f580-f7c6-448c-b983-ea9522aae0e5",
      "GroupPath": "Config/LevelOutput/Group/Groups_P30102_F30102006/LevelGroup_P30102_F30102006_G11.json",
      "DimensionFilter": {},
      "Name": "Contents",
      "ID": 11
    },
    {
      "GroupGUID": "42aad85e-1f46-462e-9ad6-0fc88ff6a255",
      "GroupPath": "Config/LevelOutput/Group/Groups_P30102_F30102006/LevelGroup_P30102_F30102006_G12.json",
      "DimensionFilter": {},
      "Name": "Contents",
      "ID": 12
    },
    {
      "GroupGUID": "fcfc44c4-3bd1-4029-aae6-7904e8352df9",
      "GroupPath": "Config/LevelOutput/Group/Groups_P30102_F30102006/LevelGroup_P30102_F30102006_G13.json",
      "DimensionFilter": {},
      "Name": "Contents",
      "ID": 13
    },
    {
      "GroupGUID": "fa0e504b-42e6-40fe-838d-72dbd40682cf",
      "GroupPath": "Config/LevelOutput/Group/Groups_P30102_F30102006/LevelGroup_P30102_F30102006_G14.json",
      "DimensionFilter": {},
      "Name": "Contents",
      "ID": 14
    }
  ],
  "DefaultEnviroProfile": "Stages/Outputs/Chapter02/EnviroProfile/Chap02_CloseView_MAZ_X302_MainLine_01_Day.enviroProfile.asset",
  "StageData": "Stages/Outputs/Chapter02/Stages/Chap02_MAZ_X302_MainLine_01_StageData/Chap02_MAZ_X302_MainLine_01_StageData.stage",
  "CameraType": "Maze",
  "TimeOfDayEnviroProfileMap": {},
  "LayerToAreaMask": [
    1
  ],
  "BattleAreaList": [],
  "DimensionList": [
    {}
  ],
  "NavmapConfigPath": "Config/LevelOutput/Map/MapInfo_P20232_F20232001.json",
  "EnableGroupStreaming": false,
  "EnableGroupSpaceConflict": false,
  "IsRestartLevelGraph": false
}