{
  "FloorID": 30121002,
  "FloorName": "MazeText_Empty",
  "StartGroupID": 1,
  "StartAnchorID": 1,
  "GroupList": [
    {
      "GroupGUID": "8b8c4ed4-6c42-4d9f-bdbf-9425becadf69",
      "GroupPath": "Config/LevelOutput/Group/Groups_P30121_F30121002/LevelGroup_P30121_F30121002_G1.json",
      "DimensionFilter": {},
      "Name": "DefaultGroup",
      "ID": 1
    },
    {
      "GroupGUID": "5dc22f20-ff6a-4dc7-b36d-99d6631fdcdd",
      "GroupPath": "Config/LevelOutput/Group/Groups_P30121_F30121002/LevelGroup_P30121_F30121002_G2.json",
      "DimensionFilter": {},
      "Name": "DefaultGroup",
      "ID": 2
    },
    {
      "GroupGUID": "be47f8e8-603e-44bf-8953-b60816048351",
      "GroupPath": "Config/LevelOutput/Group/Groups_P30121_F30121002/LevelGroup_P30121_F30121002_G3.json",
      "Name": "Doors",
      "ID": 3
    },
    {
      "GroupGUID": "4477a433-bec4-45e7-987d-c9f17aa9ad64",
      "GroupPath": "Config/LevelOutput/Group/Groups_P30121_F30121002/LevelGroup_P30121_F30121002_G4.json",
      "Name": "BGM",
      "ID": 4
    },
    {
      "GroupGUID": "81e21aca-318c-4acf-8998-7e66628a6a32",
      "GroupPath": "Config/LevelOutput/Group/Groups_P30121_F30121002/LevelGroup_P30121_F30121002_G5.json",
      "DimensionFilter": {},
      "Name": "Sound",
      "ID": 5
    },
    {
      "GroupGUID": "4f6ff85e-5efa-4005-8949-2bf347f543db",
      "GroupPath": "Config/LevelOutput/Group/Groups_P30121_F30121002/LevelGroup_P30121_F30121002_G6.json",
      "Name": "Contents",
      "ID": 6
    },
    {
      "GroupGUID": "b6c8a8ce-efc6-4acc-af35-8bb60aa0397d",
      "GroupPath": "Config/LevelOutput/Group/Groups_P30121_F30121002/LevelGroup_P30121_F30121002_G7.json",
      "DimensionFilter": {},
      "Name": "Contents",
      "ID": 7
    }
  ],
  "DefaultEnviroProfile": "Stages/Outputs/Chapter03/EnviroProfile/Chap03_CloseView_ADV_INT_P101_night_01.enviroProfile.asset",
  "StageData": "Stages/Outputs/Chapter03/Stages/Chap03_MAZ_P101_MainLine_01_StageData/Chap03_MAZ_P101_MainLine_01_StageData.stage",
  "CameraType": "Maze",
  "TimeOfDayEnviroProfileMap": {},
  "LayerToAreaMask": [
    32,
    16,
    8
  ],
  "BattleAreaList": [],
  "DimensionList": [
    {}
  ],
  "CameraPrefabPath": "Level/Maze/Chapter03/Chap03_MAZ_P101_LevelArea.prefab",
  "NavmapConfigPath": "Config/LevelOutput/Map/MapInfo_P20311_F20311001.json",
  "IsRestartLevelGraph": false
}