{
  "FloorID": 30102002,
  "FloorName": "MazeText_Empty",
  "StartGroupID": 1,
  "StartAnchorID": 1,
  "GroupList": [
    {
      "GroupGUID": "4c4c197d-18ac-44fb-b1a6-ff485665e8d0",
      "GroupPath": "Config/LevelOutput/Group/Groups_P30102_F30102002/LevelGroup_P30102_F30102002_G1.json",
      "Name": "DefaultGroup",
      "ID": 1
    },
    {
      "GroupGUID": "39634109-de3b-442a-b075-1055c4c3ceaf",
      "GroupPath": "Config/LevelOutput/Group/Groups_P30102_F30102002/LevelGroup_P30102_F30102002_G2.json",
      "Name": "DefaultGroup",
      "ID": 2
    },
    {
      "GroupGUID": "a5605689-8058-43c6-8359-62399791aadc",
      "GroupPath": "Config/LevelOutput/Group/Groups_P30102_F30102002/LevelGroup_P30102_F30102002_G3.json",
      "Name": "Default_BoundaryCamera_Client",
      "ID": 3
    },
    {
      "GroupGUID": "5282d9e6-ec04-47c6-815c-975bda35ae8c",
      "GroupPath": "Config/LevelOutput/Group/Groups_P30102_F30102002/LevelGroup_P30102_F30102002_G4.json",
      "Name": "Sound",
      "ID": 4
    },
    {
      "GroupGUID": "7eba2a24-6e95-473d-bf55-7b5f21f8fe47",
      "GroupPath": "Config/LevelOutput/Group/Groups_P30102_F30102002/LevelGroup_P30102_F30102002_G5.json",
      "Name": "Contents",
      "ID": 5
    },
    {
      "GroupGUID": "810d195a-6ef7-4ec4-9c45-df7db2d70284",
      "GroupPath": "Config/LevelOutput/Group/Groups_P30102_F30102002/LevelGroup_P30102_F30102002_G6.json",
      "Name": "Contents",
      "ID": 6
    },
    {
      "GroupGUID": "db020bcd-a816-4612-a3e6-3f0461f0045a",
      "GroupPath": "Config/LevelOutput/Group/Groups_P30102_F30102002/LevelGroup_P30102_F30102002_G7.json",
      "Name": "Contents",
      "ID": 7
    },
    {
      "GroupGUID": "25ff53f7-bd49-4324-be10-ca832218a321",
      "GroupPath": "Config/LevelOutput/Group/Groups_P30102_F30102002/LevelGroup_P30102_F30102002_G8.json",
      "Name": "Contents",
      "ID": 8
    }
  ],
  "DefaultEnviroProfile": "Stages/Outputs/Chapter02/EnviroProfile/Chap02_CloseView_MAZ_X301_MainLine_02_Day.enviroProfile.asset",
  "StageData": "Stages/Outputs/Chapter02/Stages/Chap02_MAZ_X301_MainLine_02_StageData/Chap02_MAZ_X301_MainLine_02_StageData.stage",
  "CameraType": "Maze",
  "MinimapVolumeData": {},
  "TimeOfDayEnviroProfileMap": {},
  "LayerToAreaMask": [
    1
  ],
  "EnableGroupStreaming": false,
  "EnableGroupSpaceConflict": false,
  "IsRestartLevelGraph": false
}