{
  "FloorID": 30103001,
  "FloorName": "FloorName_30103001",
  "StartGroupID": 1,
  "StartAnchorID": 1,
  "GroupList": [
    {
      "GroupGUID": "ac468f8f-b02c-4ca8-834e-b2d22b21340a",
      "GroupPath": "Config/LevelOutput/Group/Groups_P30103_F30103001/LevelGroup_P30103_F30103001_G1.json",
      "Name": "DefaultData",
      "ID": 1
    },
    {
      "GroupGUID": "85fc17e1-76b3-43dc-8dc6-62239ea07025",
      "GroupPath": "Config/LevelOutput/Group/Groups_P30103_F30103001/LevelGroup_P30103_F30103001_G8.json",
      "Name": "Contents",
      "ID": 8
    },
    {
      "GroupGUID": "e4574acc-f6ac-4872-9990-d320a99b6041",
      "GroupPath": "Config/LevelOutput/Group/Groups_P30103_F30103001/LevelGroup_P30103_F30103001_G9.json",
      "Name": "Contents",
      "ID": 9
    },
    {
      "GroupGUID": "348af49a-3073-4695-8833-0d01b1178b4c",
      "GroupPath": "Config/LevelOutput/Group/Groups_P30103_F30103001/LevelGroup_P30103_F30103001_G10.json",
      "Name": "Contents",
      "ID": 10
    },
    {
      "GroupGUID": "f4a15541-0db2-476a-b6b7-83178a6c0c01",
      "GroupPath": "Config/LevelOutput/Group/Groups_P30103_F30103001/LevelGroup_P30103_F30103001_G11.json",
      "Name": "Contents",
      "ID": 11
    },
    {
      "GroupGUID": "30830646-39c3-4b3e-b659-8ee53852a7e9",
      "GroupPath": "Config/LevelOutput/Group/Groups_P30103_F30103001/LevelGroup_P30103_F30103001_G12.json",
      "Name": "DefaultData",
      "ID": 12
    },
    {
      "GroupGUID": "11158c79-c6fc-46b7-99a0-7e4b27133906",
      "GroupPath": "Config/LevelOutput/Group/Groups_P30103_F30103001/LevelGroup_P30103_F30103001_G13.json",
      "Name": "Sound",
      "ID": 13
    }
  ],
  "DefaultEnviroProfile": "Stages/Outputs/Chapter01/EnviroProfile/Chap01_CloseView_ADV_Area_M302_01_Foggy.enviroProfile.asset",
  "StageData": "Stages/Outputs/Chapter01/Stages/Chap01_MAZ_M302_MainLine_01_StageData/Chap01_MAZ_M302_MainLine_01_StageData.stage",
  "CameraType": "Maze",
  "TimeOfDayEnviroProfileMap": {},
  "LayerToAreaMask": [
    1
  ],
  "NavmapConfigPath": "Config/LevelOutput/Map/MapInfo_P20132_F20132001.json",
  "IsRestartLevelGraph": false
}