{
  "FloorID": 30123001,
  "FloorName": "MazeText_Empty",
  "StartGroupID": 1,
  "StartAnchorID": 1,
  "GroupList": [
    {
      "GroupGUID": "be1e0a9e-6538-4bab-adfa-a63d2fa2c42f",
      "GroupPath": "Config/LevelOutput/Group/Groups_P30123_F30123001/LevelGroup_P30123_F30123001_G1.json",
      "DimensionFilter": {
        "FilterType": "All"
      },
      "Name": "DefaultGroup",
      "ID": 1
    },
    {
      "GroupGUID": "f2e108d0-afe5-4ee8-b33e-983321ab3b43",
      "GroupPath": "Config/LevelOutput/Group/Groups_P30123_F30123001/LevelGroup_P30123_F30123001_G2.json",
      "DimensionFilter": {
        "FilterType": "All"
      },
      "Name": "DefaultGroup",
      "ID": 2
    },
    {
      "GroupGUID": "0d2de0ee-5216-4d0c-a636-52f2912ed0c2",
      "GroupPath": "Config/LevelOutput/Group/Groups_P30123_F30123001/LevelGroup_P30123_F30123001_G3.json",
      "DimensionFilter": {
        "FilterType": "All"
      },
      "Name": "CurtainHugh",
      "ID": 3
    },
    {
      "GroupGUID": "2f95b4e8-cf44-4623-a325-06b271bf906a",
      "GroupPath": "Config/LevelOutput/Group/Groups_P30123_F30123001/LevelGroup_P30123_F30123001_G4.json",
      "DimensionFilter": {
        "FilterType": "All"
      },
      "Name": "CurtainSmall",
      "ID": 4
    },
    {
      "GroupGUID": "908520c3-a675-4765-94c7-5d87ee87c497",
      "GroupPath": "Config/LevelOutput/Group/Groups_P30123_F30123001/LevelGroup_P30123_F30123001_G5.json",
      "DimensionFilter": {},
      "Name": "Contents",
      "ID": 5
    },
    {
      "GroupGUID": "5a2de445-19d0-4852-95c4-cbc0658896c3",
      "GroupPath": "Config/LevelOutput/Group/Groups_P30123_F30123001/LevelGroup_P30123_F30123001_G6.json",
      "DimensionFilter": {},
      "Name": "Contents",
      "ID": 6
    },
    {
      "GroupGUID": "999c9140-4658-497b-9049-641c9a715969",
      "GroupPath": "Config/LevelOutput/Group/Groups_P30123_F30123001/LevelGroup_P30123_F30123001_G7.json",
      "DimensionFilter": {
        "FilterType": "All"
      },
      "Name": "SceneController",
      "ID": 7
    },
    {
      "GroupGUID": "19bfd9de-c7ab-4839-98b6-12eeea252145",
      "GroupPath": "Config/LevelOutput/Group/Groups_P30123_F30123001/LevelGroup_P30123_F30123001_G62.json",
      "Name": "Sound",
      "ID": 62
    },
    {
      "GroupGUID": "313615bf-6ba2-4e35-83c0-543f5e4987cd",
      "GroupPath": "Config/LevelOutput/Group/Groups_P30123_F30123001/LevelGroup_P30123_F30123001_G63.json",
      "Name": "Sound",
      "ID": 63
    },
    {
      "GroupGUID": "6b7c3c69-a2fe-4e0b-afcb-0f68d5bc01c7",
      "GroupPath": "Config/LevelOutput/Group/Groups_P30123_F30123001/LevelGroup_P30123_F30123001_G64.json",
      "Name": "sound-reverb",
      "ID": 64
    },
    {
      "GroupGUID": "352ea527-37d3-411a-83e5-dd67680f619b",
      "GroupPath": "Config/LevelOutput/Group/Groups_P30123_F30123001/LevelGroup_P30123_F30123001_G65.json",
      "Name": "sound-reverb",
      "ID": 65
    },
    {
      "GroupGUID": "a8e21129-7df2-4fbe-8d61-dad0244b7e98",
      "GroupPath": "Config/LevelOutput/Group/Groups_P30123_F30123001/LevelGroup_P30123_F30123001_G66.json",
      "Name": "sound-reverb",
      "ID": 66
    },
    {
      "GroupGUID": "15b52dba-b30a-4d92-a4ab-3ec201443e67",
      "GroupPath": "Config/LevelOutput/Group/Groups_P30123_F30123001/LevelGroup_P30123_F30123001_G67.json",
      "Name": "sound-reverb",
      "ID": 67
    },
    {
      "GroupGUID": "94ebdfab-d0a1-40cd-9540-a7ca355bc220",
      "GroupPath": "Config/LevelOutput/Group/Groups_P30123_F30123001/LevelGroup_P30123_F30123001_G68.json",
      "Name": "Sound",
      "ID": 68
    },
    {
      "GroupGUID": "8e42a897-3f08-412d-99fd-0e51d24f1b77",
      "GroupPath": "Config/LevelOutput/Group/Groups_P30123_F30123001/LevelGroup_P30123_F30123001_G69.json",
      "Name": "Sound",
      "ID": 69
    },
    {
      "GroupGUID": "abef71a5-e522-4630-ab0c-55b848aa53f8",
      "GroupPath": "Config/LevelOutput/Group/Groups_P30123_F30123001/LevelGroup_P30123_F30123001_G70.json",
      "Name": "Sound",
      "ID": 70
    },
    {
      "GroupGUID": "82524c8c-1c1d-48de-9c1c-83b9fd3b1c64",
      "GroupPath": "Config/LevelOutput/Group/Groups_P30123_F30123001/LevelGroup_P30123_F30123001_G71.json",
      "DimensionFilter": {
        "FilterType": "All"
      },
      "Name": "BGM",
      "ID": 71
    }
  ],
  "DefaultEnviroProfile": "Stages/Outputs/Chapter03/EnviroProfile/Chap03_CloseView_MAZ_P302_OperaHouse_night_01.enviroProfile.asset",
  "StageData": "Stages/Outputs/Chapter03/Stages/Chap03_MAZ_P302_StageData/Chap03_MAZ_P302_StageData.stage",
  "CameraType": "Maze",
  "TimeOfDayEnviroProfileMap": {},
  "LayerToAreaMask": [
    8,
    32,
    16
  ],
  "FloorCustomData": {
    "SavedValues": [
      {
        "ID": 1,
        "Name": "Scene_Transit",
        "DefaultValue": 1,
        "AllowedValues": [
          0,
          1
        ],
        "MaxValue": 1
      },
      {
        "ID": 2,
        "Name": "CarpetShow",
        "DefaultValue": 1,
        "AllowedValues": [],
        "MaxValue": 1
      },
      {
        "ID": 3,
        "Name": "ShowFeather",
        "DefaultValue": 2,
        "AllowedValues": [],
        "MaxValue": 2
      }
    ],
    "ConstValues": [
      {
        "$type": "RPG.GameCore.FloorTargetAgentConfig",
        "ID": 1,
        "Name": "maintohundun"
      },
      {
        "$type": "RPG.GameCore.FloorTargetAgentConfig",
        "ID": 2,
        "Name": "maintozhongli"
      },
      {
        "$type": "RPG.GameCore.FloorTargetAgentConfig",
        "ID": 3,
        "Name": "maintozhixu"
      },
      {
        "$type": "RPG.GameCore.FloorTargetAgentConfig",
        "ID": 4,
        "Name": "maintozhixian"
      },
      {
        "$type": "RPG.GameCore.FloorTargetAgentConfig",
        "ID": 5,
        "Name": "hunduntomain"
      },
      {
        "$type": "RPG.GameCore.FloorTargetAgentConfig",
        "ID": 6,
        "Name": "zhonglitomain"
      },
      {
        "$type": "RPG.GameCore.FloorTargetAgentConfig",
        "ID": 7,
        "Name": "zhixutomain"
      },
      {
        "$type": "RPG.GameCore.FloorTargetAgentConfig",
        "ID": 8,
        "Name": "zhixiantomain"
      }
    ]
  },
  "BattleAreaList": [],
  "DimensionList": [
    {}
  ],
  "NavmapConfigPath": "Config/LevelOutput/Map/MapInfo_P20332_F20332001.json",
  "RegionConfigPath": "Config/LevelOutput/Region/FloorRegion_P20332_F20332001.json"
}