{
  "FloorID": 30102004,
  "FloorName": "MazeText_Empty",
  "StartGroupID": 1,
  "StartAnchorID": 1,
  "GroupList": [
    {
      "GroupGUID": "b5065957-3b78-4a85-8178-2cda130d0093",
      "GroupPath": "Config/LevelOutput/Group/Groups_P30102_F30102004/LevelGroup_P30102_F30102004_G1.json",
      "DimensionFilter": {},
      "Name": "DefaultGroup",
      "ID": 1
    },
    {
      "GroupGUID": "65b84fde-6a6b-4efe-8601-fb043d1336c1",
      "GroupPath": "Config/LevelOutput/Group/Groups_P30102_F30102004/LevelGroup_P30102_F30102004_G2.json",
      "DimensionFilter": {},
      "Name": "DefaultGroup",
      "ID": 2
    },
    {
      "GroupGUID": "04025602-0ed3-48f8-a204-8936a5d76a1e",
      "GroupPath": "Config/LevelOutput/Group/Groups_P30102_F30102004/LevelGroup_P30102_F30102004_G3.json",
      "Name": "Contents",
      "ID": 3
    },
    {
      "GroupGUID": "2473ae66-6638-4258-87cf-ff7f104372b4",
      "GroupPath": "Config/LevelOutput/Group/Groups_P30102_F30102004/LevelGroup_P30102_F30102004_G4.json",
      "Name": "Contents",
      "ID": 4
    },
    {
      "GroupGUID": "ada4f411-b0c9-4d75-81f3-6f4274db4c77",
      "GroupPath": "Config/LevelOutput/Group/Groups_P30102_F30102004/LevelGroup_P30102_F30102004_G5.json",
      "Name": "Contents",
      "ID": 5
    },
    {
      "GroupGUID": "8ddb93c4-3008-483d-ad3c-4b4f15f159ff",
      "GroupPath": "Config/LevelOutput/Group/Groups_P30102_F30102004/LevelGroup_P30102_F30102004_G6.json",
      "Name": "Contents",
      "ID": 6
    },
    {
      "GroupGUID": "b1219a13-8067-49d8-9164-07ac59656a0b",
      "GroupPath": "Config/LevelOutput/Group/Groups_P30102_F30102004/LevelGroup_P30102_F30102004_G8.json",
      "DimensionFilter": {},
      "Name": "Polymer_Plinter",
      "ID": 8
    },
    {
      "GroupGUID": "f5b7966a-f13c-4be0-a0a6-47cba3d85824",
      "GroupPath": "Config/LevelOutput/Group/Groups_P30102_F30102004/LevelGroup_P30102_F30102004_G9.json",
      "DimensionFilter": {},
      "Name": "Sound",
      "ID": 9
    }
  ],
  "DefaultEnviroProfile": "Stages/Outputs/Chapter00/EnviroProfile/Chap00_CloseView_MAZ_N401_01_Day.enviroProfile.asset",
  "StageData": "Stages/Outputs/Chapter00/Stages/Chap00_MAZ_N401_MainLine_01_StageData/Chap00_MAZ_N401_MainLine_01_StageData.stage",
  "TimeOfDayEnviroProfileMap": {},
  "LayerToAreaMask": [
    8,
    16,
    32
  ],
  "BattleAreaList": [],
  "DimensionList": [
    {}
  ],
  "NavmapConfigPath": "Config/LevelOutput/Map/MapInfo_P20004_F20004001.json",
  "EnableGroupStreaming": false,
  "EnableGroupSpaceConflict": false,
  "IsRestartLevelGraph": false
}