{
  "FloorID": 30102003,
  "FloorName": "MazeText_Empty",
  "StartGroupID": 1,
  "StartAnchorID": 1,
  "GroupList": [
    {
      "GroupGUID": "5835ac3a-9ee6-4121-916a-3edc0aea61c1",
      "GroupPath": "Config/LevelOutput/Group/Groups_P30102_F30102003/LevelGroup_P30102_F30102003_G1.json",
      "Name": "DefaultGroup",
      "ID": 1
    },
    {
      "GroupGUID": "afc5eb3d-0385-4382-a939-3e36545fc6a7",
      "GroupPath": "Config/LevelOutput/Group/Groups_P30102_F30102003/LevelGroup_P30102_F30102003_G2.json",
      "Name": "DefaultGroup",
      "ID": 2
    },
    {
      "GroupGUID": "b658ee2c-b094-4904-beb3-21ec9ef7e503",
      "GroupPath": "Config/LevelOutput/Group/Groups_P30102_F30102003/LevelGroup_P30102_F30102003_G3.json",
      "DimensionFilter": {},
      "Name": "Sound_01",
      "ID": 3
    },
    {
      "GroupGUID": "ac42c519-c594-429b-8a07-850097f29f25",
      "GroupPath": "Config/LevelOutput/Group/Groups_P30102_F30102003/LevelGroup_P30102_F30102003_G4.json",
      "DimensionFilter": {},
      "Name": "Contents",
      "ID": 4
    },
    {
      "GroupGUID": "526875d2-cab3-428b-a1ad-a1ef6458f03d",
      "GroupPath": "Config/LevelOutput/Group/Groups_P30102_F30102003/LevelGroup_P30102_F30102003_G5.json",
      "DimensionFilter": {},
      "Name": "Contents",
      "ID": 5
    },
    {
      "GroupGUID": "213dbb49-0b3a-4194-a872-d2a06d53bc2b",
      "GroupPath": "Config/LevelOutput/Group/Groups_P30102_F30102003/LevelGroup_P30102_F30102003_G6.json",
      "DimensionFilter": {},
      "Name": "Contents",
      "ID": 6
    },
    {
      "GroupGUID": "1a15817c-4d2e-47ca-968e-01db1090df54",
      "GroupPath": "Config/LevelOutput/Group/Groups_P30102_F30102003/LevelGroup_P30102_F30102003_G7.json",
      "DimensionFilter": {},
      "Name": "Contents",
      "ID": 7
    },
    {
      "GroupGUID": "d73d4cfe-aabf-4052-8d57-bf1105366b97",
      "GroupPath": "Config/LevelOutput/Group/Groups_P30102_F30102003/LevelGroup_P30102_F30102003_G8.json",
      "DimensionFilter": {},
      "Name": "Tower",
      "ID": 8
    },
    {
      "GroupGUID": "97e8fb80-1f07-4060-883d-5e8a999a5d65",
      "GroupPath": "Config/LevelOutput/Group/Groups_P30102_F30102003/LevelGroup_P30102_F30102003_G9.json",
      "DimensionFilter": {},
      "Name": "Contents",
      "ID": 9
    }
  ],
  "DefaultEnviroProfile": "Stages/Outputs/Chapter02/EnviroProfile/Chap02_CloseView_ADV_X02_Sanctum_SuiGarden_Night.enviroProfile.asset",
  "StageData": "Stages/Outputs/Chapter02/Stages/Chap02_ADV_X02_Sanctum_SuiGarden_StageData/Chap02_ADV_X02_Sanctum_SuiGarden_StageData.stage",
  "CameraType": "Maze",
  "TimeOfDayEnviroProfileMap": {},
  "LayerToAreaMask": [
    1
  ],
  "FloorCustomData": {
    "SavedValues": [
      {
        "ID": 1,
        "Name": "SoundGroupState",
        "AllowedValues": [],
        "MaxValue": 3
      }
    ]
  },
  "BattleAreaList": [],
  "DimensionList": [
    {}
  ],
  "NavmapConfigPath": "Config/LevelOutput/Map/MapInfo_P20223_F20223001.json",
  "EnableGroupStreaming": false,
  "EnableGroupSpaceConflict": false,
  "IsRestartLevelGraph": false
}