{
  "FloorID": 30122001,
  "FloorName": "MazeText_Empty",
  "StartGroupID": 1,
  "StartAnchorID": 1,
  "GroupList": [
    {
      "GroupGUID": "ab080692-7150-411b-b478-4eba16d0ea7a",
      "GroupPath": "Config/LevelOutput/Group/Groups_P30122_F30122001/LevelGroup_P30122_F30122001_G1.json",
      "DimensionFilter": {},
      "Name": "DefaultGroup",
      "ID": 1
    },
    {
      "GroupGUID": "a2422bf1-41d1-4b41-89fc-c830d7f2e8bb",
      "GroupPath": "Config/LevelOutput/Group/Groups_P30122_F30122001/LevelGroup_P30122_F30122001_G3.json",
      "DimensionFilter": {},
      "Name": "DefaultGroup",
      "ID": 3
    },
    {
      "GroupGUID": "48d274ea-a321-4711-b902-4c325be68232",
      "GroupPath": "Config/LevelOutput/Group/Groups_P30122_F30122001/LevelGroup_P30122_F30122001_G4.json",
      "DimensionFilter": {},
      "Name": "Door",
      "ID": 4
    },
    {
      "GroupGUID": "835e5668-e123-4de4-a0c7-8ccbab21bcd5",
      "GroupPath": "Config/LevelOutput/Group/Groups_P30122_F30122001/LevelGroup_P30122_F30122001_G6.json",
      "DimensionFilter": {},
      "Name": "Screen",
      "ID": 6
    },
    {
      "GroupGUID": "1f02b4e0-9d00-49de-9f87-95f9ce2ce44c",
      "GroupPath": "Config/LevelOutput/Group/Groups_P30122_F30122001/LevelGroup_P30122_F30122001_G7.json",
      "Name": "Contents",
      "ID": 7
    },
    {
      "GroupGUID": "edeedcd4-b877-4045-8733-a51ff7e86387",
      "GroupPath": "Config/LevelOutput/Group/Groups_P30122_F30122001/LevelGroup_P30122_F30122001_G8.json",
      "Name": "Contents",
      "ID": 8
    },
    {
      "GroupGUID": "4788e6d4-f9b0-46fd-8077-0f1c6358a668",
      "GroupPath": "Config/LevelOutput/Group/Groups_P30122_F30122001/LevelGroup_P30122_F30122001_G9.json",
      "Name": "Contents",
      "ID": 9
    },
    {
      "GroupGUID": "f5827c01-7ac3-4c13-94c7-36b90a41ed04",
      "GroupPath": "Config/LevelOutput/Group/Groups_P30122_F30122001/LevelGroup_P30122_F30122001_G10.json",
      "Name": "Contents",
      "ID": 10
    },
    {
      "GroupGUID": "c7db1cc1-b95d-4f65-a2e8-68c626502bed",
      "GroupPath": "Config/LevelOutput/Group/Groups_P30122_F30122001/LevelGroup_P30122_F30122001_G12.json",
      "Name": "BAT_Prop",
      "ID": 12
    },
    {
      "GroupGUID": "a5cc1199-8d5c-48c1-918e-8e611e540401",
      "GroupPath": "Config/LevelOutput/Group/Groups_P30122_F30122001/LevelGroup_P30122_F30122001_G13.json",
      "DimensionFilter": {},
      "Name": "Sound",
      "ID": 13
    },
    {
      "GroupGUID": "f371497a-f721-44af-bea0-5256453bc72b",
      "GroupPath": "Config/LevelOutput/Group/Groups_P30122_F30122001/LevelGroup_P30122_F30122001_G14.json",
      "DimensionFilter": {},
      "Name": "Sound-Reverb",
      "ID": 14
    }
  ],
  "DefaultEnviroProfile": "Stages/Outputs/Chapter03/EnviroProfile/Chap03_CloseView_MAZ_P201_Night_01.enviroProfile.asset",
  "StageData": "Stages/Outputs/Chapter03/Stages/Chap03_MAZ_P201_StageData/Chap03_MAZ_P201_StageData.stage",
  "CameraType": "Maze",
  "TimeOfDayEnviroProfileMap": {},
  "LayerToAreaMask": [
    8,
    16
  ],
  "FloorCustomData": {
    "SavedValues": [
      {
        "ID": 2,
        "Name": "ScreenState",
        "AllowedValues": [],
        "MaxValue": 1
      }
    ]
  },
  "BattleAreaList": [],
  "DimensionList": [
    {}
  ],
  "NavmapConfigPath": "Config/LevelOutput/Map/MapInfo_P20321_F20321001.json",
  "IsRestartLevelGraph": false
}