{
  "FloorID": 30206001,
  "FloorName": "FloorName_30206001",
  "StartGroupID": 1,
  "StartAnchorID": 1,
  "GroupList": [
    {
      "GroupGUID": "3dba5d93-e02f-4198-81e6-32ff7912de51",
      "GroupPath": "Config/LevelOutput/Group/Groups_P30201_F30206001/LevelGroup_P30201_F30206001_G1.json",
      "Name": "Default",
      "ID": 1
    },
    {
      "GroupGUID": "2fe5e64f-7999-4eab-b6c3-ecdfe8fa6a08",
      "GroupPath": "Config/LevelOutput/Group/Groups_P30201_F30206001/LevelGroup_P30201_F30206001_G2.json",
      "Name": "Content",
      "ID": 2
    },
    {
      "GroupGUID": "877ec4f6-f7d2-4b55-bf5b-273d8be6e474",
      "GroupPath": "Config/LevelOutput/Group/Groups_P30201_F30206001/LevelGroup_P30201_F30206001_G3.json",
      "Name": "MP",
      "ID": 3
    },
    {
      "GroupGUID": "6187334c-ff1d-4436-8d9d-d57e1330bbb4",
      "GroupPath": "Config/LevelOutput/Group/Groups_P30201_F30206001/LevelGroup_P30201_F30206001_G5.json",
      "Name": "Sound",
      "ID": 5
    }
  ],
  "DefaultEnviroProfile": "Stages/Outputs/Chapter01/EnviroProfile/Chap01_CloseView_ADV_Area_Snowfield_01_Foggy.enviroProfile.asset",
  "StageData": "Stages/Outputs/Chapter01/Stages/Chap01_MAZ_M303_MainLine_01_StageData/Chap01_MAZ_M303_MainLine_01_StageData.stage",
  "CameraType": "Maze",
  "TimeOfDayEnviroProfileMap": {},
  "LayerToAreaMask": [
    1
  ],
  "NavmapConfigPath": "Config/LevelOutput/Map/MapInfo_P20133_F20133001.json",
  "IsRestartLevelGraph": false
}