{
  "FloorID": 30203001,
  "FloorName": "FloorName_30203001",
  "StartGroupID": 1,
  "StartAnchorID": 1,
  "GroupList": [
    {
      "GroupGUID": "2cbba706-1ebd-436d-8bbb-097d1cbc5e30",
      "GroupPath": "Config/LevelOutput/Group/Groups_P30201_F30203001/LevelGroup_P30201_F30203001_G1.json",
      "Name": "Default",
      "ID": 1
    },
    {
      "GroupGUID": "132d9280-500d-4135-853a-daed36399a84",
      "GroupPath": "Config/LevelOutput/Group/Groups_P30201_F30203001/LevelGroup_P30201_F30203001_G2.json",
      "Name": "Content",
      "ID": 2
    },
    {
      "GroupGUID": "6e28102b-b3f9-4f1b-8abe-40f6ce8d3760",
      "GroupPath": "Config/LevelOutput/Group/Groups_P30201_F30203001/LevelGroup_P30201_F30203001_G3.json",
      "Name": "MP",
      "ID": 3
    },
    {
      "GroupGUID": "05d926b3-9518-435d-8809-ceab0fc60e78",
      "GroupPath": "Config/LevelOutput/Group/Groups_P30201_F30203001/LevelGroup_P30201_F30203001_G5.json",
      "Name": "Sound",
      "ID": 5
    }
  ],
  "DefaultEnviroProfile": "Stages/Outputs/Chapter01/EnviroProfile/Chap01_CloseView_ADV_Area_M202_01_Night.enviroProfile.asset",
  "StageData": "Stages/Outputs/Chapter01/Stages/Chap01_MAZ_M202_MainLine_01_StageData/Chap01_MAZ_M202_MainLine_01_StageData.stage",
  "CameraType": "Maze",
  "TimeOfDayEnviroProfileMap": {},
  "LayerToAreaMask": [
    1
  ],
  "NavmapConfigPath": "Config/LevelOutput/Map/MapInfo_P20122_F20122001.json",
  "IsRestartLevelGraph": false
}