{
  "FloorID": 30201001,
  "FloorName": "MazeText_Empty",
  "StartGroupID": 1,
  "StartAnchorID": 1,
  "GroupList": [
    {
      "GroupGUID": "cd324cc5-b5f3-4350-b25a-b82c6806893d",
      "GroupPath": "Config/LevelOutput/Group/Groups_P30201_F30201001/LevelGroup_P30201_F30201001_G1.json",
      "Name": "DefaultGroup",
      "ID": 1
    },
    {
      "GroupGUID": "766eaa10-0d40-401f-b62a-03014a40bc21",
      "GroupPath": "Config/LevelOutput/Group/Groups_P30201_F30201001/LevelGroup_P30201_F30201001_G2.json",
      "Name": "Content",
      "ID": 2
    },
    {
      "GroupGUID": "1ed0e8a1-eaa4-4f61-b2ab-295f18103522",
      "GroupPath": "Config/LevelOutput/Group/Groups_P30201_F30201001/LevelGroup_P30201_F30201001_G3.json",
      "Name": "MP",
      "ID": 3
    },
    {
      "GroupGUID": "5125bcfb-4bc0-4980-aa03-f48366e2ec03",
      "GroupPath": "Config/LevelOutput/Group/Groups_P30201_F30201001/LevelGroup_P30201_F30201001_G6.json",
      "Name": "Sound",
      "ID": 6
    },
    {
      "GroupGUID": "f41f9e0b-ea47-49a5-a397-e4ceae35d215",
      "GroupPath": "Config/LevelOutput/Group/Groups_P30201_F30201001/LevelGroup_P30201_F30201001_G4.json",
      "Name": "MainMission_RoadBlock",
      "ID": 4
    }
  ],
  "DefaultEnviroProfile": "Stages/Outputs/Chapter00/EnviroProfile/Chap00_CloseView_MAZ_N201_01_Day.enviroProfile.asset",
  "StageData": "Stages/Outputs/Chapter00/Stages/Chap00_MAZ_N201_MainLine_01_StageData/Chap00_MAZ_N201_MainLine_01_StageData.stage",
  "CameraType": "Maze",
  "TimeOfDayEnviroProfileMap": {},
  "LayerToAreaMask": [
    8,
    16,
    32
  ],
  "NavmapConfigPath": "Config/LevelOutput/Map/MapInfo_P20002_F20002001.json",
  "IsRestartLevelGraph": false
}