{
  "FloorID": 30204001,
  "FloorName": "FloorName_30204001",
  "StartGroupID": 1,
  "StartAnchorID": 1,
  "GroupList": [
    {
      "GroupGUID": "903676da-e168-45ca-a218-a30a74ed4f14",
      "GroupPath": "Config/LevelOutput/Group/Groups_P30201_F30204001/LevelGroup_P30201_F30204001_G1.json",
      "Name": "Default",
      "ID": 1
    },
    {
      "GroupGUID": "67b81726-857b-4cad-a6bf-273681671da2",
      "GroupPath": "Config/LevelOutput/Group/Groups_P30201_F30204001/LevelGroup_P30201_F30204001_G2.json",
      "Name": "Content",
      "ID": 2
    },
    {
      "GroupGUID": "c0762044-17db-4408-a125-63717e0eed7c",
      "GroupPath": "Config/LevelOutput/Group/Groups_P30201_F30204001/LevelGroup_P30201_F30204001_G3.json",
      "Name": "MP",
      "ID": 3
    },
    {
      "GroupGUID": "aeaafcd0-2ac5-4f7e-a733-a833343f95a3",
      "GroupPath": "Config/LevelOutput/Group/Groups_P30201_F30204001/LevelGroup_P30201_F30204001_G5.json",
      "Name": "Sound",
      "ID": 5
    }
  ],
  "DefaultEnviroProfile": "Stages/Outputs/Chapter01/EnviroProfile/Chap01_CloseView_ADV_Area_M301_01_Foggy.enviroProfile.asset",
  "StageData": "Stages/Outputs/Chapter01/Stages/Chap01_MAZ_M301_MainLine_01_StageData/Chap01_MAZ_M301_MainLine_01_StageData.stage",
  "CameraType": "Maze",
  "TimeOfDayEnviroProfileMap": {},
  "LayerToAreaMask": [
    1
  ],
  "NavmapConfigPath": "Config/LevelOutput/Map/MapInfo_P20131_F20131001.json",
  "IsRestartLevelGraph": false
}