{
  "FloorID": 30205001,
  "FloorName": "FloorName_30205001",
  "StartGroupID": 1,
  "StartAnchorID": 1,
  "GroupList": [
    {
      "GroupGUID": "bb34f5e4-891b-4375-8a6e-c317d09a72f2",
      "GroupPath": "Config/LevelOutput/Group/Groups_P30201_F30205001/LevelGroup_P30201_F30205001_G1.json",
      "Name": "Default",
      "ID": 1
    },
    {
      "GroupGUID": "9c48039c-38a5-4534-b2e5-053b1b0f6cb8",
      "GroupPath": "Config/LevelOutput/Group/Groups_P30201_F30205001/LevelGroup_P30201_F30205001_G2.json",
      "Name": "Content",
      "ID": 2
    },
    {
      "GroupGUID": "f7b11b80-f034-45e9-afd2-3e7cdd0fa282",
      "GroupPath": "Config/LevelOutput/Group/Groups_P30201_F30205001/LevelGroup_P30201_F30205001_G3.json",
      "Name": "MP",
      "ID": 3
    },
    {
      "GroupGUID": "fec82f7b-4f93-47dc-8aa1-646c78ba185c",
      "GroupPath": "Config/LevelOutput/Group/Groups_P30201_F30205001/LevelGroup_P30201_F30205001_G6.json",
      "Name": "Sound",
      "ID": 6
    }
  ],
  "DefaultEnviroProfile": "Stages/Outputs/Chapter01/EnviroProfile/Chap01_CloseView_ADV_Area_M302_01_Foggy.enviroProfile.asset",
  "StageData": "Stages/Outputs/Chapter01/Stages/Chap01_MAZ_M302_MainLine_01_StageData/Chap01_MAZ_M302_MainLine_01_StageData.stage",
  "CameraType": "Maze",
  "TimeOfDayEnviroProfileMap": {},
  "LayerToAreaMask": [
    1
  ],
  "NavmapConfigPath": "Config/LevelOutput/Map/MapInfo_P20132_F20132001.json",
  "IsRestartLevelGraph": false
}