{
  "FloorID": 30202001,
  "FloorName": "FloorName_30202001",
  "StartGroupID": 1,
  "StartAnchorID": 1,
  "GroupList": [
    {
      "GroupGUID": "697c5471-578d-4afc-bc54-128a4d210f9c",
      "GroupPath": "Config/LevelOutput/Group/Groups_P30201_F30202001/LevelGroup_P30201_F30202001_G1.json",
      "Name": "Default",
      "ID": 1
    },
    {
      "GroupGUID": "2b47b948-0bf0-4847-a074-9d0f9b25ac14",
      "GroupPath": "Config/LevelOutput/Group/Groups_P30201_F30202001/LevelGroup_P30201_F30202001_G2.json",
      "Name": "Content",
      "ID": 2
    },
    {
      "GroupGUID": "794ecc6f-cca3-448c-8d4d-e640897a2645",
      "GroupPath": "Config/LevelOutput/Group/Groups_P30201_F30202001/LevelGroup_P30201_F30202001_G3.json",
      "Name": "MP",
      "ID": 3
    },
    {
      "GroupGUID": "e5bb6446-e9b8-4267-ba2c-292300f19973",
      "GroupPath": "Config/LevelOutput/Group/Groups_P30201_F30202001/LevelGroup_P30201_F30202001_G6.json",
      "Name": "Sound",
      "ID": 6
    },
    {
      "GroupGUID": "e024b6ba-5d1a-49fd-97a9-aed643901990",
      "GroupPath": "Config/LevelOutput/Group/Groups_P30201_F30202001/LevelGroup_P30201_F30202001_G7.json",
      "Name": "Chest",
      "ID": 7
    }
  ],
  "DefaultEnviroProfile": "Stages/Outputs/Chapter01/EnviroProfile/Chap01_CloseView_ADV_Area_M201_01_Night.enviroProfile.asset",
  "StageData": "Stages/Outputs/Chapter01/Stages/Chap01_MAZ_M201_MainLine_01_StageData/Chap01_MAZ_M201_MainLine_01_StageData.stage",
  "CameraType": "Maze",
  "TimeOfDayEnviroProfileMap": {},
  "LayerToAreaMask": [
    1
  ],
  "NavmapConfigPath": "Config/LevelOutput/Map/MapInfo_P20121_F20121001.json",
  "IsRestartLevelGraph": false
}