{
  "FloorID": 30301002,
  "FloorName": "FloorName_30301002",
  "StartGroupID": 1,
  "StartAnchorID": 1,
  "GroupList": [
    {
      "GroupGUID": "70a09edc-c5d9-41d7-b566-ba3f4076523e",
      "GroupPath": "Config/LevelOutput/Group/Groups_P30301_F30301002/LevelGroup_P30301_F30301002_G1.json",
      "Name": "PlayerStart",
      "ID": 1
    },
    {
      "GroupGUID": "8ba5e03c-0b0a-4dca-beb5-fa56e42efa61",
      "GroupPath": "Config/LevelOutput/Group/Groups_P30301_F30301002/LevelGroup_P30301_F30301002_G2.json",
      "Name": "New Group",
      "ID": 2
    },
    {
      "GroupGUID": "b61eb25f-5eda-4f98-ac33-6a2d7af53d23",
      "GroupPath": "Config/LevelOutput/Group/Groups_P30301_F30301002/LevelGroup_P30301_F30301002_G3.json",
      "Name": "Sound",
      "ID": 3
    }
  ],
  "DefaultEnviroProfile": "Stages/Outputs/Chapter01/EnviroProfile/Chap01_CloseView_ADV_Area_M203_01_Night.enviroProfile.asset",
  "StageData": "Stages/Outputs/Chapter01/Stages/Chap01_MAZ_M203_MainLine_01_StageData/Chap01_MAZ_M203_MainLine_01_StageData.stage",
  "CameraType": "Maze",
  "TimeOfDayEnviroProfileMap": {},
  "LayerToAreaMask": [
    16,
    8
  ],
  "NavmapConfigPath": "Config/LevelOutput/Map/MapInfo_P20123_F20123001.json",
  "IsRestartLevelGraph": false
}