{
  "FloorID": 30301001,
  "FloorName": "FloorName_30301001",
  "StartGroupID": 1,
  "StartAnchorID": 1,
  "GroupList": [
    {
      "GroupGUID": "831e1a49-1d07-4324-b23c-8c7d571025cd",
      "GroupPath": "Config/LevelOutput/Group/Groups_P30301_F30301001/LevelGroup_P30301_F30301001_G1.json",
      "Name": "DefaultData",
      "ID": 1
    },
    {
      "GroupGUID": "7e8c03a8-160c-4d05-9cff-d5df34481e98",
      "GroupPath": "Config/LevelOutput/Group/Groups_P30301_F30301001/LevelGroup_P30301_F30301001_G2.json",
      "Name": "New Group",
      "ID": 2
    },
    {
      "GroupGUID": "7d87b28a-906f-45cb-a0a8-2c1b161232a5",
      "GroupPath": "Config/LevelOutput/Group/Groups_P30301_F30301001/LevelGroup_P30301_F30301001_G4.json",
      "Name": "Sound",
      "ID": 4
    }
  ],
  "DefaultEnviroProfile": "Stages/Outputs/Chapter01/EnviroProfile/Chap01_CloseView_ADV_Area_M302_01_Foggy.enviroProfile.asset",
  "StageData": "Stages/Outputs/Chapter01/Stages/Chap01_MAZ_M302_MainLine_01_StageData/Chap01_MAZ_M302_MainLine_01_StageData.stage",
  "CameraType": "Maze",
  "TimeOfDayEnviroProfileMap": {},
  "LayerToAreaMask": [
    1
  ],
  "NavmapConfigPath": "Config/LevelOutput/Map/MapInfo_P20132_F20132001.json",
  "IsRestartLevelGraph": false
}