{
  "FloorID": 30301006,
  "FloorName": "FloorName_30301006",
  "StartGroupID": 1,
  "StartAnchorID": 1,
  "GroupList": [
    {
      "GroupGUID": "0954d3d9-303a-4175-8ef8-4e63903fd8a6",
      "GroupPath": "Config/LevelOutput/Group/Groups_P30301_F30301006/LevelGroup_P30301_F30301006_G1.json",
      "Name": "DefaultData",
      "ID": 1
    },
    {
      "GroupGUID": "a12e72f6-7981-4c3d-885d-955a3fa29f9e",
      "GroupPath": "Config/LevelOutput/Group/Groups_P30301_F30301006/LevelGroup_P30301_F30301006_G2.json",
      "Name": "New Group",
      "ID": 2
    },
    {
      "GroupGUID": "735a7716-cdb3-4db5-bac3-310bfe0ba604",
      "GroupPath": "Config/LevelOutput/Group/Groups_P30301_F30301006/LevelGroup_P30301_F30301006_G4.json",
      "Name": "Sound",
      "ID": 4
    }
  ],
  "DefaultEnviroProfile": "Stages/Outputs/Chapter01/EnviroProfile/Chap01_CloseView_ADV_Area_M301_01_Foggy.enviroProfile.asset",
  "StageData": "Stages/Outputs/Chapter01/Stages/Chap01_MAZ_M301_MainLine_01_StageData/Chap01_MAZ_M301_MainLine_01_StageData.stage",
  "CameraType": "Maze",
  "TimeOfDayEnviroProfileMap": {},
  "LayerToAreaMask": [
    1
  ],
  "BattleAreaList": [],
  "DimensionList": [
    {}
  ],
  "NavmapConfigPath": "Config/LevelOutput/Map/MapInfo_P20131_F20131001.json",
  "IsRestartLevelGraph": false
}