{
  "FloorID": 30301007,
  "FloorName": "FloorName_30301007",
  "StartGroupID": 1,
  "StartAnchorID": 1,
  "GroupList": [
    {
      "GroupGUID": "d88a99f7-2b56-4ade-8bb4-020efe08a6af",
      "GroupPath": "Config/LevelOutput/Group/Groups_P30301_F30301007/LevelGroup_P30301_F30301007_G1.json",
      "Name": "DefaultData",
      "ID": 1
    },
    {
      "GroupGUID": "d33358b2-6f4f-4fbf-abc4-1fa3ab9eb7e9",
      "GroupPath": "Config/LevelOutput/Group/Groups_P30301_F30301007/LevelGroup_P30301_F30301007_G2.json",
      "Name": "New Group",
      "ID": 2
    },
    {
      "GroupGUID": "b65ae4c5-79a9-4db2-9b45-d3e883f0fd9c",
      "GroupPath": "Config/LevelOutput/Group/Groups_P30301_F30301007/LevelGroup_P30301_F30301007_G3.json",
      "Name": "Sound",
      "ID": 3
    }
  ],
  "DefaultEnviroProfile": "Stages/Outputs/Chapter01/EnviroProfile/Chap01_CloseView_ADV_Area_M201_01_Night.enviroProfile.asset",
  "StageData": "Stages/Outputs/Chapter01/Stages/Chap01_MAZ_M201_MainLine_01_StageData/Chap01_MAZ_M201_MainLine_01_StageData.stage",
  "CameraType": "Maze",
  "TimeOfDayEnviroProfileMap": {},
  "LayerToAreaMask": [
    1
  ],
  "BattleAreaList": [],
  "DimensionList": [
    {}
  ],
  "NavmapConfigPath": "Config/LevelOutput/Map/MapInfo_P20121_F20121001.json",
  "IsRestartLevelGraph": false
}