{
  "FloorID": 30301003,
  "FloorName": "FloorName_30301003",
  "StartGroupID": 1,
  "StartAnchorID": 1,
  "GroupList": [
    {
      "GroupGUID": "a263e61c-47d8-4be8-8446-7b4d03553c20",
      "GroupPath": "Config/LevelOutput/Group/Groups_P30301_F30301003/LevelGroup_P30301_F30301003_G1.json",
      "Name": "DefaultData",
      "ID": 1
    },
    {
      "GroupGUID": "97ff0137-372f-4044-832a-dbb7e42655b7",
      "GroupPath": "Config/LevelOutput/Group/Groups_P30301_F30301003/LevelGroup_P30301_F30301003_G2.json",
      "Name": "New Group",
      "ID": 2
    },
    {
      "GroupGUID": "7991ee99-817e-47be-938e-978ac9148381",
      "GroupPath": "Config/LevelOutput/Group/Groups_P30301_F30301003/LevelGroup_P30301_F30301003_G3.json",
      "Name": "Sound",
      "ID": 3
    }
  ],
  "DefaultEnviroProfile": "Stages/Outputs/Chapter01/EnviroProfile/Chap01_CloseView_ADV_Area_M201_01_Night.enviroProfile.asset",
  "StageData": "Stages/Outputs/Chapter01/Stages/Chap01_MAZ_M201_MainLine_01_StageData/Chap01_MAZ_M201_MainLine_01_StageData.stage",
  "CameraType": "Maze",
  "TimeOfDayEnviroProfileMap": {},
  "LayerToAreaMask": [
    1
  ],
  "BattleAreaList": [],
  "DimensionList": [
    {}
  ],
  "NavmapConfigPath": "Config/LevelOutput/Map/MapInfo_P20121_F20121001.json",
  "IsRestartLevelGraph": false
}