{
  "FloorID": 30301004,
  "FloorName": "FloorName_30301004",
  "StartGroupID": 1,
  "StartAnchorID": 1,
  "GroupList": [
    {
      "GroupGUID": "7ab340b1-8952-412a-8f4e-e9cdb8c19fce",
      "GroupPath": "Config/LevelOutput/Group/Groups_P30301_F30301004/LevelGroup_P30301_F30301004_G1.json",
      "Name": "Public01",
      "ID": 1
    },
    {
      "GroupGUID": "de4c26b5-2bf8-4658-aa74-3321b4616a2d",
      "GroupPath": "Config/LevelOutput/Group/Groups_P30301_F30301004/LevelGroup_P30301_F30301004_G2.json",
      "Name": "New Group",
      "ID": 2
    },
    {
      "GroupGUID": "e7616395-08e8-4903-ab2a-1838833bd517",
      "GroupPath": "Config/LevelOutput/Group/Groups_P30301_F30301004/LevelGroup_P30301_F30301004_G3.json",
      "Name": "Sound",
      "ID": 3
    }
  ],
  "DefaultEnviroProfile": "Stages/Outputs/Chapter01/EnviroProfile/Chap01_CloseView_ADV_Area_M101_01_Day.enviroProfile.asset",
  "StageData": "Stages/Outputs/Chapter01/Stages/Chap01_MAZ_M101_MainLine_01_StageData/Chap01_MAZ_M101_MainLine_01_StageData.stage",
  "CameraType": "Maze",
  "TimeOfDayEnviroProfileMap": {},
  "LayerToAreaMask": [
    1
  ],
  "NavmapConfigPath": "Config/LevelOutput/Map/MapInfo_P20111_F20111001.json",
  "IsRestartLevelGraph": false
}