{
  "FloorID": 30301005,
  "FloorName": "FloorName_30301005",
  "StartGroupID": 1,
  "StartAnchorID": 1,
  "GroupList": [
    {
      "GroupGUID": "81581a5c-bdbe-45e1-8c4d-f8a54b1dc2bb",
      "GroupPath": "Config/LevelOutput/Group/Groups_P30301_F30301005/LevelGroup_P30301_F30301005_G1.json",
      "Name": "DefaultData",
      "ID": 1
    },
    {
      "GroupGUID": "b2b77821-039d-4215-aab4-579e07b5c3e5",
      "GroupPath": "Config/LevelOutput/Group/Groups_P30301_F30301005/LevelGroup_P30301_F30301005_G2.json",
      "Name": "New Group",
      "ID": 2
    },
    {
      "GroupGUID": "3aac4d71-fd7c-488b-9071-a37e0a0e6ccf",
      "GroupPath": "Config/LevelOutput/Group/Groups_P30301_F30301005/LevelGroup_P30301_F30301005_G3.json",
      "Name": "Sound",
      "ID": 3
    }
  ],
  "DefaultEnviroProfile": "Stages/Outputs/Chapter01/EnviroProfile/Chap01_CloseView_ADV_Area_M202_01_Night.enviroProfile.asset",
  "StageData": "Stages/Outputs/Chapter01/Stages/Chap01_MAZ_M202_MainLine_01_StageData/Chap01_MAZ_M202_MainLine_01_StageData.stage",
  "CameraType": "Maze",
  "TimeOfDayEnviroProfileMap": {},
  "LayerToAreaMask": [
    8,
    16
  ],
  "BattleAreaList": [],
  "DimensionList": [
    {}
  ],
  "NavmapConfigPath": "Config/LevelOutput/Map/MapInfo_P20122_F20122001.json",
  "IsRestartLevelGraph": false
}