{
  "FloorID": 30401002,
  "FloorName": "FloorName_30401002",
  "StartGroupID": 1,
  "StartAnchorID": 1,
  "GroupList": [
    {
      "GroupGUID": "f79bdc4a-b240-4ae9-ab99-44c8216bb14d",
      "GroupPath": "Config/LevelOutput/Group/Groups_P30401_F30401002/LevelGroup_P30401_F30401002_G1.json",
      "Name": "DefaultGroup",
      "ID": 1
    },
    {
      "GroupGUID": "4c3dba5d-5df8-490f-ba15-9f7930701fba",
      "GroupPath": "Config/LevelOutput/Group/Groups_P30401_F30401002/LevelGroup_P30401_F30401002_G2.json",
      "Name": "DefaultData",
      "ID": 2
    },
    {
      "GroupGUID": "4455fe64-1e05-4df0-b657-16c1e5d44f76",
      "GroupPath": "Config/LevelOutput/Group/Groups_P30401_F30401002/LevelGroup_P30401_F30401002_G3.json",
      "Name": "Sound",
      "ID": 3
    },
    {
      "GroupGUID": "df60b298-2ecb-4ea7-9e4f-875cfb8acb80",
      "GroupPath": "Config/LevelOutput/Group/Groups_P30401_F30401002/LevelGroup_P30401_F30401002_G4.json",
      "Name": "Sound",
      "ID": 4
    },
    {
      "GroupGUID": "0d409cc3-5213-443e-81dd-d0f120e047dc",
      "GroupPath": "Config/LevelOutput/Group/Groups_P30401_F30401002/LevelGroup_P30401_F30401002_G5.json",
      "Name": "DefaultMonster",
      "ID": 5
    }
  ],
  "DefaultEnviroProfile": "Stages/Outputs/Chapter01/EnviroProfile/Chap01_CloseView_ADV_Area_M201_01_Night.enviroProfile.asset",
  "StageData": "Stages/Outputs/Chapter01/Stages/Chap01_MAZ_M201_MainLine_01_StageData/Chap01_MAZ_M201_MainLine_01_StageData.stage",
  "CameraType": "Maze",
  "TimeOfDayEnviroProfileMap": {},
  "LayerToAreaMask": [
    1
  ],
  "BattleAreaList": [],
  "DimensionList": [
    {}
  ],
  "NavmapConfigPath": "Config/LevelOutput/Map/MapInfo_P20121_F20121001.json",
  "IsRestartLevelGraph": false
}