{
  "FloorID": 30401005,
  "FloorName": "FloorName_30401005",
  "StartGroupID": 1,
  "StartAnchorID": 1,
  "GroupList": [
    {
      "GroupGUID": "3f24f403-dd57-481f-a23f-9cfbc5661cf4",
      "GroupPath": "Config/LevelOutput/Group/Groups_P30401_F30401005/LevelGroup_P30401_F30401005_G1.json",
      "Name": "DefaultGroup",
      "ID": 1
    },
    {
      "GroupGUID": "0efac053-b70f-4382-8203-333e4f83efde",
      "GroupPath": "Config/LevelOutput/Group/Groups_P30401_F30401005/LevelGroup_P30401_F30401005_G2.json",
      "Name": "DefaultGroup",
      "ID": 2
    },
    {
      "GroupGUID": "df731cd2-5184-4300-b525-bb4941ed496d",
      "GroupPath": "Config/LevelOutput/Group/Groups_P30401_F30401005/LevelGroup_P30401_F30401005_G3.json",
      "Name": "enviroProfile",
      "ID": 3
    },
    {
      "GroupGUID": "bfff738b-d041-4991-9769-e089360bf8a5",
      "GroupPath": "Config/LevelOutput/Group/Groups_P30401_F30401005/LevelGroup_P30401_F30401005_G4.json",
      "Name": "Sound",
      "ID": 4
    },
    {
      "GroupGUID": "a16347dd-702e-4a04-bf22-2c7c12b163bd",
      "GroupPath": "Config/LevelOutput/Group/Groups_P30401_F30401005/LevelGroup_P30401_F30401005_G5.json",
      "Name": "BATProp",
      "ID": 5
    }
  ],
  "DefaultEnviroProfile": "Stages/Outputs/Chapter02/EnviroProfile/Chap02_CloseView_MAZ_X201_MainLine_01_Night.enviroProfile.asset",
  "StageData": "Stages/Outputs/Chapter02/Stages/Chap02_MAZ_X201_MainLine_01_StageData/Chap02_MAZ_X201_MainLine_01_StageData.stage",
  "CameraType": "Maze",
  "TimeOfDayEnviroProfileMap": {},
  "LayerToAreaMask": [
    8,
    16
  ],
  "NavmapConfigPath": "Config/LevelOutput/Map/MapInfo_P20221_F20221001.json",
  "IsRestartLevelGraph": false
}