{
  "FloorID": 30401003,
  "FloorName": "FloorName_30401003",
  "StartGroupID": 1,
  "StartAnchorID": 1,
  "GroupList": [
    {
      "GroupGUID": "d12eb73a-3e49-4f32-9346-e0561499d241",
      "GroupPath": "Config/LevelOutput/Group/Groups_P30401_F30401003/LevelGroup_P30401_F30401003_G1.json",
      "Name": "DefaultGroup",
      "ID": 1
    },
    {
      "GroupGUID": "785417aa-9b97-441e-88e3-939ebbc6e2c9",
      "GroupPath": "Config/LevelOutput/Group/Groups_P30401_F30401003/LevelGroup_P30401_F30401003_G2.json",
      "Name": "DefaultData",
      "ID": 2
    },
    {
      "GroupGUID": "cc8eb489-219f-4d71-a05e-9deed384c9ee",
      "GroupPath": "Config/LevelOutput/Group/Groups_P30401_F30401003/LevelGroup_P30401_F30401003_G3.json",
      "Name": "Sound",
      "ID": 3
    }
  ],
  "DefaultEnviroProfile": "Stages/Outputs/Chapter01/EnviroProfile/Chap01_CloseView_ADV_Area_M301_01_Foggy.enviroProfile.asset",
  "StageData": "Stages/Outputs/Chapter01/Stages/Chap01_MAZ_M301_MainLine_01_StageData/Chap01_MAZ_M301_MainLine_01_StageData.stage",
  "CameraType": "Maze",
  "TimeOfDayEnviroProfileMap": {},
  "LayerToAreaMask": [
    1
  ],
  "NavmapConfigPath": "Config/LevelOutput/Map/MapInfo_P20131_F20131001.json",
  "IsRestartLevelGraph": false
}