{
  "FloorID": 30401001,
  "FloorName": "FloorName_30401001",
  "StartGroupID": 4,
  "StartAnchorID": 1,
  "GroupList": [
    {
      "GroupGUID": "f1224d98-6c55-4b38-a5f2-95bafdf7c545",
      "GroupPath": "Config/LevelOutput/Group/Groups_P30401_F30401001/LevelGroup_P30401_F30401001_G4.json",
      "Name": "DefaultGroup",
      "ID": 4
    },
    {
      "GroupGUID": "1809fd16-09a1-4262-b37d-7c114a0d7cba",
      "GroupPath": "Config/LevelOutput/Group/Groups_P30401_F30401001/LevelGroup_P30401_F30401001_G5.json",
      "Name": "Sound",
      "ID": 5
    },
    {
      "GroupGUID": "a0f52894-d7f8-474a-a48a-c6288f20234c",
      "GroupPath": "Config/LevelOutput/Group/Groups_P30401_F30401001/LevelGroup_P30401_F30401001_G8.json",
      "Name": "Door",
      "ID": 8
    },
    {
      "GroupGUID": "46141919-de8c-4530-8aa6-eed8a648979a",
      "GroupPath": "Config/LevelOutput/Group/Groups_P30401_F30401001/LevelGroup_P30401_F30401001_G9.json",
      "Name": "FlipBridge",
      "ID": 9
    },
    {
      "GroupGUID": "2c93f8c9-35a3-4ba0-8e5a-c1b6feb156ba",
      "GroupPath": "Config/LevelOutput/Group/Groups_P30401_F30401001/LevelGroup_P30401_F30401001_G10.json",
      "Name": "MainMission_RoadBlock",
      "ID": 10
    },
    {
      "GroupGUID": "acee0c5d-c466-4668-be37-144e13b4ca09",
      "GroupPath": "Config/LevelOutput/Group/Groups_P30401_F30401001/LevelGroup_P30401_F30401001_G11.json",
      "Name": "DefaultMonster",
      "ID": 11
    }
  ],
  "DefaultEnviroProfile": "Stages/Outputs/Chapter00/EnviroProfile/Chap00_CloseView_MAZ_N201_01_Day.enviroProfile.asset",
  "StageData": "Stages/Outputs/Chapter00/Stages/Chap00_MAZ_N201_MainLine_01_StageData/Chap00_MAZ_N201_MainLine_01_StageData.stage",
  "CameraType": "Maze",
  "TimeOfDayEnviroProfileMap": {},
  "LayerToAreaMask": [
    8,
    16,
    32
  ],
  "BattleAreaList": [],
  "DimensionList": [
    {}
  ],
  "NavmapConfigPath": "Config/LevelOutput/Map/MapInfo_P20002_F20002001.json",
  "IsRestartLevelGraph": false
}