{
  "FloorID": 30401004,
  "FloorName": "FloorName_30401004",
  "StartGroupID": 1,
  "StartAnchorID": 1,
  "GroupList": [
    {
      "GroupGUID": "98596c8d-2ef1-48a1-9ead-28286203cc28",
      "GroupPath": "Config/LevelOutput/Group/Groups_P30401_F30401004/LevelGroup_P30401_F30401004_G1.json",
      "Name": "DefaultGroup",
      "ID": 1
    },
    {
      "GroupGUID": "daa5d8b8-5d27-4caf-bc38-2c073246773c",
      "GroupPath": "Config/LevelOutput/Group/Groups_P30401_F30401004/LevelGroup_P30401_F30401004_G2.json",
      "Name": "Defalut_Group",
      "ID": 2
    },
    {
      "GroupGUID": "6f803672-c8b7-45b7-baa6-198363775c22",
      "GroupPath": "Config/LevelOutput/Group/Groups_P30401_F30401004/LevelGroup_P30401_F30401004_G3.json",
      "Name": "Sound",
      "ID": 3
    }
  ],
  "DefaultEnviroProfile": "Stages/Outputs/Chapter02/EnviroProfile/Chap02_CloseView_MAZ_X102_MainLine_01_Day.enviroProfile.asset",
  "StageData": "Stages/Outputs/Chapter02/Stages/Chap02_MAZ_X102_MainLine_01_StageData/Chap02_MAZ_X102_MainLine_01_StageData.stage",
  "CameraType": "Maze",
  "TimeOfDayEnviroProfileMap": {},
  "LayerToAreaMask": [
    8,
    16
  ],
  "NavmapConfigPath": "Config/LevelOutput/Map/MapInfo_P20212_F20212001.json",
  "IsRestartLevelGraph": false
}