{
  "FloorID": 30521001,
  "FloorName": "MazeText_Empty",
  "StartGroupID": 1,
  "StartAnchorID": 1,
  "GroupList": [
    {
      "GroupGUID": "eedeb8e3-a18b-4ce8-980d-c81d164c94f6",
      "GroupPath": "Config/LevelOutput/Group/Groups_P30521_F30521001/LevelGroup_P30521_F30521001_G1.json",
      "DimensionFilter": {
        "FilterType": "All"
      },
      "Name": "DefaultGroup",
      "ID": 1
    },
    {
      "GroupGUID": "fa5e6cef-cae7-4e47-9bd6-f03280321ff1",
      "GroupPath": "Config/LevelOutput/Group/Groups_P30521_F30521001/LevelGroup_P30521_F30521001_G2.json",
      "DimensionFilter": {
        "FilterType": "All"
      },
      "Name": "DefaultGroup",
      "ID": 2
    },
    {
      "GroupGUID": "b3d2f069-5ea3-4cb4-9d71-b560070d9c96",
      "GroupPath": "Config/LevelOutput/Group/Groups_P30521_F30521001/LevelGroup_P30521_F30521001_G3.json",
      "DimensionFilter": {
        "FilterType": "All"
      },
      "Name": "Door",
      "ID": 3
    },
    {
      "GroupGUID": "8bf8971e-a5da-41be-a540-c6738afaa71a",
      "GroupPath": "Config/LevelOutput/Group/Groups_P30521_F30521001/LevelGroup_P30521_F30521001_G4.json",
      "DimensionFilter": {
        "FilterType": "All"
      },
      "Name": "Garden",
      "ID": 4
    },
    {
      "GroupGUID": "5fd728d6-4413-43f7-9ce2-b822b74d3d28",
      "GroupPath": "Config/LevelOutput/Group/Groups_P30521_F30521001/LevelGroup_P30521_F30521001_G5.json",
      "DimensionFilter": {
        "FilterType": "All"
      },
      "Name": "Screen",
      "ID": 5
    },
    {
      "GroupGUID": "bbb8a2fa-64f1-4897-9cee-cf97e9960e6e",
      "GroupPath": "Config/LevelOutput/Group/Groups_P30521_F30521001/LevelGroup_P30521_F30521001_G6.json",
      "DimensionFilter": {
        "FilterType": "All"
      },
      "Name": "BAT_Prop",
      "ID": 6
    },
    {
      "GroupGUID": "ad900dab-3354-483d-baf0-ff84940f8e9f",
      "GroupPath": "Config/LevelOutput/Group/Groups_P30521_F30521001/LevelGroup_P30521_F30521001_G7.json",
      "DimensionFilter": {
        "FilterType": "All"
      },
      "Name": "Sound",
      "ID": 7
    },
    {
      "GroupGUID": "f21e593b-d970-4913-84e6-68c8471693ab",
      "GroupPath": "Config/LevelOutput/Group/Groups_P30521_F30521001/LevelGroup_P30521_F30521001_G8.json",
      "DimensionFilter": {
        "FilterType": "All"
      },
      "Name": "Sound-Reverb",
      "ID": 8
    },
    {
      "GroupGUID": "fc1b582a-b37b-4d85-b8f3-b04b7e0a9fd9",
      "GroupPath": "Config/LevelOutput/Group/Groups_P30521_F30521001/LevelGroup_P30521_F30521001_G9.json",
      "DimensionFilter": {
        "FilterType": "All"
      },
      "Name": "Hint",
      "ID": 9
    },
    {
      "GroupGUID": "e9fe6c44-3a77-4f8c-a673-599e68062697",
      "GroupPath": "Config/LevelOutput/Group/Groups_P30521_F30521001/LevelGroup_P30521_F30521001_G10.json",
      "DimensionFilter": {
        "FilterType": "All"
      },
      "Name": "Airwall",
      "ID": 10
    },
    {
      "GroupGUID": "cee46bb6-df3e-452e-9b8a-710815ed797f",
      "GroupPath": "Config/LevelOutput/Group/Groups_P30521_F30521001/LevelGroup_P30521_F30521001_G11.json",
      "DimensionFilter": {
        "FilterType": "All"
      },
      "Name": "Monster_1",
      "ID": 11
    },
    {
      "GroupGUID": "fc5700c3-4299-4ad5-b9a9-f678ddb53a60",
      "GroupPath": "Config/LevelOutput/Group/Groups_P30521_F30521001/LevelGroup_P30521_F30521001_G12.json",
      "DimensionFilter": {
        "FilterType": "All"
      },
      "Name": "MP",
      "ID": 12
    }
  ],
  "DefaultEnviroProfile": "Stages/Outputs/Chapter03/EnviroProfile/Chap03_CloseView_MAZ_P201_Night_01.enviroProfile.asset",
  "StageData": "Stages/Outputs/Chapter03/Stages/Chap03_MAZ_P201_StageData/Chap03_MAZ_P201_StageData.stage",
  "CameraType": "Maze",
  "MinimapVolumeData": {
    "Size": {
      "X": 400,
      "Y": 200,
      "Z": 440
    },
    "SectionVertices": [
      {
        "X": 120.3333,
        "Y": 39.33335
      },
      {
        "X": 120.3333,
        "Y": -30
      },
      {
        "X": 73.66667,
        "Y": -30
      },
      {
        "X": 73.66667,
        "Y": 39.33335
      },
      {
        "X": 35.99999,
        "Y": 39.33335
      },
      {
        "X": 35.99999,
        "Y": 23.66667
      },
      {
        "X": 42.33334,
        "Y": 23.66667
      },
      {
        "X": 42.33334,
        "Y": -13.33332
      },
      {
        "X": 35.99999,
        "Y": -13.33332
      },
      {
        "X": 35.99999,
        "Y": -30
      },
      {
        "X": 42.33334,
        "Y": 20.66667
      },
      {
        "X": 11.66666,
        "Y": 20.66667
      },
      {
        "X": 11.99999,
        "Y": -10.66666
      },
      {
        "X": 42.33334,
        "Y": -10.66666
      },
      {
        "X": 8.333325,
        "Y": -13.33332
      },
      {
        "X": -13.33333,
        "Y": -25.66667
      },
      {
        "X": -3.33333,
        "Y": -46.66668
      },
      {
        "X": 17.33334,
        "Y": -36.33332
      },
      {
        "X": -12,
        "Y": 55
      },
      {
        "X": -35,
        "Y": 41.33335
      },
      {
        "X": -31.33334,
        "Y": 28.33333
      },
      {
        "X": -16.66666,
        "Y": 28.33333
      },
      {
        "X": -4.666662,
        "Y": 13.66665
      },
      {
        "X": -7.333338,
        "Y": -16.33334
      },
      {
        "X": -51.33333,
        "Y": -16.33334
      },
      {
        "X": -52.33333,
        "Y": 26
      },
      {
        "X": -20.33334,
        "Y": -57.66666
      },
      {
        "X": -7.333338,
        "Y": -51.66667
      },
      {
        "X": -22,
        "Y": -16.33334
      },
      {
        "X": -37.66667,
        "Y": 136
      },
      {
        "X": -45,
        "Y": 166
      },
      {
        "X": -0.666666,
        "Y": 176
      },
      {
        "X": 5.999994,
        "Y": 146.6667
      },
      {
        "X": 39.33334,
        "Y": -30.66666
      },
      {
        "X": 21,
        "Y": -30.66666
      },
      {
        "X": 21,
        "Y": -50
      },
      {
        "X": 39.33334,
        "Y": -50
      },
      {
        "X": -80.99999,
        "Y": 36.33335
      },
      {
        "X": 19.00001,
        "Y": 35.33335
      },
      {
        "X": 19.33334,
        "Y": -23.66667
      },
      {
        "X": -80.66666,
        "Y": -22.66667
      },
      {
        "X": -107.6667,
        "Y": 12.66665
      },
      {
        "X": -80.99999,
        "Y": 12.66665
      },
      {
        "X": -80.99999,
        "Y": -0.666666
      },
      {
        "X": -107.6667,
        "Y": -0.666666
      },
      {
        "X": -80.99999,
        "Y": 58.33333
      },
      {
        "X": -107.6667,
        "Y": 58.33333
      },
      {
        "X": -107.6667,
        "Y": -48.33334
      },
      {
        "X": -80.99999,
        "Y": -48.33334
      },
      {
        "X": -113,
        "Y": 30.66666
      },
      {
        "X": -139.6667,
        "Y": 49.00001
      },
      {
        "X": -153.6667,
        "Y": 60.33333
      },
      {
        "X": -168,
        "Y": 16.99998
      },
      {
        "X": -164.6667,
        "Y": -22.66667
      },
      {
        "X": -150,
        "Y": -44.66668
      },
      {
        "X": -120.6667,
        "Y": -21.66667
      },
      {
        "X": -128.3333,
        "Y": 84.33333
      },
      {
        "X": -131,
        "Y": -70.66668
      },
      {
        "X": 8.666658,
        "Y": -63.66666
      },
      {
        "X": 19.33334,
        "Y": -119.3333
      },
      {
        "X": -6.333339,
        "Y": -124.6667
      },
      {
        "X": -18.33333,
        "Y": -69.66668
      },
      {
        "X": -41.33333,
        "Y": -107
      },
      {
        "X": -36.33334,
        "Y": -131
      },
      {
        "X": -11.33333,
        "Y": -101.6667
      },
      {
        "X": -30.99999,
        "Y": -157.3333
      },
      {
        "X": 8.666658,
        "Y": -149.6667
      },
      {
        "X": -84,
        "Y": -169
      },
      {
        "X": -76.33333,
        "Y": -199.6667
      },
      {
        "X": -22.66667,
        "Y": -189
      },
      {
        "X": -88,
        "Y": -116.3333
      },
      {
        "X": -82.00001,
        "Y": -146
      },
      {
        "X": -89,
        "Y": -149.6667
      },
      {
        "X": -113,
        "Y": -90.99999
      },
      {
        "X": -134,
        "Y": -94.33332
      },
      {
        "X": -124,
        "Y": -148.3333
      },
      {
        "X": -104,
        "Y": 113.3333
      },
      {
        "X": -95.33334,
        "Y": 79.66667
      },
      {
        "X": -15,
        "Y": 94.66668
      },
      {
        "X": -21.33334,
        "Y": 116.3333
      },
      {
        "X": -36.33334,
        "Y": 133
      },
      {
        "X": -97.66667,
        "Y": 120.3333
      },
      {
        "X": -51.33333,
        "Y": 130
      },
      {
        "X": -60.33334,
        "Y": 167.3333
      },
      {
        "X": 4.999995,
        "Y": 182.6667
      },
      {
        "X": 11.66666,
        "Y": 149
      },
      {
        "X": -34.33334,
        "Y": 138.6667
      },
      {
        "X": -7.666671,
        "Y": 144.6667
      },
      {
        "X": -4.333329,
        "Y": 131.6667
      },
      {
        "X": -24.66667,
        "Y": 127
      },
      {
        "X": 29.66666,
        "Y": 163.6667
      },
      {
        "X": 34.33332,
        "Y": 124.6667
      },
      {
        "X": 15.00001,
        "Y": 113.3333
      },
      {
        "X": -15,
        "Y": 107
      },
      {
        "X": -19.00001,
        "Y": 127
      },
      {
        "X": 21,
        "Y": 82
      },
      {
        "X": -6.333339,
        "Y": 75.66667
      },
      {
        "X": -66.33333,
        "Y": 193.3333
      },
      {
        "X": -1.333332,
        "Y": 207
      }
    ],
    "Atlas": "UI/Atlas/AtlasFiles/Minimap/Minimap_20321001.spriteatlas",
    "Sections": [
      {
        "MapLayerID": 1,
        "Sprite": "UI/Atlas/AtlasRoot/Minimap/Minimap_20321001/MinimapSection_20321001_0.png",
        "IsRect": true,
        "Indices": [
          0,
          1,
          2,
          3
        ],
        "UIPosition": {
          "X": 821,
          "Y": 570
        },
        "InitialHidden": false,
        "Center": {
          "X": -200,
          "Y": 220
        },
        "Triangles": [
          {
            "X": 0.800833,
            "Y": 0.589394
          },
          {
            "X": 0.684167,
            "Y": 0.589394
          },
          {
            "X": 0.7425,
            "Y": 0.510606
          },
          {
            "X": 0.7425,
            "Y": 0.510606
          },
          {
            "X": 0.684167,
            "Y": 0.510606
          },
          {
            "X": 0.684167,
            "Y": 0.431818
          },
          {
            "X": 0.7425,
            "Y": 0.510606
          },
          {
            "X": 0.684167,
            "Y": 0.589394
          },
          {
            "X": 0.684167,
            "Y": 0.510606
          },
          {
            "X": 0.800833,
            "Y": 0.589394
          },
          {
            "X": 0.7425,
            "Y": 0.510606
          },
          {
            "X": 0.800833,
            "Y": 0.510606
          },
          {
            "X": 0.800833,
            "Y": 0.510606
          },
          {
            "X": 0.7425,
            "Y": 0.510606
          },
          {
            "X": 0.800833,
            "Y": 0.431818
          },
          {
            "X": 0.7425,
            "Y": 0.510606
          },
          {
            "X": 0.684167,
            "Y": 0.431818
          },
          {
            "X": 0.800833,
            "Y": 0.431818
          }
        ],
        "Pivot": {
          "X": 0,
          "Y": 1
        }
      },
      {
        "ID": 1,
        "MapLayerID": 1,
        "Sprite": "UI/Atlas/AtlasRoot/Minimap/Minimap_20321001/MinimapSection_20321001_1.png",
        "Indices": [
          2,
          3,
          4,
          5,
          6,
          7,
          8,
          9
        ],
        "UIPosition": {
          "X": 708,
          "Y": 570
        },
        "Center": {
          "X": -200,
          "Y": 220
        },
        "Triangles": [
          {
            "X": 0.59,
            "Y": 0.431818
          },
          {
            "X": 0.684167,
            "Y": 0.431818
          },
          {
            "X": 0.637083,
            "Y": 0.510606
          },
          {
            "X": 0.637083,
            "Y": 0.510606
          },
          {
            "X": 0.684167,
            "Y": 0.510606
          },
          {
            "X": 0.684167,
            "Y": 0.589394
          },
          {
            "X": 0.637083,
            "Y": 0.510606
          },
          {
            "X": 0.684167,
            "Y": 0.431818
          },
          {
            "X": 0.684167,
            "Y": 0.510606
          },
          {
            "X": 0.59,
            "Y": 0.589394
          },
          {
            "X": 0.59,
            "Y": 0.553788
          },
          {
            "X": 0.605833,
            "Y": 0.553788
          },
          {
            "X": 0.684167,
            "Y": 0.589394
          },
          {
            "X": 0.59,
            "Y": 0.589394
          },
          {
            "X": 0.605833,
            "Y": 0.553788
          },
          {
            "X": 0.684167,
            "Y": 0.589394
          },
          {
            "X": 0.605833,
            "Y": 0.553788
          },
          {
            "X": 0.605833,
            "Y": 0.469697
          },
          {
            "X": 0.605833,
            "Y": 0.469697
          },
          {
            "X": 0.59,
            "Y": 0.469697
          },
          {
            "X": 0.59,
            "Y": 0.431818
          },
          {
            "X": 0.59,
            "Y": 0.431818
          },
          {
            "X": 0.637083,
            "Y": 0.510606
          },
          {
            "X": 0.605833,
            "Y": 0.469697
          },
          {
            "X": 0.637083,
            "Y": 0.510606
          },
          {
            "X": 0.684167,
            "Y": 0.589394
          },
          {
            "X": 0.605833,
            "Y": 0.469697
          }
        ],
        "Pivot": {
          "X": 0,
          "Y": 1
        }
      },
      {
        "ID": 2,
        "MapLayerID": 1,
        "Sprite": "UI/Atlas/AtlasRoot/Minimap/Minimap_20321001/MinimapSection_20321001_2.png",
        "Indices": [
          10,
          13,
          12,
          11
        ],
        "UIPosition": {
          "X": 635,
          "Y": 628
        },
        "Center": {
          "X": -200,
          "Y": 220
        },
        "Triangles": [
          {
            "X": 0.53,
            "Y": 0.475758
          },
          {
            "X": 0.605833,
            "Y": 0.475758
          },
          {
            "X": 0.605833,
            "Y": 0.54697
          },
          {
            "X": 0.605833,
            "Y": 0.54697
          },
          {
            "X": 0.529167,
            "Y": 0.54697
          },
          {
            "X": 0.53,
            "Y": 0.475758
          }
        ],
        "Pivot": {
          "X": 0,
          "Y": 1
        }
      },
      {
        "ID": 3,
        "MapLayerID": 1,
        "Sprite": "UI/Atlas/AtlasRoot/Minimap/Minimap_20321001/MinimapSection_20321001_3.png",
        "Indices": [
          8,
          14,
          15,
          16,
          17,
          9
        ],
        "UIPosition": {
          "X": 560,
          "Y": 520
        },
        "Center": {
          "X": -200,
          "Y": 220
        },
        "Triangles": [
          {
            "X": 0.466667,
            "Y": 0.441667
          },
          {
            "X": 0.491667,
            "Y": 0.393939
          },
          {
            "X": 0.543333,
            "Y": 0.417424
          },
          {
            "X": 0.520833,
            "Y": 0.469697
          },
          {
            "X": 0.466667,
            "Y": 0.441667
          },
          {
            "X": 0.543333,
            "Y": 0.417424
          },
          {
            "X": 0.59,
            "Y": 0.469697
          },
          {
            "X": 0.520833,
            "Y": 0.469697
          },
          {
            "X": 0.543333,
            "Y": 0.417424
          },
          {
            "X": 0.59,
            "Y": 0.431818
          },
          {
            "X": 0.59,
            "Y": 0.469697
          },
          {
            "X": 0.543333,
            "Y": 0.417424
          }
        ],
        "Pivot": {
          "X": 0,
          "Y": 1
        }
      },
      {
        "ID": 4,
        "MapLayerID": 1,
        "Sprite": "UI/Atlas/AtlasRoot/Minimap/Minimap_20321001/MinimapSection_20321001_4.png",
        "Indices": [
          4,
          5,
          21,
          20,
          19,
          18
        ],
        "UIPosition": {
          "X": 495,
          "Y": 731
        },
        "Center": {
          "X": -200,
          "Y": 220
        },
        "Triangles": [
          {
            "X": 0.4125,
            "Y": 0.593939
          },
          {
            "X": 0.421667,
            "Y": 0.564394
          },
          {
            "X": 0.458333,
            "Y": 0.564394
          },
          {
            "X": 0.47,
            "Y": 0.625
          },
          {
            "X": 0.4125,
            "Y": 0.593939
          },
          {
            "X": 0.458333,
            "Y": 0.564394
          },
          {
            "X": 0.59,
            "Y": 0.589394
          },
          {
            "X": 0.47,
            "Y": 0.625
          },
          {
            "X": 0.458333,
            "Y": 0.564394
          },
          {
            "X": 0.59,
            "Y": 0.589394
          },
          {
            "X": 0.458333,
            "Y": 0.564394
          },
          {
            "X": 0.59,
            "Y": 0.553788
          }
        ],
        "Pivot": {
          "X": 0,
          "Y": 1
        }
      },
      {
        "ID": 5,
        "MapLayerID": 1,
        "Sprite": "UI/Atlas/AtlasRoot/Minimap/Minimap_20321001/MinimapSection_20321001_5.png",
        "Indices": [
          20,
          21,
          22,
          23,
          24,
          25
        ],
        "UIPosition": {
          "X": 443,
          "Y": 611
        },
        "Center": {
          "X": -200,
          "Y": 220
        },
        "Triangles": [
          {
            "X": 0.369167,
            "Y": 0.559091
          },
          {
            "X": 0.371667,
            "Y": 0.462879
          },
          {
            "X": 0.481667,
            "Y": 0.462879
          },
          {
            "X": 0.369167,
            "Y": 0.559091
          },
          {
            "X": 0.481667,
            "Y": 0.462879
          },
          {
            "X": 0.488333,
            "Y": 0.531061
          },
          {
            "X": 0.488333,
            "Y": 0.531061
          },
          {
            "X": 0.458333,
            "Y": 0.564394
          },
          {
            "X": 0.421667,
            "Y": 0.564394
          },
          {
            "X": 0.421667,
            "Y": 0.564394
          },
          {
            "X": 0.369167,
            "Y": 0.559091
          },
          {
            "X": 0.488333,
            "Y": 0.531061
          }
        ],
        "Pivot": {
          "X": 0,
          "Y": 1
        }
      },
      {
        "ID": 6,
        "MapLayerID": 1,
        "Sprite": "UI/Atlas/AtlasRoot/Minimap/Minimap_20321001/MinimapSection_20321001_6.png",
        "Indices": [
          24,
          28,
          27,
          26
        ],
        "UIPosition": {
          "X": 446,
          "Y": 487
        },
        "Center": {
          "X": -200,
          "Y": 220
        },
        "Triangles": [
          {
            "X": 0.445,
            "Y": 0.462879
          },
          {
            "X": 0.371667,
            "Y": 0.462879
          },
          {
            "X": 0.449167,
            "Y": 0.368939
          },
          {
            "X": 0.445,
            "Y": 0.462879
          },
          {
            "X": 0.449167,
            "Y": 0.368939
          },
          {
            "X": 0.481667,
            "Y": 0.382576
          }
        ],
        "Pivot": {
          "X": 0,
          "Y": 1
        }
      },
      {
        "ID": 7,
        "MapLayerID": 1,
        "Sprite": "UI/Atlas/AtlasRoot/Minimap/Minimap_20321001/MinimapSection_20321001_7.png",
        "Indices": [
          29,
          30,
          31,
          32
        ],
        "UIPosition": {
          "X": 465,
          "Y": 1068
        },
        "Center": {
          "X": -200,
          "Y": 220
        },
        "Triangles": [
          {
            "X": 0.498333,
            "Y": 0.9
          },
          {
            "X": 0.3875,
            "Y": 0.877273
          },
          {
            "X": 0.405833,
            "Y": 0.809091
          },
          {
            "X": 0.405833,
            "Y": 0.809091
          },
          {
            "X": 0.515,
            "Y": 0.833333
          },
          {
            "X": 0.498333,
            "Y": 0.9
          }
        ],
        "Pivot": {
          "X": 0,
          "Y": 1
        }
      },
      {
        "ID": 8,
        "MapLayerID": 2,
        "Sprite": "UI/Atlas/AtlasRoot/Minimap/Minimap_20321001/MinimapSection_20321001_8.png",
        "IsRect": true,
        "Indices": [
          33,
          34,
          35,
          36
        ],
        "UIPosition": {
          "X": 663,
          "Y": 510
        },
        "Triangles": [
          {
            "X": 0.598333,
            "Y": 0.386364
          },
          {
            "X": 0.598333,
            "Y": 0.430303
          },
          {
            "X": 0.5525,
            "Y": 0.430303
          },
          {
            "X": 0.598333,
            "Y": 0.386364
          },
          {
            "X": 0.5525,
            "Y": 0.430303
          },
          {
            "X": 0.5525,
            "Y": 0.386364
          }
        ]
      },
      {
        "ID": 9,
        "MapLayerID": 2,
        "Sprite": "UI/Atlas/AtlasRoot/Minimap/Minimap_20321001/MinimapSection_20321001_9.png",
        "Indices": [
          37,
          38,
          39,
          40,
          43
        ],
        "UIPosition": {
          "X": 357,
          "Y": 589
        },
        "Triangles": [
          {
            "X": 0.298333,
            "Y": 0.448485
          },
          {
            "X": 0.423333,
            "Y": 0.447349
          },
          {
            "X": 0.422917,
            "Y": 0.514394
          },
          {
            "X": 0.423333,
            "Y": 0.447349
          },
          {
            "X": 0.548333,
            "Y": 0.446212
          },
          {
            "X": 0.422917,
            "Y": 0.514394
          },
          {
            "X": 0.422917,
            "Y": 0.514394
          },
          {
            "X": 0.548333,
            "Y": 0.446212
          },
          {
            "X": 0.5475,
            "Y": 0.580303
          },
          {
            "X": 0.298333,
            "Y": 0.448485
          },
          {
            "X": 0.422917,
            "Y": 0.514394
          },
          {
            "X": 0.2975,
            "Y": 0.582576
          },
          {
            "X": 0.422917,
            "Y": 0.514394
          },
          {
            "X": 0.4225,
            "Y": 0.581439
          },
          {
            "X": 0.2975,
            "Y": 0.582576
          },
          {
            "X": 0.422917,
            "Y": 0.514394
          },
          {
            "X": 0.5475,
            "Y": 0.580303
          },
          {
            "X": 0.4225,
            "Y": 0.581439
          },
          {
            "X": 0.2975,
            "Y": 0.582576
          },
          {
            "X": 0.2975,
            "Y": 0.498485
          },
          {
            "X": 0.298333,
            "Y": 0.448485
          }
        ]
      },
      {
        "ID": 10,
        "MapLayerID": 2,
        "Sprite": "UI/Atlas/AtlasRoot/Minimap/Minimap_20321001/MinimapSection_20321001_10.png",
        "IsRect": true,
        "Indices": [
          41,
          44,
          43,
          42
        ],
        "UIPosition": {
          "X": 277,
          "Y": 658
        },
        "Center": {
          "X": -200,
          "Y": 220
        },
        "Triangles": [
          {
            "X": 0.2975,
            "Y": 0.528788
          },
          {
            "X": 0.230833,
            "Y": 0.528788
          },
          {
            "X": 0.230833,
            "Y": 0.498485
          },
          {
            "X": 0.2975,
            "Y": 0.528788
          },
          {
            "X": 0.230833,
            "Y": 0.498485
          },
          {
            "X": 0.2975,
            "Y": 0.498485
          }
        ],
        "Pivot": {
          "X": 0,
          "Y": 1
        }
      },
      {
        "ID": 11,
        "MapLayerID": 2,
        "Sprite": "UI/Atlas/AtlasRoot/Minimap/Minimap_20321001/MinimapSection_20321001_11.png",
        "IsRect": true,
        "Indices": [
          45,
          46,
          41,
          42
        ],
        "UIPosition": {
          "X": 277,
          "Y": 698
        },
        "Center": {
          "X": -200,
          "Y": 220
        },
        "Triangles": [
          {
            "X": 0.2975,
            "Y": 0.528788
          },
          {
            "X": 0.2975,
            "Y": 0.632576
          },
          {
            "X": 0.230833,
            "Y": 0.632576
          },
          {
            "X": 0.2975,
            "Y": 0.528788
          },
          {
            "X": 0.230833,
            "Y": 0.632576
          },
          {
            "X": 0.230833,
            "Y": 0.528788
          }
        ],
        "Pivot": {
          "X": 0,
          "Y": 1
        }
      },
      {
        "ID": 12,
        "MapLayerID": 2,
        "Sprite": "UI/Atlas/AtlasRoot/Minimap/Minimap_20321001/MinimapSection_20321001_12.png",
        "Indices": [
          40,
          43,
          44,
          47,
          48
        ],
        "UIPosition": {
          "X": 277,
          "Y": 515
        },
        "Center": {
          "X": -200,
          "Y": 220
        },
        "Triangles": [
          {
            "X": 0.230833,
            "Y": 0.390152
          },
          {
            "X": 0.2975,
            "Y": 0.390152
          },
          {
            "X": 0.298333,
            "Y": 0.448485
          },
          {
            "X": 0.230833,
            "Y": 0.498485
          },
          {
            "X": 0.230833,
            "Y": 0.390152
          },
          {
            "X": 0.298333,
            "Y": 0.448485
          },
          {
            "X": 0.230833,
            "Y": 0.498485
          },
          {
            "X": 0.298333,
            "Y": 0.448485
          },
          {
            "X": 0.2975,
            "Y": 0.498485
          }
        ],
        "Pivot": {
          "X": 0,
          "Y": 1
        }
      },
      {
        "ID": 13,
        "MapLayerID": 2,
        "Sprite": "UI/Atlas/AtlasRoot/Minimap/Minimap_20321001/MinimapSection_20321001_13.png",
        "Indices": [
          41,
          44,
          55,
          54,
          53,
          52,
          51,
          50,
          49
        ],
        "UIPosition": {
          "X": 96,
          "Y": 526
        },
        "Center": {
          "X": -200,
          "Y": 220
        },
        "Triangles": [
          {
            "X": 0.088333,
            "Y": 0.448485
          },
          {
            "X": 0.125,
            "Y": 0.398485
          },
          {
            "X": 0.198333,
            "Y": 0.450758
          },
          {
            "X": 0.08,
            "Y": 0.538636
          },
          {
            "X": 0.088333,
            "Y": 0.448485
          },
          {
            "X": 0.198333,
            "Y": 0.450758
          },
          {
            "X": 0.115833,
            "Y": 0.637121
          },
          {
            "X": 0.08,
            "Y": 0.538636
          },
          {
            "X": 0.157083,
            "Y": 0.543939
          },
          {
            "X": 0.157083,
            "Y": 0.543939
          },
          {
            "X": 0.08,
            "Y": 0.538636
          },
          {
            "X": 0.198333,
            "Y": 0.450758
          },
          {
            "X": 0.115833,
            "Y": 0.637121
          },
          {
            "X": 0.157083,
            "Y": 0.543939
          },
          {
            "X": 0.230833,
            "Y": 0.498485
          },
          {
            "X": 0.157083,
            "Y": 0.543939
          },
          {
            "X": 0.198333,
            "Y": 0.450758
          },
          {
            "X": 0.230833,
            "Y": 0.498485
          },
          {
            "X": 0.230833,
            "Y": 0.528788
          },
          {
            "X": 0.2175,
            "Y": 0.569697
          },
          {
            "X": 0.150833,
            "Y": 0.611364
          },
          {
            "X": 0.230833,
            "Y": 0.498485
          },
          {
            "X": 0.230833,
            "Y": 0.528788
          },
          {
            "X": 0.150833,
            "Y": 0.611364
          },
          {
            "X": 0.230833,
            "Y": 0.498485
          },
          {
            "X": 0.150833,
            "Y": 0.611364
          },
          {
            "X": 0.115833,
            "Y": 0.637121
          }
        ],
        "Pivot": {
          "X": 0,
          "Y": 1
        }
      },
      {
        "ID": 14,
        "MapLayerID": 2,
        "Sprite": "UI/Atlas/AtlasRoot/Minimap/Minimap_20321001/MinimapSection_20321001_14.png",
        "Indices": [
          41,
          49,
          50,
          51,
          56,
          46
        ],
        "UIPosition": {
          "X": 139,
          "Y": 698
        },
        "Center": {
          "X": -200,
          "Y": 220
        },
        "Triangles": [
          {
            "X": 0.230833,
            "Y": 0.632576
          },
          {
            "X": 0.179167,
            "Y": 0.691667
          },
          {
            "X": 0.115833,
            "Y": 0.637121
          },
          {
            "X": 0.230833,
            "Y": 0.632576
          },
          {
            "X": 0.115833,
            "Y": 0.637121
          },
          {
            "X": 0.150833,
            "Y": 0.611364
          },
          {
            "X": 0.230833,
            "Y": 0.632576
          },
          {
            "X": 0.150833,
            "Y": 0.611364
          },
          {
            "X": 0.2175,
            "Y": 0.569697
          },
          {
            "X": 0.230833,
            "Y": 0.528788
          },
          {
            "X": 0.230833,
            "Y": 0.632576
          },
          {
            "X": 0.2175,
            "Y": 0.569697
          }
        ],
        "Pivot": {
          "X": 0,
          "Y": 1
        }
      },
      {
        "ID": 15,
        "MapLayerID": 2,
        "Sprite": "UI/Atlas/AtlasRoot/Minimap/Minimap_20321001/MinimapSection_20321001_15.png",
        "Indices": [
          44,
          55,
          54,
          57,
          47
        ],
        "UIPosition": {
          "X": 150,
          "Y": 448
        },
        "Center": {
          "X": -200,
          "Y": 220
        },
        "Triangles": [
          {
            "X": 0.125,
            "Y": 0.398485
          },
          {
            "X": 0.1725,
            "Y": 0.339394
          },
          {
            "X": 0.230833,
            "Y": 0.390152
          },
          {
            "X": 0.198333,
            "Y": 0.450758
          },
          {
            "X": 0.125,
            "Y": 0.398485
          },
          {
            "X": 0.230833,
            "Y": 0.390152
          },
          {
            "X": 0.230833,
            "Y": 0.390152
          },
          {
            "X": 0.230833,
            "Y": 0.498485
          },
          {
            "X": 0.198333,
            "Y": 0.450758
          }
        ],
        "Pivot": {
          "X": 0,
          "Y": 1
        }
      },
      {
        "ID": 16,
        "MapLayerID": 2,
        "Sprite": "UI/Atlas/AtlasRoot/Minimap/Minimap_20321001/MinimapSection_20321001_16.png",
        "Indices": [
          58,
          59,
          60,
          64,
          61
        ],
        "UIPosition": {
          "X": 545,
          "Y": 286
        },
        "Triangles": [
          {
            "X": 0.521667,
            "Y": 0.355303
          },
          {
            "X": 0.454167,
            "Y": 0.341667
          },
          {
            "X": 0.471667,
            "Y": 0.268939
          },
          {
            "X": 0.548333,
            "Y": 0.228788
          },
          {
            "X": 0.521667,
            "Y": 0.355303
          },
          {
            "X": 0.471667,
            "Y": 0.268939
          },
          {
            "X": 0.548333,
            "Y": 0.228788
          },
          {
            "X": 0.471667,
            "Y": 0.268939
          },
          {
            "X": 0.484167,
            "Y": 0.216667
          }
        ]
      },
      {
        "ID": 17,
        "MapLayerID": 2,
        "Sprite": "UI/Atlas/AtlasRoot/Minimap/Minimap_20321001/MinimapSection_20321001_17.png",
        "Indices": [
          60,
          64,
          62,
          63
        ],
        "UIPosition": {
          "X": 476,
          "Y": 267
        },
        "Triangles": [
          {
            "X": 0.471667,
            "Y": 0.268939
          },
          {
            "X": 0.396667,
            "Y": 0.256818
          },
          {
            "X": 0.409167,
            "Y": 0.202273
          },
          {
            "X": 0.409167,
            "Y": 0.202273
          },
          {
            "X": 0.484167,
            "Y": 0.216667
          },
          {
            "X": 0.471667,
            "Y": 0.268939
          }
        ]
      },
      {
        "ID": 18,
        "MapLayerID": 2,
        "Sprite": "UI/Atlas/AtlasRoot/Minimap/Minimap_20321001/MinimapSection_20321001_18.png",
        "Indices": [
          60,
          63,
          65,
          66
        ],
        "UIPosition": {
          "X": 491,
          "Y": 188
        },
        "Triangles": [
          {
            "X": 0.4225,
            "Y": 0.142424
          },
          {
            "X": 0.521667,
            "Y": 0.159849
          },
          {
            "X": 0.484167,
            "Y": 0.216667
          },
          {
            "X": 0.4225,
            "Y": 0.142424
          },
          {
            "X": 0.484167,
            "Y": 0.216667
          },
          {
            "X": 0.409167,
            "Y": 0.202273
          }
        ]
      },
      {
        "ID": 19,
        "MapLayerID": 2,
        "Sprite": "UI/Atlas/AtlasRoot/Minimap/Minimap_20321001/MinimapSection_20321001_19.png",
        "Indices": [
          65,
          67,
          68,
          69
        ],
        "UIPosition": {
          "X": 348,
          "Y": 61
        },
        "Triangles": [
          {
            "X": 0.309167,
            "Y": 0.046212
          },
          {
            "X": 0.443333,
            "Y": 0.070455
          },
          {
            "X": 0.4225,
            "Y": 0.142424
          },
          {
            "X": 0.309167,
            "Y": 0.046212
          },
          {
            "X": 0.4225,
            "Y": 0.142424
          },
          {
            "X": 0.29,
            "Y": 0.115909
          }
        ]
      },
      {
        "ID": 20,
        "MapLayerID": 2,
        "Sprite": "UI/Atlas/AtlasRoot/Minimap/Minimap_20321001/MinimapSection_20321001_20.png",
        "Indices": [
          62,
          70,
          71,
          72,
          67,
          65,
          63
        ],
        "UIPosition": {
          "X": 333,
          "Y": 153
        },
        "Triangles": [
          {
            "X": 0.396667,
            "Y": 0.256818
          },
          {
            "X": 0.28,
            "Y": 0.235606
          },
          {
            "X": 0.295,
            "Y": 0.168182
          },
          {
            "X": 0.29,
            "Y": 0.115909
          },
          {
            "X": 0.4225,
            "Y": 0.142424
          },
          {
            "X": 0.409167,
            "Y": 0.202273
          },
          {
            "X": 0.409167,
            "Y": 0.202273
          },
          {
            "X": 0.396667,
            "Y": 0.256818
          },
          {
            "X": 0.295,
            "Y": 0.168182
          },
          {
            "X": 0.295,
            "Y": 0.168182
          },
          {
            "X": 0.2775,
            "Y": 0.159849
          },
          {
            "X": 0.29,
            "Y": 0.115909
          },
          {
            "X": 0.409167,
            "Y": 0.202273
          },
          {
            "X": 0.295,
            "Y": 0.168182
          },
          {
            "X": 0.29,
            "Y": 0.115909
          }
        ]
      },
      {
        "ID": 21,
        "MapLayerID": 2,
        "Sprite": "UI/Atlas/AtlasRoot/Minimap/Minimap_20321001/MinimapSection_20321001_21.png",
        "Indices": [
          70,
          73,
          74,
          75,
          72,
          71
        ],
        "UIPosition": {
          "X": 198,
          "Y": 211
        },
        "Triangles": [
          {
            "X": 0.165,
            "Y": 0.285606
          },
          {
            "X": 0.19,
            "Y": 0.162879
          },
          {
            "X": 0.2775,
            "Y": 0.159849
          },
          {
            "X": 0.28,
            "Y": 0.235606
          },
          {
            "X": 0.2175,
            "Y": 0.293182
          },
          {
            "X": 0.165,
            "Y": 0.285606
          },
          {
            "X": 0.28,
            "Y": 0.235606
          },
          {
            "X": 0.165,
            "Y": 0.285606
          },
          {
            "X": 0.2775,
            "Y": 0.159849
          },
          {
            "X": 0.295,
            "Y": 0.168182
          },
          {
            "X": 0.28,
            "Y": 0.235606
          },
          {
            "X": 0.2775,
            "Y": 0.159849
          }
        ]
      },
      {
        "ID": 22,
        "MapLayerID": 2,
        "Sprite": "UI/Atlas/AtlasRoot/Minimap/Minimap_20321001/MinimapSection_20321001_22.png",
        "Indices": [
          76,
          77,
          78,
          79,
          80,
          82,
          81
        ],
        "UIPosition": {
          "X": 288,
          "Y": 899
        },
        "Triangles": [
          {
            "X": 0.446667,
            "Y": 0.764394
          },
          {
            "X": 0.409167,
            "Y": 0.802273
          },
          {
            "X": 0.371667,
            "Y": 0.795455
          },
          {
            "X": 0.24,
            "Y": 0.757576
          },
          {
            "X": 0.261667,
            "Y": 0.681061
          },
          {
            "X": 0.35125,
            "Y": 0.736364
          },
          {
            "X": 0.35125,
            "Y": 0.736364
          },
          {
            "X": 0.362083,
            "Y": 0.698106
          },
          {
            "X": 0.4625,
            "Y": 0.715152
          },
          {
            "X": 0.35125,
            "Y": 0.736364
          },
          {
            "X": 0.261667,
            "Y": 0.681061
          },
          {
            "X": 0.362083,
            "Y": 0.698106
          },
          {
            "X": 0.4625,
            "Y": 0.715152
          },
          {
            "X": 0.446667,
            "Y": 0.764394
          },
          {
            "X": 0.371667,
            "Y": 0.795455
          },
          {
            "X": 0.24,
            "Y": 0.757576
          },
          {
            "X": 0.35125,
            "Y": 0.736364
          },
          {
            "X": 0.371667,
            "Y": 0.795455
          },
          {
            "X": 0.35125,
            "Y": 0.736364
          },
          {
            "X": 0.4625,
            "Y": 0.715152
          },
          {
            "X": 0.371667,
            "Y": 0.795455
          },
          {
            "X": 0.255833,
            "Y": 0.773485
          },
          {
            "X": 0.24,
            "Y": 0.757576
          },
          {
            "X": 0.371667,
            "Y": 0.795455
          }
        ]
      },
      {
        "ID": 23,
        "MapLayerID": 2,
        "Sprite": "UI/Atlas/AtlasRoot/Minimap/Minimap_20321001/MinimapSection_20321001_23.png",
        "Indices": [
          80,
          82,
          83,
          84,
          85,
          87,
          86
        ],
        "UIPosition": {
          "X": 419,
          "Y": 1050
        },
        "Triangles": [
          {
            "X": 0.480833,
            "Y": 0.828788
          },
          {
            "X": 0.529167,
            "Y": 0.838636
          },
          {
            "X": 0.5125,
            "Y": 0.915152
          },
          {
            "X": 0.480833,
            "Y": 0.828788
          },
          {
            "X": 0.5125,
            "Y": 0.915152
          },
          {
            "X": 0.349167,
            "Y": 0.880303
          },
          {
            "X": 0.414167,
            "Y": 0.815152
          },
          {
            "X": 0.480833,
            "Y": 0.828788
          },
          {
            "X": 0.349167,
            "Y": 0.880303
          },
          {
            "X": 0.414167,
            "Y": 0.815152
          },
          {
            "X": 0.349167,
            "Y": 0.880303
          },
          {
            "X": 0.371667,
            "Y": 0.795455
          },
          {
            "X": 0.409167,
            "Y": 0.802273
          },
          {
            "X": 0.414167,
            "Y": 0.815152
          },
          {
            "X": 0.371667,
            "Y": 0.795455
          }
        ]
      },
      {
        "ID": 24,
        "MapLayerID": 2,
        "Sprite": "UI/Atlas/AtlasRoot/Minimap/Minimap_20321001/MinimapSection_20321001_24.png",
        "Indices": [
          86,
          89,
          88,
          87
        ],
        "UIPosition": {
          "X": 497,
          "Y": 1041
        },
        "Triangles": [
          {
            "X": 0.480833,
            "Y": 0.828788
          },
          {
            "X": 0.414167,
            "Y": 0.815152
          },
          {
            "X": 0.438333,
            "Y": 0.788636
          },
          {
            "X": 0.480833,
            "Y": 0.828788
          },
          {
            "X": 0.438333,
            "Y": 0.788636
          },
          {
            "X": 0.489167,
            "Y": 0.799242
          }
        ]
      },
      {
        "ID": 25,
        "MapLayerID": 2,
        "Sprite": "UI/Atlas/AtlasRoot/Minimap/Minimap_20321001/MinimapSection_20321001_25.png",
        "Indices": [
          84,
          85,
          87,
          88,
          94,
          93,
          92,
          91,
          90
        ],
        "UIPosition": {
          "X": 543,
          "Y": 981
        },
        "Triangles": [
          {
            "X": 0.574167,
            "Y": 0.87197
          },
          {
            "X": 0.5125,
            "Y": 0.915152
          },
          {
            "X": 0.529167,
            "Y": 0.838636
          },
          {
            "X": 0.585833,
            "Y": 0.783333
          },
          {
            "X": 0.574167,
            "Y": 0.87197
          },
          {
            "X": 0.529167,
            "Y": 0.838636
          },
          {
            "X": 0.5375,
            "Y": 0.757576
          },
          {
            "X": 0.585833,
            "Y": 0.783333
          },
          {
            "X": 0.529167,
            "Y": 0.838636
          },
          {
            "X": 0.4625,
            "Y": 0.743182
          },
          {
            "X": 0.5375,
            "Y": 0.757576
          },
          {
            "X": 0.529167,
            "Y": 0.838636
          },
          {
            "X": 0.489167,
            "Y": 0.799242
          },
          {
            "X": 0.4525,
            "Y": 0.788636
          },
          {
            "X": 0.4625,
            "Y": 0.743182
          },
          {
            "X": 0.529167,
            "Y": 0.838636
          },
          {
            "X": 0.480833,
            "Y": 0.828788
          },
          {
            "X": 0.489167,
            "Y": 0.799242
          },
          {
            "X": 0.4625,
            "Y": 0.743182
          },
          {
            "X": 0.529167,
            "Y": 0.838636
          },
          {
            "X": 0.489167,
            "Y": 0.799242
          }
        ]
      },
      {
        "ID": 26,
        "MapLayerID": 2,
        "Sprite": "UI/Atlas/AtlasRoot/Minimap/Minimap_20321001/MinimapSection_20321001_26.png",
        "Indices": [
          92,
          93,
          96,
          95
        ],
        "UIPosition": {
          "X": 555,
          "Y": 887
        },
        "Triangles": [
          {
            "X": 0.5375,
            "Y": 0.757576
          },
          {
            "X": 0.4625,
            "Y": 0.743182
          },
          {
            "X": 0.484167,
            "Y": 0.67197
          },
          {
            "X": 0.5525,
            "Y": 0.686364
          },
          {
            "X": 0.5375,
            "Y": 0.757576
          },
          {
            "X": 0.484167,
            "Y": 0.67197
          }
        ]
      },
      {
        "ID": 27,
        "MapLayerID": 2,
        "Sprite": "UI/Atlas/AtlasRoot/Minimap/Minimap_20321001/MinimapSection_20321001_27.png",
        "Indices": [
          83,
          97,
          98,
          84
        ],
        "UIPosition": {
          "X": 401,
          "Y": 1162
        },
        "Triangles": [
          {
            "X": 0.496667,
            "Y": 0.970455
          },
          {
            "X": 0.334167,
            "Y": 0.939394
          },
          {
            "X": 0.349167,
            "Y": 0.880303
          },
          {
            "X": 0.349167,
            "Y": 0.880303
          },
          {
            "X": 0.5125,
            "Y": 0.915152
          },
          {
            "X": 0.496667,
            "Y": 0.970455
          }
        ]
      }
    ],
    "BackgroundMapSprite": "SpriteOutput/MapPics/Minimap/Minimap_Chap03_MAZ_P201_Background.png",
    "RoadMapSpriteDict": {
      "1": "SpriteOutput/MapPics/Minimap/Minimap_Chap03_MAZ_P201_Road_1F.png",
      "2": "SpriteOutput/MapPics/Minimap/Minimap_Chap03_MAZ_P201_Road_2F.png"
    },
    "ItemSpriteDict": {}
  },
  "TimeOfDayEnviroProfileMap": {},
  "LayerToAreaMask": [
    8,
    16
  ],
  "FloorCustomData": {
    "SavedValues": [
      {
        "ID": 1,
        "Name": "ScreenState",
        "AllowedValues": [],
        "MaxValue": 1
      }
    ]
  },
  "BattleAreaList": [],
  "DimensionList": [
    {}
  ]
}