{
  "FloorID": 30500001,
  "FloorName": "MazeText_Empty",
  "StartGroupID": 21,
  "StartAnchorID": 1,
  "GroupList": [
    {
      "GroupGUID": "6186ed27-662d-4eb5-9499-093a57d15c94",
      "GroupPath": "Config/LevelOutput/Group/Groups_P30500_F30500001/LevelGroup_P30500_F30500001_G17.json",
      "DimensionFilter": {
        "FilterType": "All"
      },
      "Name": "MP",
      "ID": 17
    },
    {
      "GroupGUID": "d553ec7e-c31b-4594-a4ae-41cf67ffc0ca",
      "GroupPath": "Config/LevelOutput/Group/Groups_P30500_F30500001/LevelGroup_P30500_F30500001_G18.json",
      "DimensionFilter": {
        "FilterType": "All"
      },
      "Name": "Monster_1",
      "ID": 18
    },
    {
      "GroupGUID": "fe9c9b50-ccae-4c50-8b5e-3832911f8dec",
      "GroupPath": "Config/LevelOutput/Group/Groups_P30500_F30500001/LevelGroup_P30500_F30500001_G34.json",
      "DimensionFilter": {
        "FilterType": "All"
      },
      "Name": "ShowTutorialGuide",
      "ID": 34
    },
    {
      "GroupGUID": "4a241c28-331d-4ec4-90be-fe94f403389d",
      "GroupPath": "Config/LevelOutput/Group/Groups_P30500_F30500001/LevelGroup_P30500_F30500001_G19.json",
      "DimensionFilter": {
        "FilterType": "All"
      },
      "Name": "Monster_2",
      "ID": 19
    },
    {
      "GroupGUID": "2b20c1e1-eba5-47ef-95f4-73934511f630",
      "GroupPath": "Config/LevelOutput/Group/Groups_P30500_F30500001/LevelGroup_P30500_F30500001_G36.json",
      "DimensionFilter": {
        "FilterType": "All"
      },
      "Name": "Monster_2",
      "ID": 36
    },
    {
      "GroupGUID": "c98d4916-e760-4239-be96-ad596a6d1885",
      "GroupPath": "Config/LevelOutput/Group/Groups_P30500_F30500001/LevelGroup_P30500_F30500001_G20.json",
      "DimensionFilter": {
        "FilterType": "All"
      },
      "Name": "Monster_1",
      "ID": 20
    },
    {
      "GroupGUID": "d388193d-da3f-4438-89df-f27f055c65d0",
      "GroupPath": "Config/LevelOutput/Group/Groups_P30500_F30500001/LevelGroup_P30500_F30500001_G21.json",
      "DimensionFilter": {
        "FilterType": "All"
      },
      "Name": "DefaultGroup",
      "ID": 21
    },
    {
      "GroupGUID": "61bfae79-5d79-4b5d-b312-efdab6e92d5c",
      "GroupPath": "Config/LevelOutput/Group/Groups_P30500_F30500001/LevelGroup_P30500_F30500001_G22.json",
      "DimensionFilter": {
        "FilterType": "All"
      },
      "Name": "PinBall_1",
      "ID": 22
    },
    {
      "GroupGUID": "ea32b6e2-26a3-42ca-b845-dc5fce5877bf",
      "GroupPath": "Config/LevelOutput/Group/Groups_P30500_F30500001/LevelGroup_P30500_F30500001_G23.json",
      "DimensionFilter": {
        "FilterType": "All"
      },
      "Name": "PinBall_2",
      "ID": 23
    },
    {
      "GroupGUID": "089e41cf-5bd8-4799-82c2-43f5625191ea",
      "GroupPath": "Config/LevelOutput/Group/Groups_P30500_F30500001/LevelGroup_P30500_F30500001_G24.json",
      "DimensionFilter": {
        "FilterType": "All"
      },
      "Name": "PinBall_3",
      "ID": 24
    },
    {
      "GroupGUID": "01e26b64-bfad-40e1-b13b-3816907abafc",
      "GroupPath": "Config/LevelOutput/Group/Groups_P30500_F30500001/LevelGroup_P30500_F30500001_G25.json",
      "DimensionFilter": {
        "FilterType": "All"
      },
      "Name": "PinBall_4",
      "ID": 25
    },
    {
      "GroupGUID": "2c3aa6ce-cdea-45b1-a2d8-968f87718c4e",
      "GroupPath": "Config/LevelOutput/Group/Groups_P30500_F30500001/LevelGroup_P30500_F30500001_G26.json",
      "DimensionFilter": {
        "FilterType": "All"
      },
      "Name": "Door",
      "ID": 26
    },
    {
      "GroupGUID": "29f81a4b-712b-48b2-afc5-70adffe6c273",
      "GroupPath": "Config/LevelOutput/Group/Groups_P30500_F30500001/LevelGroup_P30500_F30500001_G27.json",
      "DimensionFilter": {
        "FilterType": "All"
      },
      "Name": "Garden",
      "ID": 27
    },
    {
      "GroupGUID": "34399f13-4866-4adc-94db-6c7635fe42e9",
      "GroupPath": "Config/LevelOutput/Group/Groups_P30500_F30500001/LevelGroup_P30500_F30500001_G28.json",
      "DimensionFilter": {
        "FilterType": "All"
      },
      "Name": "Screen",
      "ID": 28
    },
    {
      "GroupGUID": "a68b9d21-4f78-4436-85b9-91f650cb5c26",
      "GroupPath": "Config/LevelOutput/Group/Groups_P30500_F30500001/LevelGroup_P30500_F30500001_G29.json",
      "DimensionFilter": {
        "FilterType": "All"
      },
      "Name": "BAT_Prop",
      "ID": 29
    },
    {
      "GroupGUID": "60e820f9-5dab-4c9c-8116-062a7fe8b08a",
      "GroupPath": "Config/LevelOutput/Group/Groups_P30500_F30500001/LevelGroup_P30500_F30500001_G30.json",
      "DimensionFilter": {
        "FilterType": "All"
      },
      "Name": "Sound",
      "ID": 30
    },
    {
      "GroupGUID": "b6e159cc-930e-4f0c-a75b-625bef6d399a",
      "GroupPath": "Config/LevelOutput/Group/Groups_P30500_F30500001/LevelGroup_P30500_F30500001_G31.json",
      "DimensionFilter": {
        "FilterType": "All"
      },
      "Name": "BGM",
      "ID": 31
    },
    {
      "GroupGUID": "d88bc5fd-66b2-44c5-a97f-73fb5e6b5554",
      "GroupPath": "Config/LevelOutput/Group/Groups_P30500_F30500001/LevelGroup_P30500_F30500001_G32.json",
      "DimensionFilter": {
        "FilterType": "All"
      },
      "Name": "Sound-Reverb",
      "ID": 32
    },
    {
      "GroupGUID": "6924348e-aedb-42f2-8a06-230eb04a15ba",
      "GroupPath": "Config/LevelOutput/Group/Groups_P30500_F30500001/LevelGroup_P30500_F30500001_G33.json",
      "DimensionFilter": {
        "FilterType": "All"
      },
      "Name": "Airwall",
      "ID": 33
    },
    {
      "GroupGUID": "8db30693-824c-437b-97c6-3acf9b8ead69",
      "GroupPath": "Config/LevelOutput/Group/Groups_P30500_F30500001/LevelGroup_P30500_F30500001_G35.json",
      "DimensionFilter": {
        "FilterType": "All"
      },
      "Name": "MonsterVision",
      "ID": 35
    }
  ],
  "DefaultEnviroProfile": "Stages/Outputs/Chapter03/EnviroProfile/Chap03_CloseView_MAZ_P201_Night_01.enviroProfile.asset",
  "StageData": "Stages/Outputs/Chapter03/Stages/Chap03_MAZ_P201_StageData/Chap03_MAZ_P201_StageData.stage",
  "CameraType": "Maze",
  "TimeOfDayEnviroProfileMap": {},
  "LayerToAreaMask": [
    8,
    16
  ],
  "FloorCustomData": {
    "CustomValues": [
      {
        "$type": "RPG.GameCore.FloorCustomFloatConfig",
        "ID": 10002,
        "Name": "PinballPerfermance_01"
      },
      {
        "$type": "RPG.GameCore.FloorCustomFloatConfig",
        "ID": 10003,
        "Name": "MazeSkillUsed"
      }
    ],
    "SavedValues": [
      {
        "ID": 1,
        "Name": "GardenState",
        "DefaultValue": 1,
        "AllowedValues": [
          0,
          1,
          2
        ],
        "MaxValue": 2
      },
      {
        "ID": 2,
        "Name": "ScreenState",
        "AllowedValues": [
          0,
          1,
          2,
          3,
          4
        ],
        "MaxValue": 4
      },
      {
        "ID": 3,
        "Name": "CurtainState",
        "DefaultValue": 1,
        "AllowedValues": [
          0,
          1
        ],
        "MaxValue": 1
      },
      {
        "ID": 4,
        "Name": "SceneStateByMainMission",
        "AllowedValues": [
          0,
          1
        ],
        "MaxValue": 1
      },
      {
        "ID": 5,
        "Name": "FirstMonsterKilled",
        "AllowedValues": [
          0,
          1
        ],
        "MaxValue": 1
      },
      {
        "ID": 6,
        "Name": "Jigsaw_GardenChanged",
        "AllowedValues": [
          0,
          1
        ],
        "MaxValue": 1
      },
      {
        "ID": 7,
        "Name": "SecondMonsterKilled",
        "AllowedValues": [
          0,
          1
        ],
        "MaxValue": 1
      },
      {
        "ID": 8,
        "Name": "ThirdMonsterKilled",
        "AllowedValues": [
          0,
          1
        ],
        "MaxValue": 1
      }
    ]
  },
  "BattleAreaList": [],
  "DimensionList": [
    {}
  ],
  "NavmapConfigPath": "Config/LevelOutput/Map/MapInfo_P20321_F20321001.json",
  "IsRestartLevelGraph": false
}