{
  "FloorID": 30502001,
  "FloorName": "MazeText_Empty",
  "StartGroupID": 12,
  "StartAnchorID": 2,
  "GroupList": [
    {
      "GroupGUID": "c56d1b62-9ca2-442b-a016-7576c5776a2a",
      "GroupPath": "Config/LevelOutput/Group/Groups_P30502_F30502001/LevelGroup_P30502_F30502001_G1.json",
      "Name": "DefaultGroup",
      "ID": 1
    },
    {
      "GroupGUID": "55e80a8a-66d3-42a9-8410-b1691aa2d90e",
      "GroupPath": "Config/LevelOutput/Group/Groups_P30502_F30502001/LevelGroup_P30502_F30502001_G10.json",
      "DimensionFilter": {
        "FilterType": "All"
      },
      "Name": "Public01",
      "ID": 10
    },
    {
      "GroupGUID": "26e7e8d5-04ec-4984-a432-135eec0ba739",
      "GroupPath": "Config/LevelOutput/Group/Groups_P30502_F30502001/LevelGroup_P30502_F30502001_G11.json",
      "DimensionFilter": {
        "FilterType": "All"
      },
      "Name": "Sound",
      "ID": 11
    },
    {
      "GroupGUID": "be42301e-009f-425c-bf31-3d3495aa2f08",
      "GroupPath": "Config/LevelOutput/Group/Groups_P30502_F30502001/LevelGroup_P30502_F30502001_G12.json",
      "DimensionFilter": {
        "FilterType": "All"
      },
      "Name": "Wave1_Monsters",
      "ID": 12
    },
    {
      "GroupGUID": "a8bf9bef-84ce-4103-b1a9-c266a3d8121d",
      "GroupPath": "Config/LevelOutput/Group/Groups_P30502_F30502001/LevelGroup_P30502_F30502001_G13.json",
      "DimensionFilter": {
        "FilterType": "All"
      },
      "Name": "Wave1_Destructable",
      "ID": 13
    },
    {
      "GroupGUID": "6c5cd560-4196-4f21-905e-38c3ce7456d1",
      "GroupPath": "Config/LevelOutput/Group/Groups_P30502_F30502001/LevelGroup_P30502_F30502001_G15.json",
      "DimensionFilter": {
        "FilterType": "All"
      },
      "Name": "Hint",
      "ID": 15
    }
  ],
  "DefaultEnviroProfile": "Stages/Outputs/Chapter01/EnviroProfile/Chap01_CloseView_ADV_Area_M101_01_Day.enviroProfile.asset",
  "StageData": "Stages/Outputs/Chapter01/Stages/Chap01_MAZ_M101_MainLine_01_StageData/Chap01_MAZ_M101_MainLine_01_StageData.stage",
  "CameraType": "Maze",
  "TimeOfDayEnviroProfileMap": {},
  "LayerToAreaMask": [
    1
  ],
  "BattleAreaList": [],
  "DimensionList": [
    {}
  ],
  "NavmapConfigPath": "Config/LevelOutput/Map/MapInfo_P20111_F20111001.json",
  "IsRestartLevelGraph": false
}