{
  "FloorID": 30501001,
  "FloorName": "MazeText_Empty",
  "StartGroupID": 5,
  "StartAnchorID": 2,
  "GroupList": [
    {
      "GroupGUID": "677cb921-88ee-45b0-b03f-1453919f609b",
      "GroupPath": "Config/LevelOutput/Group/Groups_P30501_F30501001/LevelGroup_P30501_F30501001_G1.json",
      "Name": "DefaultGroup",
      "ID": 1
    },
    {
      "GroupGUID": "aff0259b-13e3-4156-a8e3-f65025d4b72b",
      "GroupPath": "Config/LevelOutput/Group/Groups_P30501_F30501001/LevelGroup_P30501_F30501001_G2.json",
      "Name": "Public01",
      "ID": 2
    },
    {
      "GroupGUID": "d667c3d5-842d-459f-aff2-b90d0994edbc",
      "GroupPath": "Config/LevelOutput/Group/Groups_P30501_F30501001/LevelGroup_P30501_F30501001_G3.json",
      "Name": "Sound",
      "ID": 3
    },
    {
      "GroupGUID": "56f585cb-0d7e-4f89-87f8-81e98e47ecba",
      "GroupPath": "Config/LevelOutput/Group/Groups_P30501_F30501001/LevelGroup_P30501_F30501001_G5.json",
      "Name": "Wave1_Monsters",
      "ID": 5
    },
    {
      "GroupGUID": "0973a630-fa27-4697-993c-3e17b05c1ee5",
      "GroupPath": "Config/LevelOutput/Group/Groups_P30501_F30501001/LevelGroup_P30501_F30501001_G6.json",
      "Name": "Wave1_Destructable",
      "ID": 6
    },
    {
      "GroupGUID": "62a98798-4706-437f-b45b-2fcd0b08a776",
      "GroupPath": "Config/LevelOutput/Group/Groups_P30501_F30501001/LevelGroup_P30501_F30501001_G13.json",
      "Name": "Wave1_Destructable",
      "ID": 13
    },
    {
      "GroupGUID": "0d072ccb-1ece-4920-9c21-19ca87553806",
      "GroupPath": "Config/LevelOutput/Group/Groups_P30501_F30501001/LevelGroup_P30501_F30501001_G14.json",
      "Name": "Hint",
      "ID": 14
    }
  ],
  "DefaultEnviroProfile": "Stages/Outputs/Chapter01/EnviroProfile/Chap01_CloseView_ADV_Area_M101_01_Day.enviroProfile.asset",
  "StageData": "Stages/Outputs/Chapter01/Stages/Chap01_MAZ_M101_MainLine_01_StageData/Chap01_MAZ_M101_MainLine_01_StageData.stage",
  "CameraType": "Maze",
  "TimeOfDayEnviroProfileMap": {},
  "LayerToAreaMask": [
    1
  ],
  "BattleAreaList": [],
  "DimensionList": [
    {}
  ],
  "NavmapConfigPath": "Config/LevelOutput/Map/MapInfo_P20111_F20111001.json",
  "IsRestartLevelGraph": false
}