{
  "FloorID": 31101001,
  "FloorName": "FloorName_31101001",
  "StartGroupID": 1,
  "StartAnchorID": 1,
  "GroupList": [
    {
      "GroupGUID": "245066f1-e967-470a-afd1-94aec8a6acc1",
      "GroupPath": "Config/LevelOutput/Group/Groups_P31101_F31101001/LevelGroup_P31101_F31101001_G1.json",
      "Name": "DefaultGroup",
      "ID": 1
    },
    {
      "GroupGUID": "19722389-be12-4f3e-b4fe-90045d578b50",
      "GroupPath": "Config/LevelOutput/Group/Groups_P31101_F31101001/LevelGroup_P31101_F31101001_G2.json",
      "Name": "Airwall",
      "ID": 2
    },
    {
      "GroupGUID": "7e805421-4d19-454d-adc8-c22a996d08a8",
      "GroupPath": "Config/LevelOutput/Group/Groups_P31101_F31101001/LevelGroup_P31101_F31101001_G3.json",
      "Name": "Door",
      "ID": 3
    },
    {
      "GroupGUID": "0ce1b8b3-747d-42d2-bbd5-7dbbcf3c5e4a",
      "GroupPath": "Config/LevelOutput/Group/Groups_P31101_F31101001/LevelGroup_P31101_F31101001_G4.json",
      "Name": "Monster",
      "ID": 4
    },
    {
      "GroupGUID": "7c2b5639-e272-45a6-afd3-07725eea6b6d",
      "GroupPath": "Config/LevelOutput/Group/Groups_P31101_F31101001/LevelGroup_P31101_F31101001_G5.json",
      "Name": "Monster",
      "ID": 5
    },
    {
      "GroupGUID": "851216f0-4eaa-46e9-aa5d-b5a1b8e1be2a",
      "GroupPath": "Config/LevelOutput/Group/Groups_P31101_F31101001/LevelGroup_P31101_F31101001_G6.json",
      "Name": "Monster",
      "ID": 6
    },
    {
      "GroupGUID": "a6d44888-d80d-4be6-82ea-4f02bb78f6c1",
      "GroupPath": "Config/LevelOutput/Group/Groups_P31101_F31101001/LevelGroup_P31101_F31101001_G7.json",
      "Name": "Monster",
      "ID": 7
    }
  ],
  "DefaultEnviroProfile": "Stages/Outputs/Chapter00/EnviroProfile/Chap00_CloseView_MAZ_N201_01_Day.enviroProfile.asset",
  "StageData": "Stages/Outputs/Chapter00/Stages/Chap00_MAZ_N201_MainLine_01_StageData/Chap00_MAZ_N201_MainLine_01_StageData.stage",
  "CameraType": "Maze",
  "TimeOfDayEnviroProfileMap": {},
  "LayerToAreaMask": [
    1
  ],
  "BattleAreaList": [],
  "DimensionList": [
    {}
  ],
  "NavmapConfigPath": "Config/LevelOutput/Map/MapInfo_P20002_F20002001.json",
  "IsRestartLevelGraph": false
}