{
  "FloorID": 31101004,
  "FloorName": "FloorName_31101004",
  "StartGroupID": 1,
  "StartAnchorID": 1,
  "GroupList": [
    {
      "GroupGUID": "a25792d8-8af0-463b-ac21-aa9a35467c08",
      "GroupPath": "Config/LevelOutput/Group/Groups_P31101_F31101004/LevelGroup_P31101_F31101004_G1.json",
      "Name": "DefaultGroup",
      "ID": 1
    },
    {
      "GroupGUID": "3b39ba52-9440-4785-a8c0-0a24b853452b",
      "GroupPath": "Config/LevelOutput/Group/Groups_P31101_F31101004/LevelGroup_P31101_F31101004_G2.json",
      "Name": "DefaultProp",
      "ID": 2
    },
    {
      "GroupGUID": "c6e76eec-dd1e-4c26-8526-1d2d266c2f15",
      "GroupPath": "Config/LevelOutput/Group/Groups_P31101_F31101004/LevelGroup_P31101_F31101004_G3.json",
      "Name": "Monster",
      "ID": 3
    },
    {
      "GroupGUID": "901337b5-8116-420a-9c79-d83078902b62",
      "GroupPath": "Config/LevelOutput/Group/Groups_P31101_F31101004/LevelGroup_P31101_F31101004_G4.json",
      "Name": "Monster",
      "ID": 4
    },
    {
      "GroupGUID": "d148cabd-b539-406a-952e-c212613776f6",
      "GroupPath": "Config/LevelOutput/Group/Groups_P31101_F31101004/LevelGroup_P31101_F31101004_G5.json",
      "Name": "Monster",
      "ID": 5
    },
    {
      "GroupGUID": "aa1208eb-a62e-4452-88a7-dfc80c03dc12",
      "GroupPath": "Config/LevelOutput/Group/Groups_P31101_F31101004/LevelGroup_P31101_F31101004_G6.json",
      "Name": "Monster",
      "ID": 6
    },
    {
      "GroupGUID": "ede816c5-adb3-4536-8da4-38f1a18c3540",
      "GroupPath": "Config/LevelOutput/Group/Groups_P31101_F31101004/LevelGroup_P31101_F31101004_G7.json",
      "Name": "Airwall",
      "ID": 7
    }
  ],
  "DefaultEnviroProfile": "Stages/Outputs/Chapter01/EnviroProfile/Chap01_CloseView_ADV_Area_M301_01_Foggy.enviroProfile.asset",
  "StageData": "Stages/Outputs/Chapter01/Stages/Chap01_MAZ_M301_MainLine_01_StageData/Chap01_MAZ_M301_MainLine_01_StageData.stage",
  "CameraType": "Maze",
  "TimeOfDayEnviroProfileMap": {},
  "LayerToAreaMask": [
    1
  ],
  "BattleAreaList": [],
  "DimensionList": [
    {}
  ],
  "NavmapConfigPath": "Config/LevelOutput/Map/MapInfo_P20131_F20131001.json",
  "IsRestartLevelGraph": false
}