{
  "FloorID": 40003001,
  "FloorName": "FloorName_40003001",
  "StartGroupID": 13,
  "StartAnchorID": 1,
  "GroupList": [
    {
      "GroupGUID": "864f8f06-a72c-4f7b-84a3-d3b7c081a6ee",
      "GroupPath": "Config/LevelOutput/Group/Groups_P40003_F40003001/LevelGroup_P40003_F40003001_G1.json",
      "Name": "DefaultGroup",
      "ID": 1
    },
    {
      "GroupGUID": "30cc483f-66df-4292-ae25-520953aef2b4",
      "GroupPath": "Config/LevelOutput/Group/Groups_P40003_F40003001/LevelGroup_P40003_F40003001_G3.json",
      "Name": "FlipBridgeController",
      "ID": 3
    },
    {
      "GroupGUID": "02489e5e-52a1-4e88-a0c4-9a6283fa02ed",
      "GroupPath": "Config/LevelOutput/Group/Groups_P40003_F40003001/LevelGroup_P40003_F40003001_G4.json",
      "Name": "Door",
      "ID": 4
    },
    {
      "GroupGUID": "8d48e93f-955d-4e73-9d97-71aed44f6196",
      "GroupPath": "Config/LevelOutput/Group/Groups_P40003_F40003001/LevelGroup_P40003_F40003001_G5.json",
      "Name": "Floor_3",
      "ID": 5
    },
    {
      "GroupGUID": "8a882bbe-fdbc-4c41-9123-722fdfbcc73d",
      "GroupPath": "Config/LevelOutput/Group/Groups_P40003_F40003001/LevelGroup_P40003_F40003001_G6.json",
      "Name": "Floor_3_Monster",
      "ID": 6
    },
    {
      "GroupGUID": "663f051f-d243-49f1-b656-5e2f88b775f8",
      "GroupPath": "Config/LevelOutput/Group/Groups_P40003_F40003001/LevelGroup_P40003_F40003001_G7.json",
      "Name": "Floor_3_Monster",
      "ID": 7
    },
    {
      "GroupGUID": "190fa6cd-b071-4043-bebd-4fada6af7281",
      "GroupPath": "Config/LevelOutput/Group/Groups_P40003_F40003001/LevelGroup_P40003_F40003001_G8.json",
      "Name": "Floor_2",
      "ID": 8
    },
    {
      "GroupGUID": "c12544cb-b7ad-45f0-8f7d-0a614a69e5a2",
      "GroupPath": "Config/LevelOutput/Group/Groups_P40003_F40003001/LevelGroup_P40003_F40003001_G10.json",
      "Name": "Floor_4",
      "ID": 10
    },
    {
      "GroupGUID": "a3b7dad2-0451-495c-adc7-dd210090da05",
      "GroupPath": "Config/LevelOutput/Group/Groups_P40003_F40003001/LevelGroup_P40003_F40003001_G12.json",
      "Name": "Floor_5_Boss",
      "ID": 12
    },
    {
      "GroupGUID": "7065abdc-99a6-40f5-90dc-bd26cce062b7",
      "GroupPath": "Config/LevelOutput/Group/Groups_P40003_F40003001/LevelGroup_P40003_F40003001_G13.json",
      "Name": "Floor_1",
      "ID": 13
    },
    {
      "GroupGUID": "9a8de4dd-e520-4408-bfa6-586a64267ed8",
      "GroupPath": "Config/LevelOutput/Group/Groups_P40003_F40003001/LevelGroup_P40003_F40003001_G15.json",
      "Name": "Floor_1_Monster",
      "ID": 15
    },
    {
      "GroupGUID": "f4006f6a-b751-4b4a-9966-605c3772ffe5",
      "GroupPath": "Config/LevelOutput/Group/Groups_P40003_F40003001/LevelGroup_P40003_F40003001_G16.json",
      "Name": "SilWolfMission",
      "ID": 16
    },
    {
      "GroupGUID": "3e1b42e8-3944-4957-a37a-ca583eec4d7e",
      "GroupPath": "Config/LevelOutput/Group/Groups_P40003_F40003001/LevelGroup_P40003_F40003001_G17.json",
      "Name": "MPProp",
      "ID": 17
    },
    {
      "GroupGUID": "56aeec2f-9f04-43da-a9cd-68d1cba3c1e8",
      "GroupPath": "Config/LevelOutput/Group/Groups_P40003_F40003001/LevelGroup_P40003_F40003001_G18.json",
      "Name": "MainMission_RoadBlock",
      "ID": 18
    },
    {
      "GroupGUID": "4bd71a13-cef0-458a-8a9b-5cd3a462c014",
      "GroupPath": "Config/LevelOutput/Group/Groups_P40003_F40003001/LevelGroup_P40003_F40003001_G19.json",
      "Name": "Sound",
      "ID": 19
    }
  ],
  "DefaultEnviroProfile": "Stages/Outputs/Chapter00/EnviroProfile/Chap00_CloseView_MAZ_N301_01_Day.enviroProfile.asset",
  "StageData": "Stages/Outputs/Chapter00/Stages/Chap00_MAZ_N301_MainLine_01_StageData/Chap00_MAZ_N301_MainLine_01_StageData.stage",
  "CameraType": "Maze",
  "TimeOfDayEnviroProfileMap": {},
  "LayerToAreaMask": [
    1
  ],
  "BattleAreaList": [],
  "DimensionList": [
    {}
  ],
  "NavmapConfigPath": "Config/LevelOutput/Map/MapInfo_P20003_F20003001.json",
  "IsRestartLevelGraph": false
}