{
  "FloorID": 40002104,
  "FloorName": "FloorName_40002104",
  "StartGroupID": 1,
  "StartAnchorID": 1,
  "GroupList": [
    {
      "GroupGUID": "b29b635f-ea6d-4c9d-a8d1-9641fb0035f0",
      "GroupPath": "Config/LevelOutput/Group/Groups_P40002_F40002104/LevelGroup_P40002_F40002104_G1.json",
      "Name": "DefaultGroup",
      "ID": 1
    },
    {
      "GroupGUID": "b03f3965-2a1e-495d-9bd7-2e1ebf118f34",
      "GroupPath": "Config/LevelOutput/Group/Groups_P40002_F40002104/LevelGroup_P40002_F40002104_G11.json",
      "Name": "Graffiti1",
      "ID": 11
    },
    {
      "GroupGUID": "38870145-3f35-4e55-b6f5-3914d2ebc915",
      "GroupPath": "Config/LevelOutput/Group/Groups_P40002_F40002104/LevelGroup_P40002_F40002104_G12.json",
      "Name": "Sound",
      "ID": 12
    },
    {
      "GroupGUID": "eb6c280d-ce71-4194-b0cb-3d927735a495",
      "GroupPath": "Config/LevelOutput/Group/Groups_P40002_F40002104/LevelGroup_P40002_F40002104_G13.json",
      "Name": "FlipBridge",
      "ID": 13
    },
    {
      "GroupGUID": "9a102666-17eb-484d-a8a5-e812fb74c764",
      "GroupPath": "Config/LevelOutput/Group/Groups_P40002_F40002104/LevelGroup_P40002_F40002104_G14.json",
      "Name": "FlipBridgeController",
      "ID": 14
    },
    {
      "GroupGUID": "7833bc0d-7095-4982-aba8-3c9b2f132305",
      "GroupPath": "Config/LevelOutput/Group/Groups_P40002_F40002104/LevelGroup_P40002_F40002104_G15.json",
      "Name": "Door",
      "ID": 15
    },
    {
      "GroupGUID": "bb593953-5162-4b43-8c38-312b0bb8292f",
      "GroupPath": "Config/LevelOutput/Group/Groups_P40002_F40002104/LevelGroup_P40002_F40002104_G16.json",
      "Name": "Monster Group",
      "ID": 16
    },
    {
      "GroupGUID": "ca382d79-fb94-4101-8eb7-8457529c232d",
      "GroupPath": "Config/LevelOutput/Group/Groups_P40002_F40002104/LevelGroup_P40002_F40002104_G17.json",
      "Name": "Graffiti2",
      "ID": 17
    },
    {
      "GroupGUID": "12841899-6330-4e87-b3fb-9d79cb625eba",
      "GroupPath": "Config/LevelOutput/Group/Groups_P40002_F40002104/LevelGroup_P40002_F40002104_G18.json",
      "Name": "Graffiti3",
      "ID": 18
    },
    {
      "GroupGUID": "97875ffb-2c3e-4a5e-8cbe-196db8a84bab",
      "GroupPath": "Config/LevelOutput/Group/Groups_P40002_F40002104/LevelGroup_P40002_F40002104_G19.json",
      "Name": "Elevator",
      "ID": 19
    },
    {
      "GroupGUID": "2a7d14c6-9338-4425-b7ee-87fa95319bf4",
      "GroupPath": "Config/LevelOutput/Group/Groups_P40002_F40002104/LevelGroup_P40002_F40002104_G20.json",
      "Name": "Graffiti4",
      "ID": 20
    },
    {
      "GroupGUID": "bde8ba39-addf-4207-8ee1-ee8e14bdcfd8",
      "GroupPath": "Config/LevelOutput/Group/Groups_P40002_F40002104/LevelGroup_P40002_F40002104_G21.json",
      "Name": "Graffiti5",
      "ID": 21
    },
    {
      "GroupGUID": "14797469-f56c-4e5e-a420-74d984370b64",
      "GroupPath": "Config/LevelOutput/Group/Groups_P40002_F40002104/LevelGroup_P40002_F40002104_G22.json",
      "Name": "Graffiti6",
      "ID": 22
    },
    {
      "GroupGUID": "41f298be-993e-47e1-9715-a6e783aad44c",
      "GroupPath": "Config/LevelOutput/Group/Groups_P40002_F40002104/LevelGroup_P40002_F40002104_G23.json",
      "Name": "Graffiti7",
      "ID": 23
    },
    {
      "GroupGUID": "5979bfdc-6c26-40f2-8f5a-a736ed6bcd64",
      "GroupPath": "Config/LevelOutput/Group/Groups_P40002_F40002104/LevelGroup_P40002_F40002104_G24.json",
      "Name": "Graffiti8",
      "ID": 24
    },
    {
      "GroupGUID": "95e89481-76ea-41d6-88cf-8582713429cd",
      "GroupPath": "Config/LevelOutput/Group/Groups_P40002_F40002104/LevelGroup_P40002_F40002104_G25.json",
      "Name": "New Group",
      "ID": 25
    },
    {
      "GroupGUID": "b2fa0cf3-ac3d-483a-b0d2-d84fbd6eb9dd",
      "GroupPath": "Config/LevelOutput/Group/Groups_P40002_F40002104/LevelGroup_P40002_F40002104_G26.json",
      "Name": "BOSS1A",
      "ID": 26
    },
    {
      "GroupGUID": "c3a13df9-4a4c-480f-af80-3242e416da0a",
      "GroupPath": "Config/LevelOutput/Group/Groups_P40002_F40002104/LevelGroup_P40002_F40002104_G27.json",
      "Name": "BOSS1B",
      "ID": 27
    },
    {
      "GroupGUID": "256dc5e5-244b-49c0-843d-b3cb7b3aed03",
      "GroupPath": "Config/LevelOutput/Group/Groups_P40002_F40002104/LevelGroup_P40002_F40002104_G28.json",
      "Name": "BOSS2A",
      "ID": 28
    },
    {
      "GroupGUID": "98e90391-96f7-4533-9a98-d7ecfb06ca1e",
      "GroupPath": "Config/LevelOutput/Group/Groups_P40002_F40002104/LevelGroup_P40002_F40002104_G29.json",
      "Name": "BOSS2A",
      "ID": 29
    },
    {
      "GroupGUID": "6bab3af6-352d-4c8f-a1bc-105f7952778b",
      "GroupPath": "Config/LevelOutput/Group/Groups_P40002_F40002104/LevelGroup_P40002_F40002104_G31.json",
      "Name": "V1_Saves",
      "ID": 31
    },
    {
      "GroupGUID": "659997c0-8478-4bb6-8efb-17d45973252d",
      "GroupPath": "Config/LevelOutput/Group/Groups_P40002_F40002104/LevelGroup_P40002_F40002104_G32.json",
      "Name": "MPProp",
      "ID": 32
    },
    {
      "GroupGUID": "8769f405-a9a4-44f6-9b43-6241d261da88",
      "GroupPath": "Config/LevelOutput/Group/Groups_P40002_F40002104/LevelGroup_P40002_F40002104_G33.json",
      "Name": "Exit",
      "ID": 33
    },
    {
      "GroupGUID": "d2f6c8bc-f022-4e13-9af3-b071a92bfc49",
      "GroupPath": "Config/LevelOutput/Group/Groups_P40002_F40002104/LevelGroup_P40002_F40002104_G34.json",
      "Name": "Exit",
      "ID": 34
    },
    {
      "GroupGUID": "8b8278ed-0e46-4c2f-bd2e-5db293bee6c3",
      "GroupPath": "Config/LevelOutput/Group/Groups_P40002_F40002104/LevelGroup_P40002_F40002104_G35.json",
      "Name": "BossBlock",
      "ID": 35
    }
  ],
  "DefaultEnviroProfile": "Stages/Outputs/Chapter00/EnviroProfile/Chap00_CloseView_MAZ_N301_01_Day.enviroProfile.asset",
  "StageData": "Stages/Outputs/Chapter00/Stages/Chap00_MAZ_N301_MainLine_01_StageData/Chap00_MAZ_N301_MainLine_01_StageData.stage",
  "CameraType": "Maze",
  "TimeOfDayEnviroProfileMap": {},
  "LayerToAreaMask": [
    8,
    16
  ],
  "BattleAreaList": [],
  "DimensionList": [
    {}
  ],
  "NavmapConfigPath": "Config/LevelOutput/Map/MapInfo_P20003_F20003001.json",
  "IsRestartLevelGraph": false
}