{
  "FloorID": 40002001,
  "FloorName": "FloorName_40002001",
  "StartGroupID": 1,
  "StartAnchorID": 6,
  "GroupList": [
    {
      "GroupGUID": "114b36a8-5937-41df-bae8-2d0e594b5b6c",
      "GroupPath": "Config/LevelOutput/Group/Groups_P40002_F40002001/LevelGroup_P40002_F40002001_G1.json",
      "Name": "DefaultGroup",
      "ID": 1
    },
    {
      "GroupGUID": "da51e0fd-6740-4b17-9271-d56592f705c9",
      "GroupPath": "Config/LevelOutput/Group/Groups_P40002_F40002001/LevelGroup_P40002_F40002001_G2.json",
      "Name": "FlipBridge",
      "ID": 2
    },
    {
      "GroupGUID": "3098aae3-37c5-481b-b5e5-fff70029c9d8",
      "GroupPath": "Config/LevelOutput/Group/Groups_P40002_F40002001/LevelGroup_P40002_F40002001_G4.json",
      "Name": "MonsterGroup1",
      "ID": 4
    },
    {
      "GroupGUID": "4ad14465-746c-41cf-a0a0-faf04442e3ca",
      "GroupPath": "Config/LevelOutput/Group/Groups_P40002_F40002001/LevelGroup_P40002_F40002001_G5.json",
      "Name": "MonsterGroup2",
      "ID": 5
    },
    {
      "GroupGUID": "1ed5dbcb-0ea4-4378-b6e3-e04150657c1d",
      "GroupPath": "Config/LevelOutput/Group/Groups_P40002_F40002001/LevelGroup_P40002_F40002001_G6.json",
      "Name": "MonsterGroup3",
      "ID": 6
    },
    {
      "GroupGUID": "18c4c5be-df7e-4dce-af0a-08e51405770e",
      "GroupPath": "Config/LevelOutput/Group/Groups_P40002_F40002001/LevelGroup_P40002_F40002001_G8.json",
      "Name": "MonsterGroup5",
      "ID": 8
    },
    {
      "GroupGUID": "78c50ebd-369f-4bce-ba98-85e0443cc52f",
      "GroupPath": "Config/LevelOutput/Group/Groups_P40002_F40002001/LevelGroup_P40002_F40002001_G9.json",
      "Name": "TreasureGroup",
      "ID": 9
    },
    {
      "GroupGUID": "f83a2bc7-eb1b-4f39-bcd9-83923d4e11c5",
      "GroupPath": "Config/LevelOutput/Group/Groups_P40002_F40002001/LevelGroup_P40002_F40002001_G10.json",
      "Name": "MonsterGroup4",
      "ID": 10
    },
    {
      "GroupGUID": "e2eac5cf-71c5-4b72-a7a4-c396b62dbb80",
      "GroupPath": "Config/LevelOutput/Group/Groups_P40002_F40002001/LevelGroup_P40002_F40002001_G14.json",
      "Name": "SubMission_Group1",
      "ID": 14
    },
    {
      "GroupGUID": "0af89baa-7288-43b0-9dee-d05f1c9ca7c4",
      "GroupPath": "Config/LevelOutput/Group/Groups_P40002_F40002001/LevelGroup_P40002_F40002001_G19.json",
      "Name": "PadsPuzzle",
      "ID": 19
    },
    {
      "GroupGUID": "58b1eb50-f3d6-4538-9249-7fc5496f8648",
      "GroupPath": "Config/LevelOutput/Group/Groups_P40002_F40002001/LevelGroup_P40002_F40002001_G20.json",
      "Name": "Elevator",
      "ID": 20
    },
    {
      "GroupGUID": "471075d3-b9b0-460c-84e8-3e89e2c1cbee",
      "GroupPath": "Config/LevelOutput/Group/Groups_P40002_F40002001/LevelGroup_P40002_F40002001_G21.json",
      "Name": "Door",
      "ID": 21
    },
    {
      "GroupGUID": "3f70fa82-e3d7-4ca2-afa8-330ea811c321",
      "GroupPath": "Config/LevelOutput/Group/Groups_P40002_F40002001/LevelGroup_P40002_F40002001_G25.json",
      "Name": "Sound",
      "ID": 25
    },
    {
      "GroupGUID": "efd94be1-55b4-485b-98f8-5418ce98ab8c",
      "GroupPath": "Config/LevelOutput/Group/Groups_P40002_F40002001/LevelGroup_P40002_F40002001_G27.json",
      "Name": "MainMission_RoadBlock",
      "ID": 27
    }
  ],
  "DefaultEnviroProfile": "Stages/Outputs/Chapter00/EnviroProfile/Chap00_CloseView_MAZ_N201_01_Day.enviroProfile.asset",
  "StageData": "Stages/Outputs/Chapter00/Stages/Chap00_MAZ_N201_MainLine_01_StageData/Chap00_MAZ_N201_MainLine_01_StageData.stage",
  "CameraType": "Maze",
  "TimeOfDayEnviroProfileMap": {},
  "LayerToAreaMask": [
    8,
    16,
    32
  ],
  "NavmapConfigPath": "Config/LevelOutput/Map/MapInfo_P20002_F20002001.json",
  "IsRestartLevelGraph": false
}