{
  "FloorID": 40002102,
  "FloorName": "FloorName_40002102",
  "StartGroupID": 1,
  "StartAnchorID": 1,
  "GroupList": [
    {
      "GroupGUID": "0f896047-0e87-4518-9ea8-84b84b137ef6",
      "GroupPath": "Config/LevelOutput/Group/Groups_P40002_F40002102/LevelGroup_P40002_F40002102_G1.json",
      "Name": "DefaultGroup",
      "ID": 1
    },
    {
      "GroupGUID": "7f7de244-7add-41c1-a7a5-e804a3d961e2",
      "GroupPath": "Config/LevelOutput/Group/Groups_P40002_F40002102/LevelGroup_P40002_F40002102_G2.json",
      "Name": "Graffiti1",
      "ID": 2
    },
    {
      "GroupGUID": "fbfe3d8e-c0b1-42c1-9d6f-bfbf0b3164f0",
      "GroupPath": "Config/LevelOutput/Group/Groups_P40002_F40002102/LevelGroup_P40002_F40002102_G3.json",
      "Name": "Sound",
      "ID": 3
    },
    {
      "GroupGUID": "fa61863e-7990-4184-9b9f-b7fb9b51a922",
      "GroupPath": "Config/LevelOutput/Group/Groups_P40002_F40002102/LevelGroup_P40002_F40002102_G4.json",
      "Name": "StageProp",
      "ID": 4
    },
    {
      "GroupGUID": "2de5415d-a8a8-42a3-9e02-d90d940dc1c5",
      "GroupPath": "Config/LevelOutput/Group/Groups_P40002_F40002102/LevelGroup_P40002_F40002102_G5.json",
      "Name": "Elevator",
      "ID": 5
    },
    {
      "GroupGUID": "fd1d6d2b-edaf-4f5b-a227-da210d0bc26f",
      "GroupPath": "Config/LevelOutput/Group/Groups_P40002_F40002102/LevelGroup_P40002_F40002102_G6.json",
      "Name": "FlipBridge",
      "ID": 6
    },
    {
      "GroupGUID": "07ad55b7-4612-4fba-a5dd-af25906a00ea",
      "GroupPath": "Config/LevelOutput/Group/Groups_P40002_F40002102/LevelGroup_P40002_F40002102_G7.json",
      "Name": "PadsPuzzle1",
      "ID": 7
    },
    {
      "GroupGUID": "dba09913-1d9a-4474-8d2a-d0517f2e4b0e",
      "GroupPath": "Config/LevelOutput/Group/Groups_P40002_F40002102/LevelGroup_P40002_F40002102_G8.json",
      "Name": "PadBridge",
      "ID": 8
    },
    {
      "GroupGUID": "22d6c04f-2a2f-457f-b50a-b7b19f329b2c",
      "GroupPath": "Config/LevelOutput/Group/Groups_P40002_F40002102/LevelGroup_P40002_F40002102_G9.json",
      "Name": "PadPuzzle2",
      "ID": 9
    },
    {
      "GroupGUID": "11261d18-2798-40cb-ad55-21c2b412c9ba",
      "GroupPath": "Config/LevelOutput/Group/Groups_P40002_F40002102/LevelGroup_P40002_F40002102_G10.json",
      "Name": "PadsPuzzle3",
      "ID": 10
    },
    {
      "GroupGUID": "69df53c6-72e3-4d60-a7fe-28c661c59409",
      "GroupPath": "Config/LevelOutput/Group/Groups_P40002_F40002102/LevelGroup_P40002_F40002102_G11.json",
      "Name": "Monster Group",
      "ID": 11
    },
    {
      "GroupGUID": "14ed061a-cc5a-4ad1-9719-09481c35f6e6",
      "GroupPath": "Config/LevelOutput/Group/Groups_P40002_F40002102/LevelGroup_P40002_F40002102_G12.json",
      "Name": "Graffiti2",
      "ID": 12
    },
    {
      "GroupGUID": "ee926b8a-0963-43b0-8c64-b3404f220439",
      "GroupPath": "Config/LevelOutput/Group/Groups_P40002_F40002102/LevelGroup_P40002_F40002102_G13.json",
      "Name": "Graffiti3",
      "ID": 13
    },
    {
      "GroupGUID": "e8f826d6-230b-417f-b65c-3ed06cc83d9c",
      "GroupPath": "Config/LevelOutput/Group/Groups_P40002_F40002102/LevelGroup_P40002_F40002102_G14.json",
      "Name": "Graffiti4",
      "ID": 14
    },
    {
      "GroupGUID": "c4c4da8d-7362-45a0-84b4-6f80199d263c",
      "GroupPath": "Config/LevelOutput/Group/Groups_P40002_F40002102/LevelGroup_P40002_F40002102_G15.json",
      "Name": "Graffiti5",
      "ID": 15
    },
    {
      "GroupGUID": "0da01e0e-07cf-4106-aed5-5a525dbe8e96",
      "GroupPath": "Config/LevelOutput/Group/Groups_P40002_F40002102/LevelGroup_P40002_F40002102_G16.json",
      "Name": "Graffiti6",
      "ID": 16
    },
    {
      "GroupGUID": "50eb76ad-cfb4-4099-852c-94fd14ff6072",
      "GroupPath": "Config/LevelOutput/Group/Groups_P40002_F40002102/LevelGroup_P40002_F40002102_G17.json",
      "Name": "Graffiti7",
      "ID": 17
    },
    {
      "GroupGUID": "59cf2605-67ca-4c53-bb81-c1f00873e33e",
      "GroupPath": "Config/LevelOutput/Group/Groups_P40002_F40002102/LevelGroup_P40002_F40002102_G18.json",
      "Name": "Graffiti8",
      "ID": 18
    },
    {
      "GroupGUID": "f302ffbd-88c0-4977-bc35-b20f38da85db",
      "GroupPath": "Config/LevelOutput/Group/Groups_P40002_F40002102/LevelGroup_P40002_F40002102_G19.json",
      "Name": "Graffiti9",
      "ID": 19
    },
    {
      "GroupGUID": "6b19f6da-8afa-4110-9b00-5a9bace2b134",
      "GroupPath": "Config/LevelOutput/Group/Groups_P40002_F40002102/LevelGroup_P40002_F40002102_G20.json",
      "Name": "Boss1",
      "ID": 20
    },
    {
      "GroupGUID": "ae324060-c28e-427e-8591-27376de762a0",
      "GroupPath": "Config/LevelOutput/Group/Groups_P40002_F40002102/LevelGroup_P40002_F40002102_G21.json",
      "Name": "Boss1",
      "ID": 21
    },
    {
      "GroupGUID": "57e9e61f-9968-4fc4-9276-5f44b4065c6f",
      "GroupPath": "Config/LevelOutput/Group/Groups_P40002_F40002102/LevelGroup_P40002_F40002102_G22.json",
      "Name": "Boss2",
      "ID": 22
    },
    {
      "GroupGUID": "bfbae609-d37c-45aa-9f61-7ad040ec70c2",
      "GroupPath": "Config/LevelOutput/Group/Groups_P40002_F40002102/LevelGroup_P40002_F40002102_G23.json",
      "Name": "Boss2",
      "ID": 23
    },
    {
      "GroupGUID": "f0f46c8a-0037-483e-b1f0-438a7dd86e0a",
      "GroupPath": "Config/LevelOutput/Group/Groups_P40002_F40002102/LevelGroup_P40002_F40002102_G24.json",
      "Name": "Buffprop",
      "ID": 24
    },
    {
      "GroupGUID": "f5d3567e-d7d2-4fe0-83bc-4aade314f6ba",
      "GroupPath": "Config/LevelOutput/Group/Groups_P40002_F40002102/LevelGroup_P40002_F40002102_G25.json",
      "Name": "V1_Saves",
      "ID": 25
    },
    {
      "GroupGUID": "42d59c0a-b555-4097-84b8-c941f97456d9",
      "GroupPath": "Config/LevelOutput/Group/Groups_P40002_F40002102/LevelGroup_P40002_F40002102_G28.json",
      "Name": "Elite1",
      "ID": 28
    },
    {
      "GroupGUID": "149c87e9-7af3-4259-84dc-8fe31f96db57",
      "GroupPath": "Config/LevelOutput/Group/Groups_P40002_F40002102/LevelGroup_P40002_F40002102_G29.json",
      "Name": "MPProp",
      "ID": 29
    },
    {
      "GroupGUID": "c73e202d-2bf1-43d2-8320-d86f0e546526",
      "GroupPath": "Config/LevelOutput/Group/Groups_P40002_F40002102/LevelGroup_P40002_F40002102_G30.json",
      "Name": "Exit",
      "ID": 30
    },
    {
      "GroupGUID": "94995c31-f33c-460e-a885-47cd143df01c",
      "GroupPath": "Config/LevelOutput/Group/Groups_P40002_F40002102/LevelGroup_P40002_F40002102_G31.json",
      "Name": "Exit1",
      "ID": 31
    },
    {
      "GroupGUID": "1542ad80-dcec-4ac1-bad1-2e6b5ca1316b",
      "GroupPath": "Config/LevelOutput/Group/Groups_P40002_F40002102/LevelGroup_P40002_F40002102_G32.json",
      "Name": "Mute",
      "ID": 32
    },
    {
      "GroupGUID": "5ddbe6a1-c8c4-4d9a-959a-63966da9779d",
      "GroupPath": "Config/LevelOutput/Group/Groups_P40002_F40002102/LevelGroup_P40002_F40002102_G33.json",
      "Name": "Active",
      "ID": 33
    },
    {
      "GroupGUID": "d4fe29f7-494a-4fb0-a56c-cb5fa6d35f2b",
      "GroupPath": "Config/LevelOutput/Group/Groups_P40002_F40002102/LevelGroup_P40002_F40002102_G34.json",
      "Name": "Hint",
      "ID": 34
    }
  ],
  "DefaultEnviroProfile": "Stages/Outputs/Chapter00/EnviroProfile/Chap00_CloseView_MAZ_N201_01_Day.enviroProfile.asset",
  "StageData": "Stages/Outputs/Chapter00/Stages/Chap00_MAZ_N201_MainLine_01_StageData/Chap00_MAZ_N201_MainLine_01_StageData.stage",
  "CameraType": "Maze",
  "TimeOfDayEnviroProfileMap": {},
  "LayerToAreaMask": [
    8,
    16,
    32
  ],
  "BattleAreaList": [],
  "DimensionList": [
    {}
  ],
  "NavmapConfigPath": "Config/LevelOutput/Map/MapInfo_P20002_F20002001.json",
  "IsRestartLevelGraph": false
}