{
  "FloorID": 40002101,
  "FloorName": "FloorName_40002101",
  "StartGroupID": 1,
  "StartAnchorID": 1,
  "GroupList": [
    {
      "GroupGUID": "0e68faea-4f96-4e30-8fbe-d47b14fd45d2",
      "GroupPath": "Config/LevelOutput/Group/Groups_P40002_F40002101/LevelGroup_P40002_F40002101_G1.json",
      "Name": "DefaultGroup",
      "ID": 1
    },
    {
      "GroupGUID": "f55bdc3d-a5fb-4154-99ce-8a03c40f3132",
      "GroupPath": "Config/LevelOutput/Group/Groups_P40002_F40002101/LevelGroup_P40002_F40002101_G2.json",
      "Name": "Graffiti1",
      "ID": 2
    },
    {
      "GroupGUID": "5991dab8-4965-486f-b872-15ade3f946c2",
      "GroupPath": "Config/LevelOutput/Group/Groups_P40002_F40002101/LevelGroup_P40002_F40002101_G3.json",
      "Name": "Sound",
      "ID": 3
    },
    {
      "GroupGUID": "7f240253-c6b4-4304-84a9-5ea550e2d6bb",
      "GroupPath": "Config/LevelOutput/Group/Groups_P40002_F40002101/LevelGroup_P40002_F40002101_G4.json",
      "Name": "StageProp",
      "ID": 4
    },
    {
      "GroupGUID": "bc2c4be9-fd85-4b72-a603-e996808a79fa",
      "GroupPath": "Config/LevelOutput/Group/Groups_P40002_F40002101/LevelGroup_P40002_F40002101_G5.json",
      "Name": "Elevator",
      "ID": 5
    },
    {
      "GroupGUID": "a8af7533-b824-47ea-bdc8-7168f0b752ee",
      "GroupPath": "Config/LevelOutput/Group/Groups_P40002_F40002101/LevelGroup_P40002_F40002101_G6.json",
      "Name": "FlipBridge",
      "ID": 6
    },
    {
      "GroupGUID": "4cdcd8cc-2e2c-47a7-aad8-cb7cba2b2e0a",
      "GroupPath": "Config/LevelOutput/Group/Groups_P40002_F40002101/LevelGroup_P40002_F40002101_G7.json",
      "Name": "PadsPuzzle1",
      "ID": 7
    },
    {
      "GroupGUID": "9035004a-de93-4d47-8acf-ce4d2623dd48",
      "GroupPath": "Config/LevelOutput/Group/Groups_P40002_F40002101/LevelGroup_P40002_F40002101_G8.json",
      "Name": "PadBridge",
      "ID": 8
    },
    {
      "GroupGUID": "29c1013a-17ea-4355-86be-f9f8b4f57f28",
      "GroupPath": "Config/LevelOutput/Group/Groups_P40002_F40002101/LevelGroup_P40002_F40002101_G9.json",
      "Name": "PadPuzzle2",
      "ID": 9
    },
    {
      "GroupGUID": "9b16ca73-3741-4614-81d2-4b8718ba00f6",
      "GroupPath": "Config/LevelOutput/Group/Groups_P40002_F40002101/LevelGroup_P40002_F40002101_G10.json",
      "Name": "PadsPuzzle3",
      "ID": 10
    },
    {
      "GroupGUID": "514ce4b8-0c85-458a-81d6-28ed9e0c5991",
      "GroupPath": "Config/LevelOutput/Group/Groups_P40002_F40002101/LevelGroup_P40002_F40002101_G11.json",
      "Name": "Monster Group",
      "ID": 11
    },
    {
      "GroupGUID": "897715c7-5a57-4535-9d6f-18edfb8ba003",
      "GroupPath": "Config/LevelOutput/Group/Groups_P40002_F40002101/LevelGroup_P40002_F40002101_G12.json",
      "Name": "Graffiti2",
      "ID": 12
    },
    {
      "GroupGUID": "933c93e7-18d3-474d-b0d6-b8df57cf4734",
      "GroupPath": "Config/LevelOutput/Group/Groups_P40002_F40002101/LevelGroup_P40002_F40002101_G13.json",
      "Name": "Graffiti3",
      "ID": 13
    },
    {
      "GroupGUID": "38fc36f9-89d0-4a0c-9fc6-77206052ec73",
      "GroupPath": "Config/LevelOutput/Group/Groups_P40002_F40002101/LevelGroup_P40002_F40002101_G14.json",
      "Name": "Graffiti4",
      "ID": 14
    },
    {
      "GroupGUID": "5fcef7a0-1773-4c85-b627-78ca61f07402",
      "GroupPath": "Config/LevelOutput/Group/Groups_P40002_F40002101/LevelGroup_P40002_F40002101_G15.json",
      "Name": "Graffiti5",
      "ID": 15
    },
    {
      "GroupGUID": "629cdcad-dae3-48e5-a42d-deff7c7f6be4",
      "GroupPath": "Config/LevelOutput/Group/Groups_P40002_F40002101/LevelGroup_P40002_F40002101_G16.json",
      "Name": "BuffProp",
      "ID": 16
    },
    {
      "GroupGUID": "59963e09-8699-42f1-8a05-c0dc73f4eb79",
      "GroupPath": "Config/LevelOutput/Group/Groups_P40002_F40002101/LevelGroup_P40002_F40002101_G17.json",
      "Name": "V1_Saves",
      "ID": 17
    },
    {
      "GroupGUID": "b11ee1eb-1f48-4202-ab3a-94914e957836",
      "GroupPath": "Config/LevelOutput/Group/Groups_P40002_F40002101/LevelGroup_P40002_F40002101_G18.json",
      "Name": "MPProp",
      "ID": 18
    },
    {
      "GroupGUID": "d00e78d8-4339-42f4-94ff-05c8a9c3cb17",
      "GroupPath": "Config/LevelOutput/Group/Groups_P40002_F40002101/LevelGroup_P40002_F40002101_G19.json",
      "Name": "Exit",
      "ID": 19
    },
    {
      "GroupGUID": "45d8d62d-102b-437c-b494-3f03636bb48f",
      "GroupPath": "Config/LevelOutput/Group/Groups_P40002_F40002101/LevelGroup_P40002_F40002101_G20.json",
      "Name": "Exit",
      "ID": 20
    }
  ],
  "DefaultEnviroProfile": "Stages/Outputs/Chapter00/EnviroProfile/Chap00_CloseView_MAZ_N201_01_Day.enviroProfile.asset",
  "StageData": "Stages/Outputs/Chapter00/Stages/Chap00_MAZ_N201_MainLine_01_StageData/Chap00_MAZ_N201_MainLine_01_StageData.stage",
  "CameraType": "Maze",
  "TimeOfDayEnviroProfileMap": {},
  "LayerToAreaMask": [
    8,
    16,
    32
  ],
  "BattleAreaList": [],
  "DimensionList": [
    {}
  ],
  "NavmapConfigPath": "Config/LevelOutput/Map/MapInfo_P20002_F20002001.json",
  "IsRestartLevelGraph": false
}