{
  "FloorID": 40002004,
  "FloorName": "FloorName_40002004",
  "StartGroupID": 1,
  "StartAnchorID": 1,
  "GroupList": [
    {
      "GroupGUID": "ece88816-724b-4191-b9ff-e4f2db58515e",
      "GroupPath": "Config/LevelOutput/Group/Groups_P40002_F40002004/LevelGroup_P40002_F40002004_G1.json",
      "Name": "DefaultGroup",
      "ID": 1
    },
    {
      "GroupGUID": "86fa204c-7143-4ad5-99d0-8ca0bc24f872",
      "GroupPath": "Config/LevelOutput/Group/Groups_P40002_F40002004/LevelGroup_P40002_F40002004_G2.json",
      "Name": "FlipBridge",
      "ID": 2
    },
    {
      "GroupGUID": "9edb4248-e94b-44f7-b44c-a3fdcfcb0022",
      "GroupPath": "Config/LevelOutput/Group/Groups_P40002_F40002004/LevelGroup_P40002_F40002004_G3.json",
      "Name": "MonsterGroup1",
      "ID": 3
    },
    {
      "GroupGUID": "26122238-6c7a-46bf-9410-1a7c43b7b340",
      "GroupPath": "Config/LevelOutput/Group/Groups_P40002_F40002004/LevelGroup_P40002_F40002004_G4.json",
      "Name": "MonsterGroup2",
      "ID": 4
    },
    {
      "GroupGUID": "e88b9aa5-5452-4f2c-b08f-746c8e6684a3",
      "GroupPath": "Config/LevelOutput/Group/Groups_P40002_F40002004/LevelGroup_P40002_F40002004_G5.json",
      "Name": "MonsterGroup3",
      "ID": 5
    },
    {
      "GroupGUID": "33114b01-c7ca-4190-bd90-cefd694299df",
      "GroupPath": "Config/LevelOutput/Group/Groups_P40002_F40002004/LevelGroup_P40002_F40002004_G6.json",
      "Name": "Door",
      "ID": 6
    },
    {
      "GroupGUID": "b27e0a9a-8096-4708-a1ab-1b14b603b1ac",
      "GroupPath": "Config/LevelOutput/Group/Groups_P40002_F40002004/LevelGroup_P40002_F40002004_G7.json",
      "Name": "MonsterGroup5",
      "ID": 7
    },
    {
      "GroupGUID": "40d4ebfd-ed7c-438f-a8e1-2decd8c3ef0d",
      "GroupPath": "Config/LevelOutput/Group/Groups_P40002_F40002004/LevelGroup_P40002_F40002004_G8.json",
      "Name": "TreasureGroup",
      "ID": 8
    },
    {
      "GroupGUID": "5e2815f9-2dd5-4a80-82b0-779fb9906d34",
      "GroupPath": "Config/LevelOutput/Group/Groups_P40002_F40002004/LevelGroup_P40002_F40002004_G9.json",
      "Name": "MonsterGroup4",
      "ID": 9
    },
    {
      "GroupGUID": "8378f391-728c-4548-a220-2f7d45d47992",
      "GroupPath": "Config/LevelOutput/Group/Groups_P40002_F40002004/LevelGroup_P40002_F40002004_G10.json",
      "Name": "Battery_MonsterGroup1",
      "ID": 10
    },
    {
      "GroupGUID": "ef1b231d-6e4d-49de-a0b1-135404c94d66",
      "GroupPath": "Config/LevelOutput/Group/Groups_P40002_F40002004/LevelGroup_P40002_F40002004_G11.json",
      "Name": "Battery_MonsterGroup2",
      "ID": 11
    },
    {
      "GroupGUID": "91c12c4a-fd27-4ec1-b3a1-0daac163eda7",
      "GroupPath": "Config/LevelOutput/Group/Groups_P40002_F40002004/LevelGroup_P40002_F40002004_G12.json",
      "Name": "Battery_MonsterGroup3",
      "ID": 12
    },
    {
      "GroupGUID": "1b09cf0a-3d07-4b43-a9e0-f8b6a6f00844",
      "GroupPath": "Config/LevelOutput/Group/Groups_P40002_F40002004/LevelGroup_P40002_F40002004_G13.json",
      "Name": "SubMission_Group1",
      "ID": 13
    },
    {
      "GroupGUID": "92d92350-5629-44ba-99fb-566facedee83",
      "GroupPath": "Config/LevelOutput/Group/Groups_P40002_F40002004/LevelGroup_P40002_F40002004_G20.json",
      "Name": "SubMission_Group2",
      "ID": 20
    },
    {
      "GroupGUID": "c0178745-b469-4350-b8b1-87344b95c6a7",
      "GroupPath": "Config/LevelOutput/Group/Groups_P40002_F40002004/LevelGroup_P40002_F40002004_G21.json",
      "Name": "SubMission_Group3",
      "ID": 21
    },
    {
      "GroupGUID": "8ada1ff3-b87f-4ebe-a232-f156f2f1b66e",
      "GroupPath": "Config/LevelOutput/Group/Groups_P40002_F40002004/LevelGroup_P40002_F40002004_G14.json",
      "Name": "Elevator",
      "ID": 14
    },
    {
      "GroupGUID": "edca585e-fa18-43a7-92ed-5e04695b6ae6",
      "GroupPath": "Config/LevelOutput/Group/Groups_P40002_F40002004/LevelGroup_P40002_F40002004_G16.json",
      "Name": "Room1 Group",
      "ID": 16
    },
    {
      "GroupGUID": "e2ea6aa6-fca4-41a1-abe4-620607dd9961",
      "GroupPath": "Config/LevelOutput/Group/Groups_P40002_F40002004/LevelGroup_P40002_F40002004_G22.json",
      "Name": "HPProp Group",
      "ID": 22
    },
    {
      "GroupGUID": "950eb511-8936-4aff-9a38-cb7c40ca8c0a",
      "GroupPath": "Config/LevelOutput/Group/Groups_P40002_F40002004/LevelGroup_P40002_F40002004_G23.json",
      "Name": "V1_Saves",
      "ID": 23
    },
    {
      "GroupGUID": "bfc3b5fb-a506-4a14-95b0-f7ee38eeefe0",
      "GroupPath": "Config/LevelOutput/Group/Groups_P40002_F40002004/LevelGroup_P40002_F40002004_G15.json",
      "Name": "V1_Monster1",
      "ID": 15
    },
    {
      "GroupGUID": "82c4f3ce-603d-4602-bfc8-df83f5d47a0a",
      "GroupPath": "Config/LevelOutput/Group/Groups_P40002_F40002004/LevelGroup_P40002_F40002004_G17.json",
      "Name": "V1_Monster2",
      "ID": 17
    },
    {
      "GroupGUID": "c74f4e27-f645-4952-8ce5-ffb4f2e0448f",
      "GroupPath": "Config/LevelOutput/Group/Groups_P40002_F40002004/LevelGroup_P40002_F40002004_G18.json",
      "Name": "V1_KeyProp1 Group",
      "ID": 18
    },
    {
      "GroupGUID": "b80b5e4f-ce56-46d6-941c-39422866bb7c",
      "GroupPath": "Config/LevelOutput/Group/Groups_P40002_F40002004/LevelGroup_P40002_F40002004_G19.json",
      "Name": "V1_KeyProp Group",
      "ID": 19
    },
    {
      "GroupGUID": "66aa5ec3-c534-44f2-8c93-154a10a00031",
      "GroupPath": "Config/LevelOutput/Group/Groups_P40002_F40002004/LevelGroup_P40002_F40002004_G24.json",
      "Name": "PadsPuzzle1",
      "ID": 24
    },
    {
      "GroupGUID": "9a94cba5-fc8b-45e7-b5a9-94f04b1b396f",
      "GroupPath": "Config/LevelOutput/Group/Groups_P40002_F40002004/LevelGroup_P40002_F40002004_G25.json",
      "Name": "FlipBridge",
      "ID": 25
    },
    {
      "GroupGUID": "552eac3f-ffc7-4a0e-a09c-a6474e98a4ed",
      "GroupPath": "Config/LevelOutput/Group/Groups_P40002_F40002004/LevelGroup_P40002_F40002004_G28.json",
      "Name": "PadPuzzle2",
      "ID": 28
    },
    {
      "GroupGUID": "3e467bee-ccfd-4e8a-852f-ef1d31b3362d",
      "GroupPath": "Config/LevelOutput/Group/Groups_P40002_F40002004/LevelGroup_P40002_F40002004_G29.json",
      "Name": "V1_KeyProp2 Group",
      "ID": 29
    },
    {
      "GroupGUID": "6f00d948-23ef-4b79-bf5b-3931454a346e",
      "GroupPath": "Config/LevelOutput/Group/Groups_P40002_F40002004/LevelGroup_P40002_F40002004_G30.json",
      "Name": "V1_NPC_Group",
      "ID": 30
    },
    {
      "GroupGUID": "74ab06d2-3e93-4453-addd-d1a2b43a780b",
      "GroupPath": "Config/LevelOutput/Group/Groups_P40002_F40002004/LevelGroup_P40002_F40002004_G31.json",
      "Name": "DialogBlock1 Group",
      "ID": 31
    },
    {
      "GroupGUID": "05a55348-aefd-4dc3-bee4-777dc76dfe6e",
      "GroupPath": "Config/LevelOutput/Group/Groups_P40002_F40002004/LevelGroup_P40002_F40002004_G32.json",
      "Name": "DialogBlock2 Group",
      "ID": 32
    },
    {
      "GroupGUID": "2bf744bf-ba85-4acd-97ef-06baae75fc3e",
      "GroupPath": "Config/LevelOutput/Group/Groups_P40002_F40002004/LevelGroup_P40002_F40002004_G33.json",
      "Name": "DialogBlock1 Group",
      "ID": 33
    },
    {
      "GroupGUID": "f88b13c2-1754-4b6d-9ce8-1192c44c7498",
      "GroupPath": "Config/LevelOutput/Group/Groups_P40002_F40002004/LevelGroup_P40002_F40002004_G34.json",
      "Name": "InteractProp Group",
      "ID": 34
    },
    {
      "GroupGUID": "919af871-8895-49e3-97f6-963f9c43bb10",
      "GroupPath": "Config/LevelOutput/Group/Groups_P40002_F40002004/LevelGroup_P40002_F40002004_G35.json",
      "Name": "V1_KeyProp3 Group",
      "ID": 35
    },
    {
      "GroupGUID": "3ca62b83-9380-45d8-aaac-6a2f44521f18",
      "GroupPath": "Config/LevelOutput/Group/Groups_P40002_F40002004/LevelGroup_P40002_F40002004_G36.json",
      "Name": "V1_KeyProp4 Group",
      "ID": 36
    },
    {
      "GroupGUID": "525843ad-f371-40b9-844d-df96bf381ff1",
      "GroupPath": "Config/LevelOutput/Group/Groups_P40002_F40002004/LevelGroup_P40002_F40002004_G37.json",
      "Name": "V1_KeyProp5 Group",
      "ID": 37
    },
    {
      "GroupGUID": "35e6b3c8-97fb-4295-912e-c1b3d56b5d9f",
      "GroupPath": "Config/LevelOutput/Group/Groups_P40002_F40002004/LevelGroup_P40002_F40002004_G39.json",
      "Name": "V1_Monster3",
      "ID": 39
    },
    {
      "GroupGUID": "444ae6b3-05b3-4c2d-8d15-32ee658b663b",
      "GroupPath": "Config/LevelOutput/Group/Groups_P40002_F40002004/LevelGroup_P40002_F40002004_G40.json",
      "Name": "V1_KeyProp6 Group",
      "ID": 40
    },
    {
      "GroupGUID": "5bbe68c2-164a-4431-870f-48a4b168d785",
      "GroupPath": "Config/LevelOutput/Group/Groups_P40002_F40002004/LevelGroup_P40002_F40002004_G41.json",
      "Name": "V1_Monster4",
      "ID": 41
    },
    {
      "GroupGUID": "3e22b3c6-1514-482c-a80e-2133e212381f",
      "GroupPath": "Config/LevelOutput/Group/Groups_P40002_F40002004/LevelGroup_P40002_F40002004_G42.json",
      "Name": "V1_Monster5",
      "ID": 42
    },
    {
      "GroupGUID": "dc5cdab6-36ed-42d9-b012-68fd450ac521",
      "GroupPath": "Config/LevelOutput/Group/Groups_P40002_F40002004/LevelGroup_P40002_F40002004_G43.json",
      "Name": "V1_Monster6",
      "ID": 43
    },
    {
      "GroupGUID": "6b29793b-43dc-4316-a2f0-897e87bfe42a",
      "GroupPath": "Config/LevelOutput/Group/Groups_P40002_F40002004/LevelGroup_P40002_F40002004_G45.json",
      "Name": "Sound",
      "ID": 45
    },
    {
      "GroupGUID": "8929635e-b8ea-4e4a-97e7-77f4c53d90df",
      "GroupPath": "Config/LevelOutput/Group/Groups_P40002_F40002004/LevelGroup_P40002_F40002004_G47.json",
      "Name": "MainMission_RoadBlock",
      "ID": 47
    }
  ],
  "DefaultEnviroProfile": "Stages/Outputs/Chapter00/EnviroProfile/Chap00_CloseView_MAZ_N201_01_Day.enviroProfile.asset",
  "StageData": "Stages/Outputs/Chapter00/Stages/Chap00_MAZ_N201_MainLine_01_StageData/Chap00_MAZ_N201_MainLine_01_StageData.stage",
  "CameraType": "Maze",
  "TimeOfDayEnviroProfileMap": {},
  "LayerToAreaMask": [
    8,
    16,
    32
  ],
  "BattleAreaList": [],
  "DimensionList": [
    {}
  ],
  "NavmapConfigPath": "Config/LevelOutput/Map/MapInfo_P20002_F20002001.json",
  "IsRestartLevelGraph": false
}