{
  "FloorID": 40002003,
  "FloorName": "FloorName_40002003",
  "StartGroupID": 3,
  "StartAnchorID": 1,
  "GroupList": [
    {
      "GroupGUID": "ce00b57f-f41c-47ff-836f-02f49d51e0fb",
      "GroupPath": "Config/LevelOutput/Group/Groups_P40002_F40002003/LevelGroup_P40002_F40002003_G3.json",
      "Name": "DefaultGroup",
      "ID": 3
    },
    {
      "GroupGUID": "b09a6a35-6039-465c-b814-10ec994a93ba",
      "GroupPath": "Config/LevelOutput/Group/Groups_P40002_F40002003/LevelGroup_P40002_F40002003_G4.json",
      "Name": "FlipBridge",
      "ID": 4
    },
    {
      "GroupGUID": "a611c021-c6e0-4aa9-a3f0-4e9247cce29a",
      "GroupPath": "Config/LevelOutput/Group/Groups_P40002_F40002003/LevelGroup_P40002_F40002003_G5.json",
      "Name": "MonsterGroup1",
      "ID": 5
    },
    {
      "GroupGUID": "9e20ad6e-8e1b-4955-a321-97a122244c38",
      "GroupPath": "Config/LevelOutput/Group/Groups_P40002_F40002003/LevelGroup_P40002_F40002003_G6.json",
      "Name": "MonsterGroup2",
      "ID": 6
    },
    {
      "GroupGUID": "dfc648c8-fc8a-4e76-9962-69749668001b",
      "GroupPath": "Config/LevelOutput/Group/Groups_P40002_F40002003/LevelGroup_P40002_F40002003_G7.json",
      "Name": "MonsterGroup3",
      "ID": 7
    },
    {
      "GroupGUID": "42ebc184-945f-47fc-bef2-25c09e15d661",
      "GroupPath": "Config/LevelOutput/Group/Groups_P40002_F40002003/LevelGroup_P40002_F40002003_G8.json",
      "Name": "V1_Door",
      "ID": 8
    },
    {
      "GroupGUID": "d8539ca4-2326-4783-8847-182ce5d14902",
      "GroupPath": "Config/LevelOutput/Group/Groups_P40002_F40002003/LevelGroup_P40002_F40002003_G9.json",
      "Name": "MonsterGroup5",
      "ID": 9
    },
    {
      "GroupGUID": "282ec921-0c7d-43af-93e7-39b51a2d4377",
      "GroupPath": "Config/LevelOutput/Group/Groups_P40002_F40002003/LevelGroup_P40002_F40002003_G10.json",
      "Name": "TreasureGroup",
      "ID": 10
    },
    {
      "GroupGUID": "d8aa1a5e-9fd0-4b82-9203-de7b8c187fa9",
      "GroupPath": "Config/LevelOutput/Group/Groups_P40002_F40002003/LevelGroup_P40002_F40002003_G11.json",
      "Name": "MonsterGroup4",
      "ID": 11
    },
    {
      "GroupGUID": "ddda9470-f43d-49fe-91cb-a2e33c2f5d71",
      "GroupPath": "Config/LevelOutput/Group/Groups_P40002_F40002003/LevelGroup_P40002_F40002003_G12.json",
      "Name": "Battery_MonsterGroup1",
      "ID": 12
    },
    {
      "GroupGUID": "f0d9befc-8303-499e-a9c7-be321b444a6b",
      "GroupPath": "Config/LevelOutput/Group/Groups_P40002_F40002003/LevelGroup_P40002_F40002003_G13.json",
      "Name": "Battery_MonsterGroup2",
      "ID": 13
    },
    {
      "GroupGUID": "c2ea303f-a8b9-47bd-adb9-d8f688a6cb8d",
      "GroupPath": "Config/LevelOutput/Group/Groups_P40002_F40002003/LevelGroup_P40002_F40002003_G14.json",
      "Name": "Battery_MonsterGroup3",
      "ID": 14
    },
    {
      "GroupGUID": "d5482fde-ef2c-4d28-947b-555970370d9e",
      "GroupPath": "Config/LevelOutput/Group/Groups_P40002_F40002003/LevelGroup_P40002_F40002003_G16.json",
      "Name": "V1_Elevator",
      "ID": 16
    },
    {
      "GroupGUID": "7f83e15d-6247-4a8c-a649-69e095d8aaaa",
      "GroupPath": "Config/LevelOutput/Group/Groups_P40002_F40002003/LevelGroup_P40002_F40002003_G17.json",
      "Name": "Room1 Group",
      "ID": 17
    },
    {
      "GroupGUID": "5242c58d-b3ac-4b45-a664-ec2890162b0c",
      "GroupPath": "Config/LevelOutput/Group/Groups_P40002_F40002003/LevelGroup_P40002_F40002003_G15.json",
      "Name": "SubMission_Group1",
      "ID": 15
    },
    {
      "GroupGUID": "ff0faf54-4e70-416a-a1e7-d647962ef887",
      "GroupPath": "Config/LevelOutput/Group/Groups_P40002_F40002003/LevelGroup_P40002_F40002003_G21.json",
      "Name": "SubMission_Group2",
      "ID": 21
    },
    {
      "GroupGUID": "20aa40dd-b83d-438f-b4b3-5d2a0834181f",
      "GroupPath": "Config/LevelOutput/Group/Groups_P40002_F40002003/LevelGroup_P40002_F40002003_G22.json",
      "Name": "SubMission_Group3",
      "ID": 22
    },
    {
      "GroupGUID": "faca1213-083f-4144-8dc9-d562fedf9f8f",
      "GroupPath": "Config/LevelOutput/Group/Groups_P40002_F40002003/LevelGroup_P40002_F40002003_G23.json",
      "Name": "HPProp Group",
      "ID": 23
    },
    {
      "GroupGUID": "2809a413-d614-4448-82b0-49ea0bd9cd48",
      "GroupPath": "Config/LevelOutput/Group/Groups_P40002_F40002003/LevelGroup_P40002_F40002003_G24.json",
      "Name": "V1_Saves",
      "ID": 24
    },
    {
      "GroupGUID": "22adb841-3078-4f35-b2d3-0888b771abec",
      "GroupPath": "Config/LevelOutput/Group/Groups_P40002_F40002003/LevelGroup_P40002_F40002003_G25.json",
      "Name": "V1_Monster1",
      "ID": 25
    },
    {
      "GroupGUID": "0d19505e-ef38-46d5-a963-d6e5a24bdaf6",
      "GroupPath": "Config/LevelOutput/Group/Groups_P40002_F40002003/LevelGroup_P40002_F40002003_G26.json",
      "Name": "V1_Monster2",
      "ID": 26
    },
    {
      "GroupGUID": "8cc7ac89-5698-4556-8b7a-a5f36e24c3ae",
      "GroupPath": "Config/LevelOutput/Group/Groups_P40002_F40002003/LevelGroup_P40002_F40002003_G27.json",
      "Name": "V1_NormalProp Group",
      "ID": 27
    },
    {
      "GroupGUID": "4ee2e28f-e41a-4351-ba05-b4f906c9b1ab",
      "GroupPath": "Config/LevelOutput/Group/Groups_P40002_F40002003/LevelGroup_P40002_F40002003_G28.json",
      "Name": "V1_KeyProp1 Group",
      "ID": 28
    },
    {
      "GroupGUID": "ff5273cf-29bc-4305-8e80-0fd215c51e33",
      "GroupPath": "Config/LevelOutput/Group/Groups_P40002_F40002003/LevelGroup_P40002_F40002003_G29.json",
      "Name": "PadsPuzzle3",
      "ID": 29
    },
    {
      "GroupGUID": "6522096d-a770-495e-8346-50b236fbf3b1",
      "GroupPath": "Config/LevelOutput/Group/Groups_P40002_F40002003/LevelGroup_P40002_F40002003_G32.json",
      "Name": "FlipBridge",
      "ID": 32
    },
    {
      "GroupGUID": "873a8e12-d041-4d19-af67-e063a6c84b2b",
      "GroupPath": "Config/LevelOutput/Group/Groups_P40002_F40002003/LevelGroup_P40002_F40002003_G33.json",
      "Name": "V1_KeyProp2 Group",
      "ID": 33
    },
    {
      "GroupGUID": "0c770db8-d51c-4981-826e-3165a308adb1",
      "GroupPath": "Config/LevelOutput/Group/Groups_P40002_F40002003/LevelGroup_P40002_F40002003_G34.json",
      "Name": "V1_KeyProp3 Group",
      "ID": 34
    },
    {
      "GroupGUID": "f225ab42-8256-48cc-bfb7-a0cc20a652c1",
      "GroupPath": "Config/LevelOutput/Group/Groups_P40002_F40002003/LevelGroup_P40002_F40002003_G35.json",
      "Name": "InteractProp Group",
      "ID": 35
    },
    {
      "GroupGUID": "78cce13c-e805-4af7-bec6-6d7880c94147",
      "GroupPath": "Config/LevelOutput/Group/Groups_P40002_F40002003/LevelGroup_P40002_F40002003_G36.json",
      "Name": "V1_KeyProp4 Group",
      "ID": 36
    },
    {
      "GroupGUID": "790837d1-8133-4830-96cd-8f253a2ee375",
      "GroupPath": "Config/LevelOutput/Group/Groups_P40002_F40002003/LevelGroup_P40002_F40002003_G37.json",
      "Name": "V1_KeyProp5 Group",
      "ID": 37
    },
    {
      "GroupGUID": "15593b02-79ad-4821-9a5e-57c977d2ab14",
      "GroupPath": "Config/LevelOutput/Group/Groups_P40002_F40002003/LevelGroup_P40002_F40002003_G38.json",
      "Name": "V1_NPC_Group",
      "ID": 38
    },
    {
      "GroupGUID": "8b19e36e-1921-4475-89bd-4d08e8911520",
      "GroupPath": "Config/LevelOutput/Group/Groups_P40002_F40002003/LevelGroup_P40002_F40002003_G39.json",
      "Name": "DialogBlock1 Group",
      "ID": 39
    },
    {
      "GroupGUID": "71f4ecc9-e843-4447-9f87-2b8611e73d56",
      "GroupPath": "Config/LevelOutput/Group/Groups_P40002_F40002003/LevelGroup_P40002_F40002003_G40.json",
      "Name": "DialogBlock1 Group",
      "ID": 40
    },
    {
      "GroupGUID": "014b5cbd-038c-43c0-a72f-c2fe454e89f3",
      "GroupPath": "Config/LevelOutput/Group/Groups_P40002_F40002003/LevelGroup_P40002_F40002003_G41.json",
      "Name": "V1_Monster3",
      "ID": 41
    },
    {
      "GroupGUID": "31ffd7f5-5f0e-49f7-9177-84e534a23564",
      "GroupPath": "Config/LevelOutput/Group/Groups_P40002_F40002003/LevelGroup_P40002_F40002003_G42.json",
      "Name": "V1_Monster4",
      "ID": 42
    },
    {
      "GroupGUID": "e287239f-db52-491a-a200-c4464edd4240",
      "GroupPath": "Config/LevelOutput/Group/Groups_P40002_F40002003/LevelGroup_P40002_F40002003_G43.json",
      "Name": "V1_Monster5",
      "ID": 43
    },
    {
      "GroupGUID": "2159c0b8-df1b-467f-900e-fe42463e6e9d",
      "GroupPath": "Config/LevelOutput/Group/Groups_P40002_F40002003/LevelGroup_P40002_F40002003_G44.json",
      "Name": "V1_KeyProp6 Group",
      "ID": 44
    },
    {
      "GroupGUID": "a5e2a5be-f09b-48ab-b5f6-c87f01912793",
      "GroupPath": "Config/LevelOutput/Group/Groups_P40002_F40002003/LevelGroup_P40002_F40002003_G45.json",
      "Name": "Sound",
      "ID": 45
    },
    {
      "GroupGUID": "1915be5e-e5b7-437b-b558-411388b4358a",
      "GroupPath": "Config/LevelOutput/Group/Groups_P40002_F40002003/LevelGroup_P40002_F40002003_G47.json",
      "Name": "MainMission_RoadBlock",
      "ID": 47
    }
  ],
  "DefaultEnviroProfile": "Stages/Outputs/Chapter00/EnviroProfile/Chap00_CloseView_MAZ_N201_01_Day.enviroProfile.asset",
  "StageData": "Stages/Outputs/Chapter00/Stages/Chap00_MAZ_N201_MainLine_01_StageData/Chap00_MAZ_N201_MainLine_01_StageData.stage",
  "CameraType": "Maze",
  "TimeOfDayEnviroProfileMap": {},
  "LayerToAreaMask": [
    8,
    16,
    32
  ],
  "BattleAreaList": [],
  "DimensionList": [
    {}
  ],
  "NavmapConfigPath": "Config/LevelOutput/Map/MapInfo_P20002_F20002001.json",
  "IsRestartLevelGraph": false
}