{
  "FloorID": 40000001,
  "FloorName": "FloorName_40000001",
  "StartGroupID": 1,
  "StartAnchorID": 1,
  "GroupList": [
    {
      "GroupGUID": "6d7b2590-5e05-41b6-a0dc-066dcccabf1a",
      "GroupPath": "Config/LevelOutput/Group/Groups_P40000_F40000001/LevelGroup_P40000_F40000001_G1.json",
      "Name": "Common",
      "ID": 1
    },
    {
      "GroupGUID": "dc9b45a2-c7a7-4de7-98f0-412a8806f95f",
      "GroupPath": "Config/LevelOutput/Group/Groups_P40000_F40000001/LevelGroup_P40000_F40000001_G2.json",
      "Name": "New Group",
      "ID": 2
    }
  ],
  "DefaultEnviroProfile": "Stages/Outputs/Chapter01/EnviroProfile/Chap01_CloseView_ADV_Area_Snowfield_01_Foggy.enviroProfile.asset",
  "StageData": "Stages/Outputs/Chapter01/Stages/Chap01_ADV_Area_Snowfield_01_StageData/Chap01_ADV_Area_Snowfield_01_StageData.stage",
  "CameraType": "Maze",
  "TimeOfDayEnviroProfileMap": {},
  "LayerToAreaMask": [
    1
  ],
  "NavmapConfigPath": "Config/LevelOutput/Map/MapInfo_P20101_F20101001.json",
  "IsRestartLevelGraph": false
}