{
  "FloorID": 40121003,
  "FloorName": "FloorName_40121003",
  "StartGroupID": 2,
  "StartAnchorID": 1,
  "GroupList": [
    {
      "GroupGUID": "e225f9b2-51da-47a6-8da1-c953d5f9b69b",
      "GroupPath": "Config/LevelOutput/Group/Groups_P40121_F40121003/LevelGroup_P40121_F40121003_G2.json",
      "Name": "DefaultGroup",
      "ID": 2
    },
    {
      "GroupGUID": "37dcfbdd-6046-4a50-a005-ef9ffc55e0d3",
      "GroupPath": "Config/LevelOutput/Group/Groups_P40121_F40121003/LevelGroup_P40121_F40121003_G20.json",
      "Name": "New Group",
      "ID": 20
    }
  ],
  "DefaultEnviroProfile": "Stages/Outputs/Chapter01/EnviroProfile/Chap01_CloseView_ADV_Area_M201_01_Night.enviroProfile.asset",
  "StageData": "Stages/Outputs/Chapter01/Stages/Chap01_MAZ_M201_MainLine_01_StageData/Chap01_MAZ_M201_MainLine_01_StageData.stage",
  "CameraType": "Maze",
  "TimeOfDayEnviroProfileMap": {},
  "LayerToAreaMask": [
    1
  ],
  "NavmapConfigPath": "Config/LevelOutput/Map/MapInfo_P20121_F20121001.json",
  "IsRestartLevelGraph": false
}