{
  "FloorID": 40121005,
  "FloorName": "FloorName_40121005",
  "StartGroupID": 8,
  "StartAnchorID": 1,
  "GroupList": [
    {
      "GroupGUID": "5e608d03-c002-4d32-9bc6-48245fcc3eb2",
      "GroupPath": "Config/LevelOutput/Group/Groups_P40121_F40121005/LevelGroup_P40121_F40121005_G5.json",
      "Name": "DefaultProp",
      "ID": 5
    },
    {
      "GroupGUID": "ba53b81f-4fcf-49ea-863d-d0b7f07249cb",
      "GroupPath": "Config/LevelOutput/Group/Groups_P40121_F40121005/LevelGroup_P40121_F40121005_G8.json",
      "Name": "New Group",
      "ID": 8
    },
    {
      "GroupGUID": "af3b56e3-0241-42ca-a734-854bcdfe9753",
      "GroupPath": "Config/LevelOutput/Group/Groups_P40121_F40121005/LevelGroup_P40121_F40121005_G9.json",
      "Name": "Monster",
      "ID": 9
    },
    {
      "GroupGUID": "d6fbd0b1-36e9-4bfd-8350-4cebc653ae55",
      "GroupPath": "Config/LevelOutput/Group/Groups_P40121_F40121005/LevelGroup_P40121_F40121005_G10.json",
      "Name": "Prop",
      "ID": 10
    },
    {
      "GroupGUID": "6cf26f6b-22e5-45a1-afdf-944925e4c4f0",
      "GroupPath": "Config/LevelOutput/Group/Groups_P40121_F40121005/LevelGroup_P40121_F40121005_G11.json",
      "Name": "NPC",
      "ID": 11
    },
    {
      "GroupGUID": "12631bc3-1545-4b98-844b-8e5514d0f8b4",
      "GroupPath": "Config/LevelOutput/Group/Groups_P40121_F40121005/LevelGroup_P40121_F40121005_G12.json",
      "Name": "Weak_Monster",
      "ID": 12
    },
    {
      "GroupGUID": "14b4ed60-2cea-4e7e-9ff3-51320317174c",
      "GroupPath": "Config/LevelOutput/Group/Groups_P40121_F40121005/LevelGroup_P40121_F40121005_G13.json",
      "Name": "BuffProp",
      "ID": 13
    },
    {
      "GroupGUID": "fc781b96-f1be-4886-9380-f90c37132c15",
      "GroupPath": "Config/LevelOutput/Group/Groups_P40121_F40121005/LevelGroup_P40121_F40121005_G16.json",
      "Name": "Saves",
      "ID": 16
    },
    {
      "GroupGUID": "fa904cc7-7d2b-4779-8129-83f61d00fc90",
      "GroupPath": "Config/LevelOutput/Group/Groups_P40121_F40121005/LevelGroup_P40121_F40121005_G1.json",
      "Name": "New Group",
      "ID": 1
    }
  ],
  "DefaultEnviroProfile": "Stages/Outputs/Chapter01/EnviroProfile/Chap01_CloseView_ADV_Area_M201_01_Night.enviroProfile.asset",
  "StageData": "Stages/Outputs/Chapter01/Stages/Chap01_MAZ_M201_MainLine_01_StageData/Chap01_MAZ_M201_MainLine_01_StageData.stage",
  "CameraType": "Maze",
  "TimeOfDayEnviroProfileMap": {},
  "LayerToAreaMask": [
    1
  ],
  "BattleAreaList": [],
  "DimensionList": [
    {}
  ],
  "NavmapConfigPath": "Config/LevelOutput/Map/MapInfo_P20121_F20121001.json",
  "IsRestartLevelGraph": false
}