{
  "FloorID": 40101002,
  "FloorName": "FloorName_40101002",
  "StartGroupID": 8,
  "StartAnchorID": 2,
  "GroupList": [
    {
      "GroupGUID": "b92715c9-fced-4ccb-bfd8-fcb50c0315f2",
      "GroupPath": "Config/LevelOutput/Group/Groups_P40101_F40101002/LevelGroup_P40101_F40101002_G2.json",
      "Name": "BattleArea",
      "ID": 2
    },
    {
      "GroupGUID": "93b7c5ff-0d7d-4836-ab11-bd588d010924",
      "GroupPath": "Config/LevelOutput/Group/Groups_P40101_F40101002/LevelGroup_P40101_F40101002_G3.json",
      "Name": "PropCommon",
      "ID": 3
    },
    {
      "GroupGUID": "d0dc5323-b544-4feb-ba16-b64f5133031f",
      "GroupPath": "Config/LevelOutput/Group/Groups_P40101_F40101002/LevelGroup_P40101_F40101002_G6.json",
      "Name": "Airwall",
      "ID": 6
    },
    {
      "GroupGUID": "97b0e769-a6cd-459d-aa81-71624b6e5a6c",
      "GroupPath": "Config/LevelOutput/Group/Groups_P40101_F40101002/LevelGroup_P40101_F40101002_G8.json",
      "Name": "Saves",
      "ID": 8
    },
    {
      "GroupGUID": "92578296-3cf5-4486-b237-aa8a087b98af",
      "GroupPath": "Config/LevelOutput/Group/Groups_P40101_F40101002/LevelGroup_P40101_F40101002_G10.json",
      "Name": "MainMission_Prop",
      "ID": 10
    },
    {
      "GroupGUID": "b443a149-220c-48fc-859e-362d1d8d920b",
      "GroupPath": "Config/LevelOutput/Group/Groups_P40101_F40101002/LevelGroup_P40101_F40101002_G12.json",
      "Name": "StoveFuel",
      "ID": 12
    },
    {
      "GroupGUID": "f374ff3d-4030-4bd8-8dfc-e6250df0fd03",
      "GroupPath": "Config/LevelOutput/Group/Groups_P40101_F40101002/LevelGroup_P40101_F40101002_G13.json",
      "Name": "Monsters",
      "ID": 13
    },
    {
      "GroupGUID": "4bd331b5-dd80-4d6d-8ea8-506e500d3155",
      "GroupPath": "Config/LevelOutput/Group/Groups_P40101_F40101002/LevelGroup_P40101_F40101002_G15.json",
      "Name": "mission",
      "ID": 15
    },
    {
      "GroupGUID": "9277f8b0-1bad-420c-b7fa-718d0715ad3a",
      "GroupPath": "Config/LevelOutput/Group/Groups_P40101_F40101002/LevelGroup_P40101_F40101002_G16.json",
      "Name": "StoveFuel",
      "ID": 16
    },
    {
      "GroupGUID": "6fbe4e27-f434-4b5e-bc96-017a54f7ec8e",
      "GroupPath": "Config/LevelOutput/Group/Groups_P40101_F40101002/LevelGroup_P40101_F40101002_G17.json",
      "Name": "Airwall",
      "ID": 17
    },
    {
      "GroupGUID": "363f4ca1-b5b5-4c2d-86c4-c8575d2c9754",
      "GroupPath": "Config/LevelOutput/Group/Groups_P40101_F40101002/LevelGroup_P40101_F40101002_G21.json",
      "Name": "New Group",
      "ID": 21
    },
    {
      "GroupGUID": "ec723d35-3432-4605-bb28-9ffceecff232",
      "GroupPath": "Config/LevelOutput/Group/Groups_P40101_F40101002/LevelGroup_P40101_F40101002_G26.json",
      "Name": "NPC",
      "ID": 26
    },
    {
      "GroupGUID": "6222bd2c-6e0e-4250-a9dd-e822f6b9092f",
      "GroupPath": "Config/LevelOutput/Group/Groups_P40101_F40101002/LevelGroup_P40101_F40101002_G32.json",
      "Name": "NPC",
      "ID": 32
    },
    {
      "GroupGUID": "ff234115-0427-43a3-b412-5664cb264945",
      "GroupPath": "Config/LevelOutput/Group/Groups_P40101_F40101002/LevelGroup_P40101_F40101002_G34.json",
      "Name": "Sound",
      "ID": 34
    },
    {
      "GroupGUID": "74b21b78-9558-4083-99bf-fe8580b4a63f",
      "GroupPath": "Config/LevelOutput/Group/Groups_P40101_F40101002/LevelGroup_P40101_F40101002_G36.json",
      "Name": "NPC",
      "ID": 36
    },
    {
      "GroupGUID": "a0a94487-ab61-4fd4-8371-cb95e9177935",
      "GroupPath": "Config/LevelOutput/Group/Groups_P40101_F40101002/LevelGroup_P40101_F40101002_G37.json",
      "Name": "NPC",
      "ID": 37
    },
    {
      "GroupGUID": "e52a9404-9319-47c5-a236-13ebee04c120",
      "GroupPath": "Config/LevelOutput/Group/Groups_P40101_F40101002/LevelGroup_P40101_F40101002_G38.json",
      "Name": "NPC",
      "ID": 38
    },
    {
      "GroupGUID": "70d5330e-3f8c-4378-aa2a-b2a56f059920",
      "GroupPath": "Config/LevelOutput/Group/Groups_P40101_F40101002/LevelGroup_P40101_F40101002_G40.json",
      "Name": "StoveFuel",
      "ID": 40
    }
  ],
  "DefaultEnviroProfile": "Stages/Outputs/Chapter01/EnviroProfile/Chap01_CloseView_ADV_Area_M302_01_Foggy.enviroProfile.asset",
  "StageData": "Stages/Outputs/Chapter01/Stages/Chap01_MAZ_M302_MainLine_01_StageData/Chap01_MAZ_M302_MainLine_01_StageData.stage",
  "CameraType": "Maze",
  "TimeOfDayEnviroProfileMap": {},
  "LayerToAreaMask": [
    1
  ],
  "NavmapConfigPath": "Config/LevelOutput/Map/MapInfo_P20132_F20132001.json",
  "IsRestartLevelGraph": false
}