{
  "FloorID": 40122001,
  "FloorName": "FloorName_40122001",
  "StartGroupID": 1,
  "StartAnchorID": 3,
  "GroupList": [
    {
      "GroupGUID": "e9dff0e4-1d5f-4cda-ac6f-268c7f3f58cb",
      "GroupPath": "Config/LevelOutput/Group/Groups_P40122_F40122001/LevelGroup_P40122_F40122001_G15.json",
      "Name": "Public_Props",
      "ID": 15
    },
    {
      "GroupGUID": "d04042e0-dd56-439b-ae3e-f29e2309fca8",
      "GroupPath": "Config/LevelOutput/Group/Groups_P40122_F40122001/LevelGroup_P40122_F40122001_G14.json",
      "Name": "DefaultData",
      "ID": 14
    },
    {
      "GroupGUID": "451e157a-cb3c-40e8-ab9d-05aedce4afad",
      "GroupPath": "Config/LevelOutput/Group/Groups_P40122_F40122001/LevelGroup_P40122_F40122001_G1.json",
      "Name": "DefaultGroup",
      "ID": 1
    },
    {
      "GroupGUID": "730defa5-d1cf-4f84-bc02-b6361be3893c",
      "GroupPath": "Config/LevelOutput/Group/Groups_P40122_F40122001/LevelGroup_P40122_F40122001_G5.json",
      "Name": "Sound",
      "ID": 5
    },
    {
      "GroupGUID": "5301360e-72a5-4e0a-abec-9997611dcd32",
      "GroupPath": "Config/LevelOutput/Group/Groups_P40122_F40122001/LevelGroup_P40122_F40122001_G8.json",
      "Name": "SceneProp",
      "ID": 8
    },
    {
      "GroupGUID": "5da9c3b2-5d3c-4bab-86ac-0e11ad6ea628",
      "GroupPath": "Config/LevelOutput/Group/Groups_P40122_F40122001/LevelGroup_P40122_F40122001_G7.json",
      "Name": "MainMission2011801_Mission",
      "ID": 7
    },
    {
      "GroupGUID": "67ab50a0-565d-493d-870e-34415247cafd",
      "GroupPath": "Config/LevelOutput/Group/Groups_P40122_F40122001/LevelGroup_P40122_F40122001_G3.json",
      "Name": "HideArea01",
      "ID": 3
    },
    {
      "GroupGUID": "1e583469-0aca-458a-bb43-729dbbbdf726",
      "GroupPath": "Config/LevelOutput/Group/Groups_P40122_F40122001/LevelGroup_P40122_F40122001_G2.json",
      "Name": "NPC",
      "ID": 2
    },
    {
      "GroupGUID": "17567c2b-4983-4e0e-bf13-d8dab79f0125",
      "GroupPath": "Config/LevelOutput/Group/Groups_P40122_F40122001/LevelGroup_P40122_F40122001_G11.json",
      "Name": "TrackControl01",
      "ID": 11
    },
    {
      "GroupGUID": "82f1fdd0-569b-43cc-862a-da01ab70e0df",
      "GroupPath": "Config/LevelOutput/Group/Groups_P40122_F40122001/LevelGroup_P40122_F40122001_G19.json",
      "Name": "TrackControl01",
      "ID": 19
    },
    {
      "GroupGUID": "bbe61d9e-04cc-40fe-9653-1fae2964fe48",
      "GroupPath": "Config/LevelOutput/Group/Groups_P40122_F40122001/LevelGroup_P40122_F40122001_G13.json",
      "Name": "HideArea02",
      "ID": 13
    },
    {
      "GroupGUID": "b9ddb476-2aba-4a8e-845a-1886cf7e38e5",
      "GroupPath": "Config/LevelOutput/Group/Groups_P40122_F40122001/LevelGroup_P40122_F40122001_G12.json",
      "Name": "TrackControl02",
      "ID": 12
    },
    {
      "GroupGUID": "1f2b49b4-89a7-47d8-a47d-5809e73f2e4e",
      "GroupPath": "Config/LevelOutput/Group/Groups_P40122_F40122001/LevelGroup_P40122_F40122001_G10.json",
      "Name": "NPC",
      "ID": 10
    },
    {
      "GroupGUID": "78b434eb-da4c-4d1b-9f3f-0f64add9598d",
      "GroupPath": "Config/LevelOutput/Group/Groups_P40122_F40122001/LevelGroup_P40122_F40122001_G17.json",
      "Name": "TrackControl02",
      "ID": 17
    },
    {
      "GroupGUID": "cff0534f-d9c1-4bea-9dee-13d78c445b4b",
      "GroupPath": "Config/LevelOutput/Group/Groups_P40122_F40122001/LevelGroup_P40122_F40122001_G18.json",
      "Name": "TrackControl02",
      "ID": 18
    }
  ],
  "DefaultEnviroProfile": "Stages/Outputs/Chapter01/EnviroProfile/Chap01_CloseView_ADV_Area_M202_01_Night.enviroProfile.asset",
  "StageData": "Stages/Outputs/Chapter01/Stages/Chap01_MAZ_M202_MainLine_01_StageData/Chap01_MAZ_M202_MainLine_01_StageData.stage",
  "CameraType": "Maze",
  "TimeOfDayEnviroProfileMap": {},
  "LayerToAreaMask": [
    8,
    16
  ],
  "NavmapConfigPath": "Config/LevelOutput/Map/MapInfo_P20122_F20122001.json",
  "IsRestartLevelGraph": false
}