{
  "FloorID": 40121001,
  "FloorName": "FloorName_40121001",
  "StartGroupID": 8,
  "StartAnchorID": 1,
  "GroupList": [
    {
      "GroupGUID": "b0d47db1-8c26-4c16-bf73-37cab7730efc",
      "GroupPath": "Config/LevelOutput/Group/Groups_P40121_F40121001/LevelGroup_P40121_F40121001_G5.json",
      "Name": "DefaultProp",
      "ID": 5
    },
    {
      "GroupGUID": "bd86254e-7dfc-4184-8f5b-22accd500393",
      "GroupPath": "Config/LevelOutput/Group/Groups_P40121_F40121001/LevelGroup_P40121_F40121001_G8.json",
      "Name": "New Group",
      "ID": 8
    },
    {
      "GroupGUID": "4ce29c26-a839-4d85-8202-592bf2c249c6",
      "GroupPath": "Config/LevelOutput/Group/Groups_P40121_F40121001/LevelGroup_P40121_F40121001_G9.json",
      "Name": "Monster",
      "ID": 9
    },
    {
      "GroupGUID": "1d75a078-37a9-43fd-a8e6-befaab68aa1b",
      "GroupPath": "Config/LevelOutput/Group/Groups_P40121_F40121001/LevelGroup_P40121_F40121001_G10.json",
      "Name": "Prop",
      "ID": 10
    },
    {
      "GroupGUID": "b585fe84-f58e-4956-a3ae-246bfa5425d9",
      "GroupPath": "Config/LevelOutput/Group/Groups_P40121_F40121001/LevelGroup_P40121_F40121001_G11.json",
      "Name": "NPC",
      "ID": 11
    },
    {
      "GroupGUID": "44b80ea2-a7f4-406e-8c97-c1c6aa7b0e9c",
      "GroupPath": "Config/LevelOutput/Group/Groups_P40121_F40121001/LevelGroup_P40121_F40121001_G12.json",
      "Name": "Weak_Monster",
      "ID": 12
    },
    {
      "GroupGUID": "6bf935e2-fa76-4313-ab31-5ecdb0999936",
      "GroupPath": "Config/LevelOutput/Group/Groups_P40121_F40121001/LevelGroup_P40121_F40121001_G13.json",
      "Name": "BuffProp",
      "ID": 13
    },
    {
      "GroupGUID": "cfb9b698-9a16-409b-a5fe-5d07dad21f2e",
      "GroupPath": "Config/LevelOutput/Group/Groups_P40121_F40121001/LevelGroup_P40121_F40121001_G16.json",
      "Name": "Saves",
      "ID": 16
    },
    {
      "GroupGUID": "8812d257-6b5c-46cb-a4ea-5df1d791ca15",
      "GroupPath": "Config/LevelOutput/Group/Groups_P40121_F40121001/LevelGroup_P40121_F40121001_G17.json",
      "Name": "New Group",
      "ID": 17
    }
  ],
  "DefaultEnviroProfile": "Stages/Outputs/Chapter01/EnviroProfile/Chap01_CloseView_ADV_Area_M201_01_Night.enviroProfile.asset",
  "StageData": "Stages/Outputs/Chapter01/Stages/Chap01_MAZ_M201_MainLine_01_StageData/Chap01_MAZ_M201_MainLine_01_StageData.stage",
  "CameraType": "Maze",
  "TimeOfDayEnviroProfileMap": {},
  "LayerToAreaMask": [
    1
  ],
  "BattleAreaList": [],
  "DimensionList": [
    {}
  ],
  "NavmapConfigPath": "Config/LevelOutput/Map/MapInfo_P20121_F20121001.json",
  "IsRestartLevelGraph": false
}