{
  "FloorID": 40131001,
  "FloorName": "FloorName_40131001",
  "StartGroupID": 1,
  "StartAnchorID": 1,
  "GroupList": [
    {
      "GroupGUID": "a7c7a32b-de16-457e-b7c4-37f81c9b339b",
      "GroupPath": "Config/LevelOutput/Group/Groups_P40131_F40131001/LevelGroup_P40131_F40131001_G1.json",
      "Name": "DefaultData",
      "ID": 1
    },
    {
      "GroupGUID": "a829674b-6c32-433d-ab78-798fb2bf2198",
      "GroupPath": "Config/LevelOutput/Group/Groups_P40131_F40131001/LevelGroup_P40131_F40131001_G2.json",
      "Name": "MonsterArea01",
      "ID": 2
    },
    {
      "GroupGUID": "ea298193-ba19-4288-b4fc-3c8fa958d2fe",
      "GroupPath": "Config/LevelOutput/Group/Groups_P40131_F40131001/LevelGroup_P40131_F40131001_G6.json",
      "Name": "DefaultProp",
      "ID": 6
    },
    {
      "GroupGUID": "67c22c15-bb4d-4926-9ff1-baf65a05d2de",
      "GroupPath": "Config/LevelOutput/Group/Groups_P40131_F40131001/LevelGroup_P40131_F40131001_G7.json",
      "Name": "Boss",
      "ID": 7
    },
    {
      "GroupGUID": "5c31dab1-3f77-432c-92fd-c884c141571d",
      "GroupPath": "Config/LevelOutput/Group/Groups_P40131_F40131001/LevelGroup_P40131_F40131001_G9.json",
      "Name": "New Group",
      "ID": 9
    },
    {
      "GroupGUID": "89ec8632-9ed7-4a44-9f5e-f08f052eaf56",
      "GroupPath": "Config/LevelOutput/Group/Groups_P40131_F40131001/LevelGroup_P40131_F40131001_G13.json",
      "Name": "BoxMan",
      "ID": 13
    },
    {
      "GroupGUID": "d55dc415-0f75-4e52-90c6-65e43bc9e462",
      "GroupPath": "Config/LevelOutput/Group/Groups_P40131_F40131001/LevelGroup_P40131_F40131001_G14.json",
      "Name": "BoxMan",
      "ID": 14
    },
    {
      "GroupGUID": "a0ab82d4-15ae-40e8-a0e5-fd63b8990e0f",
      "GroupPath": "Config/LevelOutput/Group/Groups_P40131_F40131001/LevelGroup_P40131_F40131001_G17.json",
      "Name": "NPCFinish",
      "ID": 17
    },
    {
      "GroupGUID": "4c1dcc61-2da0-4002-88b5-dbf1be8769fe",
      "GroupPath": "Config/LevelOutput/Group/Groups_P40131_F40131001/LevelGroup_P40131_F40131001_G18.json",
      "Name": "RobotHunt",
      "ID": 18
    },
    {
      "GroupGUID": "fd6d684a-e012-4d21-a684-5b51761e6c2e",
      "GroupPath": "Config/LevelOutput/Group/Groups_P40131_F40131001/LevelGroup_P40131_F40131001_G20.json",
      "Name": "Sound",
      "ID": 20
    }
  ],
  "DefaultEnviroProfile": "Stages/Outputs/Chapter01/EnviroProfile/Chap01_CloseView_ADV_Area_M301_01_Foggy.enviroProfile.asset",
  "StageData": "Stages/Outputs/Chapter01/Stages/Chap01_MAZ_M301_MainLine_01_StageData/Chap01_MAZ_M301_MainLine_01_StageData.stage",
  "CameraType": "Maze",
  "TimeOfDayEnviroProfileMap": {},
  "LayerToAreaMask": [
    1
  ],
  "NavmapConfigPath": "Config/LevelOutput/Map/MapInfo_P20131_F20131001.json",
  "IsRestartLevelGraph": false
}