{
  "FloorID": 40101006,
  "FloorName": "FloorName_40101006",
  "StartGroupID": 1,
  "StartAnchorID": 1,
  "GroupList": [
    {
      "GroupGUID": "dc061593-bd9b-492f-8ea9-405b4a62c7b4",
      "GroupPath": "Config/LevelOutput/Group/Groups_P40101_F40101006/LevelGroup_P40101_F40101006_G1.json",
      "Name": "DefaultGroup",
      "ID": 1
    },
    {
      "GroupGUID": "cbb011ed-b935-469a-9043-774b175c7f30",
      "GroupPath": "Config/LevelOutput/Group/Groups_P40101_F40101006/LevelGroup_P40101_F40101006_G2.json",
      "Name": "DefaultData",
      "ID": 2
    },
    {
      "GroupGUID": "90cdb8cf-73f7-44a4-89e4-8906331066cb",
      "GroupPath": "Config/LevelOutput/Group/Groups_P40101_F40101006/LevelGroup_P40101_F40101006_G3.json",
      "Name": "Sound",
      "ID": 3
    },
    {
      "GroupGUID": "0a0667de-772a-4790-bed4-9f89b56ddd67",
      "GroupPath": "Config/LevelOutput/Group/Groups_P40101_F40101006/LevelGroup_P40101_F40101006_G4.json",
      "Name": "MainMission2011412_",
      "ID": 4
    },
    {
      "GroupGUID": "69b7f2df-bbc5-4a0f-93c0-7485a3999b2e",
      "GroupPath": "Config/LevelOutput/Group/Groups_P40101_F40101006/LevelGroup_P40101_F40101006_G5.json",
      "Name": "MainMission2011412_",
      "ID": 5
    },
    {
      "GroupGUID": "c5b3c059-65ba-4294-8966-7174bb91887e",
      "GroupPath": "Config/LevelOutput/Group/Groups_P40101_F40101006/LevelGroup_P40101_F40101006_G6.json",
      "Name": "MainMission2011412_",
      "ID": 6
    },
    {
      "GroupGUID": "4fa970e2-5ed5-40b3-b1af-6327864cfc58",
      "GroupPath": "Config/LevelOutput/Group/Groups_P40101_F40101006/LevelGroup_P40101_F40101006_G7.json",
      "Name": "MainMission2011412_",
      "ID": 7
    },
    {
      "GroupGUID": "bca80cea-46e7-42b8-8a45-3045cd0a37ba",
      "GroupPath": "Config/LevelOutput/Group/Groups_P40101_F40101006/LevelGroup_P40101_F40101006_G8.json",
      "Name": "MainMission2011412_",
      "ID": 8
    },
    {
      "GroupGUID": "767715ab-a016-4bd6-8b64-aaa5d37fbcaa",
      "GroupPath": "Config/LevelOutput/Group/Groups_P40101_F40101006/LevelGroup_P40101_F40101006_G9.json",
      "Name": "MainMission2011412_",
      "ID": 9
    },
    {
      "GroupGUID": "16d3f700-bb50-4ca1-ba8d-d19095214239",
      "GroupPath": "Config/LevelOutput/Group/Groups_P40101_F40101006/LevelGroup_P40101_F40101006_G10.json",
      "Name": "MainMission2011412_",
      "ID": 10
    },
    {
      "GroupGUID": "740aadbf-00fe-4a74-b675-39a1d524d9d4",
      "GroupPath": "Config/LevelOutput/Group/Groups_P40101_F40101006/LevelGroup_P40101_F40101006_G11.json",
      "Name": "MainMission2011412_",
      "ID": 11
    },
    {
      "GroupGUID": "e8009321-928e-45af-a5a0-e1d28031b1a7",
      "GroupPath": "Config/LevelOutput/Group/Groups_P40101_F40101006/LevelGroup_P40101_F40101006_G12.json",
      "Name": "MainMission2011412_puman",
      "ID": 12
    },
    {
      "GroupGUID": "084ed38c-9572-4474-8969-cde3c246d0fd",
      "GroupPath": "Config/LevelOutput/Group/Groups_P40101_F40101006/LevelGroup_P40101_F40101006_G13.json",
      "Name": "MainMission2011412_",
      "ID": 13
    },
    {
      "GroupGUID": "e252c38b-6afb-4214-8b07-10fd41c7f992",
      "GroupPath": "Config/LevelOutput/Group/Groups_P40101_F40101006/LevelGroup_P40101_F40101006_G14.json",
      "Name": "MainMission2011412_",
      "ID": 14
    },
    {
      "GroupGUID": "c11f7cf1-3757-43bf-af08-0b3985d54e2b",
      "GroupPath": "Config/LevelOutput/Group/Groups_P40101_F40101006/LevelGroup_P40101_F40101006_G15.json",
      "Name": "MainMission2011412_",
      "ID": 15
    },
    {
      "GroupGUID": "dafb813a-5126-41b8-b4ab-ec320e7c9a18",
      "GroupPath": "Config/LevelOutput/Group/Groups_P40101_F40101006/LevelGroup_P40101_F40101006_G16.json",
      "Name": "MainMission2011412_",
      "ID": 16
    },
    {
      "GroupGUID": "43c607e0-260b-4a9a-8c33-4376b2e5f147",
      "GroupPath": "Config/LevelOutput/Group/Groups_P40101_F40101006/LevelGroup_P40101_F40101006_G17.json",
      "Name": "MainMission2011412_",
      "ID": 17
    },
    {
      "GroupGUID": "150ed69f-dbf9-43a9-997a-b1740c99ac8e",
      "GroupPath": "Config/LevelOutput/Group/Groups_P40101_F40101006/LevelGroup_P40101_F40101006_G18.json",
      "Name": "Monsters",
      "ID": 18
    },
    {
      "GroupGUID": "53134fad-105f-4a66-aee1-e97c04237fab",
      "GroupPath": "Config/LevelOutput/Group/Groups_P40101_F40101006/LevelGroup_P40101_F40101006_G19.json",
      "Name": "MainMission2011412_",
      "ID": 19
    },
    {
      "GroupGUID": "553115c0-904a-49e3-91c1-eccd64170d6f",
      "GroupPath": "Config/LevelOutput/Group/Groups_P40101_F40101006/LevelGroup_P40101_F40101006_G20.json",
      "Name": "MainMission2011412_",
      "ID": 20
    },
    {
      "GroupGUID": "b90e9155-71cf-47ed-af95-8bd3555eec1e",
      "GroupPath": "Config/LevelOutput/Group/Groups_P40101_F40101006/LevelGroup_P40101_F40101006_G21.json",
      "Name": "MainMission2011412_",
      "ID": 21
    },
    {
      "GroupGUID": "cbf07dbc-b4a3-4baf-bd01-dea0333448ca",
      "GroupPath": "Config/LevelOutput/Group/Groups_P40101_F40101006/LevelGroup_P40101_F40101006_G22.json",
      "Name": "MainMission2011412_",
      "ID": 22
    },
    {
      "GroupGUID": "508f187b-a08f-4440-8504-0710fe06effe",
      "GroupPath": "Config/LevelOutput/Group/Groups_P40101_F40101006/LevelGroup_P40101_F40101006_G23.json",
      "Name": "MainMission2011412_",
      "ID": 23
    },
    {
      "GroupGUID": "03457482-b326-4e4d-8369-0852911ae626",
      "GroupPath": "Config/LevelOutput/Group/Groups_P40101_F40101006/LevelGroup_P40101_F40101006_G25.json",
      "Name": "MainMission2011412_",
      "ID": 25
    },
    {
      "GroupGUID": "111e0767-9e21-4ffc-b532-25a42d3394c5",
      "GroupPath": "Config/LevelOutput/Group/Groups_P40101_F40101006/LevelGroup_P40101_F40101006_G24.json",
      "Name": "DeadTree",
      "ID": 24
    },
    {
      "GroupGUID": "29784597-e3a8-4b00-99b6-8af086bc2457",
      "GroupPath": "Config/LevelOutput/Group/Groups_P40101_F40101006/LevelGroup_P40101_F40101006_G26.json",
      "Name": "MainMission2011412_",
      "ID": 26
    },
    {
      "GroupGUID": "83479ab2-c48a-4395-9870-94f952f16829",
      "GroupPath": "Config/LevelOutput/Group/Groups_P40101_F40101006/LevelGroup_P40101_F40101006_G27.json",
      "Name": "MainMission2011412_photo",
      "ID": 27
    },
    {
      "GroupGUID": "612f4eae-330d-45ad-9a34-4db65f73da69",
      "GroupPath": "Config/LevelOutput/Group/Groups_P40101_F40101006/LevelGroup_P40101_F40101006_G28.json",
      "Name": "MainMission2011412_battle",
      "ID": 28
    },
    {
      "GroupGUID": "787dbc23-8926-453f-aee9-529bf4829c86",
      "GroupPath": "Config/LevelOutput/Group/Groups_P40101_F40101006/LevelGroup_P40101_F40101006_G29.json",
      "Name": "Checkpoint",
      "ID": 29
    },
    {
      "GroupGUID": "9ea9bd7c-eb3d-4e7f-a998-efa22eadf4c7",
      "GroupPath": "Config/LevelOutput/Group/Groups_P40101_F40101006/LevelGroup_P40101_F40101006_G30.json",
      "Name": "MainMission2011412_",
      "ID": 30
    },
    {
      "GroupGUID": "3baac71a-f32e-4442-a41e-25345296b971",
      "GroupPath": "Config/LevelOutput/Group/Groups_P40101_F40101006/LevelGroup_P40101_F40101006_G31.json",
      "Name": "MainMission2011412_",
      "ID": 31
    },
    {
      "GroupGUID": "f87e754a-084d-4833-a2d0-2e654a1139b5",
      "GroupPath": "Config/LevelOutput/Group/Groups_P40101_F40101006/LevelGroup_P40101_F40101006_G32.json",
      "Name": "MainMission2011412_",
      "ID": 32
    },
    {
      "GroupGUID": "d959764f-4faa-4bbf-97a5-96f62cda5aae",
      "GroupPath": "Config/LevelOutput/Group/Groups_P40101_F40101006/LevelGroup_P40101_F40101006_G33.json",
      "Name": "MainMission2011412_",
      "ID": 33
    }
  ],
  "DefaultEnviroProfile": "Stages/Outputs/Chapter01/EnviroProfile/Chap01_CloseView_ADV_Area_Snowfield_01_Foggy.enviroProfile.asset",
  "StageData": "Stages/Outputs/Chapter01/Stages/Chap01_ADV_Area_Snowfield_01_StageData/Chap01_ADV_Area_Snowfield_01_StageData.stage",
  "CameraType": "Maze",
  "TimeOfDayEnviroProfileMap": {},
  "LayerToAreaMask": [
    1
  ],
  "NavmapConfigPath": "Config/LevelOutput/Map/MapInfo_P20101_F20101001.json",
  "IsRestartLevelGraph": false
}