{
  "FloorID": 40131003,
  "FloorName": "FloorName_40131003",
  "StartGroupID": 1,
  "StartAnchorID": 1,
  "GroupList": [
    {
      "GroupGUID": "e6c2d38f-467b-44b8-8354-801971d76989",
      "GroupPath": "Config/LevelOutput/Group/Groups_P40131_F40131003/LevelGroup_P40131_F40131003_G1.json",
      "Name": "DefaultData",
      "ID": 1
    },
    {
      "GroupGUID": "cb9aed85-7d85-4e96-a27d-2cea921fb214",
      "GroupPath": "Config/LevelOutput/Group/Groups_P40131_F40131003/LevelGroup_P40131_F40131003_G2.json",
      "Name": "BossPS",
      "ID": 2
    },
    {
      "GroupGUID": "ec59178a-3642-410d-9ca4-406f2a3cc8ef",
      "GroupPath": "Config/LevelOutput/Group/Groups_P40131_F40131003/LevelGroup_P40131_F40131003_G6.json",
      "Name": "DefaultProp",
      "ID": 6
    },
    {
      "GroupGUID": "61d9264d-3ccc-4bca-a92b-bf10f0cb539d",
      "GroupPath": "Config/LevelOutput/Group/Groups_P40131_F40131003/LevelGroup_P40131_F40131003_G7.json",
      "Name": "Boss",
      "ID": 7
    },
    {
      "GroupGUID": "30c922ca-1e8f-4699-ba88-ea4ef5e4efdf",
      "GroupPath": "Config/LevelOutput/Group/Groups_P40131_F40131003/LevelGroup_P40131_F40131003_G3.json",
      "Name": "New Group",
      "ID": 3
    },
    {
      "GroupGUID": "a227d11d-f68a-4f5f-ad3a-eb2fc3bf4412",
      "GroupPath": "Config/LevelOutput/Group/Groups_P40131_F40131003/LevelGroup_P40131_F40131003_G4.json",
      "Name": "BoxMan",
      "ID": 4
    },
    {
      "GroupGUID": "046f0587-a99c-4b22-9ca3-047ec0935b48",
      "GroupPath": "Config/LevelOutput/Group/Groups_P40131_F40131003/LevelGroup_P40131_F40131003_G8.json",
      "Name": "BossAS",
      "ID": 8
    },
    {
      "GroupGUID": "0f17c435-c31d-4c0d-980e-3de5eb47407f",
      "GroupPath": "Config/LevelOutput/Group/Groups_P40131_F40131003/LevelGroup_P40131_F40131003_G11.json",
      "Name": "New Group",
      "ID": 11
    },
    {
      "GroupGUID": "3d45d80f-be2f-4bc8-a03c-1dbb6f795cff",
      "GroupPath": "Config/LevelOutput/Group/Groups_P40131_F40131003/LevelGroup_P40131_F40131003_G12.json",
      "Name": "MainMission4071313_",
      "ID": 12
    },
    {
      "GroupGUID": "2364bf70-2f77-45bb-820e-7530344604b7",
      "GroupPath": "Config/LevelOutput/Group/Groups_P40131_F40131003/LevelGroup_P40131_F40131003_G13.json",
      "Name": "MainMission4071313_",
      "ID": 13
    },
    {
      "GroupGUID": "b06eb8ba-9d67-492c-a264-ae6b29be33ef",
      "GroupPath": "Config/LevelOutput/Group/Groups_P40131_F40131003/LevelGroup_P40131_F40131003_G14.json",
      "Name": "MainMission4071313_",
      "ID": 14
    },
    {
      "GroupGUID": "a7d1e7a0-3a95-4224-be9d-4ad3f4a62453",
      "GroupPath": "Config/LevelOutput/Group/Groups_P40131_F40131003/LevelGroup_P40131_F40131003_G15.json",
      "Name": "RobotHunt",
      "ID": 15
    },
    {
      "GroupGUID": "d9b0dc2e-e669-4ad0-97bd-1e295c2eee28",
      "GroupPath": "Config/LevelOutput/Group/Groups_P40131_F40131003/LevelGroup_P40131_F40131003_G16.json",
      "Name": "MainMission4071313_",
      "ID": 16
    },
    {
      "GroupGUID": "7c7053b6-1df5-4f33-b425-69164e3324d6",
      "GroupPath": "Config/LevelOutput/Group/Groups_P40131_F40131003/LevelGroup_P40131_F40131003_G18.json",
      "Name": "New Group",
      "ID": 18
    },
    {
      "GroupGUID": "4563d834-abaf-456a-8289-9930711cdd02",
      "GroupPath": "Config/LevelOutput/Group/Groups_P40131_F40131003/LevelGroup_P40131_F40131003_G20.json",
      "Name": "Sound",
      "ID": 20
    }
  ],
  "DefaultEnviroProfile": "Stages/Outputs/Chapter01/EnviroProfile/Chap01_CloseView_ADV_Area_M301_01_Foggy.enviroProfile.asset",
  "StageData": "Stages/Outputs/Chapter01/Stages/Chap01_MAZ_M301_MainLine_01_StageData/Chap01_MAZ_M301_MainLine_01_StageData.stage",
  "CameraType": "Maze",
  "TimeOfDayEnviroProfileMap": {},
  "LayerToAreaMask": [
    1
  ],
  "BattleAreaList": [],
  "DimensionList": [
    {}
  ],
  "NavmapConfigPath": "Config/LevelOutput/Map/MapInfo_P20131_F20131001.json",
  "IsRestartLevelGraph": false
}