{
  "FloorID": 40131002,
  "FloorName": "FloorName_40131002",
  "StartGroupID": 2,
  "StartAnchorID": 1,
  "GroupList": [
    {
      "GroupGUID": "57c73cb4-1713-4dda-a0d3-7190aeeb5eab",
      "GroupPath": "Config/LevelOutput/Group/Groups_P40131_F40131002/LevelGroup_P40131_F40131002_G1.json",
      "Name": "DefaultData",
      "ID": 1
    },
    {
      "GroupGUID": "6dd9730e-acc5-42f5-bf7c-a25701628441",
      "GroupPath": "Config/LevelOutput/Group/Groups_P40131_F40131002/LevelGroup_P40131_F40131002_G2.json",
      "Name": "MonsterArea01",
      "ID": 2
    },
    {
      "GroupGUID": "2da4ef79-02e4-424e-9ec6-79b4a827a435",
      "GroupPath": "Config/LevelOutput/Group/Groups_P40131_F40131002/LevelGroup_P40131_F40131002_G6.json",
      "Name": "DefaultProp",
      "ID": 6
    },
    {
      "GroupGUID": "f440ec00-dbe1-413a-829e-75bd5355479d",
      "GroupPath": "Config/LevelOutput/Group/Groups_P40131_F40131002/LevelGroup_P40131_F40131002_G7.json",
      "Name": "Boss",
      "ID": 7
    },
    {
      "GroupGUID": "039adc2e-4195-46ec-9353-6af29279818b",
      "GroupPath": "Config/LevelOutput/Group/Groups_P40131_F40131002/LevelGroup_P40131_F40131002_G3.json",
      "Name": "New Group",
      "ID": 3
    },
    {
      "GroupGUID": "9b61bc3d-196a-4b22-a35f-a5c15a77fdb2",
      "GroupPath": "Config/LevelOutput/Group/Groups_P40131_F40131002/LevelGroup_P40131_F40131002_G4.json",
      "Name": "BoxMan",
      "ID": 4
    },
    {
      "GroupGUID": "b0e5166c-7ca1-47b9-b015-d7ae7722a76d",
      "GroupPath": "Config/LevelOutput/Group/Groups_P40131_F40131002/LevelGroup_P40131_F40131002_G5.json",
      "Name": "New Group",
      "ID": 5
    },
    {
      "GroupGUID": "ed4e0631-cfc7-42f7-a83c-d80a97bf5ead",
      "GroupPath": "Config/LevelOutput/Group/Groups_P40131_F40131002/LevelGroup_P40131_F40131002_G10.json",
      "Name": "New Group",
      "ID": 10
    },
    {
      "GroupGUID": "b043ecc7-ce24-472f-af06-55b4f69e2a80",
      "GroupPath": "Config/LevelOutput/Group/Groups_P40131_F40131002/LevelGroup_P40131_F40131002_G11.json",
      "Name": "New Group",
      "ID": 11
    },
    {
      "GroupGUID": "64b910e3-7569-42f1-abeb-c95127d167e1",
      "GroupPath": "Config/LevelOutput/Group/Groups_P40131_F40131002/LevelGroup_P40131_F40131002_G12.json",
      "Name": "RobotHunt",
      "ID": 12
    },
    {
      "GroupGUID": "b0968d4c-cefa-408a-9dcf-d25de553a2ec",
      "GroupPath": "Config/LevelOutput/Group/Groups_P40131_F40131002/LevelGroup_P40131_F40131002_G13.json",
      "Name": "MissionMonster",
      "ID": 13
    },
    {
      "GroupGUID": "22a40e99-05d4-422c-8b44-170a21c6e274",
      "GroupPath": "Config/LevelOutput/Group/Groups_P40131_F40131002/LevelGroup_P40131_F40131002_G14.json",
      "Name": "New Group",
      "ID": 14
    },
    {
      "GroupGUID": "90875abd-0cd8-4d4f-8a9d-c4e5cae4d0d7",
      "GroupPath": "Config/LevelOutput/Group/Groups_P40131_F40131002/LevelGroup_P40131_F40131002_G16.json",
      "Name": "Sound",
      "ID": 16
    }
  ],
  "DefaultEnviroProfile": "Stages/Outputs/Chapter01/EnviroProfile/Chap01_CloseView_ADV_Area_M301_01_Foggy.enviroProfile.asset",
  "StageData": "Stages/Outputs/Chapter01/Stages/Chap01_MAZ_M301_MainLine_01_StageData/Chap01_MAZ_M301_MainLine_01_StageData.stage",
  "CameraType": "Maze",
  "TimeOfDayEnviroProfileMap": {},
  "LayerToAreaMask": [
    1
  ],
  "BattleAreaList": [],
  "DimensionList": [
    {}
  ],
  "NavmapConfigPath": "Config/LevelOutput/Map/MapInfo_P20131_F20131001.json",
  "IsRestartLevelGraph": false
}