{
  "FloorID": 40101003,
  "FloorName": "FloorName_40101003",
  "StartGroupID": 12,
  "StartAnchorID": 1,
  "GroupList": [
    {
      "GroupGUID": "41a34567-135f-48f2-9aa5-c01feb1a23b8",
      "GroupPath": "Config/LevelOutput/Group/Groups_P40101_F40101003/LevelGroup_P40101_F40101003_G3.json",
      "Name": "New Group",
      "ID": 3
    },
    {
      "GroupGUID": "cc98e291-bc17-4612-87db-f79be50e93f2",
      "GroupPath": "Config/LevelOutput/Group/Groups_P40101_F40101003/LevelGroup_P40101_F40101003_G4.json",
      "Name": "StoveFuel",
      "ID": 4
    },
    {
      "GroupGUID": "0fd88726-cab7-41b5-9834-18b3e4a5f224",
      "GroupPath": "Config/LevelOutput/Group/Groups_P40101_F40101003/LevelGroup_P40101_F40101003_G5.json",
      "Name": "mission",
      "ID": 5
    },
    {
      "GroupGUID": "4efd7c75-cc98-4554-b449-cc75b4cf953d",
      "GroupPath": "Config/LevelOutput/Group/Groups_P40101_F40101003/LevelGroup_P40101_F40101003_G8.json",
      "Name": "Monsters",
      "ID": 8
    },
    {
      "GroupGUID": "0d8140d2-af4d-4c50-97d3-6e3b526bc7b1",
      "GroupPath": "Config/LevelOutput/Group/Groups_P40101_F40101003/LevelGroup_P40101_F40101003_G10.json",
      "Name": "Airwall",
      "ID": 10
    },
    {
      "GroupGUID": "5c5410bd-4615-4f53-bc02-2bf32da27f81",
      "GroupPath": "Config/LevelOutput/Group/Groups_P40101_F40101003/LevelGroup_P40101_F40101003_G12.json",
      "Name": "StartAnchor",
      "ID": 12
    },
    {
      "GroupGUID": "6ee4439d-2c0c-4e92-88e7-602d6ca4a257",
      "GroupPath": "Config/LevelOutput/Group/Groups_P40101_F40101003/LevelGroup_P40101_F40101003_G15.json",
      "Name": "MainMission4071321_",
      "ID": 15
    },
    {
      "GroupGUID": "2eea1178-50a3-420b-a89d-dae9430a6aa7",
      "GroupPath": "Config/LevelOutput/Group/Groups_P40101_F40101003/LevelGroup_P40101_F40101003_G17.json",
      "Name": "Sound",
      "ID": 17
    },
    {
      "GroupGUID": "19fe2e83-59af-45ec-b6b2-71569d6e5851",
      "GroupPath": "Config/LevelOutput/Group/Groups_P40101_F40101003/LevelGroup_P40101_F40101003_G18.json",
      "Name": "NPC",
      "ID": 18
    },
    {
      "GroupGUID": "81910416-a119-4af6-b20a-fb56498072be",
      "GroupPath": "Config/LevelOutput/Group/Groups_P40101_F40101003/LevelGroup_P40101_F40101003_G19.json",
      "Name": "NPC",
      "ID": 19
    },
    {
      "GroupGUID": "fcd521af-afc3-4806-8ebe-96cf32871a1d",
      "GroupPath": "Config/LevelOutput/Group/Groups_P40101_F40101003/LevelGroup_P40101_F40101003_G21.json",
      "Name": "NPC",
      "ID": 21
    },
    {
      "GroupGUID": "5f5314af-bd8d-445b-9c29-b9159e17b3c2",
      "GroupPath": "Config/LevelOutput/Group/Groups_P40101_F40101003/LevelGroup_P40101_F40101003_G22.json",
      "Name": "MainMission4071321_",
      "ID": 22
    },
    {
      "GroupGUID": "4dbfcb2f-6005-4764-8cbb-2c751ecbe307",
      "GroupPath": "Config/LevelOutput/Group/Groups_P40101_F40101003/LevelGroup_P40101_F40101003_G23.json",
      "Name": "NPC",
      "ID": 23
    },
    {
      "GroupGUID": "14c7feb0-6317-4ed4-8627-58b72d218793",
      "GroupPath": "Config/LevelOutput/Group/Groups_P40101_F40101003/LevelGroup_P40101_F40101003_G24.json",
      "Name": "MainMission_Prop",
      "ID": 24
    },
    {
      "GroupGUID": "4bbe8053-8d86-40a2-8add-77c1f4ca589e",
      "GroupPath": "Config/LevelOutput/Group/Groups_P40101_F40101003/LevelGroup_P40101_F40101003_G25.json",
      "Name": "StoveFuel",
      "ID": 25
    },
    {
      "GroupGUID": "2cc3cef1-aad3-45a5-a4a9-65509ddff3ba",
      "GroupPath": "Config/LevelOutput/Group/Groups_P40101_F40101003/LevelGroup_P40101_F40101003_G26.json",
      "Name": "PropCommon",
      "ID": 26
    },
    {
      "GroupGUID": "4979fe35-8849-4264-bd7c-4eedaaf96ac9",
      "GroupPath": "Config/LevelOutput/Group/Groups_P40101_F40101003/LevelGroup_P40101_F40101003_G27.json",
      "Name": "NPC",
      "ID": 27
    },
    {
      "GroupGUID": "147c8e56-45ce-4fa7-8327-41f3eb81a30c",
      "GroupPath": "Config/LevelOutput/Group/Groups_P40101_F40101003/LevelGroup_P40101_F40101003_G28.json",
      "Name": "GobackArea",
      "ID": 28
    }
  ],
  "DefaultEnviroProfile": "Stages/Outputs/Chapter01/EnviroProfile/Chap01_CloseView_ADV_Area_M302_01_Foggy.enviroProfile.asset",
  "StageData": "Stages/Outputs/Chapter01/Stages/Chap01_MAZ_M302_MainLine_01_StageData/Chap01_MAZ_M302_MainLine_01_StageData.stage",
  "CameraType": "Maze",
  "TimeOfDayEnviroProfileMap": {},
  "LayerToAreaMask": [
    1
  ],
  "BattleAreaList": [],
  "DimensionList": [
    {}
  ],
  "NavmapConfigPath": "Config/LevelOutput/Map/MapInfo_P20132_F20132001.json",
  "IsRestartLevelGraph": false
}