{
  "FloorID": 40111001,
  "FloorName": "FloorName_40111001",
  "StartGroupID": 1,
  "StartAnchorID": 1,
  "GroupList": [
    {
      "GroupGUID": "b1a469c4-87d1-4e5d-b391-860021d8792a",
      "GroupPath": "Config/LevelOutput/Group/Groups_P40111_F40111001/LevelGroup_P40111_F40111001_G1.json",
      "Name": "DefaultGroup",
      "ID": 1
    },
    {
      "GroupGUID": "2681c253-1d2d-44ae-9af0-b9ddc92229d9",
      "GroupPath": "Config/LevelOutput/Group/Groups_P40111_F40111001/LevelGroup_P40111_F40111001_G2.json",
      "Name": "Public01",
      "ID": 2
    },
    {
      "GroupGUID": "5800ed1e-dffe-4779-8c22-85b21613c943",
      "GroupPath": "Config/LevelOutput/Group/Groups_P40111_F40111001/LevelGroup_P40111_F40111001_G3.json",
      "Name": "Sound",
      "ID": 3
    },
    {
      "GroupGUID": "5ea36ccf-8d96-49cb-a604-ccf6ac5e9f7c",
      "GroupPath": "Config/LevelOutput/Group/Groups_P40111_F40111001/LevelGroup_P40111_F40111001_G4.json",
      "Name": "DefaultData_Props",
      "ID": 4
    },
    {
      "GroupGUID": "5fa15701-b11d-4f41-921d-7f4a76883175",
      "GroupPath": "Config/LevelOutput/Group/Groups_P40111_F40111001/LevelGroup_P40111_F40111001_G9.json",
      "Name": "SavePoint",
      "ID": 9
    },
    {
      "GroupGUID": "12192f89-e321-42a8-9393-8f60ccb58d41",
      "GroupPath": "Config/LevelOutput/Group/Groups_P40111_F40111001/LevelGroup_P40111_F40111001_G5.json",
      "Name": "MainMissionMonster",
      "ID": 5
    },
    {
      "GroupGUID": "da8e2b6e-96e1-49ee-afb6-7ed01fd33614",
      "GroupPath": "Config/LevelOutput/Group/Groups_P40111_F40111001/LevelGroup_P40111_F40111001_G10.json",
      "Name": "MainMission2011904_01",
      "ID": 10
    },
    {
      "GroupGUID": "7fda89f1-0ab6-4948-839b-f54276f826e1",
      "GroupPath": "Config/LevelOutput/Group/Groups_P40111_F40111001/LevelGroup_P40111_F40111001_G11.json",
      "Name": "MainMission2011904_04",
      "ID": 11
    },
    {
      "GroupGUID": "12ee5e4a-8e73-414a-ba2a-1603c14761d5",
      "GroupPath": "Config/LevelOutput/Group/Groups_P40111_F40111001/LevelGroup_P40111_F40111001_G12.json",
      "Name": "MainMission2011904_06",
      "ID": 12
    },
    {
      "GroupGUID": "ed2fb2a1-c12a-48d4-bc99-2e99031ee1a2",
      "GroupPath": "Config/LevelOutput/Group/Groups_P40111_F40111001/LevelGroup_P40111_F40111001_G13.json",
      "Name": "MainMission2011904_07-10",
      "ID": 13
    },
    {
      "GroupGUID": "f0d72ad4-b303-4ce4-aada-7f8c638753c4",
      "GroupPath": "Config/LevelOutput/Group/Groups_P40111_F40111001/LevelGroup_P40111_F40111001_G16.json",
      "Name": "MPProp",
      "ID": 16
    }
  ],
  "DefaultEnviroProfile": "Stages/Outputs/Chapter01/EnviroProfile/Chap01_CloseView_ADV_Area_M101_01_Day.enviroProfile.asset",
  "StageData": "Stages/Outputs/Chapter01/Stages/Chap01_MAZ_M101_MainLine_01_StageData/Chap01_MAZ_M101_MainLine_01_StageData.stage",
  "CameraType": "Maze",
  "TimeOfDayEnviroProfileMap": {},
  "LayerToAreaMask": [
    1
  ],
  "NavmapConfigPath": "Config/LevelOutput/Map/MapInfo_P20111_F20111001.json",
  "IsRestartLevelGraph": false
}