{
  "FloorID": 40121002,
  "FloorName": "FloorName_40121002",
  "StartGroupID": 1,
  "StartAnchorID": 1,
  "GroupList": [
    {
      "GroupGUID": "54c073d4-de4c-4fd4-9781-21d8302530b4",
      "GroupPath": "Config/LevelOutput/Group/Groups_P40121_F40121002/LevelGroup_P40121_F40121002_G1.json",
      "Name": "New Group",
      "ID": 1
    },
    {
      "GroupGUID": "0d153a01-2302-4c5f-9d89-9f641a55e21e",
      "GroupPath": "Config/LevelOutput/Group/Groups_P40121_F40121002/LevelGroup_P40121_F40121002_G2.json",
      "Name": "DefaultData",
      "ID": 2
    },
    {
      "GroupGUID": "2f6d9c00-9d13-4432-9c9b-424b150d9e66",
      "GroupPath": "Config/LevelOutput/Group/Groups_P40121_F40121002/LevelGroup_P40121_F40121002_G3.json",
      "Name": "DefaultProp",
      "ID": 3
    },
    {
      "GroupGUID": "aa4ebc5a-815b-4566-b94f-60a3e2f396f2",
      "GroupPath": "Config/LevelOutput/Group/Groups_P40121_F40121002/LevelGroup_P40121_F40121002_G4.json",
      "Name": "SubMission_Prop",
      "ID": 4
    },
    {
      "GroupGUID": "449872bb-0717-45cf-9f9e-b1a93d59650b",
      "GroupPath": "Config/LevelOutput/Group/Groups_P40121_F40121002/LevelGroup_P40121_F40121002_G5.json",
      "Name": "SubMission_NPC",
      "ID": 5
    },
    {
      "GroupGUID": "50b50f8e-35aa-4914-a0d2-00a9cdffe2b4",
      "GroupPath": "Config/LevelOutput/Group/Groups_P40121_F40121002/LevelGroup_P40121_F40121002_G6.json",
      "Name": "SubMission_NPC",
      "ID": 6
    },
    {
      "GroupGUID": "2913fbd2-d508-4413-8e28-918e3d25dcb7",
      "GroupPath": "Config/LevelOutput/Group/Groups_P40121_F40121002/LevelGroup_P40121_F40121002_G7.json",
      "Name": "SubMission_NPC",
      "ID": 7
    },
    {
      "GroupGUID": "950bb25d-f505-4c91-8c39-0d3f2b3f9be3",
      "GroupPath": "Config/LevelOutput/Group/Groups_P40121_F40121002/LevelGroup_P40121_F40121002_G8.json",
      "Name": "SubMission_NPC",
      "ID": 8
    },
    {
      "GroupGUID": "1c85a8dc-a311-446d-b6eb-5072a0be9373",
      "GroupPath": "Config/LevelOutput/Group/Groups_P40121_F40121002/LevelGroup_P40121_F40121002_G9.json",
      "Name": "SubMission_NPC",
      "ID": 9
    },
    {
      "GroupGUID": "a86fd5ec-9201-4432-a2f4-99c1765937d3",
      "GroupPath": "Config/LevelOutput/Group/Groups_P40121_F40121002/LevelGroup_P40121_F40121002_G10.json",
      "Name": "SubMission_Monster",
      "ID": 10
    },
    {
      "GroupGUID": "a610e8ad-bfa4-4146-88c5-f3da2047b8c6",
      "GroupPath": "Config/LevelOutput/Group/Groups_P40121_F40121002/LevelGroup_P40121_F40121002_G11.json",
      "Name": "MainMission2011404_",
      "ID": 11
    },
    {
      "GroupGUID": "00d5b916-f08e-4733-97c8-bc327da515a5",
      "GroupPath": "Config/LevelOutput/Group/Groups_P40121_F40121002/LevelGroup_P40121_F40121002_G12.json",
      "Name": "Default_MonsterArea01",
      "ID": 12
    },
    {
      "GroupGUID": "07069d8b-fc40-4cd8-b6a0-01c07e36fea2",
      "GroupPath": "Config/LevelOutput/Group/Groups_P40121_F40121002/LevelGroup_P40121_F40121002_G14.json",
      "Name": "SubMission_NPC",
      "ID": 14
    },
    {
      "GroupGUID": "89bad481-4733-4b82-a470-e7cee2d198d8",
      "GroupPath": "Config/LevelOutput/Group/Groups_P40121_F40121002/LevelGroup_P40121_F40121002_G15.json",
      "Name": "SubMission",
      "ID": 15
    },
    {
      "GroupGUID": "c7baeab6-9c67-451a-a501-d7027b472409",
      "GroupPath": "Config/LevelOutput/Group/Groups_P40121_F40121002/LevelGroup_P40121_F40121002_G16.json",
      "Name": "Saves",
      "ID": 16
    },
    {
      "GroupGUID": "b944fcac-addd-4267-ab7e-20d365dec9ee",
      "GroupPath": "Config/LevelOutput/Group/Groups_P40121_F40121002/LevelGroup_P40121_F40121002_G17.json",
      "Name": "SubMission_Monster",
      "ID": 17
    },
    {
      "GroupGUID": "ea516455-b2a4-4989-8bc5-1eaf390bded4",
      "GroupPath": "Config/LevelOutput/Group/Groups_P40121_F40121002/LevelGroup_P40121_F40121002_G18.json",
      "Name": "SubMission_Monster",
      "ID": 18
    },
    {
      "GroupGUID": "a893a2a1-5aad-477d-b291-f63575582462",
      "GroupPath": "Config/LevelOutput/Group/Groups_P40121_F40121002/LevelGroup_P40121_F40121002_G19.json",
      "Name": "Sound",
      "ID": 19
    }
  ],
  "DefaultEnviroProfile": "Stages/Outputs/Chapter01/EnviroProfile/Chap01_CloseView_ADV_Area_M201_01_Night.enviroProfile.asset",
  "StageData": "Stages/Outputs/Chapter01/Stages/Chap01_MAZ_M201_MainLine_01_StageData/Chap01_MAZ_M201_MainLine_01_StageData.stage",
  "CameraType": "Maze",
  "TimeOfDayEnviroProfileMap": {},
  "LayerToAreaMask": [
    1
  ],
  "BattleAreaList": [],
  "DimensionList": [
    {}
  ],
  "NavmapConfigPath": "Config/LevelOutput/Map/MapInfo_P20121_F20121001.json",
  "IsRestartLevelGraph": false
}