{
  "FloorID": 40101001,
  "FloorName": "FloorName_40101001",
  "StartGroupID": 1,
  "StartAnchorID": 1,
  "GroupList": [
    {
      "GroupGUID": "8e71a493-d1bd-42cf-821b-d18f3f9e7b70",
      "GroupPath": "Config/LevelOutput/Group/Groups_P40101_F40101001/LevelGroup_P40101_F40101001_G1.json",
      "Name": "DefaultGroup",
      "ID": 1
    },
    {
      "GroupGUID": "e91f825d-752c-48ef-a853-5fa20e8d507c",
      "GroupPath": "Config/LevelOutput/Group/Groups_P40101_F40101001/LevelGroup_P40101_F40101001_G2.json",
      "Name": "Area_A_Group",
      "ID": 2
    },
    {
      "GroupGUID": "e51446e7-9c4a-47aa-a3ed-2f1464b34a1b",
      "GroupPath": "Config/LevelOutput/Group/Groups_P40101_F40101001/LevelGroup_P40101_F40101001_G4.json",
      "Name": "Area_B_Group",
      "ID": 4
    },
    {
      "GroupGUID": "6161dfd5-ecd0-4965-a8ac-aa6cf6c8cabe",
      "GroupPath": "Config/LevelOutput/Group/Groups_P40101_F40101001/LevelGroup_P40101_F40101001_G3.json",
      "Name": "Area_C_Group",
      "ID": 3
    },
    {
      "GroupGUID": "b185789a-ba76-4352-bf48-17b67a727118",
      "GroupPath": "Config/LevelOutput/Group/Groups_P40101_F40101001/LevelGroup_P40101_F40101001_G5.json",
      "Name": "Area_D_Group",
      "ID": 5
    },
    {
      "GroupGUID": "74d54a19-1001-4f2c-9e6e-5e69ad2a4753",
      "GroupPath": "Config/LevelOutput/Group/Groups_P40101_F40101001/LevelGroup_P40101_F40101001_G6.json",
      "Name": "BridgeController_Group",
      "ID": 6
    },
    {
      "GroupGUID": "ab51ceb8-5bf4-4e4c-a34c-b633ffe1eb09",
      "GroupPath": "Config/LevelOutput/Group/Groups_P40101_F40101001/LevelGroup_P40101_F40101001_G7.json",
      "Name": "Probe_A",
      "ID": 7
    },
    {
      "GroupGUID": "f74735b6-dc2c-4468-9581-0be7b3c763bc",
      "GroupPath": "Config/LevelOutput/Group/Groups_P40101_F40101001/LevelGroup_P40101_F40101001_G8.json",
      "Name": "Bridge_Group",
      "ID": 8
    },
    {
      "GroupGUID": "983ecb73-e543-4fae-8f9c-ccab88a1fc2e",
      "GroupPath": "Config/LevelOutput/Group/Groups_P40101_F40101001/LevelGroup_P40101_F40101001_G9.json",
      "Name": "BridgeController_Fake_Group",
      "ID": 9
    },
    {
      "GroupGUID": "1660e5f0-5f45-4ed1-9e0e-5dde881362ca",
      "GroupPath": "Config/LevelOutput/Group/Groups_P40101_F40101001/LevelGroup_P40101_F40101001_G11.json",
      "Name": "Probe_B",
      "ID": 11
    },
    {
      "GroupGUID": "b456dd4f-24ad-4b64-b8cd-c90952adc099",
      "GroupPath": "Config/LevelOutput/Group/Groups_P40101_F40101001/LevelGroup_P40101_F40101001_G12.json",
      "Name": "Probe_C",
      "ID": 12
    },
    {
      "GroupGUID": "32fc6936-d5bb-4653-ab20-ce3596c82d26",
      "GroupPath": "Config/LevelOutput/Group/Groups_P40101_F40101001/LevelGroup_P40101_F40101001_G13.json",
      "Name": "MissionGroup",
      "ID": 13
    },
    {
      "GroupGUID": "23d28ebf-0b43-4789-ac53-dae49f472593",
      "GroupPath": "Config/LevelOutput/Group/Groups_P40101_F40101001/LevelGroup_P40101_F40101001_G10.json",
      "Name": "Empty Group",
      "ID": 10
    },
    {
      "GroupGUID": "e4944bd8-24eb-448b-8477-a0b36ab1b6a9",
      "GroupPath": "Config/LevelOutput/Group/Groups_P40101_F40101001/LevelGroup_P40101_F40101001_G14.json",
      "Name": "Area_A_Monster_Group",
      "ID": 14
    },
    {
      "GroupGUID": "c752b8ca-fb9f-48a7-8891-bfbe2b5fcc52",
      "GroupPath": "Config/LevelOutput/Group/Groups_P40101_F40101001/LevelGroup_P40101_F40101001_G15.json",
      "Name": "Area_B_Monster_Group",
      "ID": 15
    },
    {
      "GroupGUID": "acaf75d6-6e45-4d79-8dca-4da603d7fce9",
      "GroupPath": "Config/LevelOutput/Group/Groups_P40101_F40101001/LevelGroup_P40101_F40101001_G16.json",
      "Name": "Area_C_Monster_Group",
      "ID": 16
    },
    {
      "GroupGUID": "87bc37ea-00f0-4529-8ce4-b4d6624eb7aa",
      "GroupPath": "Config/LevelOutput/Group/Groups_P40101_F40101001/LevelGroup_P40101_F40101001_G18.json",
      "Name": "Area_A_Message Group",
      "ID": 18
    },
    {
      "GroupGUID": "ed462546-a1a3-4fc5-a418-8f930ebd5a9a",
      "GroupPath": "Config/LevelOutput/Group/Groups_P40101_F40101001/LevelGroup_P40101_F40101001_G19.json",
      "Name": "Area_B_Message Group",
      "ID": 19
    },
    {
      "GroupGUID": "ccdd5410-b5bb-469a-9a47-7be412f979e7",
      "GroupPath": "Config/LevelOutput/Group/Groups_P40101_F40101001/LevelGroup_P40101_F40101001_G20.json",
      "Name": "Sound",
      "ID": 20
    }
  ],
  "DefaultEnviroProfile": "Stages/Outputs/Chapter01/EnviroProfile/Chap01_CloseView_ADV_Area_M302_01_Foggy.enviroProfile.asset",
  "StageData": "Stages/Outputs/Chapter01/Stages/Chap01_MAZ_M302_MainLine_01_StageData/Chap01_MAZ_M302_MainLine_01_StageData.stage",
  "CameraType": "Maze",
  "TimeOfDayEnviroProfileMap": {},
  "LayerToAreaMask": [
    1
  ],
  "BattleAreaList": [],
  "DimensionList": [
    {}
  ],
  "NavmapConfigPath": "Config/LevelOutput/Map/MapInfo_P20132_F20132001.json",
  "IsRestartLevelGraph": false
}