{
  "FloorID": 40121006,
  "FloorName": "FloorName_40121006",
  "StartGroupID": 8,
  "StartAnchorID": 1,
  "GroupList": [
    {
      "GroupGUID": "fc88c276-f12e-4565-959f-e28cda4ec992",
      "GroupPath": "Config/LevelOutput/Group/Groups_P40121_F40121006/LevelGroup_P40121_F40121006_G5.json",
      "Name": "DefaultProp",
      "ID": 5
    },
    {
      "GroupGUID": "a017085d-bafd-4512-ba83-0c4e359b9699",
      "GroupPath": "Config/LevelOutput/Group/Groups_P40121_F40121006/LevelGroup_P40121_F40121006_G8.json",
      "Name": "New Group",
      "ID": 8
    },
    {
      "GroupGUID": "bdd2eca9-aaa3-4874-89fe-a272c40cfa00",
      "GroupPath": "Config/LevelOutput/Group/Groups_P40121_F40121006/LevelGroup_P40121_F40121006_G9.json",
      "Name": "Monster",
      "ID": 9
    },
    {
      "GroupGUID": "6b377bde-4b29-4166-ac9a-a06c954e4a77",
      "GroupPath": "Config/LevelOutput/Group/Groups_P40121_F40121006/LevelGroup_P40121_F40121006_G10.json",
      "Name": "Prop",
      "ID": 10
    },
    {
      "GroupGUID": "cc8e6cfc-49dc-4d75-a235-403417b47507",
      "GroupPath": "Config/LevelOutput/Group/Groups_P40121_F40121006/LevelGroup_P40121_F40121006_G11.json",
      "Name": "NPC",
      "ID": 11
    },
    {
      "GroupGUID": "d47dc70b-accf-4bef-904f-e52370f547ef",
      "GroupPath": "Config/LevelOutput/Group/Groups_P40121_F40121006/LevelGroup_P40121_F40121006_G12.json",
      "Name": "Weak_Monster",
      "ID": 12
    },
    {
      "GroupGUID": "95f92167-e40b-4c34-a05a-34c43715579b",
      "GroupPath": "Config/LevelOutput/Group/Groups_P40121_F40121006/LevelGroup_P40121_F40121006_G13.json",
      "Name": "BuffProp",
      "ID": 13
    },
    {
      "GroupGUID": "ab1b3aea-9309-421f-9412-f4dde0c7929f",
      "GroupPath": "Config/LevelOutput/Group/Groups_P40121_F40121006/LevelGroup_P40121_F40121006_G16.json",
      "Name": "Saves",
      "ID": 16
    },
    {
      "GroupGUID": "9a182278-e782-49f8-bc1b-0ece400732e0",
      "GroupPath": "Config/LevelOutput/Group/Groups_P40121_F40121006/LevelGroup_P40121_F40121006_G1.json",
      "Name": "New Group",
      "ID": 1
    }
  ],
  "DefaultEnviroProfile": "Stages/Outputs/Chapter01/EnviroProfile/Chap01_CloseView_ADV_Area_M201_01_Night.enviroProfile.asset",
  "StageData": "Stages/Outputs/Chapter01/Stages/Chap01_MAZ_M201_MainLine_01_StageData/Chap01_MAZ_M201_MainLine_01_StageData.stage",
  "CameraType": "Maze",
  "TimeOfDayEnviroProfileMap": {},
  "LayerToAreaMask": [
    1
  ],
  "BattleAreaList": [],
  "DimensionList": [
    {}
  ],
  "NavmapConfigPath": "Config/LevelOutput/Map/MapInfo_P20121_F20121001.json",
  "IsRestartLevelGraph": false
}