{
  "FloorID": 40122002,
  "FloorName": "FloorName_40122002",
  "StartGroupID": 1,
  "StartAnchorID": 1,
  "GroupList": [
    {
      "GroupGUID": "bc6e568f-b96c-42a2-be9d-fb9efdb30469",
      "GroupPath": "Config/LevelOutput/Group/Groups_P40122_F40122002/LevelGroup_P40122_F40122002_G1.json",
      "Name": "DefaultGroup",
      "ID": 1
    },
    {
      "GroupGUID": "94ba5f1b-3f28-4733-954d-16323ca10dd2",
      "GroupPath": "Config/LevelOutput/Group/Groups_P40122_F40122002/LevelGroup_P40122_F40122002_G2.json",
      "Name": "DefaultData",
      "ID": 2
    },
    {
      "GroupGUID": "5e5fb9e9-46fb-43ca-9a16-5a2fef2a323f",
      "GroupPath": "Config/LevelOutput/Group/Groups_P40122_F40122002/LevelGroup_P40122_F40122002_G3.json",
      "Name": "Sound",
      "ID": 3
    }
  ],
  "DefaultEnviroProfile": "Stages/Outputs/Chapter01/EnviroProfile/Chap01_CloseView_ADV_Area_M202_01_Night.enviroProfile.asset",
  "StageData": "Stages/Outputs/Chapter01/Stages/Chap01_MAZ_M202_MainLine_01_StageData/Chap01_MAZ_M202_MainLine_01_StageData.stage",
  "CameraType": "Maze",
  "TimeOfDayEnviroProfileMap": {},
  "LayerToAreaMask": [
    8,
    16
  ],
  "NavmapConfigPath": "Config/LevelOutput/Map/MapInfo_P20122_F20122001.json",
  "IsRestartLevelGraph": false
}