{
  "FloorID": 40102001,
  "FloorName": "FloorName_40102001",
  "StartGroupID": 2,
  "StartAnchorID": 1,
  "GroupList": [
    {
      "GroupGUID": "f2d7f1a2-042e-4150-8076-696cb785adf4",
      "GroupPath": "Config/LevelOutput/Group/Groups_P40102_F40102001/LevelGroup_P40102_F40102001_G2.json",
      "Name": "New Group",
      "ID": 2
    },
    {
      "GroupGUID": "fc88b573-9a10-4b98-a30c-b91557d3e251",
      "GroupPath": "Config/LevelOutput/Group/Groups_P40102_F40102001/LevelGroup_P40102_F40102001_G6.json",
      "Name": "Monster",
      "ID": 6
    },
    {
      "GroupGUID": "1ada35a3-b041-43e3-9db3-17867dcafeba",
      "GroupPath": "Config/LevelOutput/Group/Groups_P40102_F40102001/LevelGroup_P40102_F40102001_G7.json",
      "Name": "NPC",
      "ID": 7
    },
    {
      "GroupGUID": "fdd1dfa6-c609-4453-b536-b8d3e0f3395d",
      "GroupPath": "Config/LevelOutput/Group/Groups_P40102_F40102001/LevelGroup_P40102_F40102001_G9.json",
      "Name": "Prop Group",
      "ID": 9
    }
  ],
  "DefaultEnviroProfile": "Stages/Outputs/Chapter01/EnviroProfile/Chap01_CloseView_ADV_Area_UnderCity_01_Night.enviroProfile.asset",
  "StageData": "Stages/Outputs/Chapter01/Stages/Chap01_ADV_Area_UnderCity_01_StageData/Chap01_ADV_Area_UnderCity_01_StageData.stage",
  "MinimapVolumeData": {},
  "TimeOfDayEnviroProfileMap": {},
  "LayerToAreaMask": [
    1
  ],
  "BattleAreaList": [],
  "DimensionList": [
    {}
  ],
  "IsRestartLevelGraph": false
}