{
  "FloorID": 40233001,
  "FloorName": "FloorName_40233001",
  "StartGroupID": 1,
  "StartAnchorID": 1,
  "GroupList": [
    {
      "GroupGUID": "dc7a3521-f658-4092-86b4-63e7b8ae86fd",
      "GroupPath": "Config/LevelOutput/Group/Groups_P40233_F40233001/LevelGroup_P40233_F40233001_G1.json",
      "Name": "DefaultGroup",
      "ID": 1
    },
    {
      "GroupGUID": "0aa3ea09-5132-4806-bf13-249b415e1fc4",
      "GroupPath": "Config/LevelOutput/Group/Groups_P40233_F40233001/LevelGroup_P40233_F40233001_G3.json",
      "Name": "BATProp",
      "ID": 3
    },
    {
      "GroupGUID": "1a933eae-e3c4-4490-a8af-966f7f1a125c",
      "GroupPath": "Config/LevelOutput/Group/Groups_P40233_F40233001/LevelGroup_P40233_F40233001_G2.json",
      "Name": "HuanlongFlower",
      "ID": 2
    },
    {
      "GroupGUID": "d14044cb-3a45-4b1e-b59d-650aecccb865",
      "GroupPath": "Config/LevelOutput/Group/Groups_P40233_F40233001/LevelGroup_P40233_F40233001_G4.json",
      "Name": "MainMission1021601_01",
      "ID": 4
    },
    {
      "GroupGUID": "74b21f51-483f-4bc2-a71b-c0b4489e0b87",
      "GroupPath": "Config/LevelOutput/Group/Groups_P40233_F40233001/LevelGroup_P40233_F40233001_G5.json",
      "Name": "Sound",
      "ID": 5
    },
    {
      "GroupGUID": "0d4f7919-84fd-49f2-ab64-f3ccb43dc289",
      "GroupPath": "Config/LevelOutput/Group/Groups_P40233_F40233001/LevelGroup_P40233_F40233001_G7.json",
      "Name": "RecoverBuff",
      "ID": 7
    }
  ],
  "DefaultEnviroProfile": "Stages/Outputs/Chapter02/EnviroProfile/Chap02_CloseView_MAZ_X303_MainLine_01_Day.enviroProfile.asset",
  "StageData": "Stages/Outputs/Chapter02/Stages/Chap02_MAZ_X303_MainLine_01_StageData/Chap02_MAZ_X303_MainLine_01_StageData.stage",
  "CameraType": "Maze",
  "MinimapVolumeData": {},
  "TimeOfDayEnviroProfileMap": {},
  "LayerToAreaMask": [
    1
  ],
  "IsRestartLevelGraph": false
}