{
  "FloorID": 40212001,
  "FloorName": "FloorName_40212001",
  "StartGroupID": 1,
  "StartAnchorID": 2,
  "GroupList": [
    {
      "GroupGUID": "2ecc77b3-806a-4bdf-ac20-e3586657417e",
      "GroupPath": "Config/LevelOutput/Group/Groups_P40212_F40212001/LevelGroup_P40212_F40212001_G1.json",
      "Name": "DefaultGroup",
      "ID": 1
    },
    {
      "GroupGUID": "1dad9539-c9a7-4343-a0ea-fbb185c20f96",
      "GroupPath": "Config/LevelOutput/Group/Groups_P40212_F40212001/LevelGroup_P40212_F40212001_G4.json",
      "Name": "MIssion Group1",
      "ID": 4
    },
    {
      "GroupGUID": "a825e335-577c-4cb1-b17c-a2fb273328cc",
      "GroupPath": "Config/LevelOutput/Group/Groups_P40212_F40212001/LevelGroup_P40212_F40212001_G9.json",
      "Name": "MIneG1",
      "ID": 9
    },
    {
      "GroupGUID": "60007209-e43e-4dba-95c2-734139ab336e",
      "GroupPath": "Config/LevelOutput/Group/Groups_P40212_F40212001/LevelGroup_P40212_F40212001_G10.json",
      "Name": "MIneG2",
      "ID": 10
    },
    {
      "GroupGUID": "e0437372-8b1c-431f-88cb-111c32689b56",
      "GroupPath": "Config/LevelOutput/Group/Groups_P40212_F40212001/LevelGroup_P40212_F40212001_G11.json",
      "Name": "MIssion Group2",
      "ID": 11
    },
    {
      "GroupGUID": "53e2aed5-bc7d-46d0-8582-bd1600c569c3",
      "GroupPath": "Config/LevelOutput/Group/Groups_P40212_F40212001/LevelGroup_P40212_F40212001_G12.json",
      "Name": "MIssion Group3",
      "ID": 12
    },
    {
      "GroupGUID": "4c775164-c978-4fa8-849c-d6a4dd3a33de",
      "GroupPath": "Config/LevelOutput/Group/Groups_P40212_F40212001/LevelGroup_P40212_F40212001_G17.json",
      "Name": "Gameplay_CallPuppy",
      "ID": 17
    },
    {
      "GroupGUID": "5277f971-9c2a-40bb-8f16-c8b3e3085695",
      "GroupPath": "Config/LevelOutput/Group/Groups_P40212_F40212001/LevelGroup_P40212_F40212001_G22.json",
      "Name": "PollutionG1sub",
      "ID": 22
    },
    {
      "GroupGUID": "c372a65e-1459-482f-9e46-4db81c56c504",
      "GroupPath": "Config/LevelOutput/Group/Groups_P40212_F40212001/LevelGroup_P40212_F40212001_G23.json",
      "Name": "PollutionG2sub",
      "ID": 23
    },
    {
      "GroupGUID": "eb5a855d-5e22-4843-a2c8-0bcaae51ece7",
      "GroupPath": "Config/LevelOutput/Group/Groups_P40212_F40212001/LevelGroup_P40212_F40212001_G24.json",
      "Name": "PollutionG3sub",
      "ID": 24
    },
    {
      "GroupGUID": "def616f4-8e53-40f2-a62f-ad962a6667bf",
      "GroupPath": "Config/LevelOutput/Group/Groups_P40212_F40212001/LevelGroup_P40212_F40212001_G25.json",
      "Name": "Sound",
      "ID": 25
    }
  ],
  "DefaultEnviroProfile": "Stages/Outputs/Chapter02/EnviroProfile/Chap02_CloseView_MAZ_X102_MainLine_01_Day.enviroProfile.asset",
  "StageData": "Stages/Outputs/Chapter02/Stages/Chap02_MAZ_X102_MainLine_01_StageData/Chap02_MAZ_X102_MainLine_01_StageData.stage",
  "CameraType": "Maze",
  "TimeOfDayEnviroProfileMap": {},
  "LayerToAreaMask": [
    1
  ],
  "NavmapConfigPath": "Config/LevelOutput/Map/MapInfo_P20212_F20212001.json",
  "IsRestartLevelGraph": false
}