{
  "FloorID": 40222005,
  "FloorName": "FloorName_40222005",
  "StartGroupID": 1,
  "StartAnchorID": 1,
  "GroupList": [
    {
      "GroupGUID": "7a252c60-0049-4927-a2df-d358ec278d08",
      "GroupPath": "Config/LevelOutput/Group/Groups_P40222_F40222005/LevelGroup_P40222_F40222005_G1.json",
      "Name": "DefaultGroup",
      "ID": 1
    },
    {
      "GroupGUID": "6b2cb4bd-3f36-486d-9e40-7112d837ec59",
      "GroupPath": "Config/LevelOutput/Group/Groups_P40222_F40222005/LevelGroup_P40222_F40222005_G6.json",
      "Name": "DefaultGroup",
      "ID": 6
    },
    {
      "GroupGUID": "aff84dc7-19a1-458a-80fc-66750478ef2c",
      "GroupPath": "Config/LevelOutput/Group/Groups_P40222_F40222005/LevelGroup_P40222_F40222005_G10.json",
      "Name": "Elevator",
      "ID": 10
    },
    {
      "GroupGUID": "5dc60256-f6bd-4b2b-9b4b-a5315cc9866a",
      "GroupPath": "Config/LevelOutput/Group/Groups_P40222_F40222005/LevelGroup_P40222_F40222005_G11.json",
      "Name": "New Group",
      "ID": 11
    },
    {
      "GroupGUID": "d9c7567c-858f-4771-b668-1ef84ccdc623",
      "GroupPath": "Config/LevelOutput/Group/Groups_P40222_F40222005/LevelGroup_P40222_F40222005_G3.json",
      "Name": "BATProp",
      "ID": 3
    },
    {
      "GroupGUID": "33972103-b634-4eec-af59-cdf04dc9df2d",
      "GroupPath": "Config/LevelOutput/Group/Groups_P40222_F40222005/LevelGroup_P40222_F40222005_G4.json",
      "Name": "BATBossProp",
      "ID": 4
    },
    {
      "GroupGUID": "0ff88896-321c-4d4b-85b0-1a02f14a454e",
      "GroupPath": "Config/LevelOutput/Group/Groups_P40222_F40222005/LevelGroup_P40222_F40222005_G5.json",
      "Name": "JianMu",
      "ID": 5
    }
  ],
  "DefaultEnviroProfile": "Stages/Outputs/Chapter02/EnviroProfile/Chap02_CloseView_MAZ_X202_MainLine_01_Night.enviroProfile.asset",
  "StageData": "Stages/Outputs/Chapter02/Stages/Chap02_MAZ_X202_MainLine_01_StageData/Chap02_MAZ_X202_MainLine_01_StageData.stage",
  "CameraType": "Maze",
  "TimeOfDayEnviroProfileMap": {},
  "LayerToAreaMask": [
    1
  ],
  "NavmapConfigPath": "Config/LevelOutput/Map/MapInfo_P20222_F20222001.json",
  "IsRestartLevelGraph": false
}