{
  "FloorID": 40222001,
  "FloorName": "FloorName_40222001",
  "StartGroupID": 2,
  "StartAnchorID": 1,
  "GroupList": [
    {
      "GroupGUID": "0dbc6b89-de10-406d-9aa1-0a77718fc121",
      "GroupPath": "Config/LevelOutput/Group/Groups_P40222_F40222001/LevelGroup_P40222_F40222001_G2.json",
      "Name": "DefaultGroup",
      "ID": 2
    },
    {
      "GroupGUID": "edd53398-3ee2-47a2-be0c-06ff98297c64",
      "GroupPath": "Config/LevelOutput/Group/Groups_P40222_F40222001/LevelGroup_P40222_F40222001_G3.json",
      "Name": "New Group",
      "ID": 3
    },
    {
      "GroupGUID": "ec3e43b4-de8e-4f08-b09b-c16720143013",
      "GroupPath": "Config/LevelOutput/Group/Groups_P40222_F40222001/LevelGroup_P40222_F40222001_G4.json",
      "Name": "MainMission102090101",
      "ID": 4
    },
    {
      "GroupGUID": "8416d9fe-b7b5-44d8-8002-20713555eb39",
      "GroupPath": "Config/LevelOutput/Group/Groups_P40222_F40222001/LevelGroup_P40222_F40222001_G5.json",
      "Name": "MainMission102090102",
      "ID": 5
    },
    {
      "GroupGUID": "b75bde0d-4e38-4337-bf36-6b615d5adba2",
      "GroupPath": "Config/LevelOutput/Group/Groups_P40222_F40222001/LevelGroup_P40222_F40222001_G6.json",
      "Name": "MainMission1020901_",
      "ID": 6
    },
    {
      "GroupGUID": "ca6cf07e-27b7-4b7c-a05b-e9774c054803",
      "GroupPath": "Config/LevelOutput/Group/Groups_P40222_F40222001/LevelGroup_P40222_F40222001_G8.json",
      "Name": "MainMission1020903",
      "ID": 8
    },
    {
      "GroupGUID": "660e3dab-ad90-4767-af60-d63af0b3c34a",
      "GroupPath": "Config/LevelOutput/Group/Groups_P40222_F40222001/LevelGroup_P40222_F40222001_G9.json",
      "Name": "MainMission102090104",
      "ID": 9
    },
    {
      "GroupGUID": "4251e3d6-ea27-4b2c-ab3a-02db9a9ff403",
      "GroupPath": "Config/LevelOutput/Group/Groups_P40222_F40222001/LevelGroup_P40222_F40222001_G10.json",
      "Name": "MainMission102090105",
      "ID": 10
    },
    {
      "GroupGUID": "85e0352c-ad6a-41c3-a79a-4daee2ae08c7",
      "GroupPath": "Config/LevelOutput/Group/Groups_P40222_F40222001/LevelGroup_P40222_F40222001_G11.json",
      "Name": "MainMission102090106",
      "ID": 11
    },
    {
      "GroupGUID": "d88da807-dbe9-4f3c-96a4-07ec6768f1bb",
      "GroupPath": "Config/LevelOutput/Group/Groups_P40222_F40222001/LevelGroup_P40222_F40222001_G14.json",
      "Name": "MainMission102090107",
      "ID": 14
    },
    {
      "GroupGUID": "85e40f0f-4443-4de3-9da6-35fcb6d025d9",
      "GroupPath": "Config/LevelOutput/Group/Groups_P40222_F40222001/LevelGroup_P40222_F40222001_G15.json",
      "Name": "New Group",
      "ID": 15
    },
    {
      "GroupGUID": "49a4d0af-e957-4d24-aba5-0329a8e231b8",
      "GroupPath": "Config/LevelOutput/Group/Groups_P40222_F40222001/LevelGroup_P40222_F40222001_G16.json",
      "Name": "MainMission1020901",
      "ID": 16
    },
    {
      "GroupGUID": "e3c97e46-a670-46e3-a756-5040ddcfd804",
      "GroupPath": "Config/LevelOutput/Group/Groups_P40222_F40222001/LevelGroup_P40222_F40222001_G17.json",
      "Name": "MainMissionMonster",
      "ID": 17
    },
    {
      "GroupGUID": "a2f17a0b-1962-47ff-b206-81be5db399f5",
      "GroupPath": "Config/LevelOutput/Group/Groups_P40222_F40222001/LevelGroup_P40222_F40222001_G19.json",
      "Name": "Mission102090108",
      "ID": 19
    },
    {
      "GroupGUID": "c15970ce-a9c1-424c-a5e3-b0498b458afb",
      "GroupPath": "Config/LevelOutput/Group/Groups_P40222_F40222001/LevelGroup_P40222_F40222001_G20.json",
      "Name": "Sound",
      "ID": 20
    },
    {
      "GroupGUID": "2881474e-f3fd-417b-a583-58362b684e77",
      "GroupPath": "Config/LevelOutput/Group/Groups_P40222_F40222001/LevelGroup_P40222_F40222001_G21.json",
      "Name": "BATProp",
      "ID": 21
    },
    {
      "GroupGUID": "eeb14ea8-bbeb-486f-9ba6-c9d34f8fdc1d",
      "GroupPath": "Config/LevelOutput/Group/Groups_P40222_F40222001/LevelGroup_P40222_F40222001_G22.json",
      "Name": "BATBossProp",
      "ID": 22
    },
    {
      "GroupGUID": "9b0ee4d9-6b0f-4326-9fe8-2fd7d93ecf0e",
      "GroupPath": "Config/LevelOutput/Group/Groups_P40222_F40222001/LevelGroup_P40222_F40222001_G23.json",
      "Name": "CommonProp",
      "ID": 23
    },
    {
      "GroupGUID": "6bd60487-c3e7-4328-8ca9-8f2f1d477abf",
      "GroupPath": "Config/LevelOutput/Group/Groups_P40222_F40222001/LevelGroup_P40222_F40222001_G24.json",
      "Name": "JianMu",
      "ID": 24
    },
    {
      "GroupGUID": "713f239b-876d-4b94-a9c9-7907ea815277",
      "GroupPath": "Config/LevelOutput/Group/Groups_P40222_F40222001/LevelGroup_P40222_F40222001_G26.json",
      "Name": "MainMission_RoadBlock",
      "ID": 26
    },
    {
      "GroupGUID": "e43ec565-f9d1-4e97-a529-9cb8cbc320dc",
      "GroupPath": "Config/LevelOutput/Group/Groups_P40222_F40222001/LevelGroup_P40222_F40222001_G27.json",
      "Name": "JianMu",
      "ID": 27
    }
  ],
  "DefaultEnviroProfile": "Stages/Outputs/Chapter02/EnviroProfile/Chap02_CloseView_MAZ_X202_MainLine_01_Night.enviroProfile.asset",
  "StageData": "Stages/Outputs/Chapter02/Stages/Chap02_MAZ_X202_MainLine_01_StageData/Chap02_MAZ_X202_MainLine_01_StageData.stage",
  "CameraType": "Maze",
  "TimeOfDayEnviroProfileMap": {},
  "LayerToAreaMask": [
    1
  ],
  "NavmapConfigPath": "Config/LevelOutput/Map/MapInfo_P20222_F20222001.json",
  "IsRestartLevelGraph": false
}