{
  "FloorID": 40232001,
  "FloorName": "FloorName_40232001",
  "StartGroupID": 1,
  "StartAnchorID": 1,
  "GroupList": [
    {
      "GroupGUID": "df7b820b-02c2-45c3-9d6c-bc1aa0cd12dc",
      "GroupPath": "Config/LevelOutput/Group/Groups_P40232_F40232001/LevelGroup_P40232_F40232001_G1.json",
      "Name": "DefaultGroup",
      "ID": 1
    },
    {
      "GroupGUID": "de443862-be5f-423d-99d6-50e74dc34a9d",
      "GroupPath": "Config/LevelOutput/Group/Groups_P40232_F40232001/LevelGroup_P40232_F40232001_G2.json",
      "Name": "Dead Body",
      "ID": 2
    },
    {
      "GroupGUID": "30a48774-002d-436a-a3f0-a013b6cc1e00",
      "GroupPath": "Config/LevelOutput/Group/Groups_P40232_F40232001/LevelGroup_P40232_F40232001_G3.json",
      "Name": "SeaBlock",
      "ID": 3
    }
  ],
  "DefaultEnviroProfile": "Stages/Outputs/Chapter02/EnviroProfile/Chap02_CloseView_MAZ_X302_MainLine_01_Day.enviroProfile.asset",
  "StageData": "Stages/Outputs/Chapter02/Stages/Chap02_MAZ_X302_MainLine_01_StageData/Chap02_MAZ_X302_MainLine_01_StageData.stage",
  "CameraType": "Maze",
  "TimeOfDayEnviroProfileMap": {},
  "LayerToAreaMask": [
    1
  ],
  "NavmapConfigPath": "Config/LevelOutput/Map/MapInfo_P20232_F20232001.json",
  "IsRestartLevelGraph": false
}