{
  "FloorID": 40222006,
  "FloorName": "FloorName_40222006",
  "StartGroupID": 1,
  "StartAnchorID": 1,
  "GroupList": [
    {
      "GroupGUID": "38ff21be-8d77-464e-bcbc-4405373acf29",
      "GroupPath": "Config/LevelOutput/Group/Groups_P40222_F40222006/LevelGroup_P40222_F40222006_G1.json",
      "Name": "DefaultGroup",
      "ID": 1
    },
    {
      "GroupGUID": "082a1471-3a74-4d83-b29d-d872b4a8d7a4",
      "GroupPath": "Config/LevelOutput/Group/Groups_P40222_F40222006/LevelGroup_P40222_F40222006_G6.json",
      "Name": "DefaultGroup",
      "ID": 6
    },
    {
      "GroupGUID": "54bb8d56-7e2f-44f6-9f82-4180931d4d65",
      "GroupPath": "Config/LevelOutput/Group/Groups_P40222_F40222006/LevelGroup_P40222_F40222006_G10.json",
      "Name": "Elevator",
      "ID": 10
    },
    {
      "GroupGUID": "10e8d792-61ca-4f98-8a13-f1b8992bb5e1",
      "GroupPath": "Config/LevelOutput/Group/Groups_P40222_F40222006/LevelGroup_P40222_F40222006_G11.json",
      "Name": "New Group",
      "ID": 11
    }
  ],
  "DefaultEnviroProfile": "Stages/Outputs/Chapter02/EnviroProfile/Chap02_CloseView_MAZ_X202_MainLine_01_Night.enviroProfile.asset",
  "StageData": "Stages/Outputs/Chapter02/Stages/Chap02_MAZ_X202_MainLine_01_StageData/Chap02_MAZ_X202_MainLine_01_StageData.stage",
  "CameraType": "Maze",
  "TimeOfDayEnviroProfileMap": {},
  "LayerToAreaMask": [
    1
  ],
  "NavmapConfigPath": "Config/LevelOutput/Map/MapInfo_P20222_F20222001.json",
  "IsRestartLevelGraph": false
}