{
  "FloorID": 40212003,
  "FloorName": "FloorName_40212003",
  "StartGroupID": 1,
  "StartAnchorID": 2,
  "GroupList": [
    {
      "GroupGUID": "2826a2d1-c65e-4f04-a206-6cc0c23e2446",
      "GroupPath": "Config/LevelOutput/Group/Groups_P40212_F40212003/LevelGroup_P40212_F40212003_G1.json",
      "Name": "DefaultGroup",
      "ID": 1
    },
    {
      "GroupGUID": "ae9fb2b6-ff62-4961-bf57-2673c1189ed6",
      "GroupPath": "Config/LevelOutput/Group/Groups_P40212_F40212003/LevelGroup_P40212_F40212003_G4.json",
      "Name": "MIssion Group1",
      "ID": 4
    },
    {
      "GroupGUID": "83ee253c-2296-4248-a138-528d1155e06b",
      "GroupPath": "Config/LevelOutput/Group/Groups_P40212_F40212003/LevelGroup_P40212_F40212003_G9.json",
      "Name": "MIneG1",
      "ID": 9
    },
    {
      "GroupGUID": "c6e8352c-1104-4e3c-b730-82e20e5f5992",
      "GroupPath": "Config/LevelOutput/Group/Groups_P40212_F40212003/LevelGroup_P40212_F40212003_G10.json",
      "Name": "MIneG2",
      "ID": 10
    },
    {
      "GroupGUID": "e9765c7b-124e-499c-9130-c2660db4b1ce",
      "GroupPath": "Config/LevelOutput/Group/Groups_P40212_F40212003/LevelGroup_P40212_F40212003_G11.json",
      "Name": "MIssion Group2",
      "ID": 11
    },
    {
      "GroupGUID": "633c8b13-2c0d-4424-8a69-60b68773b189",
      "GroupPath": "Config/LevelOutput/Group/Groups_P40212_F40212003/LevelGroup_P40212_F40212003_G12.json",
      "Name": "MIssion Group3",
      "ID": 12
    },
    {
      "GroupGUID": "a07559e9-a96c-4f1f-9869-24b5690e49a2",
      "GroupPath": "Config/LevelOutput/Group/Groups_P40212_F40212003/LevelGroup_P40212_F40212003_G17.json",
      "Name": "Gameplay_CallPuppy",
      "ID": 17
    },
    {
      "GroupGUID": "f66075be-3dc0-4af3-87d4-bd1c87842042",
      "GroupPath": "Config/LevelOutput/Group/Groups_P40212_F40212003/LevelGroup_P40212_F40212003_G22.json",
      "Name": "PollutionG1sub",
      "ID": 22
    },
    {
      "GroupGUID": "9eb50756-2053-44e6-8ee0-c74fdef7cec7",
      "GroupPath": "Config/LevelOutput/Group/Groups_P40212_F40212003/LevelGroup_P40212_F40212003_G23.json",
      "Name": "PollutionG2sub",
      "ID": 23
    },
    {
      "GroupGUID": "f082271a-f4b5-4bef-935f-fbee67124dbc",
      "GroupPath": "Config/LevelOutput/Group/Groups_P40212_F40212003/LevelGroup_P40212_F40212003_G24.json",
      "Name": "PollutionG3sub",
      "ID": 24
    }
  ],
  "DefaultEnviroProfile": "Stages/Outputs/Chapter02/EnviroProfile/Chap02_CloseView_MAZ_X102_MainLine_01_Day.enviroProfile.asset",
  "StageData": "Stages/Outputs/Chapter02/Stages/Chap02_MAZ_X102_MainLine_01_StageData/Chap02_MAZ_X102_MainLine_01_StageData.stage",
  "CameraType": "Maze",
  "TimeOfDayEnviroProfileMap": {},
  "LayerToAreaMask": [
    1
  ],
  "NavmapConfigPath": "Config/LevelOutput/Map/MapInfo_P20212_F20212001.json",
  "IsRestartLevelGraph": false
}