{
  "FloorID": 40222002,
  "FloorName": "FloorName_40222002",
  "StartGroupID": 1,
  "StartAnchorID": 1,
  "GroupList": [
    {
      "GroupGUID": "f5894116-458c-4955-9039-9e0c9fb531a8",
      "GroupPath": "Config/LevelOutput/Group/Groups_P40222_F40222002/LevelGroup_P40222_F40222002_G1.json",
      "Name": "DefaultGroup1",
      "ID": 1
    },
    {
      "GroupGUID": "df5ffa88-be4b-43e3-81d0-ad6d2422510d",
      "GroupPath": "Config/LevelOutput/Group/Groups_P40222_F40222002/LevelGroup_P40222_F40222002_G6.json",
      "Name": "DefaultGroup",
      "ID": 6
    },
    {
      "GroupGUID": "bc0c50b4-66d1-4fda-8e53-a6138519e5fd",
      "GroupPath": "Config/LevelOutput/Group/Groups_P40222_F40222002/LevelGroup_P40222_F40222002_G11.json",
      "Name": "New Group",
      "ID": 11
    },
    {
      "GroupGUID": "aa27db18-4306-438c-a428-f15fe6457d3b",
      "GroupPath": "Config/LevelOutput/Group/Groups_P40222_F40222002/LevelGroup_P40222_F40222002_G14.json",
      "Name": "Sound",
      "ID": 14
    },
    {
      "GroupGUID": "46ba9287-a692-402c-8637-8fc6033792b2",
      "GroupPath": "Config/LevelOutput/Group/Groups_P40222_F40222002/LevelGroup_P40222_F40222002_G15.json",
      "Name": "BATProp",
      "ID": 15
    },
    {
      "GroupGUID": "5151fd11-ce5d-41bb-8f70-e036bd423234",
      "GroupPath": "Config/LevelOutput/Group/Groups_P40222_F40222002/LevelGroup_P40222_F40222002_G16.json",
      "Name": "BATBossProp",
      "ID": 16
    },
    {
      "GroupGUID": "7f9fe147-4b61-4e77-a674-546e43b2596b",
      "GroupPath": "Config/LevelOutput/Group/Groups_P40222_F40222002/LevelGroup_P40222_F40222002_G17.json",
      "Name": "JianMu",
      "ID": 17
    },
    {
      "GroupGUID": "327d5357-a7c7-4b9a-a4eb-e4aa9597792f",
      "GroupPath": "Config/LevelOutput/Group/Groups_P40222_F40222002/LevelGroup_P40222_F40222002_G18.json",
      "Name": "CommonProp",
      "ID": 18
    },
    {
      "GroupGUID": "5bbfea5d-8126-4ca5-814b-20b4bd99e7e8",
      "GroupPath": "Config/LevelOutput/Group/Groups_P40222_F40222002/LevelGroup_P40222_F40222002_G20.json",
      "Name": "MainProp",
      "ID": 20
    },
    {
      "GroupGUID": "8fa6e051-e2d3-4a92-905b-6040460011b5",
      "GroupPath": "Config/LevelOutput/Group/Groups_P40222_F40222002/LevelGroup_P40222_F40222002_G21.json",
      "Name": "Portal",
      "ID": 21
    },
    {
      "GroupGUID": "1ced60d4-735d-4600-90c3-7eafb9b8012a",
      "GroupPath": "Config/LevelOutput/Group/Groups_P40222_F40222002/LevelGroup_P40222_F40222002_G22.json",
      "Name": "Default_MonsterArea01",
      "ID": 22
    },
    {
      "GroupGUID": "6cbabd6f-2027-4808-8873-6ab98428c448",
      "GroupPath": "Config/LevelOutput/Group/Groups_P40222_F40222002/LevelGroup_P40222_F40222002_G3.json",
      "Name": "Main_2020312",
      "ID": 3
    },
    {
      "GroupGUID": "202ea3c6-ccea-4a03-9880-f81b6f2a6e78",
      "GroupPath": "Config/LevelOutput/Group/Groups_P40222_F40222002/LevelGroup_P40222_F40222002_G4.json",
      "Name": "Sub_202031208",
      "ID": 4
    },
    {
      "GroupGUID": "a0d810f3-7abc-4d69-a50f-6b4c099a5b43",
      "GroupPath": "Config/LevelOutput/Group/Groups_P40222_F40222002/LevelGroup_P40222_F40222002_G23.json",
      "Name": "Walls",
      "ID": 23
    },
    {
      "GroupGUID": "65ad3cc1-a733-4407-a2b2-d002e3ecf5f0",
      "GroupPath": "Config/LevelOutput/Group/Groups_P40222_F40222002/LevelGroup_P40222_F40222002_G25.json",
      "Name": "MainMission_RoadBlock",
      "ID": 25
    },
    {
      "GroupGUID": "7ef2035d-8514-43af-939e-9caaa52d6e23",
      "GroupPath": "Config/LevelOutput/Group/Groups_P40222_F40222002/LevelGroup_P40222_F40222002_G26.json",
      "Name": "JianMu",
      "ID": 26
    },
    {
      "GroupGUID": "4c5c822b-89a1-46e9-a034-72735ad6f07e",
      "GroupPath": "Config/LevelOutput/Group/Groups_P40222_F40222002/LevelGroup_P40222_F40222002_G28.json",
      "Name": "DefaultGroup",
      "ID": 28
    }
  ],
  "DefaultEnviroProfile": "Stages/Outputs/Chapter02/EnviroProfile/Chap02_CloseView_MAZ_X202_MainLine_01_Night.enviroProfile.asset",
  "StageData": "Stages/Outputs/Chapter02/Stages/Chap02_MAZ_X202_MainLine_01_StageData/Chap02_MAZ_X202_MainLine_01_StageData.stage",
  "CameraType": "Maze",
  "TimeOfDayEnviroProfileMap": {},
  "LayerToAreaMask": [
    1
  ],
  "NavmapConfigPath": "Config/LevelOutput/Map/MapInfo_P20222_F20222001.json",
  "IsRestartLevelGraph": false
}