{
  "FloorID": 40222003,
  "FloorName": "FloorName_40222003",
  "StartGroupID": 1,
  "StartAnchorID": 1,
  "GroupList": [
    {
      "GroupGUID": "636a0118-6767-47e8-bbc9-2320cf00e29f",
      "GroupPath": "Config/LevelOutput/Group/Groups_P40222_F40222003/LevelGroup_P40222_F40222003_G1.json",
      "Name": "Base",
      "ID": 1
    },
    {
      "GroupGUID": "413121eb-2a0a-431d-8d03-0f97fbe66dd8",
      "GroupPath": "Config/LevelOutput/Group/Groups_P40222_F40222003/LevelGroup_P40222_F40222003_G10.json",
      "Name": "Elevator",
      "ID": 10
    },
    {
      "GroupGUID": "e39d53c1-c2fd-42e1-8366-3833a126cd1c",
      "GroupPath": "Config/LevelOutput/Group/Groups_P40222_F40222003/LevelGroup_P40222_F40222003_G11.json",
      "Name": "New Group",
      "ID": 11
    },
    {
      "GroupGUID": "d85d5cb9-5ae6-40ec-850c-3f6edf180fbd",
      "GroupPath": "Config/LevelOutput/Group/Groups_P40222_F40222003/LevelGroup_P40222_F40222003_G2.json",
      "Name": "MainMission2020317_",
      "ID": 2
    },
    {
      "GroupGUID": "0ca5cf40-438b-4076-a1d8-afc24e22a720",
      "GroupPath": "Config/LevelOutput/Group/Groups_P40222_F40222003/LevelGroup_P40222_F40222003_G3.json",
      "Name": "SubMission202031702",
      "ID": 3
    },
    {
      "GroupGUID": "9e27a2b3-b3ef-4e54-a9f2-2dd47a27b5f3",
      "GroupPath": "Config/LevelOutput/Group/Groups_P40222_F40222003/LevelGroup_P40222_F40222003_G7.json",
      "Name": "SubMission202031707",
      "ID": 7
    },
    {
      "GroupGUID": "d849f2fe-7ebd-4561-a5e7-3218b921b969",
      "GroupPath": "Config/LevelOutput/Group/Groups_P40222_F40222003/LevelGroup_P40222_F40222003_G8.json",
      "Name": "SubMission202030708",
      "ID": 8
    },
    {
      "GroupGUID": "5affdf75-4aad-48b9-8d2d-abd6e3d9fb3f",
      "GroupPath": "Config/LevelOutput/Group/Groups_P40222_F40222003/LevelGroup_P40222_F40222003_G9.json",
      "Name": "MainMission2020317_",
      "ID": 9
    },
    {
      "GroupGUID": "d4fb5735-dab8-4ea7-a674-1d87c2146d6b",
      "GroupPath": "Config/LevelOutput/Group/Groups_P40222_F40222003/LevelGroup_P40222_F40222003_G14.json",
      "Name": "SubMission202031713",
      "ID": 14
    },
    {
      "GroupGUID": "331b1d0b-4685-4f38-8f1c-04429604189a",
      "GroupPath": "Config/LevelOutput/Group/Groups_P40222_F40222003/LevelGroup_P40222_F40222003_G15.json",
      "Name": "SubMission202031704",
      "ID": 15
    },
    {
      "GroupGUID": "0bdd5078-95c8-41eb-a727-5a770891e7c6",
      "GroupPath": "Config/LevelOutput/Group/Groups_P40222_F40222003/LevelGroup_P40222_F40222003_G16.json",
      "Name": "SubMission202031701",
      "ID": 16
    },
    {
      "GroupGUID": "8118864d-fdc5-4723-a4e2-d6513d2bd455",
      "GroupPath": "Config/LevelOutput/Group/Groups_P40222_F40222003/LevelGroup_P40222_F40222003_G17.json",
      "Name": "SubMission2020317",
      "ID": 17
    },
    {
      "GroupGUID": "96181137-f298-4ea4-a996-811480dc0257",
      "GroupPath": "Config/LevelOutput/Group/Groups_P40222_F40222003/LevelGroup_P40222_F40222003_G18.json",
      "Name": "Gameplay_CallPuppy_ForSpecialVision",
      "ID": 18
    },
    {
      "GroupGUID": "69c49b9c-27ad-4d3f-80b2-b70bd6414e91",
      "GroupPath": "Config/LevelOutput/Group/Groups_P40222_F40222003/LevelGroup_P40222_F40222003_G19.json",
      "Name": "Submission2020317",
      "ID": 19
    },
    {
      "GroupGUID": "7b9f11c3-b2e8-4b86-801c-31031bda6063",
      "GroupPath": "Config/LevelOutput/Group/Groups_P40222_F40222003/LevelGroup_P40222_F40222003_G20.json",
      "Name": "Sound",
      "ID": 20
    },
    {
      "GroupGUID": "c8538f63-b2e9-478a-835e-6ac7b85e045c",
      "GroupPath": "Config/LevelOutput/Group/Groups_P40222_F40222003/LevelGroup_P40222_F40222003_G21.json",
      "Name": "BATProp",
      "ID": 21
    },
    {
      "GroupGUID": "41562b18-323f-45fc-b361-ec7050f7f92d",
      "GroupPath": "Config/LevelOutput/Group/Groups_P40222_F40222003/LevelGroup_P40222_F40222003_G22.json",
      "Name": "BATBossProp",
      "ID": 22
    },
    {
      "GroupGUID": "9834229a-c353-437f-800d-64cc716289df",
      "GroupPath": "Config/LevelOutput/Group/Groups_P40222_F40222003/LevelGroup_P40222_F40222003_G23.json",
      "Name": "SubMission202031709",
      "ID": 23
    },
    {
      "GroupGUID": "f3e3108a-4836-4141-b729-7eb04d8f85d7",
      "GroupPath": "Config/LevelOutput/Group/Groups_P40222_F40222003/LevelGroup_P40222_F40222003_G26.json",
      "Name": "JianMu",
      "ID": 26
    },
    {
      "GroupGUID": "5258036f-0408-4f8a-9858-db6c6b4e0483",
      "GroupPath": "Config/LevelOutput/Group/Groups_P40222_F40222003/LevelGroup_P40222_F40222003_G27.json",
      "Name": "Default_MonsterArea01",
      "ID": 27
    },
    {
      "GroupGUID": "107d48fd-bbdf-4b8b-a70a-bd58f89d95e3",
      "GroupPath": "Config/LevelOutput/Group/Groups_P40222_F40222003/LevelGroup_P40222_F40222003_G28.json",
      "Name": "CommonProp",
      "ID": 28
    },
    {
      "GroupGUID": "3e613f4f-2977-4295-a353-5b9f12ff89a8",
      "GroupPath": "Config/LevelOutput/Group/Groups_P40222_F40222003/LevelGroup_P40222_F40222003_G29.json",
      "Name": "Portal",
      "ID": 29
    },
    {
      "GroupGUID": "3cd0b270-d719-4998-ad07-afcfaa0ebc25",
      "GroupPath": "Config/LevelOutput/Group/Groups_P40222_F40222003/LevelGroup_P40222_F40222003_G30.json",
      "Name": "MainProp",
      "ID": 30
    },
    {
      "GroupGUID": "8dd340b6-9f04-45a2-a957-575f4b6cfa4e",
      "GroupPath": "Config/LevelOutput/Group/Groups_P40222_F40222003/LevelGroup_P40222_F40222003_G32.json",
      "Name": "MainMission_RoadBlock",
      "ID": 32
    },
    {
      "GroupGUID": "f5c125fc-b7b5-4a40-8b74-e389023db83b",
      "GroupPath": "Config/LevelOutput/Group/Groups_P40222_F40222003/LevelGroup_P40222_F40222003_G33.json",
      "Name": "JianMu",
      "ID": 33
    },
    {
      "GroupGUID": "867ee3f5-bfe1-4942-ad50-ad7beec2be35",
      "GroupPath": "Config/LevelOutput/Group/Groups_P40222_F40222003/LevelGroup_P40222_F40222003_G35.json",
      "Name": "DefaultGroup",
      "ID": 35
    },
    {
      "GroupGUID": "d42bad02-a333-4f8b-9a25-f4b16ad5628d",
      "GroupPath": "Config/LevelOutput/Group/Groups_P40222_F40222003/LevelGroup_P40222_F40222003_G40.json",
      "Name": "MainMission_RoadBlock",
      "ID": 40
    }
  ],
  "DefaultEnviroProfile": "Stages/Outputs/Chapter02/EnviroProfile/Chap02_CloseView_MAZ_X202_MainLine_01_Night.enviroProfile.asset",
  "StageData": "Stages/Outputs/Chapter02/Stages/Chap02_MAZ_X202_MainLine_01_StageData/Chap02_MAZ_X202_MainLine_01_StageData.stage",
  "CameraType": "Maze",
  "TimeOfDayEnviroProfileMap": {},
  "LayerToAreaMask": [
    1
  ],
  "NavmapConfigPath": "Config/LevelOutput/Map/MapInfo_P20222_F20222001.json",
  "IsRestartLevelGraph": false
}