{
  "FloorID": 40211002,
  "FloorName": "FloorName_40211002",
  "StartGroupID": 1,
  "StartAnchorID": 1,
  "GroupList": [
    {
      "GroupGUID": "6620a91e-f479-4540-96f1-668278bc1c8c",
      "GroupPath": "Config/LevelOutput/Group/Groups_P40211_F40211002/LevelGroup_P40211_F40211002_G1.json",
      "Name": "Default",
      "ID": 1
    },
    {
      "GroupGUID": "f1cb78a1-948d-4db2-9bca-ae547413a461",
      "GroupPath": "Config/LevelOutput/Group/Groups_P40211_F40211002/LevelGroup_P40211_F40211002_G35.json",
      "Name": "Default_Props_Door",
      "ID": 35
    },
    {
      "GroupGUID": "826acac5-a76e-4b88-9f93-928e0e698625",
      "GroupPath": "Config/LevelOutput/Group/Groups_P40211_F40211002/LevelGroup_P40211_F40211002_G73.json",
      "Name": "SubMission202030601",
      "ID": 73
    },
    {
      "GroupGUID": "dd62095f-c7a9-4365-acf5-3cba88b727ec",
      "GroupPath": "Config/LevelOutput/Group/Groups_P40211_F40211002/LevelGroup_P40211_F40211002_G78.json",
      "Name": "MainMission2020306_",
      "ID": 78
    },
    {
      "GroupGUID": "76c35161-6d9d-40fa-8fa5-b45fc67f58ad",
      "GroupPath": "Config/LevelOutput/Group/Groups_P40211_F40211002/LevelGroup_P40211_F40211002_G80.json",
      "Name": "MainMission2020306_",
      "ID": 80
    },
    {
      "GroupGUID": "80ab399e-38ab-4311-a8b3-c9f949f26b16",
      "GroupPath": "Config/LevelOutput/Group/Groups_P40211_F40211002/LevelGroup_P40211_F40211002_G81.json",
      "Name": "MainMission2020306_",
      "ID": 81
    },
    {
      "GroupGUID": "77e9f00a-951a-49af-a992-16e67acbfa04",
      "GroupPath": "Config/LevelOutput/Group/Groups_P40211_F40211002/LevelGroup_P40211_F40211002_G82.json",
      "Name": "SubMission202030613",
      "ID": 82
    },
    {
      "GroupGUID": "dc16be96-e73a-4d41-b0d2-3c262af0189e",
      "GroupPath": "Config/LevelOutput/Group/Groups_P40211_F40211002/LevelGroup_P40211_F40211002_G83.json",
      "Name": "Submission202030612",
      "ID": 83
    },
    {
      "GroupGUID": "2a73a3aa-a24e-4b83-b402-3b7ab025d971",
      "GroupPath": "Config/LevelOutput/Group/Groups_P40211_F40211002/LevelGroup_P40211_F40211002_G84.json",
      "Name": "Submission202030609",
      "ID": 84
    },
    {
      "GroupGUID": "4c166e2f-6a85-442a-9219-7e4f7e2ca281",
      "GroupPath": "Config/LevelOutput/Group/Groups_P40211_F40211002/LevelGroup_P40211_F40211002_G85.json",
      "Name": "Submission202030615",
      "ID": 85
    },
    {
      "GroupGUID": "7ca5eb51-2dbc-4bc0-aa47-0bd52dfd8416",
      "GroupPath": "Config/LevelOutput/Group/Groups_P40211_F40211002/LevelGroup_P40211_F40211002_G87.json",
      "Name": "Submission202030619",
      "ID": 87
    },
    {
      "GroupGUID": "6dad2027-103a-4650-a431-1e871cab7edc",
      "GroupPath": "Config/LevelOutput/Group/Groups_P40211_F40211002/LevelGroup_P40211_F40211002_G89.json",
      "Name": "Submission202030617",
      "ID": 89
    },
    {
      "GroupGUID": "c3819c0b-47ff-42d4-aa74-4b78f9d8f5da",
      "GroupPath": "Config/LevelOutput/Group/Groups_P40211_F40211002/LevelGroup_P40211_F40211002_G90.json",
      "Name": "Submission202030621",
      "ID": 90
    },
    {
      "GroupGUID": "c1ae4f87-8426-4c8c-9427-2c0390acf5fc",
      "GroupPath": "Config/LevelOutput/Group/Groups_P40211_F40211002/LevelGroup_P40211_F40211002_G91.json",
      "Name": "Submission202030623",
      "ID": 91
    },
    {
      "GroupGUID": "51fb6531-33a8-4c61-80e1-aa93b70147ec",
      "GroupPath": "Config/LevelOutput/Group/Groups_P40211_F40211002/LevelGroup_P40211_F40211002_G92.json",
      "Name": "Submission202030625",
      "ID": 92
    },
    {
      "GroupGUID": "9046dded-19e4-4c2c-a195-a59d63aa7873",
      "GroupPath": "Config/LevelOutput/Group/Groups_P40211_F40211002/LevelGroup_P40211_F40211002_G93.json",
      "Name": "Submission202030626",
      "ID": 93
    },
    {
      "GroupGUID": "7bae723a-1e01-4e3f-92fc-d3f668c77ebc",
      "GroupPath": "Config/LevelOutput/Group/Groups_P40211_F40211002/LevelGroup_P40211_F40211002_G102.json",
      "Name": "SubMission2020306",
      "ID": 102
    },
    {
      "GroupGUID": "202cbe53-e0c8-4ebf-8117-0b44cdd437ad",
      "GroupPath": "Config/LevelOutput/Group/Groups_P40211_F40211002/LevelGroup_P40211_F40211002_G109.json",
      "Name": "MainMission2020306_",
      "ID": 109
    },
    {
      "GroupGUID": "ebe18b2b-2acd-482b-882e-4d89ede5a7b5",
      "GroupPath": "Config/LevelOutput/Group/Groups_P40211_F40211002/LevelGroup_P40211_F40211002_G110.json",
      "Name": "MainMission2020306_",
      "ID": 110
    },
    {
      "GroupGUID": "01b31916-7b27-40d0-8e31-14d9d0fc77fe",
      "GroupPath": "Config/LevelOutput/Group/Groups_P40211_F40211002/LevelGroup_P40211_F40211002_G2.json",
      "Name": "Container01",
      "ID": 2
    },
    {
      "GroupGUID": "c1f16088-6249-4af3-a99c-91ef2a6891a0",
      "GroupPath": "Config/LevelOutput/Group/Groups_P40211_F40211002/LevelGroup_P40211_F40211002_G3.json",
      "Name": "Container02",
      "ID": 3
    },
    {
      "GroupGUID": "e0eadbfe-4d8e-4fe4-9655-97ae5c6469c3",
      "GroupPath": "Config/LevelOutput/Group/Groups_P40211_F40211002/LevelGroup_P40211_F40211002_G4.json",
      "Name": "Container03",
      "ID": 4
    },
    {
      "GroupGUID": "db90382f-5142-464f-a3bf-bdb59c40ad82",
      "GroupPath": "Config/LevelOutput/Group/Groups_P40211_F40211002/LevelGroup_P40211_F40211002_G5.json",
      "Name": "Container04",
      "ID": 5
    },
    {
      "GroupGUID": "09e1b943-b858-4222-844d-ee10faef44b5",
      "GroupPath": "Config/LevelOutput/Group/Groups_P40211_F40211002/LevelGroup_P40211_F40211002_G6.json",
      "Name": "Default_MonsterArea01",
      "ID": 6
    },
    {
      "GroupGUID": "12471422-da0f-41d3-b3b2-415bfe92a306",
      "GroupPath": "Config/LevelOutput/Group/Groups_P40211_F40211002/LevelGroup_P40211_F40211002_G7.json",
      "Name": "New Group",
      "ID": 7
    },
    {
      "GroupGUID": "f8faeae6-9892-47e1-8db6-4cc56a9c5720",
      "GroupPath": "Config/LevelOutput/Group/Groups_P40211_F40211002/LevelGroup_P40211_F40211002_G8.json",
      "Name": "SavePoint",
      "ID": 8
    },
    {
      "GroupGUID": "e4841ca1-aa94-4bf0-af7e-5f59e8bf5a33",
      "GroupPath": "Config/LevelOutput/Group/Groups_P40211_F40211002/LevelGroup_P40211_F40211002_G17.json",
      "Name": "New Group",
      "ID": 17
    },
    {
      "GroupGUID": "b6b38250-e365-4b04-b144-944456e07c39",
      "GroupPath": "Config/LevelOutput/Group/Groups_P40211_F40211002/LevelGroup_P40211_F40211002_G18.json",
      "Name": "MPProp",
      "ID": 18
    },
    {
      "GroupGUID": "df4bef83-1f17-40a8-9b23-ad577a5d046a",
      "GroupPath": "Config/LevelOutput/Group/Groups_P40211_F40211002/LevelGroup_P40211_F40211002_G19.json",
      "Name": "MainMission_RoadBlock",
      "ID": 19
    },
    {
      "GroupGUID": "f3bb16e3-1715-498d-a63c-153cc0c7c449",
      "GroupPath": "Config/LevelOutput/Group/Groups_P40211_F40211002/LevelGroup_P40211_F40211002_G22.json",
      "Name": "Sound",
      "ID": 22
    }
  ],
  "DefaultEnviroProfile": "Stages/Outputs/Chapter02/EnviroProfile/Chap02_CloseView_MAZ_X101_MainLine_01_Day.enviroProfile.asset",
  "StageData": "Stages/Outputs/Chapter02/Stages/Chap02_MAZ_X101_MainLine_01_StageData/Chap02_MAZ_X101_MainLine_01_StageData.stage",
  "CameraType": "Maze",
  "TimeOfDayEnviroProfileMap": {},
  "LayerToAreaMask": [
    8,
    16
  ],
  "NavmapConfigPath": "Config/LevelOutput/Map/MapInfo_P20211_F20211001.json",
  "IsRestartLevelGraph": false
}