{
  "FloorID": 40231001,
  "FloorName": "FloorName_40231001",
  "StartGroupID": 1,
  "StartAnchorID": 1,
  "GroupList": [
    {
      "GroupGUID": "7b980405-0aba-4048-b00d-b8c6e3ef99b4",
      "GroupPath": "Config/LevelOutput/Group/Groups_P40231_F40231001/LevelGroup_P40231_F40231001_G1.json",
      "Name": "DefaultGroup",
      "ID": 1
    },
    {
      "GroupGUID": "eb3b738b-8ea6-403c-8239-25bf2399e98f",
      "GroupPath": "Config/LevelOutput/Group/Groups_P40231_F40231001/LevelGroup_P40231_F40231001_G11.json",
      "Name": "Elevator_01",
      "ID": 11
    },
    {
      "GroupGUID": "6c6bbfd2-051e-4d2f-aff2-87ae8724a54a",
      "GroupPath": "Config/LevelOutput/Group/Groups_P40231_F40231001/LevelGroup_P40231_F40231001_G12.json",
      "Name": "Elevator_02",
      "ID": 12
    },
    {
      "GroupGUID": "2f693552-f18e-4343-98d0-89c66c4445b4",
      "GroupPath": "Config/LevelOutput/Group/Groups_P40231_F40231001/LevelGroup_P40231_F40231001_G24.json",
      "Name": "Default_SceneProp_Censer",
      "ID": 24
    },
    {
      "GroupGUID": "e8263b27-c74f-4858-b57b-f77a848f9db9",
      "GroupPath": "Config/LevelOutput/Group/Groups_P40231_F40231001/LevelGroup_P40231_F40231001_G17.json",
      "Name": "Sound",
      "ID": 17
    },
    {
      "GroupGUID": "affbb850-13a0-4c0e-bc8e-d81352dd23cb",
      "GroupPath": "Config/LevelOutput/Group/Groups_P40231_F40231001/LevelGroup_P40231_F40231001_G26.json",
      "Name": "Default_MainMission_Blockline",
      "ID": 26
    },
    {
      "GroupGUID": "3c2e41df-67c2-4c36-9b66-cb644033dd96",
      "GroupPath": "Config/LevelOutput/Group/Groups_P40231_F40231001/LevelGroup_P40231_F40231001_G3.json",
      "Name": "MainMission_102130101",
      "ID": 3
    },
    {
      "GroupGUID": "a02f7f06-13cd-4caf-852a-d02cd196d3fe",
      "GroupPath": "Config/LevelOutput/Group/Groups_P40231_F40231001/LevelGroup_P40231_F40231001_G4.json",
      "Name": "MainX3-1",
      "ID": 4
    },
    {
      "GroupGUID": "bc636009-c695-457f-883b-d611a41dfcd2",
      "GroupPath": "Config/LevelOutput/Group/Groups_P40231_F40231001/LevelGroup_P40231_F40231001_G5.json",
      "Name": "MainX3-1",
      "ID": 5
    },
    {
      "GroupGUID": "e3e3e64f-2f14-4397-8bb9-56db904b7c85",
      "GroupPath": "Config/LevelOutput/Group/Groups_P40231_F40231001/LevelGroup_P40231_F40231001_G6.json",
      "Name": "MainX3-1",
      "ID": 6
    },
    {
      "GroupGUID": "b5254763-e7d1-4050-8d28-8cf95747d894",
      "GroupPath": "Config/LevelOutput/Group/Groups_P40231_F40231001/LevelGroup_P40231_F40231001_G7.json",
      "Name": "MainMission_102130105",
      "ID": 7
    },
    {
      "GroupGUID": "adc76f26-793d-4374-941e-00d12048c405",
      "GroupPath": "Config/LevelOutput/Group/Groups_P40231_F40231001/LevelGroup_P40231_F40231001_G8.json",
      "Name": "MainMission_102130106",
      "ID": 8
    },
    {
      "GroupGUID": "9eb242c1-9c16-4af1-8ecb-040f89681b4a",
      "GroupPath": "Config/LevelOutput/Group/Groups_P40231_F40231001/LevelGroup_P40231_F40231001_G9.json",
      "Name": "MainMission1021301_07",
      "ID": 9
    },
    {
      "GroupGUID": "c0fd869b-1ed8-47ce-8f26-2429ee5baeaf",
      "GroupPath": "Config/LevelOutput/Group/Groups_P40231_F40231001/LevelGroup_P40231_F40231001_G10.json",
      "Name": "MainMission_102130107",
      "ID": 10
    },
    {
      "GroupGUID": "e56d9d2d-0994-4b52-983c-8205ff15ceb1",
      "GroupPath": "Config/LevelOutput/Group/Groups_P40231_F40231001/LevelGroup_P40231_F40231001_G25.json",
      "Name": "Default_Camera",
      "ID": 25
    },
    {
      "GroupGUID": "528b8d11-2a0d-4b6d-8f9c-91d7bb80a402",
      "GroupPath": "Config/LevelOutput/Group/Groups_P40231_F40231001/LevelGroup_P40231_F40231001_G27.json",
      "Name": "MainMission1021301_03",
      "ID": 27
    },
    {
      "GroupGUID": "f2a251ea-98c2-43be-9811-5c69b9c9deb9",
      "GroupPath": "Config/LevelOutput/Group/Groups_P40231_F40231001/LevelGroup_P40231_F40231001_G28.json",
      "Name": "MainX3-1",
      "ID": 28
    },
    {
      "GroupGUID": "f17ad4bc-6876-4f2d-8ecf-4fb6d130467d",
      "GroupPath": "Config/LevelOutput/Group/Groups_P40231_F40231001/LevelGroup_P40231_F40231001_G33.json",
      "Name": "Default_BoundaryCamera_Client",
      "ID": 33
    },
    {
      "GroupGUID": "5de698eb-fc6f-4f91-accf-f9f2d4bc2eeb",
      "GroupPath": "Config/LevelOutput/Group/Groups_P40231_F40231001/LevelGroup_P40231_F40231001_G34.json",
      "Name": "Default_BoundaryCamera_Client",
      "ID": 34
    },
    {
      "GroupGUID": "f198ea56-a765-4c4f-aea1-1e2002157af6",
      "GroupPath": "Config/LevelOutput/Group/Groups_P40231_F40231001/LevelGroup_P40231_F40231001_G35.json",
      "Name": "Default_BoundaryCamera_Client",
      "ID": 35
    },
    {
      "GroupGUID": "8073695a-1449-4260-95b4-2358b0f1ab6a",
      "GroupPath": "Config/LevelOutput/Group/Groups_P40231_F40231001/LevelGroup_P40231_F40231001_G36.json",
      "Name": "Default_BoundaryCamera_Client",
      "ID": 36
    }
  ],
  "DefaultEnviroProfile": "Stages/Outputs/Chapter02/EnviroProfile/Chap02_CloseView_MAZ_X301_MainLine_01_Day.enviroProfile.asset",
  "StageData": "Stages/Outputs/Chapter02/Stages/Chap02_MAZ_X301_MainLine_01_StageData/Chap02_MAZ_X301_MainLine_01_StageData.stage",
  "CameraType": "Maze",
  "TimeOfDayEnviroProfileMap": {},
  "LayerToAreaMask": [
    8,
    16
  ],
  "NavmapConfigPath": "Config/LevelOutput/Map/MapInfo_P20231_F20231001.json",
  "IsRestartLevelGraph": false
}