{
  "FloorID": 40231003,
  "FloorName": "FloorName_40231003",
  "StartGroupID": 1,
  "StartAnchorID": 1,
  "GroupList": [
    {
      "GroupGUID": "cf76d247-3642-4310-8d7f-f408d78e37c0",
      "GroupPath": "Config/LevelOutput/Group/Groups_P40231_F40231003/LevelGroup_P40231_F40231003_G1.json",
      "Name": "Default",
      "ID": 1
    },
    {
      "GroupGUID": "aa367090-1e6e-44e8-b406-94a55fcf1a0b",
      "GroupPath": "Config/LevelOutput/Group/Groups_P40231_F40231003/LevelGroup_P40231_F40231003_G16.json",
      "Name": "MainMission",
      "ID": 16
    },
    {
      "GroupGUID": "a3b7eee4-3ac4-4627-a854-26531c2f385d",
      "GroupPath": "Config/LevelOutput/Group/Groups_P40231_F40231003/LevelGroup_P40231_F40231003_G17.json",
      "Name": "MainMission",
      "ID": 17
    },
    {
      "GroupGUID": "5cd00ec4-46ff-4e94-96a1-597579f33bbb",
      "GroupPath": "Config/LevelOutput/Group/Groups_P40231_F40231003/LevelGroup_P40231_F40231003_G18.json",
      "Name": "MainMission",
      "ID": 18
    },
    {
      "GroupGUID": "3ed8d814-2fd0-4472-9afe-09320fde593b",
      "GroupPath": "Config/LevelOutput/Group/Groups_P40231_F40231003/LevelGroup_P40231_F40231003_G2.json",
      "Name": "Dead Body",
      "ID": 2
    },
    {
      "GroupGUID": "06e6a60a-7056-488f-9bc0-0c4cbcfbd6bf",
      "GroupPath": "Config/LevelOutput/Group/Groups_P40231_F40231003/LevelGroup_P40231_F40231003_G5.json",
      "Name": "SeaBlock",
      "ID": 5
    },
    {
      "GroupGUID": "0697d6ef-ffb5-4e85-8452-8b9147e865d3",
      "GroupPath": "Config/LevelOutput/Group/Groups_P40231_F40231003/LevelGroup_P40231_F40231003_G6.json",
      "Name": "New Group",
      "ID": 6
    },
    {
      "GroupGUID": "aad69a7c-675a-4d25-8a66-3a59c6f1dc96",
      "GroupPath": "Config/LevelOutput/Group/Groups_P40231_F40231003/LevelGroup_P40231_F40231003_G8.json",
      "Name": "Sound",
      "ID": 8
    },
    {
      "GroupGUID": "33bc7d4b-cfc5-4e4a-b759-ee02d63f8192",
      "GroupPath": "Config/LevelOutput/Group/Groups_P40231_F40231003/LevelGroup_P40231_F40231003_G9.json",
      "Name": "MainMissionBlock",
      "ID": 9,
      "IsDelete": true
    }
  ],
  "DefaultEnviroProfile": "Stages/Outputs/Chapter02/EnviroProfile/Chap02_CloseView_MAZ_X302_MainLine_01_Day.enviroProfile.asset",
  "StageData": "Stages/Outputs/Chapter02/Stages/Chap02_MAZ_X302_MainLine_01_StageData/Chap02_MAZ_X302_MainLine_01_StageData.stage",
  "CameraType": "Maze",
  "TimeOfDayEnviroProfileMap": {},
  "LayerToAreaMask": [
    1
  ],
  "NavmapConfigPath": "Config/LevelOutput/Map/MapInfo_P20232_F20232001.json",
  "IsRestartLevelGraph": false
}