{
  "FloorID": 40231004,
  "FloorName": "FloorName_40231004",
  "StartGroupID": 1,
  "StartAnchorID": 1,
  "GroupList": [
    {
      "GroupGUID": "6072b759-f2bb-4780-a8f1-ab5b5a404573",
      "GroupPath": "Config/LevelOutput/Group/Groups_P40231_F40231004/LevelGroup_P40231_F40231004_G1.json",
      "Name": "DefaultGroup",
      "ID": 1
    },
    {
      "GroupGUID": "e49f08d6-ccf5-423e-87f9-1b2b2ff93ac2",
      "GroupPath": "Config/LevelOutput/Group/Groups_P40231_F40231004/LevelGroup_P40231_F40231004_G2.json",
      "Name": "MainMission_102130107",
      "ID": 2
    },
    {
      "GroupGUID": "8bf94308-5b0b-4932-972b-93fdb1350c27",
      "GroupPath": "Config/LevelOutput/Group/Groups_P40231_F40231004/LevelGroup_P40231_F40231004_G13.json",
      "Name": "Sound",
      "ID": 13
    },
    {
      "GroupGUID": "79ba0fb6-a9f8-47f4-9f6a-1834de2e3dee",
      "GroupPath": "Config/LevelOutput/Group/Groups_P40231_F40231004/LevelGroup_P40231_F40231004_G15.json",
      "Name": "Default_BoundaryCamera_Client",
      "ID": 15
    }
  ],
  "DefaultEnviroProfile": "Stages/Outputs/Chapter02/EnviroProfile/Chap02_CloseView_MAZ_X301_MainLine_02_Day.enviroProfile.asset",
  "StageData": "Stages/Outputs/Chapter02/Stages/Chap02_MAZ_X301_MainLine_02_StageData/Chap02_MAZ_X301_MainLine_02_StageData.stage",
  "CameraType": "Maze",
  "MinimapVolumeData": {},
  "TimeOfDayEnviroProfileMap": {},
  "LayerToAreaMask": [
    1
  ],
  "IsRestartLevelGraph": false
}