{
  "FloorID": 40212002,
  "FloorName": "FloorName_40212002",
  "StartGroupID": 1,
  "StartAnchorID": 9,
  "GroupList": [
    {
      "GroupGUID": "f9c706de-503f-4a2f-8a8b-804e6a4d1fab",
      "GroupPath": "Config/LevelOutput/Group/Groups_P40212_F40212002/LevelGroup_P40212_F40212002_G1.json",
      "Name": "DefaultGroup",
      "ID": 1
    },
    {
      "GroupGUID": "14d2f31e-1d3a-4684-b8c9-e09b35d1a3c2",
      "GroupPath": "Config/LevelOutput/Group/Groups_P40212_F40212002/LevelGroup_P40212_F40212002_G4.json",
      "Name": "MIssion Group1",
      "ID": 4
    },
    {
      "GroupGUID": "0f4c93f7-e826-42b8-ad9c-6df17891022e",
      "GroupPath": "Config/LevelOutput/Group/Groups_P40212_F40212002/LevelGroup_P40212_F40212002_G9.json",
      "Name": "MIneG1",
      "ID": 9
    },
    {
      "GroupGUID": "3dc0494b-4a4b-4e5e-aee6-f337d2f661cb",
      "GroupPath": "Config/LevelOutput/Group/Groups_P40212_F40212002/LevelGroup_P40212_F40212002_G10.json",
      "Name": "MIneG2",
      "ID": 10
    },
    {
      "GroupGUID": "7e06b170-81fa-4173-8fc2-7de27b8001d2",
      "GroupPath": "Config/LevelOutput/Group/Groups_P40212_F40212002/LevelGroup_P40212_F40212002_G11.json",
      "Name": "MIssion Group2",
      "ID": 11
    },
    {
      "GroupGUID": "2e072318-d6ea-4348-985d-17a060e82714",
      "GroupPath": "Config/LevelOutput/Group/Groups_P40212_F40212002/LevelGroup_P40212_F40212002_G12.json",
      "Name": "MIssion Group3",
      "ID": 12
    },
    {
      "GroupGUID": "ba461946-17ed-4af5-b9bd-6829c5c19c3a",
      "GroupPath": "Config/LevelOutput/Group/Groups_P40212_F40212002/LevelGroup_P40212_F40212002_G17.json",
      "Name": "Gameplay_CallPuppy",
      "ID": 17
    },
    {
      "GroupGUID": "11db1d4f-2695-4a55-ae8f-afa8d74c37b1",
      "GroupPath": "Config/LevelOutput/Group/Groups_P40212_F40212002/LevelGroup_P40212_F40212002_G22.json",
      "Name": "PollutionG1sub",
      "ID": 22
    },
    {
      "GroupGUID": "f02e378b-d288-4a16-b2db-369cd7cb7c90",
      "GroupPath": "Config/LevelOutput/Group/Groups_P40212_F40212002/LevelGroup_P40212_F40212002_G23.json",
      "Name": "PollutionG2sub",
      "ID": 23
    },
    {
      "GroupGUID": "aafece8d-45fd-4116-843f-431dfa26f579",
      "GroupPath": "Config/LevelOutput/Group/Groups_P40212_F40212002/LevelGroup_P40212_F40212002_G24.json",
      "Name": "PollutionG3sub",
      "ID": 24
    },
    {
      "GroupGUID": "be37e344-e20f-4f65-aa80-24294312920c",
      "GroupPath": "Config/LevelOutput/Group/Groups_P40212_F40212002/LevelGroup_P40212_F40212002_G2.json",
      "Name": "V1_MaintainRobot Group",
      "ID": 2
    },
    {
      "GroupGUID": "9ed11cac-56db-47ad-a268-62c2d275a230",
      "GroupPath": "Config/LevelOutput/Group/Groups_P40212_F40212002/LevelGroup_P40212_F40212002_G3.json",
      "Name": "Kafka_Door",
      "ID": 3
    }
  ],
  "DefaultEnviroProfile": "Stages/Outputs/Chapter02/EnviroProfile/Chap02_CloseView_MAZ_X102_MainLine_01_Day.enviroProfile.asset",
  "StageData": "Stages/Outputs/Chapter02/Stages/Chap02_MAZ_X102_MainLine_01_StageData/Chap02_MAZ_X102_MainLine_01_StageData.stage",
  "CameraType": "Maze",
  "TimeOfDayEnviroProfileMap": {},
  "LayerToAreaMask": [
    1
  ],
  "NavmapConfigPath": "Config/LevelOutput/Map/MapInfo_P20212_F20212001.json",
  "IsRestartLevelGraph": false
}