{
  "FloorID": 40211003,
  "FloorName": "FloorName_40211003",
  "StartGroupID": 1,
  "StartAnchorID": 1,
  "GroupList": [
    {
      "GroupGUID": "bd0ba788-379d-4766-ab77-965269693d73",
      "GroupPath": "Config/LevelOutput/Group/Groups_P40211_F40211003/LevelGroup_P40211_F40211003_G1.json",
      "Name": "DefaultGroup1",
      "ID": 1
    },
    {
      "GroupGUID": "cf7c3238-10b6-43de-8fdd-fb170e85f26d",
      "GroupPath": "Config/LevelOutput/Group/Groups_P40211_F40211003/LevelGroup_P40211_F40211003_G6.json",
      "Name": "DefaultGroup",
      "ID": 6
    },
    {
      "GroupGUID": "060f017a-ec03-4e04-b53d-7df22c81c668",
      "GroupPath": "Config/LevelOutput/Group/Groups_P40211_F40211003/LevelGroup_P40211_F40211003_G10.json",
      "Name": "Elevator",
      "ID": 10
    },
    {
      "GroupGUID": "a66cc129-df01-40ec-a2bd-e858cf784793",
      "GroupPath": "Config/LevelOutput/Group/Groups_P40211_F40211003/LevelGroup_P40211_F40211003_G11.json",
      "Name": "New Group",
      "ID": 11
    },
    {
      "GroupGUID": "bdb91e21-373c-409c-bffe-dca40493310c",
      "GroupPath": "Config/LevelOutput/Group/Groups_P40211_F40211003/LevelGroup_P40211_F40211003_G14.json",
      "Name": "Sound",
      "ID": 14
    },
    {
      "GroupGUID": "8c7a37b4-8567-43a0-b423-3e23b4297e55",
      "GroupPath": "Config/LevelOutput/Group/Groups_P40211_F40211003/LevelGroup_P40211_F40211003_G15.json",
      "Name": "BATProp",
      "ID": 15
    },
    {
      "GroupGUID": "6bc28b42-73ab-4cdf-b249-dbae94b11b95",
      "GroupPath": "Config/LevelOutput/Group/Groups_P40211_F40211003/LevelGroup_P40211_F40211003_G16.json",
      "Name": "BATBossProp",
      "ID": 16
    },
    {
      "GroupGUID": "a23ff414-0c0c-49dc-95ae-9e921925b0d3",
      "GroupPath": "Config/LevelOutput/Group/Groups_P40211_F40211003/LevelGroup_P40211_F40211003_G17.json",
      "Name": "JianMu",
      "ID": 17
    },
    {
      "GroupGUID": "6abc24db-aff3-420b-9ce8-b3bb20a45c32",
      "GroupPath": "Config/LevelOutput/Group/Groups_P40211_F40211003/LevelGroup_P40211_F40211003_G18.json",
      "Name": "CommonProp",
      "ID": 18
    },
    {
      "GroupGUID": "cfa18f29-0bba-43fb-b03b-a01f056d9cdd",
      "GroupPath": "Config/LevelOutput/Group/Groups_P40211_F40211003/LevelGroup_P40211_F40211003_G20.json",
      "Name": "MainProp",
      "ID": 20
    },
    {
      "GroupGUID": "722a66b5-62f2-4b8e-8463-58baa29ef6be",
      "GroupPath": "Config/LevelOutput/Group/Groups_P40211_F40211003/LevelGroup_P40211_F40211003_G21.json",
      "Name": "Portal",
      "ID": 21
    },
    {
      "GroupGUID": "ba4496a6-3458-4877-8868-7765744514aa",
      "GroupPath": "Config/LevelOutput/Group/Groups_P40211_F40211003/LevelGroup_P40211_F40211003_G22.json",
      "Name": "Default_MonsterArea01",
      "ID": 22
    },
    {
      "GroupGUID": "80fab2a3-d8fe-45f9-bf0f-8393f2136968",
      "GroupPath": "Config/LevelOutput/Group/Groups_P40211_F40211003/LevelGroup_P40211_F40211003_G3.json",
      "Name": "Main_2020312",
      "ID": 3
    },
    {
      "GroupGUID": "f5f6a4a2-3417-4921-9710-3dcc36c7609d",
      "GroupPath": "Config/LevelOutput/Group/Groups_P40211_F40211003/LevelGroup_P40211_F40211003_G4.json",
      "Name": "Sub_202031208",
      "ID": 4
    },
    {
      "GroupGUID": "accebf5f-f298-48a0-8668-031965775d66",
      "GroupPath": "Config/LevelOutput/Group/Groups_P40211_F40211003/LevelGroup_P40211_F40211003_G23.json",
      "Name": "Walls",
      "ID": 23
    },
    {
      "GroupGUID": "0a2bc758-1fde-424a-a0e5-027addee006b",
      "GroupPath": "Config/LevelOutput/Group/Groups_P40211_F40211003/LevelGroup_P40211_F40211003_G26.json",
      "Name": "JianMu",
      "ID": 26
    },
    {
      "GroupGUID": "8be62dc2-49ed-46d6-80ee-3f4fe116fc81",
      "GroupPath": "Config/LevelOutput/Group/Groups_P40211_F40211003/LevelGroup_P40211_F40211003_G28.json",
      "Name": "DefaultGroup",
      "ID": 28
    }
  ],
  "DefaultEnviroProfile": "Stages/Outputs/Chapter02/EnviroProfile/Chap02_CloseView_MAZ_X202_MainLine_01_Night.enviroProfile.asset",
  "StageData": "Stages/Outputs/Chapter02/Stages/Chap02_MAZ_X202_MainLine_01_StageData/Chap02_MAZ_X202_MainLine_01_StageData.stage",
  "CameraType": "Maze",
  "TimeOfDayEnviroProfileMap": {},
  "LayerToAreaMask": [
    1
  ],
  "NavmapConfigPath": "Config/LevelOutput/Map/MapInfo_P20222_F20222001.json",
  "IsRestartLevelGraph": false
}