{
  "FloorID": 40222004,
  "FloorName": "FloorName_40222004",
  "StartGroupID": 1,
  "StartAnchorID": 1,
  "GroupList": [
    {
      "GroupGUID": "b9019374-55d5-4019-ab1e-88ff217e41f2",
      "GroupPath": "Config/LevelOutput/Group/Groups_P40222_F40222004/LevelGroup_P40222_F40222004_G1.json",
      "Name": "DefaultGroup",
      "ID": 1
    },
    {
      "GroupGUID": "1270bcbc-ec04-4eea-aa95-42ccedf361a6",
      "GroupPath": "Config/LevelOutput/Group/Groups_P40222_F40222004/LevelGroup_P40222_F40222004_G6.json",
      "Name": "DefaultGroup",
      "ID": 6
    },
    {
      "GroupGUID": "d943cd07-b9c1-463e-97b5-5f3ec508ddfd",
      "GroupPath": "Config/LevelOutput/Group/Groups_P40222_F40222004/LevelGroup_P40222_F40222004_G10.json",
      "Name": "Elevator",
      "ID": 10
    },
    {
      "GroupGUID": "8fb452f9-5acd-4b11-b08c-a91d0eda7db1",
      "GroupPath": "Config/LevelOutput/Group/Groups_P40222_F40222004/LevelGroup_P40222_F40222004_G11.json",
      "Name": "New Group",
      "ID": 11
    },
    {
      "GroupGUID": "0805cec0-c844-4373-b3a9-fa40c75fe952",
      "GroupPath": "Config/LevelOutput/Group/Groups_P40222_F40222004/LevelGroup_P40222_F40222004_G3.json",
      "Name": "BATProp",
      "ID": 3
    },
    {
      "GroupGUID": "58faee6d-0693-4616-9e68-ac1cfdd34de7",
      "GroupPath": "Config/LevelOutput/Group/Groups_P40222_F40222004/LevelGroup_P40222_F40222004_G4.json",
      "Name": "BATBossProp",
      "ID": 4
    },
    {
      "GroupGUID": "c739006e-34b0-46a3-84a4-26998710d91f",
      "GroupPath": "Config/LevelOutput/Group/Groups_P40222_F40222004/LevelGroup_P40222_F40222004_G5.json",
      "Name": "JianMu",
      "ID": 5
    }
  ],
  "DefaultEnviroProfile": "Stages/Outputs/Chapter02/EnviroProfile/Chap02_CloseView_MAZ_X202_MainLine_01_Night.enviroProfile.asset",
  "StageData": "Stages/Outputs/Chapter02/Stages/Chap02_MAZ_X202_MainLine_01_StageData/Chap02_MAZ_X202_MainLine_01_StageData.stage",
  "CameraType": "Maze",
  "TimeOfDayEnviroProfileMap": {},
  "LayerToAreaMask": [
    1
  ],
  "NavmapConfigPath": "Config/LevelOutput/Map/MapInfo_P20222_F20222001.json",
  "IsRestartLevelGraph": false
}