{
  "FloorID": 40312001,
  "FloorName": "FloorName_40312001",
  "StartGroupID": 1,
  "StartAnchorID": 1,
  "GroupList": [
    {
      "GroupGUID": "8e39a250-e768-4111-a71b-d57a344ef3c8",
      "GroupPath": "Config/LevelOutput/Group/Groups_P40312_F40312001/LevelGroup_P40312_F40312001_G1.json",
      "DimensionFilter": {},
      "Name": "DefaultGroup",
      "ID": 1
    },
    {
      "GroupGUID": "44dc18a0-0b8a-481e-9593-90e4c9662a2e",
      "GroupPath": "Config/LevelOutput/Group/Groups_P40312_F40312001/LevelGroup_P40312_F40312001_G2.json",
      "DimensionFilter": {},
      "Name": "BattleArea",
      "ID": 2
    },
    {
      "GroupGUID": "15c1ca4c-8e64-4605-825c-9b49256b59e0",
      "GroupPath": "Config/LevelOutput/Group/Groups_P40312_F40312001/LevelGroup_P40312_F40312001_G3.json",
      "Name": "BGM",
      "ID": 3
    },
    {
      "GroupGUID": "344f862d-aee6-4d36-8cd8-b1b9cc75a639",
      "GroupPath": "Config/LevelOutput/Group/Groups_P40312_F40312001/LevelGroup_P40312_F40312001_G4.json",
      "Name": "Sound",
      "ID": 4
    }
  ],
  "DefaultEnviroProfile": "Stages/Outputs/Chapter03/EnviroProfile/Chap03_CloseView_MAZ_P102_Rota_night_01_Varient1.enviroProfile.asset",
  "StageData": "Stages/Outputs/Chapter03/Stages/Chap03_MAZ_P102_StageData/Chap03_MAZ_P102_StageData.stage",
  "CameraType": "Maze",
  "TimeOfDayEnviroProfileMap": {},
  "LayerToAreaMask": [
    1
  ],
  "BattleAreaList": [],
  "DimensionList": [
    {}
  ],
  "NavmapConfigPath": "Config/LevelOutput/Map/MapInfo_P20312_F20312001.json",
  "IsRestartLevelGraph": false
}