{
  "FloorID": 40305001,
  "FloorName": "FloorName_40305001",
  "StartGroupID": 1,
  "StartAnchorID": 1,
  "GroupList": [
    {
      "GroupGUID": "8fa1da84-6fd2-4d0e-93d7-c0816c92906b",
      "GroupPath": "Config/LevelOutput/Group/Groups_P40305_F40305001/LevelGroup_P40305_F40305001_G1.json",
      "Name": "DefaultGroup",
      "ID": 1
    },
    {
      "GroupGUID": "5ae2f624-fa34-4a06-9380-13063487c3bd",
      "GroupPath": "Config/LevelOutput/Group/Groups_P40305_F40305001/LevelGroup_P40305_F40305001_G2.json",
      "Name": "New Group",
      "ID": 2
    }
  ],
  "TimeOfDayEnviroProfileMap": {},
  "LayerToAreaMask": [
    1
  ],
  "BattleAreaList": [],
  "DimensionList": [
    {}
  ]
}