{
  "FloorID": 41000004,
  "FloorName": "FloorName_41000004",
  "StartGroupID": 1,
  "StartAnchorID": 1,
  "GroupList": [
    {
      "GroupGUID": "321d76a8-49b3-4991-995d-741ca7f46d90",
      "GroupPath": "Config/LevelOutput/Group/Groups_P41000_F41000004/LevelGroup_P41000_F41000004_G1.json",
      "Name": "DefaultGroup",
      "ID": 1
    },
    {
      "GroupGUID": "395a8828-d955-4fb2-a8d5-3c5ed570204c",
      "GroupPath": "Config/LevelOutput/Group/Groups_P41000_F41000004/LevelGroup_P41000_F41000004_G7.json",
      "Name": "Monsters",
      "ID": 7
    },
    {
      "GroupGUID": "e3863c00-b56c-4ea5-84f6-4fa818709c25",
      "GroupPath": "Config/LevelOutput/Group/Groups_P41000_F41000004/LevelGroup_P41000_F41000004_G8.json",
      "Name": "PlayerStart",
      "ID": 8
    },
    {
      "GroupGUID": "be2184aa-b7af-4889-86b2-4ecf3c14762c",
      "GroupPath": "Config/LevelOutput/Group/Groups_P41000_F41000004/LevelGroup_P41000_F41000004_G9.json",
      "Name": "Logics",
      "ID": 9
    },
    {
      "GroupGUID": "bead3f3b-6780-433f-b510-1e3448018c73",
      "GroupPath": "Config/LevelOutput/Group/Groups_P41000_F41000004/LevelGroup_P41000_F41000004_G10.json",
      "Name": "Saves",
      "ID": 10
    }
  ],
  "DefaultEnviroProfile": "Stages/Outputs/Chapter01/EnviroProfile/Chap01_CloseView_ADV_Area_M302_01_Foggy.enviroProfile.asset",
  "StageData": "Stages/Outputs/Chapter01/Stages/Chap01_MAZ_M302_MainLine_01_StageData/Chap01_MAZ_M302_MainLine_01_StageData.stage",
  "CameraType": "Maze",
  "TimeOfDayEnviroProfileMap": {},
  "LayerToAreaMask": [
    1
  ],
  "BattleAreaList": [],
  "DimensionList": [
    {}
  ],
  "NavmapConfigPath": "Config/LevelOutput/Map/MapInfo_P20132_F20132001.json",
  "IsRestartLevelGraph": false
}