{
  "FloorID": 41000011,
  "FloorName": "FloorName_41000011",
  "StartGroupID": 1,
  "StartAnchorID": 1,
  "GroupList": [
    {
      "GroupGUID": "c2a801a6-5d28-4883-949f-fba86276c8d6",
      "GroupPath": "Config/LevelOutput/Group/Groups_P41011_F41000011/LevelGroup_P41011_F41000011_G1.json",
      "Name": "DefaultData",
      "ID": 1
    },
    {
      "GroupGUID": "59c33221-d2a6-4a11-9702-571829ee8516",
      "GroupPath": "Config/LevelOutput/Group/Groups_P41011_F41000011/LevelGroup_P41011_F41000011_G7.json",
      "Name": "Monsters",
      "ID": 7
    },
    {
      "GroupGUID": "8fbcc9b5-2fe3-497c-8ac8-13cf2e9e4471",
      "GroupPath": "Config/LevelOutput/Group/Groups_P41011_F41000011/LevelGroup_P41011_F41000011_G8.json",
      "Name": "PlayerStart",
      "ID": 8
    },
    {
      "GroupGUID": "ae51b35f-39e1-4675-8afa-4466ff7cf9f9",
      "GroupPath": "Config/LevelOutput/Group/Groups_P41011_F41000011/LevelGroup_P41011_F41000011_G9.json",
      "Name": "Logics",
      "ID": 9
    },
    {
      "GroupGUID": "3f20498d-730c-4a89-bc88-e399e7373515",
      "GroupPath": "Config/LevelOutput/Group/Groups_P41011_F41000011/LevelGroup_P41011_F41000011_G10.json",
      "Name": "Saves",
      "ID": 10
    },
    {
      "GroupGUID": "c5a7ab67-17e9-40a1-ac29-54640a1a0ba1",
      "GroupPath": "Config/LevelOutput/Group/Groups_P41011_F41000011/LevelGroup_P41011_F41000011_G2.json",
      "Name": "Sound",
      "ID": 2
    },
    {
      "GroupGUID": "9e2c0c7d-5cd0-4b01-9370-acf8be4cd203",
      "GroupPath": "Config/LevelOutput/Group/Groups_P41011_F41000011/LevelGroup_P41011_F41000011_G3.json",
      "Name": "Props",
      "ID": 3
    }
  ],
  "DefaultEnviroProfile": "Stages/Outputs/Chapter01/EnviroProfile/Chap01_CloseView_ADV_Area_M301_01_Foggy.enviroProfile.asset",
  "StageData": "Stages/Outputs/Chapter01/Stages/Chap01_MAZ_M301_MainLine_01_StageData/Chap01_MAZ_M301_MainLine_01_StageData.stage",
  "CameraType": "Maze",
  "TimeOfDayEnviroProfileMap": {},
  "LayerToAreaMask": [
    1
  ],
  "BattleAreaList": [],
  "DimensionList": [
    {}
  ],
  "NavmapConfigPath": "Config/LevelOutput/Map/MapInfo_P20131_F20131001.json",
  "IsRestartLevelGraph": false
}