{
  "FloorID": 41000001,
  "FloorName": "FloorName_41000001",
  "StartGroupID": 3,
  "StartAnchorID": 1,
  "GroupList": [
    {
      "GroupGUID": "e61ccc40-aad8-4227-b788-090f5bac65d8",
      "GroupPath": "Config/LevelOutput/Group/Groups_P41000_F41000001/LevelGroup_P41000_F41000001_G2.json",
      "Name": "Monsters",
      "ID": 2
    },
    {
      "GroupGUID": "330dffaf-a034-4ca9-ad45-416fc8c24464",
      "GroupPath": "Config/LevelOutput/Group/Groups_P41000_F41000001/LevelGroup_P41000_F41000001_G3.json",
      "Name": "PlayerStart",
      "ID": 3
    },
    {
      "GroupGUID": "f402e593-7024-4ee1-ab6f-38fdea6d7811",
      "GroupPath": "Config/LevelOutput/Group/Groups_P41000_F41000001/LevelGroup_P41000_F41000001_G4.json",
      "Name": "Logics",
      "ID": 4
    },
    {
      "GroupGUID": "025028c9-7c35-4e24-931e-7877fc3878d4",
      "GroupPath": "Config/LevelOutput/Group/Groups_P41000_F41000001/LevelGroup_P41000_F41000001_G5.json",
      "Name": "Saves",
      "ID": 5
    }
  ],
  "DefaultEnviroProfile": "Stages/Outputs/Chapter01/EnviroProfile/Chap01_CloseView_ADV_Area_M203_01_Night.enviroProfile.asset",
  "StageData": "Stages/Outputs/Chapter01/Stages/Chap01_MAZ_M203_MainLine_01_StageData/Chap01_MAZ_M203_MainLine_01_StageData.stage",
  "CameraType": "Maze",
  "TimeOfDayEnviroProfileMap": {},
  "LayerToAreaMask": [
    1
  ],
  "BattleAreaList": [],
  "DimensionList": [
    {}
  ],
  "NavmapConfigPath": "Config/LevelOutput/Map/MapInfo_P20123_F20123001.json",
  "IsRestartLevelGraph": false
}