{
  "FloorID": 41000003,
  "FloorName": "FloorName_41000003",
  "StartGroupID": 1,
  "StartAnchorID": 1,
  "GroupList": [
    {
      "GroupGUID": "243dee47-b4fb-4dc5-9c27-d719d028a84f",
      "GroupPath": "Config/LevelOutput/Group/Groups_P41000_F41000003/LevelGroup_P41000_F41000003_G1.json",
      "Name": "DefaultGroup",
      "ID": 1
    },
    {
      "GroupGUID": "3b366f14-c462-4438-9037-0df44f524483",
      "GroupPath": "Config/LevelOutput/Group/Groups_P41000_F41000003/LevelGroup_P41000_F41000003_G7.json",
      "Name": "Monsters",
      "ID": 7
    },
    {
      "GroupGUID": "d490b1f3-7982-450e-a8b4-5324f2b1d750",
      "GroupPath": "Config/LevelOutput/Group/Groups_P41000_F41000003/LevelGroup_P41000_F41000003_G8.json",
      "Name": "PlayerStart",
      "ID": 8
    },
    {
      "GroupGUID": "51b609c4-59f8-4371-a864-d288aaf14ef4",
      "GroupPath": "Config/LevelOutput/Group/Groups_P41000_F41000003/LevelGroup_P41000_F41000003_G9.json",
      "Name": "Logics",
      "ID": 9
    },
    {
      "GroupGUID": "d773eabe-41d7-4bc1-898d-a7fea39472a5",
      "GroupPath": "Config/LevelOutput/Group/Groups_P41000_F41000003/LevelGroup_P41000_F41000003_G10.json",
      "Name": "Saves",
      "ID": 10
    }
  ],
  "DefaultEnviroProfile": "Stages/Outputs/Chapter01/EnviroProfile/Chap01_CloseView_ADV_Area_M201_01_Night.enviroProfile.asset",
  "StageData": "Stages/Outputs/Chapter01/Stages/Chap01_MAZ_M201_MainLine_01_StageData/Chap01_MAZ_M201_MainLine_01_StageData.stage",
  "CameraType": "Maze",
  "TimeOfDayEnviroProfileMap": {},
  "LayerToAreaMask": [
    1
  ],
  "BattleAreaList": [],
  "DimensionList": [
    {}
  ],
  "NavmapConfigPath": "Config/LevelOutput/Map/MapInfo_P20121_F20121001.json",
  "IsRestartLevelGraph": false
}