{
  "FloorID": 41000008,
  "FloorName": "FloorName_41000008",
  "StartGroupID": 1,
  "StartAnchorID": 1,
  "GroupList": [
    {
      "GroupGUID": "73529945-924b-4704-8c3c-2e2cef26f4c0",
      "GroupPath": "Config/LevelOutput/Group/Groups_P41008_F41000008/LevelGroup_P41008_F41000008_G1.json",
      "Name": "Default",
      "ID": 1
    },
    {
      "GroupGUID": "98c7acbe-f516-407b-8795-eacbc3e6588f",
      "GroupPath": "Config/LevelOutput/Group/Groups_P41008_F41000008/LevelGroup_P41008_F41000008_G15.json",
      "Name": "Monsters",
      "ID": 15
    },
    {
      "GroupGUID": "97bdb619-196f-4a40-8e9d-7aa041886812",
      "GroupPath": "Config/LevelOutput/Group/Groups_P41008_F41000008/LevelGroup_P41008_F41000008_G16.json",
      "Name": "PlayerStart",
      "ID": 16
    },
    {
      "GroupGUID": "3576edf6-ce81-4bd3-b893-b96d9567a126",
      "GroupPath": "Config/LevelOutput/Group/Groups_P41008_F41000008/LevelGroup_P41008_F41000008_G17.json",
      "Name": "Logics",
      "ID": 17
    },
    {
      "GroupGUID": "66ff5c47-96c7-4d1b-9a7b-72b2d4ca0987",
      "GroupPath": "Config/LevelOutput/Group/Groups_P41008_F41000008/LevelGroup_P41008_F41000008_G18.json",
      "Name": "Saves",
      "ID": 18
    },
    {
      "GroupGUID": "f7a8af88-8ad8-4468-930b-c80d34f99ed3",
      "GroupPath": "Config/LevelOutput/Group/Groups_P41008_F41000008/LevelGroup_P41008_F41000008_G3.json",
      "Name": "Sound",
      "ID": 3
    }
  ],
  "DefaultEnviroProfile": "Stages/Outputs/Chapter02/EnviroProfile/Chap02_CloseView_MAZ_X101_MainLine_01_Day.enviroProfile.asset",
  "StageData": "Stages/Outputs/Chapter02/Stages/Chap02_MAZ_X101_MainLine_01_StageData/Chap02_MAZ_X101_MainLine_01_StageData.stage",
  "CameraType": "Maze",
  "TimeOfDayEnviroProfileMap": {},
  "LayerToAreaMask": [
    8,
    16
  ],
  "BattleAreaList": [],
  "DimensionList": [
    {}
  ],
  "NavmapConfigPath": "Config/LevelOutput/Map/MapInfo_P20211_F20211001.json",
  "IsRestartLevelGraph": false
}