{
  "FloorID": 41000002,
  "FloorName": "FloorName_41000002",
  "StartGroupID": 1,
  "StartAnchorID": 1,
  "GroupList": [
    {
      "GroupGUID": "e62f816b-6a90-4b1e-be59-eb58f4a5b0b2",
      "GroupPath": "Config/LevelOutput/Group/Groups_P41000_F41000002/LevelGroup_P41000_F41000002_G1.json",
      "Name": "DefaultGroup",
      "ID": 1
    },
    {
      "GroupGUID": "099c869c-4f09-4598-a702-8f229b367652",
      "GroupPath": "Config/LevelOutput/Group/Groups_P41000_F41000002/LevelGroup_P41000_F41000002_G15.json",
      "Name": "Monsters",
      "ID": 15
    },
    {
      "GroupGUID": "6dfa80b4-7e6a-429b-9064-363754cc04f5",
      "GroupPath": "Config/LevelOutput/Group/Groups_P41000_F41000002/LevelGroup_P41000_F41000002_G16.json",
      "Name": "PlayerStart",
      "ID": 16
    },
    {
      "GroupGUID": "d0d01ffc-d0b7-44a9-be08-e7fe9d78ac5e",
      "GroupPath": "Config/LevelOutput/Group/Groups_P41000_F41000002/LevelGroup_P41000_F41000002_G17.json",
      "Name": "Logics",
      "ID": 17
    },
    {
      "GroupGUID": "0c65413b-5a7f-4d5e-806d-16390afe4f92",
      "GroupPath": "Config/LevelOutput/Group/Groups_P41000_F41000002/LevelGroup_P41000_F41000002_G18.json",
      "Name": "Saves",
      "ID": 18
    },
    {
      "GroupGUID": "fcf2c802-fd00-420c-8996-5f802f8afb76",
      "GroupPath": "Config/LevelOutput/Group/Groups_P41000_F41000002/LevelGroup_P41000_F41000002_G19.json",
      "Name": "Sound",
      "ID": 19
    }
  ],
  "DefaultEnviroProfile": "Stages/Outputs/Chapter02/EnviroProfile/Chap02_CloseView_MAZ_X101_MainLine_01_Day.enviroProfile.asset",
  "StageData": "Stages/Outputs/Chapter02/Stages/Chap02_MAZ_X101_MainLine_01_StageData/Chap02_MAZ_X101_MainLine_01_StageData.stage",
  "CameraType": "Maze",
  "TimeOfDayEnviroProfileMap": {},
  "LayerToAreaMask": [
    8,
    16
  ],
  "BattleAreaList": [],
  "DimensionList": [
    {}
  ],
  "NavmapConfigPath": "Config/LevelOutput/Map/MapInfo_P20211_F20211001.json",
  "IsRestartLevelGraph": false
}