{
  "FloorID": 41000006,
  "FloorName": "FloorName_41000006",
  "StartGroupID": 1,
  "StartAnchorID": 1,
  "GroupList": [
    {
      "GroupGUID": "71e03781-af88-4b90-adbf-23c8cf512bfa",
      "GroupPath": "Config/LevelOutput/Group/Groups_P41000_F41000006/LevelGroup_P41000_F41000006_G1.json",
      "Name": "DefaultGroup",
      "ID": 1
    },
    {
      "GroupGUID": "1e8f3f47-e3c4-44c7-843b-03030c03a26b",
      "GroupPath": "Config/LevelOutput/Group/Groups_P41000_F41000006/LevelGroup_P41000_F41000006_G7.json",
      "Name": "Monsters",
      "ID": 7
    },
    {
      "GroupGUID": "052b6790-1246-47fa-ada1-fa08433989db",
      "GroupPath": "Config/LevelOutput/Group/Groups_P41000_F41000006/LevelGroup_P41000_F41000006_G8.json",
      "Name": "PlayerStart",
      "ID": 8
    },
    {
      "GroupGUID": "6497e74a-ea74-4f4f-90bb-0c87189f4eef",
      "GroupPath": "Config/LevelOutput/Group/Groups_P41000_F41000006/LevelGroup_P41000_F41000006_G9.json",
      "Name": "Logics",
      "ID": 9
    },
    {
      "GroupGUID": "4d8c2995-f4d4-42f4-9127-6ca1ede351c5",
      "GroupPath": "Config/LevelOutput/Group/Groups_P41000_F41000006/LevelGroup_P41000_F41000006_G10.json",
      "Name": "Saves",
      "ID": 10
    },
    {
      "GroupGUID": "11338ed4-347c-4203-81d4-23630ebb1653",
      "GroupPath": "Config/LevelOutput/Group/Groups_P41000_F41000006/LevelGroup_P41000_F41000006_G11.json",
      "Name": "Sound",
      "ID": 11
    }
  ],
  "DefaultEnviroProfile": "Stages/Outputs/Chapter02/EnviroProfile/Chap02_CloseView_MAZ_X101_MainLine_01_Day.enviroProfile.asset",
  "StageData": "Stages/Outputs/Chapter02/Stages/Chap02_MAZ_X101_MainLine_01_StageData/Chap02_MAZ_X101_MainLine_01_StageData.stage",
  "CameraType": "Maze",
  "TimeOfDayEnviroProfileMap": {},
  "LayerToAreaMask": [
    8,
    16
  ],
  "BattleAreaList": [],
  "DimensionList": [
    {}
  ],
  "NavmapConfigPath": "Config/LevelOutput/Map/MapInfo_P20211_F20211001.json",
  "IsRestartLevelGraph": false
}