{
  "FloorID": 41000007,
  "FloorName": "FloorName_41000007",
  "StartGroupID": 3,
  "StartAnchorID": 1,
  "GroupList": [
    {
      "GroupGUID": "036597c5-da5f-4abd-bd01-7d0ed05bc9f4",
      "GroupPath": "Config/LevelOutput/Group/Groups_P41007_F41000007/LevelGroup_P41007_F41000007_G2.json",
      "Name": "Monsters",
      "ID": 2
    },
    {
      "GroupGUID": "ead4a34e-250d-47b5-87fc-937a155dd7af",
      "GroupPath": "Config/LevelOutput/Group/Groups_P41007_F41000007/LevelGroup_P41007_F41000007_G3.json",
      "Name": "PlayerStart",
      "ID": 3
    },
    {
      "GroupGUID": "49f26ed5-4c97-42ae-8578-d8d4da88bef4",
      "GroupPath": "Config/LevelOutput/Group/Groups_P41007_F41000007/LevelGroup_P41007_F41000007_G4.json",
      "Name": "Logics",
      "ID": 4
    },
    {
      "GroupGUID": "b8b784a9-86fd-45ae-b062-43e7b5b75acd",
      "GroupPath": "Config/LevelOutput/Group/Groups_P41007_F41000007/LevelGroup_P41007_F41000007_G5.json",
      "Name": "Saves",
      "ID": 5
    },
    {
      "GroupGUID": "04495dd5-ea95-4271-b643-2e93eaff4a4e",
      "GroupPath": "Config/LevelOutput/Group/Groups_P41007_F41000007/LevelGroup_P41007_F41000007_G1.json",
      "Name": "Sound",
      "ID": 1
    }
  ],
  "DefaultEnviroProfile": "Stages/Outputs/Chapter01/EnviroProfile/Chap01_CloseView_ADV_Area_M203_01_Night.enviroProfile.asset",
  "StageData": "Stages/Outputs/Chapter01/Stages/Chap01_MAZ_M203_MainLine_01_StageData/Chap01_MAZ_M203_MainLine_01_StageData.stage",
  "CameraType": "Maze",
  "TimeOfDayEnviroProfileMap": {},
  "LayerToAreaMask": [
    16,
    8
  ],
  "BattleAreaList": [],
  "DimensionList": [
    {}
  ],
  "NavmapConfigPath": "Config/LevelOutput/Map/MapInfo_P20123_F20123001.json",
  "IsRestartLevelGraph": false
}