{
  "FloorID": 41000009,
  "FloorName": "FloorName_41000009",
  "StartGroupID": 1,
  "StartAnchorID": 1,
  "GroupList": [
    {
      "GroupGUID": "afd64eeb-78ac-4da3-9c01-effbc0578f01",
      "GroupPath": "Config/LevelOutput/Group/Groups_P41009_F41000009/LevelGroup_P41009_F41000009_G1.json",
      "Name": "DefaultData",
      "ID": 1
    },
    {
      "GroupGUID": "2210529c-b082-4c0e-9e72-0bad38cf8299",
      "GroupPath": "Config/LevelOutput/Group/Groups_P41009_F41000009/LevelGroup_P41009_F41000009_G7.json",
      "Name": "Monsters",
      "ID": 7
    },
    {
      "GroupGUID": "73f7813a-852b-438b-a990-969d0ea3081b",
      "GroupPath": "Config/LevelOutput/Group/Groups_P41009_F41000009/LevelGroup_P41009_F41000009_G8.json",
      "Name": "PlayerStart",
      "ID": 8
    },
    {
      "GroupGUID": "99e50389-06e4-488d-a9dd-6213136aaa39",
      "GroupPath": "Config/LevelOutput/Group/Groups_P41009_F41000009/LevelGroup_P41009_F41000009_G9.json",
      "Name": "Logics",
      "ID": 9
    },
    {
      "GroupGUID": "3ded999d-4125-4d5e-a47d-28fa1abef683",
      "GroupPath": "Config/LevelOutput/Group/Groups_P41009_F41000009/LevelGroup_P41009_F41000009_G10.json",
      "Name": "Saves",
      "ID": 10
    },
    {
      "GroupGUID": "89ab74ac-32da-4712-99a2-8e7d10329584",
      "GroupPath": "Config/LevelOutput/Group/Groups_P41009_F41000009/LevelGroup_P41009_F41000009_G2.json",
      "Name": "Sound",
      "ID": 2
    }
  ],
  "DefaultEnviroProfile": "Stages/Outputs/Chapter01/EnviroProfile/Chap01_CloseView_ADV_Area_M201_01_Night.enviroProfile.asset",
  "StageData": "Stages/Outputs/Chapter01/Stages/Chap01_MAZ_M201_MainLine_01_StageData/Chap01_MAZ_M201_MainLine_01_StageData.stage",
  "CameraType": "Maze",
  "TimeOfDayEnviroProfileMap": {},
  "LayerToAreaMask": [
    1
  ],
  "BattleAreaList": [],
  "DimensionList": [
    {}
  ],
  "NavmapConfigPath": "Config/LevelOutput/Map/MapInfo_P20121_F20121001.json",
  "IsRestartLevelGraph": false
}