{
  "FloorID": 41000005,
  "FloorName": "FloorName_41000005",
  "StartGroupID": 1,
  "StartAnchorID": 1,
  "GroupList": [
    {
      "GroupGUID": "ae651060-30e5-4627-a4fe-a7b27cb93673",
      "GroupPath": "Config/LevelOutput/Group/Groups_P41000_F41000005/LevelGroup_P41000_F41000005_G1.json",
      "Name": "DefaultGroup",
      "ID": 1
    },
    {
      "GroupGUID": "891605d5-3eec-42a5-85d1-accefe804cd4",
      "GroupPath": "Config/LevelOutput/Group/Groups_P41000_F41000005/LevelGroup_P41000_F41000005_G7.json",
      "Name": "Monsters",
      "ID": 7
    },
    {
      "GroupGUID": "118d4bac-80de-4aea-aa59-4fdf3f8c7cec",
      "GroupPath": "Config/LevelOutput/Group/Groups_P41000_F41000005/LevelGroup_P41000_F41000005_G8.json",
      "Name": "PlayerStart",
      "ID": 8
    },
    {
      "GroupGUID": "b4578080-64b8-44c1-b7d0-1251e11742cd",
      "GroupPath": "Config/LevelOutput/Group/Groups_P41000_F41000005/LevelGroup_P41000_F41000005_G9.json",
      "Name": "Logics",
      "ID": 9
    },
    {
      "GroupGUID": "12b1dfc4-2ae5-447c-acfe-8b3de120b16f",
      "GroupPath": "Config/LevelOutput/Group/Groups_P41000_F41000005/LevelGroup_P41000_F41000005_G10.json",
      "Name": "Saves",
      "ID": 10
    }
  ],
  "DefaultEnviroProfile": "Stages/Outputs/Chapter01/EnviroProfile/Chap01_CloseView_ADV_Area_M301_01_Foggy.enviroProfile.asset",
  "StageData": "Stages/Outputs/Chapter01/Stages/Chap01_MAZ_M301_MainLine_01_StageData/Chap01_MAZ_M301_MainLine_01_StageData.stage",
  "CameraType": "Maze",
  "TimeOfDayEnviroProfileMap": {},
  "LayerToAreaMask": [
    1
  ],
  "BattleAreaList": [],
  "DimensionList": [
    {}
  ],
  "NavmapConfigPath": "Config/LevelOutput/Map/MapInfo_P20131_F20131001.json",
  "IsRestartLevelGraph": false
}