{
  "FloorID": 41000010,
  "FloorName": "FloorName_41000010",
  "StartGroupID": 1,
  "StartAnchorID": 1,
  "GroupList": [
    {
      "GroupGUID": "978d54bc-1f37-4ee0-94c2-2c6efe947541",
      "GroupPath": "Config/LevelOutput/Group/Groups_P41010_F41000010/LevelGroup_P41010_F41000010_G1.json",
      "Name": "DefaultData",
      "ID": 1
    },
    {
      "GroupGUID": "f9001ba7-b36b-4b64-bf8b-d35ca321cd59",
      "GroupPath": "Config/LevelOutput/Group/Groups_P41010_F41000010/LevelGroup_P41010_F41000010_G7.json",
      "Name": "Monsters",
      "ID": 7
    },
    {
      "GroupGUID": "f2811414-f95f-4b5b-8a62-4350f6706b71",
      "GroupPath": "Config/LevelOutput/Group/Groups_P41010_F41000010/LevelGroup_P41010_F41000010_G8.json",
      "Name": "PlayerStart",
      "ID": 8
    },
    {
      "GroupGUID": "dcaa114e-7316-4598-9282-dfb7985c075e",
      "GroupPath": "Config/LevelOutput/Group/Groups_P41010_F41000010/LevelGroup_P41010_F41000010_G9.json",
      "Name": "Logics",
      "ID": 9
    },
    {
      "GroupGUID": "5b9f2982-1977-4f13-abaa-05397e3aa6c1",
      "GroupPath": "Config/LevelOutput/Group/Groups_P41010_F41000010/LevelGroup_P41010_F41000010_G10.json",
      "Name": "Saves",
      "ID": 10
    },
    {
      "GroupGUID": "8d1c3129-ea89-410b-ba65-b61040ed9fd7",
      "GroupPath": "Config/LevelOutput/Group/Groups_P41010_F41000010/LevelGroup_P41010_F41000010_G2.json",
      "Name": "Sound",
      "ID": 2
    }
  ],
  "DefaultEnviroProfile": "Stages/Outputs/Chapter01/EnviroProfile/Chap01_CloseView_ADV_Area_M302_01_Foggy.enviroProfile.asset",
  "StageData": "Stages/Outputs/Chapter01/Stages/Chap01_MAZ_M302_MainLine_01_StageData/Chap01_MAZ_M302_MainLine_01_StageData.stage",
  "CameraType": "Maze",
  "TimeOfDayEnviroProfileMap": {},
  "LayerToAreaMask": [
    1
  ],
  "BattleAreaList": [],
  "DimensionList": [
    {}
  ],
  "NavmapConfigPath": "Config/LevelOutput/Map/MapInfo_P20132_F20132001.json",
  "IsRestartLevelGraph": false
}