{
  "FloorID": 41123001,
  "FloorName": "FloorName_41123001",
  "StartGroupID": 1,
  "StartAnchorID": 1,
  "GroupList": [
    {
      "GroupGUID": "c15899ae-703d-4e2b-aa7f-c5628732d748",
      "GroupPath": "Config/LevelOutput/Group/Groups_P41123_F41123001/LevelGroup_P41123_F41123001_G1.json",
      "Name": "DefaultGroup",
      "ID": 1
    },
    {
      "GroupGUID": "86339f40-5818-46dc-8d96-3f5a961469fa",
      "GroupPath": "Config/LevelOutput/Group/Groups_P41123_F41123001/LevelGroup_P41123_F41123001_G2.json",
      "Name": "Monsters",
      "ID": 2
    },
    {
      "GroupGUID": "b5518149-f845-4fed-b861-5198a33d5e35",
      "GroupPath": "Config/LevelOutput/Group/Groups_P41123_F41123001/LevelGroup_P41123_F41123001_G4.json",
      "Name": "Logics",
      "ID": 4
    },
    {
      "GroupGUID": "146c52a6-526b-4cce-996f-dbc60f9b8d28",
      "GroupPath": "Config/LevelOutput/Group/Groups_P41123_F41123001/LevelGroup_P41123_F41123001_G5.json",
      "Name": "Sound",
      "ID": 5
    }
  ],
  "DefaultEnviroProfile": "Stages/Outputs/Chapter01/EnviroProfile/Chap01_CloseView_ADV_Area_M203_01_Night.enviroProfile.asset",
  "StageData": "Stages/Outputs/Chapter01/Stages/Chap01_MAZ_M203_MainLine_01_StageData/Chap01_MAZ_M203_MainLine_01_StageData.stage",
  "CameraType": "Maze",
  "TimeOfDayEnviroProfileMap": {},
  "LayerToAreaMask": [
    1
  ],
  "BattleAreaList": [],
  "DimensionList": [
    {}
  ],
  "NavmapConfigPath": "Config/LevelOutput/Map/MapInfo_P20123_F20123001.json",
  "IsRestartLevelGraph": false
}