{
  "FloorID": 41122001,
  "FloorName": "FloorName_41122001",
  "StartGroupID": 1,
  "StartAnchorID": 1,
  "GroupList": [
    {
      "GroupGUID": "d399ca62-22ba-4efb-9741-388d288628e4",
      "GroupPath": "Config/LevelOutput/Group/Groups_P41122_F41122001/LevelGroup_P41122_F41122001_G1.json",
      "Name": "DefaultGroup",
      "ID": 1
    },
    {
      "GroupGUID": "e38f3cca-f647-4ede-85cc-0bcb76066a43",
      "GroupPath": "Config/LevelOutput/Group/Groups_P41122_F41122001/LevelGroup_P41122_F41122001_G3.json",
      "Name": "Monsters",
      "ID": 3
    },
    {
      "GroupGUID": "8714fc11-b6ec-4248-9313-f1ddbfa25126",
      "GroupPath": "Config/LevelOutput/Group/Groups_P41122_F41122001/LevelGroup_P41122_F41122001_G4.json",
      "Name": "Logics",
      "ID": 4
    },
    {
      "GroupGUID": "16604d52-dd87-4811-b7f6-dec4a46821a2",
      "GroupPath": "Config/LevelOutput/Group/Groups_P41122_F41122001/LevelGroup_P41122_F41122001_G6.json",
      "Name": "Sound",
      "ID": 6
    }
  ],
  "DefaultEnviroProfile": "Stages/Outputs/Chapter01/EnviroProfile/Chap01_CloseView_ADV_Area_M202_01_Night.enviroProfile.asset",
  "StageData": "Stages/Outputs/Chapter01/Stages/Chap01_MAZ_M202_MainLine_01_StageData/Chap01_MAZ_M202_MainLine_01_StageData.stage",
  "CameraType": "Maze",
  "TimeOfDayEnviroProfileMap": {},
  "LayerToAreaMask": [
    1
  ],
  "BattleAreaList": [],
  "DimensionList": [
    {}
  ],
  "NavmapConfigPath": "Config/LevelOutput/Map/MapInfo_P20122_F20122001.json",
  "IsRestartLevelGraph": false
}