{
  "FloorID": 41131001,
  "FloorName": "FloorName_41131001",
  "StartGroupID": 1,
  "StartAnchorID": 1,
  "GroupList": [
    {
      "GroupGUID": "40a98d26-fe05-4e50-9ec4-65b3f345bf23",
      "GroupPath": "Config/LevelOutput/Group/Groups_P41131_F41131001/LevelGroup_P41131_F41131001_G1.json",
      "Name": "DefaultGroup",
      "ID": 1
    },
    {
      "GroupGUID": "993f6974-7dbc-440c-a11b-b74a988106ea",
      "GroupPath": "Config/LevelOutput/Group/Groups_P41131_F41131001/LevelGroup_P41131_F41131001_G2.json",
      "Name": "Sound",
      "ID": 2
    },
    {
      "GroupGUID": "6de86af4-984d-4a1c-964d-c66f3b6db7ff",
      "GroupPath": "Config/LevelOutput/Group/Groups_P41131_F41131001/LevelGroup_P41131_F41131001_G3.json",
      "Name": "Monsters",
      "ID": 3
    },
    {
      "GroupGUID": "2831e7e6-16aa-491d-9c67-cb0bfcbbbe8e",
      "GroupPath": "Config/LevelOutput/Group/Groups_P41131_F41131001/LevelGroup_P41131_F41131001_G4.json",
      "Name": "Logics",
      "ID": 4
    },
    {
      "GroupGUID": "2565381d-0ad8-4c35-a203-a88e088d2b71",
      "GroupPath": "Config/LevelOutput/Group/Groups_P41131_F41131001/LevelGroup_P41131_F41131001_G6.json",
      "Name": "Sound",
      "ID": 6
    }
  ],
  "DefaultEnviroProfile": "Stages/Outputs/Chapter01/EnviroProfile/Chap01_CloseView_ADV_Area_M301_01_Foggy.enviroProfile.asset",
  "StageData": "Stages/Outputs/Chapter01/Stages/Chap01_MAZ_M301_MainLine_01_StageData/Chap01_MAZ_M301_MainLine_01_StageData.stage",
  "CameraType": "Maze",
  "TimeOfDayEnviroProfileMap": {},
  "LayerToAreaMask": [
    1
  ],
  "BattleAreaList": [],
  "DimensionList": [
    {}
  ],
  "NavmapConfigPath": "Config/LevelOutput/Map/MapInfo_P20131_F20131001.json",
  "IsRestartLevelGraph": false
}