{
  "FloorID": 41132001,
  "FloorName": "FloorName_41132001",
  "StartGroupID": 1,
  "StartAnchorID": 1,
  "GroupList": [
    {
      "GroupGUID": "5a326cdd-0464-412a-a7ea-2c90791c69d5",
      "GroupPath": "Config/LevelOutput/Group/Groups_P41132_F41132001/LevelGroup_P41132_F41132001_G1.json",
      "Name": "DefaultGroup",
      "ID": 1
    },
    {
      "GroupGUID": "263dd0ba-7b4e-4d84-afb8-a27808ab39b1",
      "GroupPath": "Config/LevelOutput/Group/Groups_P41132_F41132001/LevelGroup_P41132_F41132001_G2.json",
      "Name": "Sound",
      "ID": 2
    },
    {
      "GroupGUID": "d65d364d-0472-4c99-86ca-2471f0cf8b03",
      "GroupPath": "Config/LevelOutput/Group/Groups_P41132_F41132001/LevelGroup_P41132_F41132001_G3.json",
      "Name": "Monsters",
      "ID": 3
    },
    {
      "GroupGUID": "88e16bc8-fd86-485e-884b-659ad61f0753",
      "GroupPath": "Config/LevelOutput/Group/Groups_P41132_F41132001/LevelGroup_P41132_F41132001_G4.json",
      "Name": "Logics",
      "ID": 4
    }
  ],
  "DefaultEnviroProfile": "Stages/Outputs/Chapter01/EnviroProfile/Chap01_CloseView_ADV_Area_M302_01_Foggy.enviroProfile.asset",
  "StageData": "Stages/Outputs/Chapter01/Stages/Chap01_MAZ_M302_MainLine_01_StageData/Chap01_MAZ_M302_MainLine_01_StageData.stage",
  "CameraType": "Maze",
  "TimeOfDayEnviroProfileMap": {},
  "LayerToAreaMask": [
    1
  ],
  "BattleAreaList": [],
  "DimensionList": [
    {}
  ],
  "NavmapConfigPath": "Config/LevelOutput/Map/MapInfo_P20132_F20132001.json",
  "IsRestartLevelGraph": false
}