{
  "FloorID": 41221004,
  "FloorName": "FloorName_41221004",
  "StartGroupID": 1,
  "StartAnchorID": 1,
  "GroupList": [
    {
      "GroupGUID": "4ee62e25-981c-4382-a437-cede6610b178",
      "GroupPath": "Config/LevelOutput/Group/Groups_P41221_F41221004/LevelGroup_P41221_F41221004_G1.json",
      "Name": "DefaultGroup",
      "ID": 1
    },
    {
      "GroupGUID": "5b53e64e-3549-4a4a-9053-42f6c82d6d99",
      "GroupPath": "Config/LevelOutput/Group/Groups_P41221_F41221004/LevelGroup_P41221_F41221004_G2.json",
      "Name": "Sound",
      "ID": 2
    }
  ],
  "DefaultEnviroProfile": "Stages/Outputs/Chapter02/EnviroProfile/Chap02_CloseView_ADV_X01_Starskiff_Day.enviroProfile.asset",
  "StageData": "Stages/Outputs/Chapter02/Stages/Chap02_ADV_X01_Starskiff_StageData/Chap02_ADV_X01_Starskiff_StageData.stage",
  "TimeOfDayEnviroProfileMap": {},
  "LayerToAreaMask": [
    1
  ],
  "NavmapConfigPath": "Config/LevelOutput/Map/MapInfo_P10201_F10201001.json",
  "IsRestartLevelGraph": false
}