{
  "FloorID": 41221002,
  "FloorName": "FloorName_41221002",
  "StartGroupID": 1,
  "StartAnchorID": 1,
  "GroupList": [
    {
      "GroupGUID": "7f82bb10-a962-48d7-9bfc-196dfc8bbe3b",
      "GroupPath": "Config/LevelOutput/Group/Groups_P41221_F41221002/LevelGroup_P41221_F41221002_G1.json",
      "Name": "DefaultGroup",
      "ID": 1
    },
    {
      "GroupGUID": "bd2fac77-79de-4c73-bb17-590a9bc1b132",
      "GroupPath": "Config/LevelOutput/Group/Groups_P41221_F41221002/LevelGroup_P41221_F41221002_G2.json",
      "Name": "Default",
      "ID": 2
    },
    {
      "GroupGUID": "8436f71d-3a7b-4a25-8043-2cc5706f411d",
      "GroupPath": "Config/LevelOutput/Group/Groups_P41221_F41221002/LevelGroup_P41221_F41221002_G3.json",
      "Name": "Sound",
      "ID": 3
    },
    {
      "GroupGUID": "255d74f6-0dab-435b-ac5a-b47d17bf1ffe",
      "GroupPath": "Config/LevelOutput/Group/Groups_P41221_F41221002/LevelGroup_P41221_F41221002_G4.json",
      "Name": "MainMission_RoadBlock",
      "ID": 4
    },
    {
      "GroupGUID": "9b4a411a-4a84-42e3-87b0-8e0e9f1e1db5",
      "GroupPath": "Config/LevelOutput/Group/Groups_P41221_F41221002/LevelGroup_P41221_F41221002_G5.json",
      "Name": "PolymerSceneProp",
      "ID": 5
    },
    {
      "GroupGUID": "e86ae153-bd4b-430c-8b15-3c50d91650b2",
      "GroupPath": "Config/LevelOutput/Group/Groups_P41221_F41221002/LevelGroup_P41221_F41221002_G7.json",
      "Name": "MainMission4122101_01",
      "ID": 7
    },
    {
      "GroupGUID": "62529e7b-a88e-46d7-99cd-b755068960bc",
      "GroupPath": "Config/LevelOutput/Group/Groups_P41221_F41221002/LevelGroup_P41221_F41221002_G8.json",
      "Name": "Default_Props_Door",
      "ID": 8
    },
    {
      "GroupGUID": "52fc7c33-ab62-48df-b1fa-264a937c6d5d",
      "GroupPath": "Config/LevelOutput/Group/Groups_P41221_F41221002/LevelGroup_P41221_F41221002_G10.json",
      "Name": "Monster",
      "ID": 10
    },
    {
      "GroupGUID": "c1dc2c84-85f7-4c7f-b432-78a72788e5d7",
      "GroupPath": "Config/LevelOutput/Group/Groups_P41221_F41221002/LevelGroup_P41221_F41221002_G11.json",
      "Name": "MainMission4122101_04",
      "ID": 11
    },
    {
      "GroupGUID": "6cbf2cba-be2d-41d4-9faf-d16204fa3984",
      "GroupPath": "Config/LevelOutput/Group/Groups_P41221_F41221002/LevelGroup_P41221_F41221002_G12.json",
      "Name": "MainMission4122101_02",
      "ID": 12
    },
    {
      "GroupGUID": "0a1762b3-3805-4d6e-a31b-7b9bc0867d2e",
      "GroupPath": "Config/LevelOutput/Group/Groups_P41221_F41221002/LevelGroup_P41221_F41221002_G13.json",
      "Name": "MainMission4122101_03",
      "ID": 13
    },
    {
      "GroupGUID": "d59e112a-fa20-49c0-be7a-f9f51423e2c9",
      "GroupPath": "Config/LevelOutput/Group/Groups_P41221_F41221002/LevelGroup_P41221_F41221002_G14.json",
      "Name": "MainMission4122101_08",
      "ID": 14
    },
    {
      "GroupGUID": "dd0ffc30-29e0-4bf4-8a98-9f1e229fdc8b",
      "GroupPath": "Config/LevelOutput/Group/Groups_P41221_F41221002/LevelGroup_P41221_F41221002_G17.json",
      "Name": "MainMission4122101_05",
      "ID": 17
    },
    {
      "GroupGUID": "f7da7483-4c05-4132-92ee-4c98ce3c192d",
      "GroupPath": "Config/LevelOutput/Group/Groups_P41221_F41221002/LevelGroup_P41221_F41221002_G18.json",
      "Name": "MainMission4122101_06",
      "ID": 18
    },
    {
      "GroupGUID": "9c8e1760-d2fa-42c8-a8e4-369338b58d34",
      "GroupPath": "Config/LevelOutput/Group/Groups_P41221_F41221002/LevelGroup_P41221_F41221002_G20.json",
      "Name": "Anchor",
      "ID": 20
    },
    {
      "GroupGUID": "0aae92d6-5eac-41af-927c-3db0d557c578",
      "GroupPath": "Config/LevelOutput/Group/Groups_P41221_F41221002/LevelGroup_P41221_F41221002_G22.json",
      "Name": "New Group",
      "ID": 22
    },
    {
      "GroupGUID": "013ecd16-7c45-4474-89ab-79694a4ea6ca",
      "GroupPath": "Config/LevelOutput/Group/Groups_P41221_F41221002/LevelGroup_P41221_F41221002_G23.json",
      "Name": "New Group",
      "ID": 23
    },
    {
      "GroupGUID": "51d65d2e-68e0-4b99-9379-1e60581d2a82",
      "GroupPath": "Config/LevelOutput/Group/Groups_P41221_F41221002/LevelGroup_P41221_F41221002_G24.json",
      "Name": "MainMission4122101_01",
      "ID": 24
    },
    {
      "GroupGUID": "00a5e017-67e1-4cdf-ace7-40bb9fe34de0",
      "GroupPath": "Config/LevelOutput/Group/Groups_P41221_F41221002/LevelGroup_P41221_F41221002_G25.json",
      "Name": "MainMission4122101_01",
      "ID": 25
    },
    {
      "GroupGUID": "31e6ad8d-64b2-469c-a958-499ea78c8af9",
      "GroupPath": "Config/LevelOutput/Group/Groups_P41221_F41221002/LevelGroup_P41221_F41221002_G26.json",
      "Name": "New Group",
      "ID": 26
    }
  ],
  "DefaultEnviroProfile": "Stages/Outputs/Chapter02/EnviroProfile/Chap02_CloseView_MAZ_X101_MainLine_01_Day.enviroProfile.asset",
  "StageData": "Stages/Outputs/Chapter02/Stages/Chap02_MAZ_X101_MainLine_01_StageData/Chap02_MAZ_X101_MainLine_01_StageData.stage",
  "CameraType": "Maze",
  "TimeOfDayEnviroProfileMap": {},
  "LayerToAreaMask": [
    8,
    16
  ],
  "NavmapConfigPath": "Config/LevelOutput/Map/MapInfo_P20211_F20211001.json",
  "IsRestartLevelGraph": false
}