{
  "FloorID": 41221001,
  "FloorName": "FloorName_41221001",
  "StartGroupID": 16,
  "StartAnchorID": 1,
  "GroupList": [
    {
      "GroupGUID": "d42a5d68-5458-4f41-b8cb-9c4a69658e51",
      "GroupPath": "Config/LevelOutput/Group/Groups_P41221_F41221001/LevelGroup_P41221_F41221001_G16.json",
      "Name": "DefaultGroup",
      "ID": 16
    },
    {
      "GroupGUID": "a999a2e5-a88f-4035-8c72-d12888bb6e50",
      "GroupPath": "Config/LevelOutput/Group/Groups_P41221_F41221001/LevelGroup_P41221_F41221001_G17.json",
      "Name": "DefaultGroup",
      "ID": 17
    },
    {
      "GroupGUID": "1af3b48b-4ddf-4e05-8d6f-c8d085e1aaae",
      "GroupPath": "Config/LevelOutput/Group/Groups_P41221_F41221001/LevelGroup_P41221_F41221001_G18.json",
      "Name": "Sound",
      "ID": 18
    },
    {
      "GroupGUID": "c1b878d5-26d2-4c63-953b-2544acef07c7",
      "GroupPath": "Config/LevelOutput/Group/Groups_P41221_F41221001/LevelGroup_P41221_F41221001_G19.json",
      "Name": "BATProp",
      "ID": 19
    },
    {
      "GroupGUID": "a75cbf64-c7cb-4af7-b790-7d47a2b83c65",
      "GroupPath": "Config/LevelOutput/Group/Groups_P41221_F41221001/LevelGroup_P41221_F41221001_G20.json",
      "Name": "Door&MP",
      "ID": 20
    },
    {
      "GroupGUID": "d58abc0f-7c78-4430-b165-eff3b09967bc",
      "GroupPath": "Config/LevelOutput/Group/Groups_P41221_F41221001/LevelGroup_P41221_F41221001_G42.json",
      "Name": "enviroProfile",
      "ID": 42
    },
    {
      "GroupGUID": "770cb78c-fb7f-459c-81ca-a983c1e80bb2",
      "GroupPath": "Config/LevelOutput/Group/Groups_P41221_F41221001/LevelGroup_P41221_F41221001_G52.json",
      "Name": "MainMission4122102_01",
      "ID": 52
    },
    {
      "GroupGUID": "b5f5d21e-a104-4889-8d55-8be8964efa68",
      "GroupPath": "Config/LevelOutput/Group/Groups_P41221_F41221001/LevelGroup_P41221_F41221001_G55.json",
      "Name": "MainMission4122102_04",
      "ID": 55
    },
    {
      "GroupGUID": "2d77b619-e1ac-499b-85b4-e277715619ae",
      "GroupPath": "Config/LevelOutput/Group/Groups_P41221_F41221001/LevelGroup_P41221_F41221001_G56.json",
      "Name": "MainMission4122102_02",
      "ID": 56
    },
    {
      "GroupGUID": "b8805381-feae-49cc-babc-876a8a999ea5",
      "GroupPath": "Config/LevelOutput/Group/Groups_P41221_F41221001/LevelGroup_P41221_F41221001_G57.json",
      "Name": "MainMission4122102_03",
      "ID": 57
    },
    {
      "GroupGUID": "7f8e1127-5cb2-4f84-8ff6-eb32cb4bb20d",
      "GroupPath": "Config/LevelOutput/Group/Groups_P41221_F41221001/LevelGroup_P41221_F41221001_G58.json",
      "Name": "MainMission4122102_08",
      "ID": 58
    },
    {
      "GroupGUID": "6036c12e-63de-4a57-8bea-68fa31310fea",
      "GroupPath": "Config/LevelOutput/Group/Groups_P41221_F41221001/LevelGroup_P41221_F41221001_G59.json",
      "Name": "MainMission4122102_",
      "ID": 59
    },
    {
      "GroupGUID": "3dea7f22-97cc-427f-99ac-b1f9ef7e1b55",
      "GroupPath": "Config/LevelOutput/Group/Groups_P41221_F41221001/LevelGroup_P41221_F41221001_G60.json",
      "Name": "MainMission4122102_",
      "ID": 60
    },
    {
      "GroupGUID": "e9a2a864-9ee8-4fc4-9552-ec6557acea43",
      "GroupPath": "Config/LevelOutput/Group/Groups_P41221_F41221001/LevelGroup_P41221_F41221001_G63.json",
      "Name": "DefaultMonsters",
      "ID": 63
    },
    {
      "GroupGUID": "76f5569f-daeb-44f6-983a-30519b39ceef",
      "GroupPath": "Config/LevelOutput/Group/Groups_P41221_F41221001/LevelGroup_P41221_F41221001_G64.json",
      "Name": "MainMission4122102_",
      "ID": 64
    },
    {
      "GroupGUID": "87293a05-1060-4aee-999e-e41bcbe67737",
      "GroupPath": "Config/LevelOutput/Group/Groups_P41221_F41221001/LevelGroup_P41221_F41221001_G65.json",
      "Name": "New Group",
      "ID": 65
    },
    {
      "GroupGUID": "fb986973-4a32-479d-b4f6-77360b6aff0f",
      "GroupPath": "Config/LevelOutput/Group/Groups_P41221_F41221001/LevelGroup_P41221_F41221001_G66.json",
      "Name": "MainMission4122102_01",
      "ID": 66
    },
    {
      "GroupGUID": "d324a4fd-5822-4928-80d5-af02206346a2",
      "GroupPath": "Config/LevelOutput/Group/Groups_P41221_F41221001/LevelGroup_P41221_F41221001_G67.json",
      "Name": "New Group",
      "ID": 67
    },
    {
      "GroupGUID": "a6331c0f-1c16-4257-88c9-e1b93591709f",
      "GroupPath": "Config/LevelOutput/Group/Groups_P41221_F41221001/LevelGroup_P41221_F41221001_G69.json",
      "Name": "Crowd",
      "ID": 69
    },
    {
      "GroupGUID": "a213871b-6b81-46c9-9089-a115158b0d66",
      "GroupPath": "Config/LevelOutput/Group/Groups_P41221_F41221001/LevelGroup_P41221_F41221001_G71.json",
      "Name": "StarSkiff",
      "ID": 71
    },
    {
      "GroupGUID": "8b09a4e7-4b70-4afa-ba95-e1f61b33a74b",
      "GroupPath": "Config/LevelOutput/Group/Groups_P41221_F41221001/LevelGroup_P41221_F41221001_G72.json",
      "Name": "New Group",
      "ID": 72
    },
    {
      "GroupGUID": "242613cb-9d2b-4926-86b9-3a8ff9032b30",
      "GroupPath": "Config/LevelOutput/Group/Groups_P41221_F41221001/LevelGroup_P41221_F41221001_G74.json",
      "Name": "HunTianYi",
      "ID": 74
    }
  ],
  "DefaultEnviroProfile": "Stages/Outputs/Chapter02/EnviroProfile/Chap02_CloseView_MAZ_X201_MainLine_01_Night.enviroProfile.asset",
  "StageData": "Stages/Outputs/Chapter02/Stages/Chap02_MAZ_X201_MainLine_01_StageData/Chap02_MAZ_X201_MainLine_01_StageData.stage",
  "CameraType": "Maze",
  "TimeOfDayEnviroProfileMap": {},
  "LayerToAreaMask": [
    8,
    16
  ],
  "BattleAreaList": [],
  "DimensionList": [
    {}
  ],
  "NavmapConfigPath": "Config/LevelOutput/Map/MapInfo_P20221_F20221001.json",
  "IsRestartLevelGraph": false
}