{
  "FloorID": 42221001,
  "FloorName": "FloorName_42221001",
  "StartGroupID": 1,
  "StartAnchorID": 1,
  "GroupList": [
    {
      "GroupGUID": "5ef52787-1df8-4aed-a170-73caee9b6b3d",
      "GroupPath": "Config/LevelOutput/Group/Groups_P42221_F42221001/LevelGroup_P42221_F42221001_G1.json",
      "Name": "DefaultGroup",
      "ID": 1
    },
    {
      "GroupGUID": "90c4afeb-fff6-49ed-aed4-adca80dd816d",
      "GroupPath": "Config/LevelOutput/Group/Groups_P42221_F42221001/LevelGroup_P42221_F42221001_G2.json",
      "Name": "SubMission_202070104",
      "ID": 2,
      "IsDelete": true
    },
    {
      "GroupGUID": "2cb3e1ed-28d2-43da-ad06-26779113a0c9",
      "GroupPath": "Config/LevelOutput/Group/Groups_P42221_F42221001/LevelGroup_P42221_F42221001_G3.json",
      "Name": "SubMission_202030801",
      "ID": 3
    },
    {
      "GroupGUID": "f8c980d6-0eb8-4ed6-84b7-a8f8ee18ce3f",
      "GroupPath": "Config/LevelOutput/Group/Groups_P42221_F42221001/LevelGroup_P42221_F42221001_G4.json",
      "Name": "SubMission_202030804",
      "ID": 4
    },
    {
      "GroupGUID": "9907b4bb-f8c2-41b6-b43d-78fab78f23db",
      "GroupPath": "Config/LevelOutput/Group/Groups_P42221_F42221001/LevelGroup_P42221_F42221001_G5.json",
      "Name": "SubMission_202030806",
      "ID": 5
    },
    {
      "GroupGUID": "1bbc5492-28f2-4600-8beb-b2583b641644",
      "GroupPath": "Config/LevelOutput/Group/Groups_P42221_F42221001/LevelGroup_P42221_F42221001_G6.json",
      "Name": "SubMission_202030810",
      "ID": 6
    },
    {
      "GroupGUID": "3450a84f-2583-4420-910d-3496ecd778f6",
      "GroupPath": "Config/LevelOutput/Group/Groups_P42221_F42221001/LevelGroup_P42221_F42221001_G7.json",
      "Name": "SubMission_202030811",
      "ID": 7
    },
    {
      "GroupGUID": "9566a1ab-bd22-4640-b1d8-7081dd84bf61",
      "GroupPath": "Config/LevelOutput/Group/Groups_P42221_F42221001/LevelGroup_P42221_F42221001_G9.json",
      "Name": "Door",
      "ID": 9
    },
    {
      "GroupGUID": "b3daac2a-d0e1-46c4-bde6-7604008b6351",
      "GroupPath": "Config/LevelOutput/Group/Groups_P42221_F42221001/LevelGroup_P42221_F42221001_G10.json",
      "Name": "Saves",
      "ID": 10
    },
    {
      "GroupGUID": "1b855891-7e3a-4dbb-a5b3-8c8f394d24a8",
      "GroupPath": "Config/LevelOutput/Group/Groups_P42221_F42221001/LevelGroup_P42221_F42221001_G11.json",
      "Name": "SubMission_2020308",
      "ID": 11
    },
    {
      "GroupGUID": "c7573d17-85f3-4199-b328-56d58eab374c",
      "GroupPath": "Config/LevelOutput/Group/Groups_P42221_F42221001/LevelGroup_P42221_F42221001_G12.json",
      "Name": "SubMission_202030804",
      "ID": 12
    },
    {
      "GroupGUID": "a06748af-2ad2-4f7f-a2dd-f9e18658a54e",
      "GroupPath": "Config/LevelOutput/Group/Groups_P42221_F42221001/LevelGroup_P42221_F42221001_G13.json",
      "Name": "SubMission_202030804",
      "ID": 13
    },
    {
      "GroupGUID": "98f64c39-0c42-408a-a489-fe654ccb189c",
      "GroupPath": "Config/LevelOutput/Group/Groups_P42221_F42221001/LevelGroup_P42221_F42221001_G14.json",
      "Name": "MainMission2020308_11",
      "ID": 14
    },
    {
      "GroupGUID": "b8914fdf-70c0-450f-992e-2f5b6833f67f",
      "GroupPath": "Config/LevelOutput/Group/Groups_P42221_F42221001/LevelGroup_P42221_F42221001_G15.json",
      "Name": "Sound",
      "ID": 15
    },
    {
      "GroupGUID": "f0ef380a-9e63-446e-b7cd-6d507cc333ba",
      "GroupPath": "Config/LevelOutput/Group/Groups_P42221_F42221001/LevelGroup_P42221_F42221001_G16.json",
      "Name": "BATProp",
      "ID": 16
    },
    {
      "GroupGUID": "1f0db8dc-3b7b-4fef-b728-c20dc704a490",
      "GroupPath": "Config/LevelOutput/Group/Groups_P42221_F42221001/LevelGroup_P42221_F42221001_G17.json",
      "Name": "enviroProfile",
      "ID": 17
    },
    {
      "GroupGUID": "7786ed32-82c0-455b-aa61-c9e6b1234aba",
      "GroupPath": "Config/LevelOutput/Group/Groups_P42221_F42221001/LevelGroup_P42221_F42221001_G18.json",
      "Name": "MPProp",
      "ID": 18
    }
  ],
  "DefaultEnviroProfile": "Stages/Outputs/Chapter02/EnviroProfile/Chap02_CloseView_MAZ_X201_MainLine_01_Night.enviroProfile.asset",
  "StageData": "Stages/Outputs/Chapter02/Stages/Chap02_MAZ_X201_MainLine_01_StageData/Chap02_MAZ_X201_MainLine_01_StageData.stage",
  "CameraType": "Maze",
  "TimeOfDayEnviroProfileMap": {},
  "LayerToAreaMask": [
    8,
    16
  ],
  "BattleAreaList": [],
  "DimensionList": [
    {}
  ],
  "NavmapConfigPath": "Config/LevelOutput/Map/MapInfo_P20221_F20221001.json",
  "IsRestartLevelGraph": false
}