{
  "FloorID": 43004001,
  "FloorName": "FloorName_43004001",
  "StartGroupID": 1,
  "StartAnchorID": 1,
  "GroupList": [
    {
      "GroupGUID": "bafafa6a-e786-484f-b9ea-62cfc0abe2be",
      "GroupPath": "Config/LevelOutput/Group/Groups_P43004_F43004001/LevelGroup_P43004_F43004001_G1.json",
      "DimensionFilter": {},
      "Name": "DefaultGroup",
      "ID": 1
    },
    {
      "GroupGUID": "d5409f2c-2e35-4809-bfa1-b67602b23851",
      "GroupPath": "Config/LevelOutput/Group/Groups_P43004_F43004001/LevelGroup_P43004_F43004001_G2.json",
      "Name": "Default Group",
      "ID": 2
    },
    {
      "GroupGUID": "6bfdd2d8-16dd-445e-9517-37f7011f494b",
      "GroupPath": "Config/LevelOutput/Group/Groups_P43004_F43004001/LevelGroup_P43004_F43004001_G3.json",
      "DimensionFilter": {},
      "Name": "Sound Group",
      "ID": 3
    },
    {
      "GroupGUID": "6cbec18f-1a71-4b13-8422-e35b8fdc7fb7",
      "GroupPath": "Config/LevelOutput/Group/Groups_P43004_F43004001/LevelGroup_P43004_F43004001_G4.json",
      "Name": "MainMission_RoadBlock",
      "ID": 4
    },
    {
      "GroupGUID": "c85d2538-3860-4033-aaff-b57adecd1afb",
      "GroupPath": "Config/LevelOutput/Group/Groups_P43004_F43004001/LevelGroup_P43004_F43004001_G5.json",
      "Name": "MainMission_RoadBlock",
      "ID": 5
    },
    {
      "GroupGUID": "c6660c76-93f6-4f2d-b5f0-4bf818783dc3",
      "GroupPath": "Config/LevelOutput/Group/Groups_P43004_F43004001/LevelGroup_P43004_F43004001_G6.json",
      "DimensionFilter": {},
      "Name": "MainMission2001002_01",
      "ID": 6
    },
    {
      "GroupGUID": "acc58fe9-c9e2-406d-ae43-978637aa859b",
      "GroupPath": "Config/LevelOutput/Group/Groups_P43004_F43004001/LevelGroup_P43004_F43004001_G7.json",
      "DimensionFilter": {},
      "Name": "MainMission2001002_02",
      "ID": 7
    },
    {
      "GroupGUID": "08f7ae99-c99b-460b-9fd2-623d993add98",
      "GroupPath": "Config/LevelOutput/Group/Groups_P43004_F43004001/LevelGroup_P43004_F43004001_G8.json",
      "DimensionFilter": {},
      "Name": "MainMission2001002_05",
      "ID": 8
    },
    {
      "GroupGUID": "a33332aa-cd0f-483d-bb24-34cda932d102",
      "GroupPath": "Config/LevelOutput/Group/Groups_P43004_F43004001/LevelGroup_P43004_F43004001_G11.json",
      "DimensionFilter": {},
      "Name": "MainMission2001002_07",
      "ID": 11
    },
    {
      "GroupGUID": "af664511-d7e5-4586-9dba-03013b32bbeb",
      "GroupPath": "Config/LevelOutput/Group/Groups_P43004_F43004001/LevelGroup_P43004_F43004001_G12.json",
      "DimensionFilter": {},
      "Name": "MainMission2001002_08",
      "ID": 12
    },
    {
      "GroupGUID": "33cc561a-2a9b-47c8-8160-5961ad338dba",
      "GroupPath": "Config/LevelOutput/Group/Groups_P43004_F43004001/LevelGroup_P43004_F43004001_G13.json",
      "DimensionFilter": {},
      "Name": "MainMission2001002_09",
      "ID": 13
    },
    {
      "GroupGUID": "7519ef88-cba8-4097-8a89-45b8658da32e",
      "GroupPath": "Config/LevelOutput/Group/Groups_P43004_F43004001/LevelGroup_P43004_F43004001_G14.json",
      "DimensionFilter": {},
      "Name": "MainMission2001002_0502",
      "ID": 14
    },
    {
      "GroupGUID": "87554008-ac08-4213-bc3f-4ffb4cfb7d47",
      "GroupPath": "Config/LevelOutput/Group/Groups_P43004_F43004001/LevelGroup_P43004_F43004001_G17.json",
      "DimensionFilter": {},
      "Name": "Door",
      "ID": 17
    }
  ],
  "DefaultEnviroProfile": "Stages/Outputs/Chapter00/EnviroProfile/Chap00_CloseView_MAZ_N301_01_Day.enviroProfile.asset",
  "StageData": "Stages/Outputs/Chapter00/Stages/Chap00_MAZ_N301_MainLine_01_StageData/Chap00_MAZ_N301_MainLine_01_StageData.stage",
  "CameraType": "Maze",
  "TimeOfDayEnviroProfileMap": {},
  "LayerToAreaMask": [
    8,
    16
  ],
  "FloorCustomData": {
    "CustomValues": [
      {
        "$type": "RPG.GameCore.FloorCustomBoolConfig",
        "ID": 10001,
        "Name": "Clt_ChangePropState"
      }
    ],
    "SavedValues": [
      {
        "ID": 1,
        "Name": "ChangePropState",
        "AllowedValues": [
          0,
          1
        ],
        "MaxValue": 1
      }
    ]
  },
  "BattleAreaList": [],
  "DimensionList": [
    {}
  ],
  "NavmapConfigPath": "Config/LevelOutput/Map/MapInfo_P20003_F20003001.json",
  "EnableGroupStreaming": false,
  "EnableGroupSpaceConflict": false,
  "IsRestartLevelGraph": false
}