{
  "FloorID": 43002002,
  "FloorName": "FloorName_43002002",
  "StartGroupID": 1,
  "StartAnchorID": 1,
  "GroupList": [
    {
      "GroupGUID": "f41b005f-6358-4259-bf8b-cda4a2491dd9",
      "GroupPath": "Config/LevelOutput/Group/Groups_P43002_F43002002/LevelGroup_P43002_F43002002_G1.json",
      "Name": "DefaultGroup",
      "ID": 1
    },
    {
      "GroupGUID": "f4e68ee5-e76f-4a4c-85ff-f43b041e07b7",
      "GroupPath": "Config/LevelOutput/Group/Groups_P43002_F43002002/LevelGroup_P43002_F43002002_G2.json",
      "Name": "New Group",
      "ID": 2
    },
    {
      "GroupGUID": "95224bcd-aa93-4d8e-a15d-9a9335ee2a27",
      "GroupPath": "Config/LevelOutput/Group/Groups_P43002_F43002002/LevelGroup_P43002_F43002002_G3.json",
      "DimensionFilter": {},
      "Name": "Sound",
      "ID": 3
    },
    {
      "GroupGUID": "cf736b82-8a23-4486-b649-b7a673c172ee",
      "GroupPath": "Config/LevelOutput/Group/Groups_P43002_F43002002/LevelGroup_P43002_F43002002_G4.json",
      "Name": "Crowd",
      "ID": 4
    },
    {
      "GroupGUID": "e8bbc541-a2fd-4262-8164-c540b1765c55",
      "GroupPath": "Config/LevelOutput/Group/Groups_P43002_F43002002/LevelGroup_P43002_F43002002_G5.json",
      "Name": "Npc",
      "ID": 5
    },
    {
      "GroupGUID": "21509cc7-7069-431e-8112-66c66d85f4ec",
      "GroupPath": "Config/LevelOutput/Group/Groups_P43002_F43002002/LevelGroup_P43002_F43002002_G7.json",
      "Name": "Crowd",
      "ID": 7
    },
    {
      "GroupGUID": "dda582fa-6b76-4b72-bd9e-46ba7bebb474",
      "GroupPath": "Config/LevelOutput/Group/Groups_P43002_F43002002/LevelGroup_P43002_F43002002_G6.json",
      "Name": "MainMission2000902_01",
      "ID": 6
    },
    {
      "GroupGUID": "f8f00b18-a93c-440f-9e7d-675eaa16ff74",
      "GroupPath": "Config/LevelOutput/Group/Groups_P43002_F43002002/LevelGroup_P43002_F43002002_G8.json",
      "DimensionFilter": {},
      "Name": "MainMission2000902_02",
      "ID": 8
    },
    {
      "GroupGUID": "3c69728f-0eeb-4d64-8e0f-4256878cbdd0",
      "GroupPath": "Config/LevelOutput/Group/Groups_P43002_F43002002/LevelGroup_P43002_F43002002_G9.json",
      "Name": "MainMission2000902_03",
      "ID": 9
    },
    {
      "GroupGUID": "4b74686f-db38-4b2b-b1bd-52082b075021",
      "GroupPath": "Config/LevelOutput/Group/Groups_P43002_F43002002/LevelGroup_P43002_F43002002_G10.json",
      "Name": "MainMission2000902_04",
      "ID": 10
    },
    {
      "GroupGUID": "86d27af8-1e1e-418d-8d4c-a32d47c68d9b",
      "GroupPath": "Config/LevelOutput/Group/Groups_P43002_F43002002/LevelGroup_P43002_F43002002_G11.json",
      "Name": "MainMission2000902_05",
      "ID": 11
    },
    {
      "GroupGUID": "07dd226b-359e-4720-a6f4-286c467d477e",
      "GroupPath": "Config/LevelOutput/Group/Groups_P43002_F43002002/LevelGroup_P43002_F43002002_G12.json",
      "Name": "MainMission2000902_01",
      "ID": 12,
      "IsDelete": true
    },
    {
      "GroupGUID": "654ae068-ecd2-4f29-a768-abe1ff96ea07",
      "GroupPath": "Config/LevelOutput/Group/Groups_P43002_F43002002/LevelGroup_P43002_F43002002_G13.json",
      "Name": "MainMission2000902_01",
      "ID": 13,
      "IsDelete": true
    },
    {
      "GroupGUID": "c32a274a-f15d-4dee-ab88-a89c3b0c4924",
      "GroupPath": "Config/LevelOutput/Group/Groups_P43002_F43002002/LevelGroup_P43002_F43002002_G14.json",
      "DimensionFilter": {},
      "Name": "MainMission2000902_01",
      "ID": 14
    },
    {
      "GroupGUID": "0f0cf463-4ea1-47d6-a822-affad1b2f006",
      "GroupPath": "Config/LevelOutput/Group/Groups_P43002_F43002002/LevelGroup_P43002_F43002002_G15.json",
      "Name": "MainMission2000902_03",
      "ID": 15
    },
    {
      "GroupGUID": "a2569b92-4c34-46d5-b77c-8e25c77bf4fb",
      "GroupPath": "Config/LevelOutput/Group/Groups_P43002_F43002002/LevelGroup_P43002_F43002002_G19.json",
      "Name": "New Group",
      "ID": 19
    },
    {
      "GroupGUID": "0277c2ed-a143-4169-b47a-fe41a39e46c5",
      "GroupPath": "Config/LevelOutput/Group/Groups_P43002_F43002002/LevelGroup_P43002_F43002002_G20.json",
      "Name": "MainMission2000902_06",
      "ID": 20
    },
    {
      "GroupGUID": "89123594-7117-484d-9b5c-0923135ba842",
      "GroupPath": "Config/LevelOutput/Group/Groups_P43002_F43002002/LevelGroup_P43002_F43002002_G21.json",
      "DimensionFilter": {},
      "Name": "New Group",
      "ID": 21
    },
    {
      "GroupGUID": "aa0e2ac6-01f8-4463-a4b3-5769bade8226",
      "GroupPath": "Config/LevelOutput/Group/Groups_P43002_F43002002/LevelGroup_P43002_F43002002_G22.json",
      "Name": "prop",
      "ID": 22
    },
    {
      "GroupGUID": "0b39349f-1959-4a32-b546-972c56ad3b09",
      "GroupPath": "Config/LevelOutput/Group/Groups_P43002_F43002002/LevelGroup_P43002_F43002002_G23.json",
      "Name": "MainMission2000902_09",
      "ID": 23,
      "IsDelete": true
    },
    {
      "GroupGUID": "e05d684a-889a-47e7-9c52-3d240a3ea740",
      "GroupPath": "Config/LevelOutput/Group/Groups_P43002_F43002002/LevelGroup_P43002_F43002002_G24.json",
      "Name": "MainMission2000902_05",
      "ID": 24
    },
    {
      "GroupGUID": "9164862b-694d-4a50-99c9-562c248325cb",
      "GroupPath": "Config/LevelOutput/Group/Groups_P43002_F43002002/LevelGroup_P43002_F43002002_G25.json",
      "DimensionFilter": {},
      "Name": "MainMission2000902_10",
      "ID": 25
    }
  ],
  "DefaultEnviroProfile": "Stages/Outputs/Chapter00/EnviroProfile/Chap00_CloseView_MAZ_N101_01_Day.enviroProfile.asset",
  "StageData": "Stages/Outputs/Chapter00/Stages/Chap00_MAZ_N101_MainLine_01_StageData/Chap00_MAZ_N101_MainLine_01_StageData.stage",
  "CameraType": "Maze",
  "TimeOfDayEnviroProfileMap": {},
  "LayerToAreaMask": [
    8
  ],
  "BattleAreaList": [],
  "DimensionList": [
    {}
  ],
  "NavmapConfigPath": "Config/LevelOutput/Map/MapInfo_P20001_F20001001.json",
  "EnableGroupStreaming": false,
  "EnableGroupSpaceConflict": false,
  "IsRestartLevelGraph": false
}