{
  "FloorID": 43001001,
  "FloorName": "FloorName_43001001",
  "StartGroupID": 1,
  "StartAnchorID": 1,
  "GroupList": [
    {
      "GroupGUID": "544bab65-33e5-4b05-b87d-847587df2052",
      "GroupPath": "Config/LevelOutput/Group/Groups_P43001_F43001001/LevelGroup_P43001_F43001001_G1.json",
      "DimensionFilter": {},
      "Name": "DefaultGroup",
      "ID": 1
    },
    {
      "GroupGUID": "d44b09d8-11ae-4e58-8a85-eeafc8c76c59",
      "GroupPath": "Config/LevelOutput/Group/Groups_P43001_F43001001/LevelGroup_P43001_F43001001_G2.json",
      "DimensionFilter": {},
      "Name": "MainMission2000802_2",
      "ID": 2
    },
    {
      "GroupGUID": "44e57a84-df5f-4f91-a987-396a88fd1552",
      "GroupPath": "Config/LevelOutput/Group/Groups_P43001_F43001001/LevelGroup_P43001_F43001001_G3.json",
      "DimensionFilter": {},
      "Name": "MainMission2000802_1",
      "ID": 3
    },
    {
      "GroupGUID": "23789f50-84e6-4504-b7a9-77be70a8db7c",
      "GroupPath": "Config/LevelOutput/Group/Groups_P43001_F43001001/LevelGroup_P43001_F43001001_G4.json",
      "Name": "MainMission2000802_3",
      "ID": 4
    },
    {
      "GroupGUID": "274920d4-acee-4715-a41e-09de4f2fae32",
      "GroupPath": "Config/LevelOutput/Group/Groups_P43001_F43001001/LevelGroup_P43001_F43001001_G5.json",
      "Name": "MainMission2000802_4",
      "ID": 5
    },
    {
      "GroupGUID": "4bd8451b-a423-4bb0-bd09-85f50ecaf1ef",
      "GroupPath": "Config/LevelOutput/Group/Groups_P43001_F43001001/LevelGroup_P43001_F43001001_G6.json",
      "Name": "MainMission2000802_5",
      "ID": 6,
      "IsDelete": true
    },
    {
      "GroupGUID": "79be9a9f-90b4-4778-b9c9-ea70355177f5",
      "GroupPath": "Config/LevelOutput/Group/Groups_P43001_F43001001/LevelGroup_P43001_F43001001_G7.json",
      "Name": "MainMission2000802_6",
      "ID": 7,
      "IsDelete": true
    },
    {
      "GroupGUID": "485356d3-5888-4078-adf3-0d69508dea06",
      "GroupPath": "Config/LevelOutput/Group/Groups_P43001_F43001001/LevelGroup_P43001_F43001001_G8.json",
      "Name": "MainMission2000802_11",
      "ID": 8
    },
    {
      "GroupGUID": "2ca7b310-0e33-4555-92ce-193a4104d02e",
      "GroupPath": "Config/LevelOutput/Group/Groups_P43001_F43001001/LevelGroup_P43001_F43001001_G9.json",
      "DimensionFilter": {},
      "Name": "MainMission2000802_12",
      "ID": 9
    },
    {
      "GroupGUID": "38f9f8e4-99cb-4d51-83f1-d8cfe77155c8",
      "GroupPath": "Config/LevelOutput/Group/Groups_P43001_F43001001/LevelGroup_P43001_F43001001_G10.json",
      "DimensionFilter": {},
      "Name": "MainMission2000802_13",
      "ID": 10
    },
    {
      "GroupGUID": "0d26f760-2f11-428b-b18a-b98fa7390f28",
      "GroupPath": "Config/LevelOutput/Group/Groups_P43001_F43001001/LevelGroup_P43001_F43001001_G11.json",
      "Name": "MainMission2000802_14",
      "ID": 11
    },
    {
      "GroupGUID": "03059fa3-b9c9-4260-a4f9-c8f00cba9bb5",
      "GroupPath": "Config/LevelOutput/Group/Groups_P43001_F43001001/LevelGroup_P43001_F43001001_G12.json",
      "Name": "StageProp",
      "ID": 12
    },
    {
      "GroupGUID": "70d3b3e8-e45e-478d-a1fa-fbe2579ed6f6",
      "GroupPath": "Config/LevelOutput/Group/Groups_P43001_F43001001/LevelGroup_P43001_F43001001_G13.json",
      "Name": "MainMission2000802_5",
      "ID": 13,
      "IsDelete": true
    },
    {
      "GroupGUID": "b70be295-b74c-47b5-85a2-1e27520aac70",
      "GroupPath": "Config/LevelOutput/Group/Groups_P43001_F43001001/LevelGroup_P43001_F43001001_G15.json",
      "Name": "MainMission2000802_6",
      "ID": 15,
      "IsDelete": true
    },
    {
      "GroupGUID": "9ed84df9-75c2-415b-8ba5-d1feb4d1cedb",
      "GroupPath": "Config/LevelOutput/Group/Groups_P43001_F43001001/LevelGroup_P43001_F43001001_G16.json",
      "Name": "MainMission2000802_7",
      "ID": 16
    },
    {
      "GroupGUID": "67063639-39d3-410c-a15d-a38ef1d8d70f",
      "GroupPath": "Config/LevelOutput/Group/Groups_P43001_F43001001/LevelGroup_P43001_F43001001_G17.json",
      "Name": "MainMission2000802_8",
      "ID": 17,
      "IsDelete": true
    },
    {
      "GroupGUID": "9c6c39b0-4488-43e6-8855-0be313c7c13f",
      "GroupPath": "Config/LevelOutput/Group/Groups_P43001_F43001001/LevelGroup_P43001_F43001001_G18.json",
      "Name": "MainMission2000802_9",
      "ID": 18,
      "IsDelete": true
    },
    {
      "GroupGUID": "b68bff05-f104-469b-8d2c-513815f6b1a8",
      "GroupPath": "Config/LevelOutput/Group/Groups_P43001_F43001001/LevelGroup_P43001_F43001001_G19.json",
      "DimensionFilter": {},
      "Name": "MainMission2000802_1",
      "ID": 19
    },
    {
      "GroupGUID": "275fcb53-4c65-4287-8719-44cec62ca94f",
      "GroupPath": "Config/LevelOutput/Group/Groups_P43001_F43001001/LevelGroup_P43001_F43001001_G20.json",
      "DimensionFilter": {},
      "Name": "MainMission2000802_2",
      "ID": 20
    },
    {
      "GroupGUID": "041e0f0c-2b1d-485a-8dad-f2325f6b2703",
      "GroupPath": "Config/LevelOutput/Group/Groups_P43001_F43001001/LevelGroup_P43001_F43001001_G21.json",
      "DimensionFilter": {},
      "Name": "MainMission2000802_7",
      "ID": 21
    },
    {
      "GroupGUID": "d84ce1bf-bb5a-4ecd-8a6c-74a2e3d52473",
      "GroupPath": "Config/LevelOutput/Group/Groups_P43001_F43001001/LevelGroup_P43001_F43001001_G22.json",
      "Name": "MainMission2000802_8",
      "ID": 22
    },
    {
      "GroupGUID": "5ce9eb48-b5f6-4ac2-8a79-97b1c8767b54",
      "GroupPath": "Config/LevelOutput/Group/Groups_P43001_F43001001/LevelGroup_P43001_F43001001_G23.json",
      "Name": "MainMission2000802_9",
      "ID": 23
    },
    {
      "GroupGUID": "5bb3166f-654f-4f86-8757-e207096bdbad",
      "GroupPath": "Config/LevelOutput/Group/Groups_P43001_F43001001/LevelGroup_P43001_F43001001_G25.json",
      "Name": "MainMission2000802_10",
      "ID": 25
    },
    {
      "GroupGUID": "20ac74e4-e31d-4ff7-b01d-861a205d5d32",
      "GroupPath": "Config/LevelOutput/Group/Groups_P43001_F43001001/LevelGroup_P43001_F43001001_G26.json",
      "DimensionFilter": {},
      "Name": "MainMission2000802_Sound_01",
      "ID": 26
    },
    {
      "GroupGUID": "8c9fcea4-4b6a-46cd-b21e-9b8ec7a805b0",
      "GroupPath": "Config/LevelOutput/Group/Groups_P43001_F43001001/LevelGroup_P43001_F43001001_G27.json",
      "DimensionFilter": {},
      "Name": "Anchor",
      "ID": 27
    },
    {
      "GroupGUID": "fe1a9ca1-4317-4957-8d7a-807e35b4bec7",
      "GroupPath": "Config/LevelOutput/Group/Groups_P43001_F43001001/LevelGroup_P43001_F43001001_G29.json",
      "DimensionFilter": {},
      "Name": "MainMission2000802_Sound_02",
      "ID": 29
    },
    {
      "GroupGUID": "a855cbce-8444-4da7-9db2-773deef37682",
      "GroupPath": "Config/LevelOutput/Group/Groups_P43001_F43001001/LevelGroup_P43001_F43001001_G30.json",
      "DimensionFilter": {},
      "Name": "MainMission2000802_Sound_03",
      "ID": 30
    },
    {
      "GroupGUID": "a1afd330-c1c2-4d7a-b84c-2870f0c26169",
      "GroupPath": "Config/LevelOutput/Group/Groups_P43001_F43001001/LevelGroup_P43001_F43001001_G31.json",
      "DimensionFilter": {},
      "Name": "MainMission2000802_Sound_04",
      "ID": 31
    },
    {
      "GroupGUID": "9d190629-7388-4678-92de-c226d2f958ad",
      "GroupPath": "Config/LevelOutput/Group/Groups_P43001_F43001001/LevelGroup_P43001_F43001001_G32.json",
      "DimensionFilter": {},
      "Name": "EnvControl",
      "ID": 32
    }
  ],
  "DefaultEnviroProfile": "Stages/Outputs/Chapter00/EnviroProfile/Chap00_INT_Train_01.enviroProfile.asset",
  "StageData": "Stages/Outputs/Chapter00/Stages/Chap00_INT_Train_01_StageData/Chap00_INT_Train_01_StageData.stage",
  "CameraType": "Maze",
  "MinimapVolumeData": {
    "Center": {
      "X": 0,
      "Y": 5.474826,
      "Z": 2.285852
    },
    "Size": {
      "X": 16.7837,
      "Y": 11.16731,
      "Z": 50.92945
    },
    "SectionVertices": [
      {
        "X": -8.39185,
        "Y": 25.46473
      },
      {
        "X": 8.39185,
        "Y": 25.46473
      },
      {
        "X": 8.39185,
        "Y": -25.46473
      },
      {
        "X": -8.39185,
        "Y": -25.46473
      }
    ],
    "Atlas": "UI/Atlas/AtlasFiles/Minimap/Minimap_10000000.spriteatlas",
    "Sections": [
      {
        "MapLayerID": 1,
        "Sprite": "UI/Atlas/AtlasRoot/Minimap/Minimap_10000000/MinimapSection_10000000_0.png",
        "IsRect": true,
        "Indices": [
          0,
          1,
          2,
          3
        ],
        "UIPosition": {
          "X": -1,
          "Y": -1
        },
        "InitialHidden": false,
        "Center": {
          "X": -8.39185,
          "Y": 25.46473
        },
        "Triangles": [
          {
            "X": 0,
            "Y": 1
          },
          {
            "X": 0,
            "Y": 0.75
          },
          {
            "X": 0.25,
            "Y": 0.75
          },
          {
            "X": 0,
            "Y": 0.75
          },
          {
            "X": 0,
            "Y": 0.5
          },
          {
            "X": 0.25,
            "Y": 0.75
          },
          {
            "X": 0.25,
            "Y": 0.75
          },
          {
            "X": 0,
            "Y": 0.5
          },
          {
            "X": 0.5,
            "Y": 0.5
          },
          {
            "X": 0,
            "Y": 0.5
          },
          {
            "X": 0.25,
            "Y": 0.25
          },
          {
            "X": 0.5,
            "Y": 0.5
          },
          {
            "X": 0,
            "Y": 0.5
          },
          {
            "X": 0,
            "Y": 0.25
          },
          {
            "X": 0.25,
            "Y": 0.25
          },
          {
            "X": 0,
            "Y": 0.25
          },
          {
            "X": 0,
            "Y": 0
          },
          {
            "X": 0.25,
            "Y": 0.25
          },
          {
            "X": 0.5,
            "Y": 0.5
          },
          {
            "X": 0.5,
            "Y": 0.25
          },
          {
            "X": 0.75,
            "Y": 0.25
          },
          {
            "X": 0.5,
            "Y": 0.25
          },
          {
            "X": 0.5,
            "Y": 0
          },
          {
            "X": 0.75,
            "Y": 0.25
          },
          {
            "X": 0.75,
            "Y": 0.25
          },
          {
            "X": 0.5,
            "Y": 0
          },
          {
            "X": 1,
            "Y": 0
          },
          {
            "X": 0.5,
            "Y": 0.5
          },
          {
            "X": 0.25,
            "Y": 0.25
          },
          {
            "X": 0.5,
            "Y": 0.25
          },
          {
            "X": 0.5,
            "Y": 0.25
          },
          {
            "X": 0.25,
            "Y": 0.25
          },
          {
            "X": 0.5,
            "Y": 0
          },
          {
            "X": 0.25,
            "Y": 0.25
          },
          {
            "X": 0,
            "Y": 0
          },
          {
            "X": 0.5,
            "Y": 0
          },
          {
            "X": 0,
            "Y": 1
          },
          {
            "X": 0.25,
            "Y": 0.75
          },
          {
            "X": 0.5,
            "Y": 1
          },
          {
            "X": 0.25,
            "Y": 0.75
          },
          {
            "X": 0.5,
            "Y": 0.75
          },
          {
            "X": 0.5,
            "Y": 1
          },
          {
            "X": 0.25,
            "Y": 0.75
          },
          {
            "X": 0.5,
            "Y": 0.5
          },
          {
            "X": 0.5,
            "Y": 0.75
          },
          {
            "X": 0.5,
            "Y": 1
          },
          {
            "X": 0.75,
            "Y": 0.75
          },
          {
            "X": 1,
            "Y": 1
          },
          {
            "X": 0.5,
            "Y": 1
          },
          {
            "X": 0.5,
            "Y": 0.75
          },
          {
            "X": 0.75,
            "Y": 0.75
          },
          {
            "X": 0.5,
            "Y": 0.75
          },
          {
            "X": 0.5,
            "Y": 0.5
          },
          {
            "X": 0.75,
            "Y": 0.75
          },
          {
            "X": 0.5,
            "Y": 0.5
          },
          {
            "X": 1,
            "Y": 0.5
          },
          {
            "X": 0.75,
            "Y": 0.75
          },
          {
            "X": 0.75,
            "Y": 0.75
          },
          {
            "X": 1,
            "Y": 0.75
          },
          {
            "X": 1,
            "Y": 1
          },
          {
            "X": 0.75,
            "Y": 0.75
          },
          {
            "X": 1,
            "Y": 0.5
          },
          {
            "X": 1,
            "Y": 0.75
          },
          {
            "X": 0.5,
            "Y": 0.5
          },
          {
            "X": 0.75,
            "Y": 0.25
          },
          {
            "X": 1,
            "Y": 0.5
          },
          {
            "X": 0.75,
            "Y": 0.25
          },
          {
            "X": 1,
            "Y": 0.25
          },
          {
            "X": 1,
            "Y": 0.5
          },
          {
            "X": 0.75,
            "Y": 0.25
          },
          {
            "X": 1,
            "Y": 0
          },
          {
            "X": 1,
            "Y": 0.25
          }
        ],
        "Pivot": {
          "X": 0,
          "Y": 1
        }
      }
    ],
    "BackgroundMapSprite": "SpriteOutput/MapPics/Minimap/Minimap_Chap01_ADV_Train_BackGround.png",
    "Scale": 15,
    "CompleteScale": 15
  },
  "TimeOfDayEnviroProfileMap": {},
  "LayerToAreaMask": [
    264
  ],
  "BattleAreaList": [],
  "DimensionList": [
    {}
  ],
  "NavmapConfigPath": "Config/LevelOutput/Map/MapInfo_P10000_F10000000.json",
  "EnableGroupStreaming": false,
  "EnableGroupSpaceConflict": false,
  "IsRestartLevelGraph": false
}