{
  "FloorID": 43002001,
  "FloorName": "FloorName_43002001",
  "StartGroupID": 1,
  "StartAnchorID": 1,
  "GroupList": [
    {
      "GroupGUID": "80fb86c1-1f44-4446-8b6f-6ace868b9cb5",
      "GroupPath": "Config/LevelOutput/Group/Groups_P43002_F43002001/LevelGroup_P43002_F43002001_G1.json",
      "Name": "DefaultGroup",
      "ID": 1
    },
    {
      "GroupGUID": "b4cc3906-d6fe-4a40-86d8-c7972d9de6e8",
      "GroupPath": "Config/LevelOutput/Group/Groups_P43002_F43002001/LevelGroup_P43002_F43002001_G3.json",
      "Name": "MainMission2000902_01",
      "ID": 3
    },
    {
      "GroupGUID": "6f439539-0efb-4042-bb1b-3d39d00686f7",
      "GroupPath": "Config/LevelOutput/Group/Groups_P43002_F43002001/LevelGroup_P43002_F43002001_G4.json",
      "DimensionFilter": {},
      "Name": "MainMission2000902_02",
      "ID": 4
    },
    {
      "GroupGUID": "03540193-5180-4cbc-96f6-f19cb9e3a0f7",
      "GroupPath": "Config/LevelOutput/Group/Groups_P43002_F43002001/LevelGroup_P43002_F43002001_G5.json",
      "Name": "MainMission2000902_03",
      "ID": 5
    },
    {
      "GroupGUID": "b5659d40-4225-49e4-b363-54d146f6ab6c",
      "GroupPath": "Config/LevelOutput/Group/Groups_P43002_F43002001/LevelGroup_P43002_F43002001_G6.json",
      "Name": "MainMission2000902_04",
      "ID": 6
    },
    {
      "GroupGUID": "01f988a6-7214-408c-9d81-853babdef8e2",
      "GroupPath": "Config/LevelOutput/Group/Groups_P43002_F43002001/LevelGroup_P43002_F43002001_G7.json",
      "Name": "MainMission2000902_05",
      "ID": 7
    },
    {
      "GroupGUID": "e3c22ead-fd39-4b67-b05e-c741ccd46bbd",
      "GroupPath": "Config/LevelOutput/Group/Groups_P43002_F43002001/LevelGroup_P43002_F43002001_G9.json",
      "Name": "MainMission2000902_03",
      "ID": 9
    },
    {
      "GroupGUID": "6c39fc0d-40ba-4f0c-a802-8bcef340e93d",
      "GroupPath": "Config/LevelOutput/Group/Groups_P43002_F43002001/LevelGroup_P43002_F43002001_G10.json",
      "Name": "MainMission2000902_06",
      "ID": 10,
      "IsDelete": true
    },
    {
      "GroupGUID": "149ce150-0a89-4cce-a3c8-fc85114f4ff7",
      "GroupPath": "Config/LevelOutput/Group/Groups_P43002_F43002001/LevelGroup_P43002_F43002001_G11.json",
      "DimensionFilter": {},
      "Name": "MainMission2000902_08",
      "ID": 11
    },
    {
      "GroupGUID": "259460eb-2a90-44f2-b73c-30bb71b02388",
      "GroupPath": "Config/LevelOutput/Group/Groups_P43002_F43002001/LevelGroup_P43002_F43002001_G12.json",
      "DimensionFilter": {},
      "Name": "sound",
      "ID": 12
    }
  ],
  "DefaultEnviroProfile": "Stages/Outputs/Chapter00/EnviroProfile/Chap00_CloseView_INT_RogueLobby_01_Day.enviroProfile.asset",
  "StageData": "Stages/Outputs/Chapter00/Stages/Chap00_INT_RogueLobby_01_StageData/Chap00_INT_RogueLobby_01_StageData.stage",
  "MinimapVolumeData": {},
  "TimeOfDayEnviroProfileMap": {},
  "LayerToAreaMask": [
    1
  ],
  "BattleAreaList": [],
  "DimensionList": [
    {}
  ],
  "EnableGroupStreaming": false,
  "EnableGroupSpaceConflict": false,
  "IsRestartLevelGraph": false
}