{
  "FloorID": 43001002,
  "FloorName": "FloorName_43001002",
  "StartGroupID": 1,
  "StartAnchorID": 1,
  "GroupList": [
    {
      "GroupGUID": "47bf8412-04a2-4269-867c-cdd43054b173",
      "GroupPath": "Config/LevelOutput/Group/Groups_P43001_F43001002/LevelGroup_P43001_F43001002_G1.json",
      "Name": "DefaultGroup",
      "ID": 1
    },
    {
      "GroupGUID": "c15894e3-dd42-401c-b0ef-27d8ba20479c",
      "GroupPath": "Config/LevelOutput/Group/Groups_P43001_F43001002/LevelGroup_P43001_F43001002_G2.json",
      "Name": "MainMission2000802_1",
      "ID": 2
    },
    {
      "GroupGUID": "02735d2b-3e69-4b41-a01c-f9f660bc54e0",
      "GroupPath": "Config/LevelOutput/Group/Groups_P43001_F43001002/LevelGroup_P43001_F43001002_G3.json",
      "Name": "MainMission2000802_2",
      "ID": 3
    },
    {
      "GroupGUID": "81468cf8-2777-473b-ae34-db26555fdda1",
      "GroupPath": "Config/LevelOutput/Group/Groups_P43001_F43001002/LevelGroup_P43001_F43001002_G4.json",
      "Name": "MainMission2000802_11",
      "ID": 4
    },
    {
      "GroupGUID": "d2de9050-636a-449d-bd5d-0db47597ef89",
      "GroupPath": "Config/LevelOutput/Group/Groups_P43001_F43001002/LevelGroup_P43001_F43001002_G5.json",
      "Name": "MainMission2000802_12",
      "ID": 5
    },
    {
      "GroupGUID": "0a0c4607-b231-4cc9-9858-2094baab24ca",
      "GroupPath": "Config/LevelOutput/Group/Groups_P43001_F43001002/LevelGroup_P43001_F43001002_G6.json",
      "Name": "MainMission2000802_13",
      "ID": 6
    },
    {
      "GroupGUID": "390467b5-320b-4b83-8ba5-c8498155fc16",
      "GroupPath": "Config/LevelOutput/Group/Groups_P43001_F43001002/LevelGroup_P43001_F43001002_G7.json",
      "DimensionFilter": {},
      "Name": "MainMission2000802_14",
      "ID": 7
    },
    {
      "GroupGUID": "627fe9c1-ecfd-424d-804f-8b089d5e76d6",
      "GroupPath": "Config/LevelOutput/Group/Groups_P43001_F43001002/LevelGroup_P43001_F43001002_G8.json",
      "Name": "MainMission2000802_21",
      "ID": 8
    },
    {
      "GroupGUID": "e4aa7180-8f45-4206-b248-522fe769e4bd",
      "GroupPath": "Config/LevelOutput/Group/Groups_P43001_F43001002/LevelGroup_P43001_F43001002_G9.json",
      "Name": "MainMission2000802_21",
      "ID": 9
    },
    {
      "GroupGUID": "eb83f523-353f-429e-a7ae-87aacd14f97a",
      "GroupPath": "Config/LevelOutput/Group/Groups_P43001_F43001002/LevelGroup_P43001_F43001002_G10.json",
      "Name": "MainMission2000802_11",
      "ID": 10
    },
    {
      "GroupGUID": "bb9440fa-abd1-489e-802d-61d9206190ed",
      "GroupPath": "Config/LevelOutput/Group/Groups_P43001_F43001002/LevelGroup_P43001_F43001002_G11.json",
      "DimensionFilter": {},
      "Name": "Sound",
      "ID": 11
    },
    {
      "GroupGUID": "f7bad4e5-c2dd-4964-9bcc-b575c448044a",
      "GroupPath": "Config/LevelOutput/Group/Groups_P43001_F43001002/LevelGroup_P43001_F43001002_G12.json",
      "DimensionFilter": {},
      "Name": "Door",
      "ID": 12
    },
    {
      "GroupGUID": "7acf30db-69a4-4ccb-b32d-d5d37dff1f95",
      "GroupPath": "Config/LevelOutput/Group/Groups_P43001_F43001002/LevelGroup_P43001_F43001002_G14.json",
      "DimensionFilter": {},
      "Name": "Anchor",
      "ID": 14
    },
    {
      "GroupGUID": "cb3c6568-8e5e-48f3-9a9a-af8cf53bda98",
      "GroupPath": "Config/LevelOutput/Group/Groups_P43001_F43001002/LevelGroup_P43001_F43001002_G16.json",
      "DimensionFilter": {},
      "Name": "EnvControl",
      "ID": 16
    }
  ],
  "DefaultEnviroProfile": "Stages/Outputs/Chapter00/EnviroProfile/Chap00_INT_TrainCarriage_01.enviroProfile.asset",
  "StageData": "Stages/Outputs/Chapter00/Stages/Chap00_INT_TrainCarriage_02_StageData/Chap00_INT_TrainCarriage_02_StageData.stage",
  "MinimapVolumeData": {},
  "TimeOfDayEnviroProfileMap": {},
  "LayerToAreaMask": [
    1
  ],
  "BattleAreaList": [],
  "DimensionList": [
    {}
  ],
  "EnableGroupStreaming": false,
  "EnableGroupSpaceConflict": false,
  "IsRestartLevelGraph": false
}