{
  "FloorID": 43002003,
  "FloorName": "FloorName_43002003",
  "StartGroupID": 1,
  "StartAnchorID": 1,
  "GroupList": [
    {
      "GroupGUID": "a6bce1a8-5e70-4d9d-80ab-2a8713dfc725",
      "GroupPath": "Config/LevelOutput/Group/Groups_P43002_F43002003/LevelGroup_P43002_F43002003_G1.json",
      "Name": "DefaultGroup",
      "ID": 1
    },
    {
      "GroupGUID": "589cdf68-7ea3-4ed3-9f1c-ac107dd12dbe",
      "GroupPath": "Config/LevelOutput/Group/Groups_P43002_F43002003/LevelGroup_P43002_F43002003_G2.json",
      "Name": "Default Group",
      "ID": 2
    },
    {
      "GroupGUID": "f5c4df9e-0eba-47bf-936c-73bed8f97768",
      "GroupPath": "Config/LevelOutput/Group/Groups_P43002_F43002003/LevelGroup_P43002_F43002003_G3.json",
      "DimensionFilter": {},
      "Name": "Sound",
      "ID": 3
    },
    {
      "GroupGUID": "ca2cdb3a-d627-4755-af78-0ca905f124d3",
      "GroupPath": "Config/LevelOutput/Group/Groups_P43002_F43002003/LevelGroup_P43002_F43002003_G4.json",
      "Name": "MainMission_RoadBlock",
      "ID": 4
    },
    {
      "GroupGUID": "917a44a8-3b3d-4aac-a781-a6d5206a099a",
      "GroupPath": "Config/LevelOutput/Group/Groups_P43002_F43002003/LevelGroup_P43002_F43002003_G5.json",
      "Name": "MainMission_RoadBlock",
      "ID": 5
    },
    {
      "GroupGUID": "efebb3c3-3a5d-4169-978b-544f24f48ceb",
      "GroupPath": "Config/LevelOutput/Group/Groups_P43002_F43002003/LevelGroup_P43002_F43002003_G6.json",
      "Name": "MainMission2000902_01",
      "ID": 6,
      "IsDelete": true
    },
    {
      "GroupGUID": "9bd31002-a4ae-4b8a-b03a-2ad29f217b81",
      "GroupPath": "Config/LevelOutput/Group/Groups_P43002_F43002003/LevelGroup_P43002_F43002003_G7.json",
      "DimensionFilter": {},
      "Name": "MainMission2000902_02",
      "ID": 7
    },
    {
      "GroupGUID": "a0a4a0fe-9faa-4684-ac07-10d22fb9580c",
      "GroupPath": "Config/LevelOutput/Group/Groups_P43002_F43002003/LevelGroup_P43002_F43002003_G8.json",
      "DimensionFilter": {},
      "Name": "MainMission2000902_03",
      "ID": 8
    },
    {
      "GroupGUID": "5a80a380-7949-49ad-9d28-c61c64a3db5c",
      "GroupPath": "Config/LevelOutput/Group/Groups_P43002_F43002003/LevelGroup_P43002_F43002003_G9.json",
      "Name": "MainMission2000902_04",
      "ID": 9
    },
    {
      "GroupGUID": "b531a7b9-49cf-49ba-ba77-ea58642fda31",
      "GroupPath": "Config/LevelOutput/Group/Groups_P43002_F43002003/LevelGroup_P43002_F43002003_G10.json",
      "Name": "MainMission2000902_02",
      "ID": 10,
      "IsDelete": true
    },
    {
      "GroupGUID": "19d7386d-a36b-407d-8f4e-9bb1f1246841",
      "GroupPath": "Config/LevelOutput/Group/Groups_P43002_F43002003/LevelGroup_P43002_F43002003_G11.json",
      "DimensionFilter": {},
      "Name": "MainMission2000902_02",
      "ID": 11
    },
    {
      "GroupGUID": "52eff3ed-e139-4163-a119-d0b1aca2c98a",
      "GroupPath": "Config/LevelOutput/Group/Groups_P43002_F43002003/LevelGroup_P43002_F43002003_G12.json",
      "DimensionFilter": {},
      "Name": "MainMission2000902_01",
      "ID": 12
    },
    {
      "GroupGUID": "19a5947a-ad6e-4680-9523-ef09df6d3094",
      "GroupPath": "Config/LevelOutput/Group/Groups_P43002_F43002003/LevelGroup_P43002_F43002003_G14.json",
      "Name": "MainMission2000902_06",
      "ID": 14
    },
    {
      "GroupGUID": "044fd09c-5a7e-4941-89b3-7bb85b9dd03e",
      "GroupPath": "Config/LevelOutput/Group/Groups_P43002_F43002003/LevelGroup_P43002_F43002003_G15.json",
      "Name": "MainMission_RoadBlock",
      "ID": 15
    },
    {
      "GroupGUID": "aea34143-b4e6-40f7-894b-50deb14d3e95",
      "GroupPath": "Config/LevelOutput/Group/Groups_P43002_F43002003/LevelGroup_P43002_F43002003_G16.json",
      "Name": "FlipBridgeController",
      "ID": 16
    },
    {
      "GroupGUID": "0d239a87-7c62-4cee-bfd0-18805e21153e",
      "GroupPath": "Config/LevelOutput/Group/Groups_P43002_F43002003/LevelGroup_P43002_F43002003_G17.json",
      "Name": "MainMission2000902_10",
      "ID": 17
    },
    {
      "GroupGUID": "42027141-1b20-4863-87c7-aa1201798035",
      "GroupPath": "Config/LevelOutput/Group/Groups_P43002_F43002003/LevelGroup_P43002_F43002003_G18.json",
      "Name": "MainMission2000902_11",
      "ID": 18
    },
    {
      "GroupGUID": "9ccbb4e7-0a2c-4a2d-9b79-7728b529b67b",
      "GroupPath": "Config/LevelOutput/Group/Groups_P43002_F43002003/LevelGroup_P43002_F43002003_G19.json",
      "Name": "MainMission2000902_12",
      "ID": 19
    },
    {
      "GroupGUID": "f3582762-8e4a-4111-b223-d3645dd659be",
      "GroupPath": "Config/LevelOutput/Group/Groups_P43002_F43002003/LevelGroup_P43002_F43002003_G20.json",
      "Name": "MainMission2000902_13",
      "ID": 20,
      "IsDelete": true
    },
    {
      "GroupGUID": "0a49cd5e-a5f8-4a4a-8d0b-a0c127eaa158",
      "GroupPath": "Config/LevelOutput/Group/Groups_P43002_F43002003/LevelGroup_P43002_F43002003_G21.json",
      "Name": "MainMission2000902_14",
      "ID": 21,
      "IsDelete": true
    },
    {
      "GroupGUID": "cbf68c08-4918-4d4d-bdbe-e394bbd9feec",
      "GroupPath": "Config/LevelOutput/Group/Groups_P43002_F43002003/LevelGroup_P43002_F43002003_G22.json",
      "Name": "MainMission2000902_12",
      "ID": 22
    },
    {
      "GroupGUID": "e664f994-63b6-45e7-ba4f-812ab82893af",
      "GroupPath": "Config/LevelOutput/Group/Groups_P43002_F43002003/LevelGroup_P43002_F43002003_G23.json",
      "DimensionFilter": {},
      "Name": "MainMission2000902_01",
      "ID": 23
    },
    {
      "GroupGUID": "a8e693de-eafa-48dd-83d4-74da9bb3b17d",
      "GroupPath": "Config/LevelOutput/Group/Groups_P43002_F43002003/LevelGroup_P43002_F43002003_G24.json",
      "DimensionFilter": {},
      "Name": "MainMission2000902_15",
      "ID": 24
    },
    {
      "GroupGUID": "4228af63-2d4a-44c8-82d0-6cf17f17b673",
      "GroupPath": "Config/LevelOutput/Group/Groups_P43002_F43002003/LevelGroup_P43002_F43002003_G26.json",
      "Name": "Door",
      "ID": 26
    },
    {
      "GroupGUID": "06c36b51-88d9-4027-a205-0379e112fe51",
      "GroupPath": "Config/LevelOutput/Group/Groups_P43002_F43002003/LevelGroup_P43002_F43002003_G28.json",
      "DimensionFilter": {},
      "Name": "MainMission2000902_16",
      "ID": 28
    },
    {
      "GroupGUID": "c8e816ad-257d-4756-98cb-76d012f2ebce",
      "GroupPath": "Config/LevelOutput/Group/Groups_P43002_F43002003/LevelGroup_P43002_F43002003_G30.json",
      "DimensionFilter": {},
      "Name": "Monster",
      "ID": 30
    },
    {
      "GroupGUID": "fe138cb3-72d4-4ccd-b55b-8d4272e11f18",
      "GroupPath": "Config/LevelOutput/Group/Groups_P43002_F43002003/LevelGroup_P43002_F43002003_G31.json",
      "DimensionFilter": {},
      "Name": "HPMP",
      "ID": 31
    },
    {
      "GroupGUID": "ff517b0a-14f5-4d8b-a2d7-1a7840ccc0b3",
      "GroupPath": "Config/LevelOutput/Group/Groups_P43002_F43002003/LevelGroup_P43002_F43002003_G32.json",
      "DimensionFilter": {},
      "Name": "Anchor",
      "ID": 32
    }
  ],
  "DefaultEnviroProfile": "Stages/Outputs/Chapter00/EnviroProfile/Chap00_CloseView_MAZ_N301_01_Day.enviroProfile.asset",
  "StageData": "Stages/Outputs/Chapter00/Stages/Chap00_MAZ_N301_MainLine_01_StageData/Chap00_MAZ_N301_MainLine_01_StageData.stage",
  "CameraType": "Maze",
  "TimeOfDayEnviroProfileMap": {},
  "LayerToAreaMask": [
    8,
    16
  ],
  "BattleAreaList": [],
  "DimensionList": [
    {}
  ],
  "NavmapConfigPath": "Config/LevelOutput/Map/MapInfo_P20003_F20003001.json",
  "EnableGroupStreaming": false,
  "EnableGroupSpaceConflict": false,
  "IsRestartLevelGraph": false
}