{
  "FloorID": 43103005,
  "FloorName": "FloorName_43103005",
  "StartGroupID": 1,
  "StartAnchorID": 1,
  "GroupList": [
    {
      "GroupGUID": "b8d9b853-555e-4b26-977d-5594dd278771",
      "GroupPath": "Config/LevelOutput/Group/Groups_P43103_F43103005/LevelGroup_P43103_F43103005_G1.json",
      "Name": "New Group",
      "ID": 1
    },
    {
      "GroupGUID": "8ba58e25-c5b1-4b82-bcbd-572240543822",
      "GroupPath": "Config/LevelOutput/Group/Groups_P43103_F43103005/LevelGroup_P43103_F43103005_G2.json",
      "Name": "DefaultGroup",
      "ID": 2
    },
    {
      "GroupGUID": "1b449973-7e65-4c3e-a7c5-9ca038ae46f5",
      "GroupPath": "Config/LevelOutput/Group/Groups_P43103_F43103005/LevelGroup_P43103_F43103005_G4.json",
      "Name": "MainMission",
      "ID": 4
    },
    {
      "GroupGUID": "ec96d2bb-dc3f-46f8-924a-a19d9768aa38",
      "GroupPath": "Config/LevelOutput/Group/Groups_P43103_F43103005/LevelGroup_P43103_F43103005_G10.json",
      "Name": "Sound",
      "ID": 10
    },
    {
      "GroupGUID": "4e7bb65b-4388-49f5-83b2-f2aae3c11ec1",
      "GroupPath": "Config/LevelOutput/Group/Groups_P43103_F43103005/LevelGroup_P43103_F43103005_G18.json",
      "Name": "MainMission1011405_",
      "ID": 18,
      "IsDelete": true
    },
    {
      "GroupGUID": "5482f78a-0e58-420b-b6c0-4437f46efa7e",
      "GroupPath": "Config/LevelOutput/Group/Groups_P43103_F43103005/LevelGroup_P43103_F43103005_G20.json",
      "Name": "SaveGroup",
      "ID": 20
    },
    {
      "GroupGUID": "2c6df202-b8be-4771-a8c1-84e262ceee0f",
      "GroupPath": "Config/LevelOutput/Group/Groups_P43103_F43103005/LevelGroup_P43103_F43103005_G3.json",
      "Name": "MainMission8014108_Mission",
      "ID": 3
    }
  ],
  "DefaultEnviroProfile": "Stages/Outputs/Chapter01/EnviroProfile/Chap01_CloseView_ADV_Area_M303_01_Foggy.enviroProfile.asset",
  "StageData": "Stages/Outputs/Chapter01/Stages/Chap01_MAZ_M303_MainLine_01_StageData/Chap01_MAZ_M303_MainLine_01_StageData.stage",
  "CameraType": "Maze",
  "MinimapVolumeData": {
    "Center": {
      "X": -81.7,
      "Y": 0,
      "Z": 2.19
    },
    "Size": {
      "X": 300,
      "Y": 300,
      "Z": 300
    },
    "SectionVertices": [
      {
        "X": -84,
        "Y": -48.33334
      },
      {
        "X": -51.33333,
        "Y": -41.66667
      },
      {
        "X": -60,
        "Y": -22.33334
      },
      {
        "X": -60,
        "Y": -7.999992
      },
      {
        "X": -26,
        "Y": -7.999992
      },
      {
        "X": -20,
        "Y": -55
      },
      {
        "X": -45,
        "Y": -73
      },
      {
        "X": -88.00001,
        "Y": -67.00001
      },
      {
        "X": -88.00001,
        "Y": -60.33334
      },
      {
        "X": -39,
        "Y": 46.99999
      },
      {
        "X": -3.333333,
        "Y": 59.66667
      },
      {
        "X": 4.333341,
        "Y": 33.66666
      },
      {
        "X": -15,
        "Y": 23
      },
      {
        "X": -22.66667,
        "Y": 10.99999
      },
      {
        "X": 48.00001,
        "Y": 62.00001
      },
      {
        "X": 75,
        "Y": 37.66666
      },
      {
        "X": 75,
        "Y": 10.99999
      },
      {
        "X": 32,
        "Y": 10.99999
      },
      {
        "X": 12.33333,
        "Y": 29.66666
      },
      {
        "X": 83.99999,
        "Y": 7.333338
      },
      {
        "X": 83.99999,
        "Y": -36.66667
      },
      {
        "X": 75,
        "Y": -50.66666
      },
      {
        "X": 26.66666,
        "Y": -48.33334
      },
      {
        "X": 26.66666,
        "Y": 3.666669
      },
      {
        "X": 26.66666,
        "Y": 1.333344
      }
    ],
    "Atlas": "UI/Atlas/AtlasFiles/Minimap/Minimap_20133001.spriteatlas",
    "Sections": [
      {
        "MapLayerID": 1,
        "Sprite": "UI/Atlas/AtlasRoot/Minimap/Minimap_20133001/MinimapSection_20133001_0.png",
        "Indices": [
          0,
          1,
          2,
          3,
          4,
          5,
          6,
          7,
          8
        ],
        "UIPosition": {
          "X": 185,
          "Y": 230
        },
        "InitialHidden": false,
        "Center": {
          "X": -150,
          "Y": 150
        },
        "Triangles": [
          {
            "X": 0.433333,
            "Y": 0.316667
          },
          {
            "X": 0.413333,
            "Y": 0.473333
          },
          {
            "X": 0.3,
            "Y": 0.473333
          },
          {
            "X": 0.206667,
            "Y": 0.276667
          },
          {
            "X": 0.35,
            "Y": 0.256667
          },
          {
            "X": 0.433333,
            "Y": 0.316667
          },
          {
            "X": 0.328889,
            "Y": 0.361111
          },
          {
            "X": 0.22,
            "Y": 0.338889
          },
          {
            "X": 0.206667,
            "Y": 0.298889
          },
          {
            "X": 0.433333,
            "Y": 0.316667
          },
          {
            "X": 0.3,
            "Y": 0.473333
          },
          {
            "X": 0.3,
            "Y": 0.425556
          },
          {
            "X": 0.433333,
            "Y": 0.316667
          },
          {
            "X": 0.3,
            "Y": 0.425556
          },
          {
            "X": 0.328889,
            "Y": 0.361111
          },
          {
            "X": 0.206667,
            "Y": 0.276667
          },
          {
            "X": 0.433333,
            "Y": 0.316667
          },
          {
            "X": 0.328889,
            "Y": 0.361111
          },
          {
            "X": 0.328889,
            "Y": 0.361111
          },
          {
            "X": 0.206667,
            "Y": 0.298889
          },
          {
            "X": 0.206667,
            "Y": 0.276667
          }
        ],
        "Pivot": {
          "X": 0,
          "Y": 1
        }
      },
      {
        "ID": 1,
        "MapLayerID": 1,
        "Sprite": "UI/Atlas/AtlasRoot/Minimap/Minimap_20133001/MinimapSection_20133001_1.png",
        "Indices": [
          3,
          9,
          10,
          11,
          12,
          13,
          4
        ],
        "UIPosition": {
          "X": 269,
          "Y": 425
        },
        "Triangles": [
          {
            "X": 0.514445,
            "Y": 0.612222
          },
          {
            "X": 0.488889,
            "Y": 0.698889
          },
          {
            "X": 0.37,
            "Y": 0.656667
          },
          {
            "X": 0.37,
            "Y": 0.656667
          },
          {
            "X": 0.3,
            "Y": 0.473333
          },
          {
            "X": 0.413333,
            "Y": 0.473333
          },
          {
            "X": 0.45,
            "Y": 0.576667
          },
          {
            "X": 0.514445,
            "Y": 0.612222
          },
          {
            "X": 0.37,
            "Y": 0.656667
          },
          {
            "X": 0.424444,
            "Y": 0.536667
          },
          {
            "X": 0.45,
            "Y": 0.576667
          },
          {
            "X": 0.37,
            "Y": 0.656667
          },
          {
            "X": 0.37,
            "Y": 0.656667
          },
          {
            "X": 0.413333,
            "Y": 0.473333
          },
          {
            "X": 0.424444,
            "Y": 0.536667
          }
        ]
      },
      {
        "ID": 2,
        "MapLayerID": 1,
        "Sprite": "UI/Atlas/AtlasRoot/Minimap/Minimap_20133001/MinimapSection_20133001_2.png",
        "Indices": [
          10,
          14,
          15,
          16,
          17,
          18,
          11
        ],
        "UIPosition": {
          "X": 439,
          "Y": 482
        },
        "Triangles": [
          {
            "X": 0.606667,
            "Y": 0.536667
          },
          {
            "X": 0.75,
            "Y": 0.536667
          },
          {
            "X": 0.75,
            "Y": 0.625556
          },
          {
            "X": 0.606667,
            "Y": 0.536667
          },
          {
            "X": 0.75,
            "Y": 0.625556
          },
          {
            "X": 0.66,
            "Y": 0.706667
          },
          {
            "X": 0.606667,
            "Y": 0.536667
          },
          {
            "X": 0.66,
            "Y": 0.706667
          },
          {
            "X": 0.488889,
            "Y": 0.698889
          },
          {
            "X": 0.488889,
            "Y": 0.698889
          },
          {
            "X": 0.514445,
            "Y": 0.612222
          },
          {
            "X": 0.541111,
            "Y": 0.598889
          },
          {
            "X": 0.488889,
            "Y": 0.698889
          },
          {
            "X": 0.541111,
            "Y": 0.598889
          },
          {
            "X": 0.606667,
            "Y": 0.536667
          }
        ]
      },
      {
        "ID": 3,
        "MapLayerID": 1,
        "Sprite": "UI/Atlas/AtlasRoot/Minimap/Minimap_20133001/MinimapSection_20133001_3.png",
        "Indices": [
          16,
          19,
          20,
          21,
          22,
          23,
          17
        ],
        "UIPosition": {
          "X": 529,
          "Y": 297
        },
        "Triangles": [
          {
            "X": 0.588889,
            "Y": 0.512222
          },
          {
            "X": 0.588889,
            "Y": 0.338889
          },
          {
            "X": 0.75,
            "Y": 0.331111
          },
          {
            "X": 0.588889,
            "Y": 0.512222
          },
          {
            "X": 0.75,
            "Y": 0.331111
          },
          {
            "X": 0.78,
            "Y": 0.377778
          },
          {
            "X": 0.588889,
            "Y": 0.512222
          },
          {
            "X": 0.78,
            "Y": 0.377778
          },
          {
            "X": 0.78,
            "Y": 0.524445
          },
          {
            "X": 0.75,
            "Y": 0.536667
          },
          {
            "X": 0.606667,
            "Y": 0.536667
          },
          {
            "X": 0.588889,
            "Y": 0.512222
          },
          {
            "X": 0.75,
            "Y": 0.536667
          },
          {
            "X": 0.588889,
            "Y": 0.512222
          },
          {
            "X": 0.78,
            "Y": 0.524445
          }
        ]
      }
    ],
    "BackgroundMapSprite": "SpriteOutput/MapPics/Minimap/Minimap_Chap01_MAZ_M303_Background.png",
    "RoadMapSpriteDict": {
      "1": "SpriteOutput/MapPics/Minimap/Minimap_Chap01_MAZ_M303_Road.png"
    },
    "ItemSpriteDict": {}
  },
  "TimeOfDayEnviroProfileMap": {},
  "LayerToAreaMask": [
    1
  ],
  "IsRestartLevelGraph": false
}