{
  "FloorID": 43101001,
  "FloorName": "FloorName_43101001",
  "StartGroupID": 1,
  "StartAnchorID": 1,
  "GroupList": [
    {
      "GroupGUID": "ca99e897-d17b-4169-a717-025bead2eafd",
      "GroupPath": "Config/LevelOutput/Group/Groups_P43101_F43101001/LevelGroup_P43101_F43101001_G1.json",
      "Name": "DefaultGroup",
      "ID": 1
    },
    {
      "GroupGUID": "b3927b95-e23c-463d-8ab5-eeca0572ed0d",
      "GroupPath": "Config/LevelOutput/Group/Groups_P43101_F43101001/LevelGroup_P43101_F43101001_G2.json",
      "Name": "DefaultData",
      "ID": 2
    },
    {
      "GroupGUID": "5f222e79-588c-449c-8d1b-6163ea4bf749",
      "GroupPath": "Config/LevelOutput/Group/Groups_P43101_F43101001/LevelGroup_P43101_F43101001_G3.json",
      "Name": "Sound",
      "ID": 3
    },
    {
      "GroupGUID": "db17055a-9f71-4a12-8278-fd239df372db",
      "GroupPath": "Config/LevelOutput/Group/Groups_P43101_F43101001/LevelGroup_P43101_F43101001_G4.json",
      "Name": "MainMission2010202_02_03",
      "ID": 4
    },
    {
      "GroupGUID": "94fce375-cd6d-4deb-91db-25b82c9fa097",
      "GroupPath": "Config/LevelOutput/Group/Groups_P43101_F43101001/LevelGroup_P43101_F43101001_G5.json",
      "Name": "MainMission2010202_04",
      "ID": 5
    },
    {
      "GroupGUID": "f9675a37-7c79-4a35-b650-306d9105b960",
      "GroupPath": "Config/LevelOutput/Group/Groups_P43101_F43101001/LevelGroup_P43101_F43101001_G6.json",
      "Name": "MainMission2010202_05",
      "ID": 6
    },
    {
      "GroupGUID": "3d3b21ff-bf35-4c6e-9c59-b982a1554795",
      "GroupPath": "Config/LevelOutput/Group/Groups_P43101_F43101001/LevelGroup_P43101_F43101001_G7.json",
      "Name": "MainMission2010202_06",
      "ID": 7
    },
    {
      "GroupGUID": "fbb15360-ff0d-4464-85ca-8ce750b93df9",
      "GroupPath": "Config/LevelOutput/Group/Groups_P43101_F43101001/LevelGroup_P43101_F43101001_G8.json",
      "Name": "MainMission2010202_07",
      "ID": 8
    },
    {
      "GroupGUID": "e27f83e4-ebc3-42e3-9656-1b73700890c4",
      "GroupPath": "Config/LevelOutput/Group/Groups_P43101_F43101001/LevelGroup_P43101_F43101001_G9.json",
      "Name": "MainMission2010202_08_09",
      "ID": 9
    },
    {
      "GroupGUID": "c07c812b-7ef9-463a-ad3a-f8518b25d1c5",
      "GroupPath": "Config/LevelOutput/Group/Groups_P43101_F43101001/LevelGroup_P43101_F43101001_G10.json",
      "Name": "DefaultMonster",
      "ID": 10
    },
    {
      "GroupGUID": "0cf9ec73-382d-4ba9-bd10-cccb45711cc9",
      "GroupPath": "Config/LevelOutput/Group/Groups_P43101_F43101001/LevelGroup_P43101_F43101001_G11.json",
      "Name": "MainMission2010202_04",
      "ID": 11
    },
    {
      "GroupGUID": "4f300ae6-08cd-42aa-a9fc-cc7b366568d3",
      "GroupPath": "Config/LevelOutput/Group/Groups_P43101_F43101001/LevelGroup_P43101_F43101001_G12.json",
      "Name": "MainMission2010202_05",
      "ID": 12
    },
    {
      "GroupGUID": "f7520faf-b134-4091-94e4-18d7220da8d2",
      "GroupPath": "Config/LevelOutput/Group/Groups_P43101_F43101001/LevelGroup_P43101_F43101001_G14.json",
      "Name": "New Group",
      "ID": 14
    }
  ],
  "DefaultEnviroProfile": "Stages/Outputs/Chapter01/EnviroProfile/Chap01_CloseView_ADV_Area_M201_01_Night.enviroProfile.asset",
  "StageData": "Stages/Outputs/Chapter01/Stages/Chap01_MAZ_M201_MainLine_01_StageData/Chap01_MAZ_M201_MainLine_01_StageData.stage",
  "CameraType": "Maze",
  "TimeOfDayEnviroProfileMap": {},
  "LayerToAreaMask": [
    1
  ],
  "NavmapConfigPath": "Config/LevelOutput/Map/MapInfo_P20121_F20121001.json",
  "EnableGroupStreaming": false,
  "EnableGroupSpaceConflict": false,
  "IsRestartLevelGraph": false
}