{
  "FloorID": 43102002,
  "FloorName": "FloorName_43102002",
  "StartGroupID": 1,
  "StartAnchorID": 1,
  "GroupList": [
    {
      "GroupGUID": "8fbb4110-99d7-48b0-8563-380c93041476",
      "GroupPath": "Config/LevelOutput/Group/Groups_P43102_F43102002/LevelGroup_P43102_F43102002_G1.json",
      "Name": "DefaultGroup",
      "ID": 1
    },
    {
      "GroupGUID": "29a3fc82-5071-40c4-8489-0e637a27a489",
      "GroupPath": "Config/LevelOutput/Group/Groups_P43102_F43102002/LevelGroup_P43102_F43102002_G2.json",
      "Name": "Sound_01",
      "ID": 2
    },
    {
      "GroupGUID": "a7444556-d608-4add-a9dd-bc9e26361e8b",
      "GroupPath": "Config/LevelOutput/Group/Groups_P43102_F43102002/LevelGroup_P43102_F43102002_G3.json",
      "Name": "New Group",
      "ID": 3
    }
  ],
  "DefaultEnviroProfile": "Stages/Outputs/Chapter01/EnviroProfile/Chap01_CloseView_ADV_Area_M305_01_Night.enviroProfile.asset",
  "StageData": "Stages/Outputs/Chapter01/Stages/Chap01_MAZ_M305_MainLine_01_StageData/Chap01_MAZ_M305_MainLine_01_StageData.stage",
  "CameraType": "Maze",
  "TimeOfDayEnviroProfileMap": {
    "2": "Stages/Outputs/Chapter01/EnviroProfile/Chap01_CloseView_ADV_Area_Square_01_Night.enviroProfile.asset"
  },
  "LayerToAreaMask": [
    16,
    8
  ],
  "NavmapConfigPath": "Config/LevelOutput/Map/MapInfo_P20136_F20136001.json",
  "EnableGroupStreaming": false,
  "EnableGroupSpaceConflict": false,
  "IsRestartLevelGraph": false
}