{
  "FloorID": 43101002,
  "FloorName": "FloorName_43101002",
  "StartGroupID": 1,
  "StartAnchorID": 1,
  "GroupList": [
    {
      "GroupGUID": "2d8f9486-50e5-4376-b97d-805a4b65cbf1",
      "GroupPath": "Config/LevelOutput/Group/Groups_P43101_F43101002/LevelGroup_P43101_F43101002_G1.json",
      "Name": "DefaultGroup",
      "ID": 1
    },
    {
      "GroupGUID": "786801aa-0404-49ef-9f09-884110f52ab1",
      "GroupPath": "Config/LevelOutput/Group/Groups_P43101_F43101002/LevelGroup_P43101_F43101002_G2.json",
      "Name": "PlayerStart",
      "ID": 2
    },
    {
      "GroupGUID": "8435c19f-b66c-4a17-a7b4-eaa97bfedc92",
      "GroupPath": "Config/LevelOutput/Group/Groups_P43101_F43101002/LevelGroup_P43101_F43101002_G3.json",
      "Name": "Sound",
      "ID": 3
    },
    {
      "GroupGUID": "2402264f-0850-4d5e-90b4-be46010bc58f",
      "GroupPath": "Config/LevelOutput/Group/Groups_P43101_F43101002/LevelGroup_P43101_F43101002_G4.json",
      "Name": "MainMission2010202_01",
      "ID": 4
    }
  ],
  "DefaultEnviroProfile": "Stages/Outputs/Chapter01/EnviroProfile/Chap01_CloseView_ADV_Area_M203_01_Night.enviroProfile.asset",
  "StageData": "Stages/Outputs/Chapter01/Stages/Chap01_MAZ_M203_MainLine_01_StageData/Chap01_MAZ_M203_MainLine_01_StageData.stage",
  "CameraType": "Maze",
  "TimeOfDayEnviroProfileMap": {},
  "LayerToAreaMask": [
    16,
    8
  ],
  "NavmapConfigPath": "Config/LevelOutput/Map/MapInfo_P20123_F20123001.json",
  "EnableGroupStreaming": false,
  "EnableGroupSpaceConflict": false,
  "IsRestartLevelGraph": false
}