{
  "FloorID": 43102001,
  "FloorName": "FloorName_43102001",
  "StartGroupID": 1,
  "StartAnchorID": 1,
  "GroupList": [
    {
      "GroupGUID": "6f4e5ebc-dddc-47d1-b8df-770215def91f",
      "GroupPath": "Config/LevelOutput/Group/Groups_P43102_F43102001/LevelGroup_P43102_F43102001_G1.json",
      "Name": "DefaultGroup",
      "ID": 1
    },
    {
      "GroupGUID": "25088674-7da2-4e0f-8e07-97a452cc85f2",
      "GroupPath": "Config/LevelOutput/Group/Groups_P43102_F43102001/LevelGroup_P43102_F43102001_G2.json",
      "Name": "DefaultData",
      "ID": 2
    },
    {
      "GroupGUID": "4cb521a3-00c2-4674-8970-29854de06072",
      "GroupPath": "Config/LevelOutput/Group/Groups_P43102_F43102001/LevelGroup_P43102_F43102001_G3.json",
      "Name": "Sound",
      "ID": 3
    },
    {
      "GroupGUID": "7663e23e-b5f8-49da-9024-21f75ede7217",
      "GroupPath": "Config/LevelOutput/Group/Groups_P43102_F43102001/LevelGroup_P43102_F43102001_G4.json",
      "Name": "MainMission2010204_03",
      "ID": 4
    },
    {
      "GroupGUID": "cc57e520-7a20-45d0-a2d0-0519ad1057fb",
      "GroupPath": "Config/LevelOutput/Group/Groups_P43102_F43102001/LevelGroup_P43102_F43102001_G5.json",
      "Name": "MainMission2010204_05",
      "ID": 5
    },
    {
      "GroupGUID": "14951c19-3eb0-4d0e-a127-f533a56fc8ee",
      "GroupPath": "Config/LevelOutput/Group/Groups_P43102_F43102001/LevelGroup_P43102_F43102001_G6.json",
      "Name": "MainMission2010204_06",
      "ID": 6
    },
    {
      "GroupGUID": "23f1b3e8-0903-4531-a332-6df1f7dd6357",
      "GroupPath": "Config/LevelOutput/Group/Groups_P43102_F43102001/LevelGroup_P43102_F43102001_G7.json",
      "Name": "MainMission2010204_08",
      "ID": 7
    },
    {
      "GroupGUID": "c811c9ff-fb49-4284-a01d-e4eb6b879cf3",
      "GroupPath": "Config/LevelOutput/Group/Groups_P43102_F43102001/LevelGroup_P43102_F43102001_G8.json",
      "Name": "MainMission2010204_09",
      "ID": 8
    },
    {
      "GroupGUID": "db4b3e5e-84b9-4c63-bfb2-c353be4c6bb2",
      "GroupPath": "Config/LevelOutput/Group/Groups_P43102_F43102001/LevelGroup_P43102_F43102001_G9.json",
      "Name": "MainMission2010204_10",
      "ID": 9
    },
    {
      "GroupGUID": "626ff0f5-c5c7-4f93-89e8-6b88a8cbca26",
      "GroupPath": "Config/LevelOutput/Group/Groups_P43102_F43102001/LevelGroup_P43102_F43102001_G10.json",
      "Name": "MainMission2010204_10",
      "ID": 10
    },
    {
      "GroupGUID": "5f789784-ff9f-4b83-a824-2678a15b3fc1",
      "GroupPath": "Config/LevelOutput/Group/Groups_P43102_F43102001/LevelGroup_P43102_F43102001_G11.json",
      "Name": "MainMission0_Monster",
      "ID": 11
    },
    {
      "GroupGUID": "90acf29a-62c1-4ce0-acad-04436c8a7f3a",
      "GroupPath": "Config/LevelOutput/Group/Groups_P43102_F43102001/LevelGroup_P43102_F43102001_G12.json",
      "Name": "MainMission0_Bomb",
      "ID": 12
    },
    {
      "GroupGUID": "5fda6f40-e6ca-4d07-89cb-334b0a2b9186",
      "GroupPath": "Config/LevelOutput/Group/Groups_P43102_F43102001/LevelGroup_P43102_F43102001_G13.json",
      "Name": "MainMission1_Bomb",
      "ID": 13
    },
    {
      "GroupGUID": "6a02c869-cb95-4342-8d69-7d6db97869ec",
      "GroupPath": "Config/LevelOutput/Group/Groups_P43102_F43102001/LevelGroup_P43102_F43102001_G14.json",
      "Name": "MainMission2010204_Game01",
      "ID": 14
    },
    {
      "GroupGUID": "2651b970-8ce9-4131-a8e0-113c3eab2fdb",
      "GroupPath": "Config/LevelOutput/Group/Groups_P43102_F43102001/LevelGroup_P43102_F43102001_G15.json",
      "Name": "MainMission2010204_",
      "ID": 15
    },
    {
      "GroupGUID": "b4a77986-23fe-4743-afe8-d2c30b6bc3e8",
      "GroupPath": "Config/LevelOutput/Group/Groups_P43102_F43102001/LevelGroup_P43102_F43102001_G16.json",
      "Name": "New Group",
      "ID": 16
    },
    {
      "GroupGUID": "dece837c-7acb-4e1a-b934-81b7caf20b71",
      "GroupPath": "Config/LevelOutput/Group/Groups_P43102_F43102001/LevelGroup_P43102_F43102001_G17.json",
      "Name": "MainMission2010204_04",
      "ID": 17
    },
    {
      "GroupGUID": "ea9f5a05-93e9-4fcf-8242-c9c016a59aa0",
      "GroupPath": "Config/LevelOutput/Group/Groups_P43102_F43102001/LevelGroup_P43102_F43102001_G18.json",
      "Name": "MainMission2010204_07",
      "ID": 18
    },
    {
      "GroupGUID": "13f1d5f1-530a-427a-bbd8-192f7e2459b6",
      "GroupPath": "Config/LevelOutput/Group/Groups_P43102_F43102001/LevelGroup_P43102_F43102001_G19.json",
      "Name": "New Group",
      "ID": 19
    },
    {
      "GroupGUID": "3e64a1cd-4a3a-4739-982e-5874045e86c0",
      "GroupPath": "Config/LevelOutput/Group/Groups_P43102_F43102001/LevelGroup_P43102_F43102001_G20.json",
      "Name": "New Group",
      "ID": 20
    },
    {
      "GroupGUID": "ac61fd31-894b-42c8-b67f-caa726bfd026",
      "GroupPath": "Config/LevelOutput/Group/Groups_P43102_F43102001/LevelGroup_P43102_F43102001_G21.json",
      "Name": "New Group",
      "ID": 21
    },
    {
      "GroupGUID": "ae792e14-b305-49d0-877c-43d9d6d4fd10",
      "GroupPath": "Config/LevelOutput/Group/Groups_P43102_F43102001/LevelGroup_P43102_F43102001_G22.json",
      "Name": "Public_Props",
      "ID": 22
    },
    {
      "GroupGUID": "e306f8c4-05c4-4d1c-9e04-138e0595485a",
      "GroupPath": "Config/LevelOutput/Group/Groups_P43102_F43102001/LevelGroup_P43102_F43102001_G23.json",
      "Name": "ExitGroup",
      "ID": 23
    }
  ],
  "DefaultEnviroProfile": "Stages/Outputs/Chapter01/EnviroProfile/Chap01_CloseView_ADV_Area_M202_01_Night.enviroProfile.asset",
  "StageData": "Stages/Outputs/Chapter01/Stages/Chap01_MAZ_M202_MainLine_01_StageData/Chap01_MAZ_M202_MainLine_01_StageData.stage",
  "CameraType": "Maze",
  "TimeOfDayEnviroProfileMap": {},
  "LayerToAreaMask": [
    8,
    16
  ],
  "BattleAreaList": [],
  "DimensionList": [
    {}
  ],
  "NavmapConfigPath": "Config/LevelOutput/Map/MapInfo_P20122_F20122001.json",
  "EnableGroupStreaming": false,
  "EnableGroupSpaceConflict": false,
  "IsRestartLevelGraph": false
}