{
  "FloorID": 43103004,
  "FloorName": "FloorName_43103004",
  "StartGroupID": 1,
  "StartAnchorID": 1,
  "GroupList": [
    {
      "GroupGUID": "a4f5db1d-41f1-4204-ac07-d26bd1f0a8b1",
      "GroupPath": "Config/LevelOutput/Group/Groups_P43103_F43103004/LevelGroup_P43103_F43103004_G1.json",
      "Name": "DefaultGroup",
      "ID": 1
    },
    {
      "GroupGUID": "db26ec55-509c-42b3-b096-c6aed923c659",
      "GroupPath": "Config/LevelOutput/Group/Groups_P43103_F43103004/LevelGroup_P43103_F43103004_G2.json",
      "Name": "DefaultData",
      "ID": 2
    },
    {
      "GroupGUID": "72021fa4-7f26-411d-9f86-dd99d70fce76",
      "GroupPath": "Config/LevelOutput/Group/Groups_P43103_F43103004/LevelGroup_P43103_F43103004_G3.json",
      "Name": "Sound",
      "ID": 3
    },
    {
      "GroupGUID": "d87225f4-a270-4e67-a038-9b6325925c32",
      "GroupPath": "Config/LevelOutput/Group/Groups_P43103_F43103004/LevelGroup_P43103_F43103004_G4.json",
      "Name": "DefaultProp",
      "ID": 4
    },
    {
      "GroupGUID": "1dcd1675-a05c-4d0b-b67a-ba177691c0fb",
      "GroupPath": "Config/LevelOutput/Group/Groups_P43103_F43103004/LevelGroup_P43103_F43103004_G5.json",
      "Name": "MainMission0_Monster",
      "ID": 5
    },
    {
      "GroupGUID": "9f8245fa-aaa5-40cb-a874-f208307c3a29",
      "GroupPath": "Config/LevelOutput/Group/Groups_P43103_F43103004/LevelGroup_P43103_F43103004_G6.json",
      "Name": "New Group",
      "ID": 6
    },
    {
      "GroupGUID": "60934711-d546-44b7-9f13-5c656f61f84d",
      "GroupPath": "Config/LevelOutput/Group/Groups_P43103_F43103004/LevelGroup_P43103_F43103004_G7.json",
      "Name": "New Group",
      "ID": 7
    },
    {
      "GroupGUID": "8ad5c10b-15a4-4497-b06f-f9fc21d08aca",
      "GroupPath": "Config/LevelOutput/Group/Groups_P43103_F43103004/LevelGroup_P43103_F43103004_G8.json",
      "Name": "MonsterGroup",
      "ID": 8
    },
    {
      "GroupGUID": "314b7427-dd61-443b-ba07-0916041afb8f",
      "GroupPath": "Config/LevelOutput/Group/Groups_P43103_F43103004/LevelGroup_P43103_F43103004_G9.json",
      "Name": "ChestGroup",
      "ID": 9
    },
    {
      "GroupGUID": "0b78bb8c-fbbb-4542-8438-8151a3a47048",
      "GroupPath": "Config/LevelOutput/Group/Groups_P43103_F43103004/LevelGroup_P43103_F43103004_G10.json",
      "Name": "MainMission8014105_BoomRobot_1",
      "ID": 10
    },
    {
      "GroupGUID": "ea763923-cf54-4d11-99ba-219cee6e2858",
      "GroupPath": "Config/LevelOutput/Group/Groups_P43103_F43103004/LevelGroup_P43103_F43103004_G11.json",
      "Name": "MainMission8014105_BoomRobot_2",
      "ID": 11
    },
    {
      "GroupGUID": "b84ea6a5-f702-499e-998e-c7d52aacf233",
      "GroupPath": "Config/LevelOutput/Group/Groups_P43103_F43103004/LevelGroup_P43103_F43103004_G20.json",
      "Name": "MainMission8014105_BoomRobot_3",
      "ID": 20
    },
    {
      "GroupGUID": "7f5e171f-b50b-4d08-a8ba-18a6a123f546",
      "GroupPath": "Config/LevelOutput/Group/Groups_P43103_F43103004/LevelGroup_P43103_F43103004_G15.json",
      "Name": "MainMission8014105_BoomRobot_4",
      "ID": 15
    },
    {
      "GroupGUID": "55972dd7-563f-41f5-a77e-357e20528f86",
      "GroupPath": "Config/LevelOutput/Group/Groups_P43103_F43103004/LevelGroup_P43103_F43103004_G13.json",
      "Name": "MainMission8014105_Mission",
      "ID": 13
    },
    {
      "GroupGUID": "318d722c-07f0-4877-9e1f-694b7e311433",
      "GroupPath": "Config/LevelOutput/Group/Groups_P43103_F43103004/LevelGroup_P43103_F43103004_G14.json",
      "Name": "MainMission8014105_NPCMonster",
      "ID": 14
    },
    {
      "GroupGUID": "f20ff21c-3d5e-4c37-8777-bd9ead7a297f",
      "GroupPath": "Config/LevelOutput/Group/Groups_P43103_F43103004/LevelGroup_P43103_F43103004_G26.json",
      "Name": "New Group",
      "ID": 26
    },
    {
      "GroupGUID": "71f219e6-549b-403a-89d6-aec299504340",
      "GroupPath": "Config/LevelOutput/Group/Groups_P43103_F43103004/LevelGroup_P43103_F43103004_G27.json",
      "Name": "New Group",
      "ID": 27
    },
    {
      "GroupGUID": "e9399956-99b7-492a-9106-2168e7c926c5",
      "GroupPath": "Config/LevelOutput/Group/Groups_P43103_F43103004/LevelGroup_P43103_F43103004_G28.json",
      "Name": "StageGroup",
      "ID": 28
    },
    {
      "GroupGUID": "43db5d82-b25b-45f4-9bac-4dd5d55f8227",
      "GroupPath": "Config/LevelOutput/Group/Groups_P43103_F43103004/LevelGroup_P43103_F43103004_G29.json",
      "Name": "New Group",
      "ID": 29
    },
    {
      "GroupGUID": "66cfc947-9fa6-4ae3-91c4-e1a43bcb8c08",
      "GroupPath": "Config/LevelOutput/Group/Groups_P43103_F43103004/LevelGroup_P43103_F43103004_G32.json",
      "Name": "Sound",
      "ID": 32
    }
  ],
  "DefaultEnviroProfile": "Stages/Outputs/Chapter01/EnviroProfile/Chap01_CloseView_ADV_Area_M201_01_Night.enviroProfile.asset",
  "StageData": "Stages/Outputs/Chapter01/Stages/Chap01_MAZ_M201_MainLine_01_StageData/Chap01_MAZ_M201_MainLine_01_StageData.stage",
  "CameraType": "Maze",
  "TimeOfDayEnviroProfileMap": {},
  "LayerToAreaMask": [
    1
  ],
  "FloorCustomData": {
    "CustomValues": [
      {
        "$type": "RPG.GameCore.FloorCustomFloatConfig",
        "ID": 10001,
        "Name": "Robot_Win"
      }
    ]
  },
  "BattleAreaList": [],
  "DimensionList": [
    {}
  ],
  "NavmapConfigPath": "Config/LevelOutput/Map/MapInfo_P20121_F20121001.json",
  "EnableGroupStreaming": false,
  "EnableGroupSpaceConflict": false,
  "IsRestartLevelGraph": false
}