{
  "FloorID": 43103001,
  "FloorName": "FloorName_43103001",
  "StartGroupID": 1,
  "StartAnchorID": 1,
  "GroupList": [
    {
      "GroupGUID": "6f1ac628-6d24-4fcb-9676-70e9b39c99c7",
      "GroupPath": "Config/LevelOutput/Group/Groups_P43103_F43103001/LevelGroup_P43103_F43103001_G1.json",
      "Name": "DefaultGroup",
      "ID": 1
    },
    {
      "GroupGUID": "21f39776-73cb-4a6b-9349-575c21802080",
      "GroupPath": "Config/LevelOutput/Group/Groups_P43103_F43103001/LevelGroup_P43103_F43103001_G2.json",
      "Name": "DefaultData",
      "ID": 2
    },
    {
      "GroupGUID": "b65604f2-8195-432b-a0bf-6a58112e2d41",
      "GroupPath": "Config/LevelOutput/Group/Groups_P43103_F43103001/LevelGroup_P43103_F43103001_G3.json",
      "Name": "Sound",
      "ID": 3
    },
    {
      "GroupGUID": "f3c5e5aa-0192-452b-a024-fecda05290b5",
      "GroupPath": "Config/LevelOutput/Group/Groups_P43103_F43103001/LevelGroup_P43103_F43103001_G4.json",
      "Name": "MainMission_Prop",
      "ID": 4
    },
    {
      "GroupGUID": "af871a68-9ad3-4300-ad02-5cba2aa39679",
      "GroupPath": "Config/LevelOutput/Group/Groups_P43103_F43103001/LevelGroup_P43103_F43103001_G5.json",
      "Name": "NPC_avatar_test",
      "ID": 5
    },
    {
      "GroupGUID": "c5d59269-0996-4630-963b-fc24b1cef141",
      "GroupPath": "Config/LevelOutput/Group/Groups_P43103_F43103001/LevelGroup_P43103_F43103001_G6.json",
      "Name": "MissionPropGroup",
      "ID": 6
    },
    {
      "GroupGUID": "2962378e-0797-4905-a0ac-c24d8be3c274",
      "GroupPath": "Config/LevelOutput/Group/Groups_P43103_F43103001/LevelGroup_P43103_F43103001_G8.json",
      "Name": "MonsterGroup",
      "ID": 8
    },
    {
      "GroupGUID": "15b54393-2fb8-4ac5-98cc-c81d03042b65",
      "GroupPath": "Config/LevelOutput/Group/Groups_P43103_F43103001/LevelGroup_P43103_F43103001_G9.json",
      "Name": "New Group",
      "ID": 9
    },
    {
      "GroupGUID": "fbeb47f5-fcc6-4b7f-a27d-bf4729088678",
      "GroupPath": "Config/LevelOutput/Group/Groups_P43103_F43103001/LevelGroup_P43103_F43103001_G10.json",
      "Name": "New Group",
      "ID": 10
    },
    {
      "GroupGUID": "e459b5a4-eec8-42bf-8506-ffa6c673e896",
      "GroupPath": "Config/LevelOutput/Group/Groups_P43103_F43103001/LevelGroup_P43103_F43103001_G13.json",
      "Name": "MainMission8014102_Mission",
      "ID": 13
    },
    {
      "GroupGUID": "aa8d518a-eb0b-4716-875b-599ef3e6b164",
      "GroupPath": "Config/LevelOutput/Group/Groups_P43103_F43103001/LevelGroup_P43103_F43103001_G14.json",
      "Name": "NPC",
      "ID": 14
    },
    {
      "GroupGUID": "03ad4e07-f5f1-463d-8bfb-17698d18a07d",
      "GroupPath": "Config/LevelOutput/Group/Groups_P43103_F43103001/LevelGroup_P43103_F43103001_G15.json",
      "Name": "New Group",
      "ID": 15
    },
    {
      "GroupGUID": "53ffb9c8-50f6-4435-a8ef-934a83bfefdb",
      "GroupPath": "Config/LevelOutput/Group/Groups_P43103_F43103001/LevelGroup_P43103_F43103001_G17.json",
      "Name": "BoxMan",
      "ID": 17
    },
    {
      "GroupGUID": "2bbf7c3b-224f-4a3f-afff-f203c3f1af12",
      "GroupPath": "Config/LevelOutput/Group/Groups_P43103_F43103001/LevelGroup_P43103_F43103001_G18.json",
      "Name": "BoxMan",
      "ID": 18
    },
    {
      "GroupGUID": "07d0c4f4-fdf2-4e5d-b11a-4d33147d89b3",
      "GroupPath": "Config/LevelOutput/Group/Groups_P43103_F43103001/LevelGroup_P43103_F43103001_G19.json",
      "Name": "BoxMan",
      "ID": 19
    },
    {
      "GroupGUID": "7de0fa41-7fda-4588-9f23-e24d6df56979",
      "GroupPath": "Config/LevelOutput/Group/Groups_P43103_F43103001/LevelGroup_P43103_F43103001_G20.json",
      "Name": "BoxMan",
      "ID": 20
    },
    {
      "GroupGUID": "1f4bda15-0927-49eb-bab6-2a892b4b21a0",
      "GroupPath": "Config/LevelOutput/Group/Groups_P43103_F43103001/LevelGroup_P43103_F43103001_G21.json",
      "Name": "MainMission_Prop",
      "ID": 21
    },
    {
      "GroupGUID": "67bc1317-8d41-4209-aa15-88ce9767236c",
      "GroupPath": "Config/LevelOutput/Group/Groups_P43103_F43103001/LevelGroup_P43103_F43103001_G22.json",
      "Name": "BoxManCamera",
      "ID": 22
    }
  ],
  "DefaultEnviroProfile": "Stages/Outputs/Chapter01/EnviroProfile/Chap01_CloseView_ADV_Area_M302_01_Foggy.enviroProfile.asset",
  "StageData": "Stages/Outputs/Chapter01/Stages/Chap01_MAZ_M302_MainLine_01_StageData/Chap01_MAZ_M302_MainLine_01_StageData.stage",
  "CameraType": "Maze",
  "TimeOfDayEnviroProfileMap": {},
  "LayerToAreaMask": [
    1
  ],
  "BattleAreaList": [],
  "DimensionList": [
    {}
  ],
  "NavmapConfigPath": "Config/LevelOutput/Map/MapInfo_P43103_F43103001.json",
  "EnableGroupStreaming": false,
  "EnableGroupSpaceConflict": false,
  "IsRestartLevelGraph": false
}