{
  "FloorID": 43104001,
  "FloorName": "FloorName_43104001",
  "StartGroupID": 1,
  "StartAnchorID": 1,
  "GroupList": [
    {
      "GroupGUID": "379361d7-d744-4a72-b05d-4e6eb841f466",
      "GroupPath": "Config/LevelOutput/Group/Groups_P43104_F43104001/LevelGroup_P43104_F43104001_G1.json",
      "Name": "DefaultGroup",
      "ID": 1
    },
    {
      "GroupGUID": "b34d4d29-5f6c-4fe2-9dcb-242bb67a858a",
      "GroupPath": "Config/LevelOutput/Group/Groups_P43104_F43104001/LevelGroup_P43104_F43104001_G3.json",
      "Name": "NPC_Normal",
      "ID": 3
    },
    {
      "GroupGUID": "65aaccb3-4078-4682-8c91-3c2a49972a90",
      "GroupPath": "Config/LevelOutput/Group/Groups_P43104_F43104001/LevelGroup_P43104_F43104001_G5.json",
      "Name": "PPT_Prop",
      "ID": 5
    },
    {
      "GroupGUID": "c709c06e-9c4a-4e59-a371-aea5dcb47061",
      "GroupPath": "Config/LevelOutput/Group/Groups_P43104_F43104001/LevelGroup_P43104_F43104001_G7.json",
      "Name": "Sound",
      "ID": 7
    },
    {
      "GroupGUID": "dcb1abf0-b0a6-4312-858e-676f393d3770",
      "GroupPath": "Config/LevelOutput/Group/Groups_P43104_F43104001/LevelGroup_P43104_F43104001_G18.json",
      "Name": "NPC_guide",
      "ID": 18
    },
    {
      "GroupGUID": "d8aa148f-7822-42d7-a40e-aaffc75b8a41",
      "GroupPath": "Config/LevelOutput/Group/Groups_P43104_F43104001/LevelGroup_P43104_F43104001_G28.json",
      "Name": "MuseumCollections",
      "ID": 28
    },
    {
      "GroupGUID": "c7d5eef8-b39f-44ed-ae56-367e2879128b",
      "GroupPath": "Config/LevelOutput/Group/Groups_P43104_F43104001/LevelGroup_P43104_F43104001_G32.json",
      "Name": "MainMission2010205_20",
      "ID": 32
    },
    {
      "GroupGUID": "0465cdf6-a9d9-47c2-80e6-909e5f32241a",
      "GroupPath": "Config/LevelOutput/Group/Groups_P43104_F43104001/LevelGroup_P43104_F43104001_G33.json",
      "Name": "MainMission2010205_21",
      "ID": 33
    },
    {
      "GroupGUID": "da31153d-0be7-40b7-9a5c-90c57042cf74",
      "GroupPath": "Config/LevelOutput/Group/Groups_P43104_F43104001/LevelGroup_P43104_F43104001_G36.json",
      "Name": "CrowdTemp",
      "ID": 36
    },
    {
      "GroupGUID": "ee7d8aab-5b5a-4a8d-91e8-03ad6fb3b822",
      "GroupPath": "Config/LevelOutput/Group/Groups_P43104_F43104001/LevelGroup_P43104_F43104001_G30.json",
      "Name": "MainMission2010205_18",
      "ID": 30
    },
    {
      "GroupGUID": "55230775-5cb6-41c8-8501-b5f8481e7a72",
      "GroupPath": "Config/LevelOutput/Group/Groups_P43104_F43104001/LevelGroup_P43104_F43104001_G31.json",
      "Name": "MainMission2010205_19",
      "ID": 31
    },
    {
      "GroupGUID": "4b979240-bb47-434e-8328-220491d32e4c",
      "GroupPath": "Config/LevelOutput/Group/Groups_P43104_F43104001/LevelGroup_P43104_F43104001_G17.json",
      "Name": "Crowd1",
      "ID": 17
    },
    {
      "GroupGUID": "f2700a4e-c189-4a9d-b298-4b4208e14e12",
      "GroupPath": "Config/LevelOutput/Group/Groups_P43104_F43104001/LevelGroup_P43104_F43104001_G43.json",
      "Name": "Crowd2",
      "ID": 43
    },
    {
      "GroupGUID": "a2f6d610-6125-4bbd-a0fb-d64b7ebf20a3",
      "GroupPath": "Config/LevelOutput/Group/Groups_P43104_F43104001/LevelGroup_P43104_F43104001_G45.json",
      "Name": "Crowd3",
      "ID": 45
    },
    {
      "GroupGUID": "a91f8e86-bfbb-437f-b475-20071856cf28",
      "GroupPath": "Config/LevelOutput/Group/Groups_P43104_F43104001/LevelGroup_P43104_F43104001_G48.json",
      "Name": "MainMission8001226_BLNY",
      "ID": 48
    },
    {
      "GroupGUID": "33457af8-61f1-4ae4-bdbd-eeddf2964180",
      "GroupPath": "Config/LevelOutput/Group/Groups_P43104_F43104001/LevelGroup_P43104_F43104001_G49.json",
      "Name": "ItemCrowd1",
      "ID": 49
    },
    {
      "GroupGUID": "97ace3d3-7de4-412a-8fcf-3f849f552a69",
      "GroupPath": "Config/LevelOutput/Group/Groups_P43104_F43104001/LevelGroup_P43104_F43104001_G50.json",
      "Name": "ItemCrowd2",
      "ID": 50
    },
    {
      "GroupGUID": "260ca717-e96e-4695-88e4-8a0d99cbf791",
      "GroupPath": "Config/LevelOutput/Group/Groups_P43104_F43104001/LevelGroup_P43104_F43104001_G51.json",
      "Name": "ItemCrowd3",
      "ID": 51
    },
    {
      "GroupGUID": "ba7273a5-87d9-4b81-93d9-d85d0648d5c4",
      "GroupPath": "Config/LevelOutput/Group/Groups_P43104_F43104001/LevelGroup_P43104_F43104001_G52.json",
      "Name": "ItemCrowd4",
      "ID": 52
    },
    {
      "GroupGUID": "2f4a9dce-5256-49f5-88f4-2524eed29c33",
      "GroupPath": "Config/LevelOutput/Group/Groups_P43104_F43104001/LevelGroup_P43104_F43104001_G82.json",
      "Name": "New Group",
      "ID": 82
    }
  ],
  "DefaultEnviroProfile": "Stages/Outputs/Chapter01/EnviroProfile/Chap01_CloseView_ADV_INT_Museum_01_Day.enviroProfile.asset",
  "StageData": "Stages/Outputs/Chapter01/Stages/Chap01_INT_Museum_01_StageData/Chap01_INT_Museum_01_StageData.stage",
  "CameraType": "Maze",
  "TimeOfDayEnviroProfileMap": {},
  "LayerToAreaMask": [
    1
  ],
  "BattleAreaList": [],
  "DimensionList": [
    {}
  ],
  "NavmapConfigPath": "Config/LevelOutput/Map/MapInfo_P10101_F10101009.json",
  "IsRestartLevelGraph": false
}