{
  "FloorID": 43202003,
  "FloorName": "FloorName_43202003",
  "StartGroupID": 1,
  "StartAnchorID": 1,
  "GroupList": [
    {
      "GroupGUID": "c1a3a4db-a00e-4f96-a7d6-a8901e297077",
      "GroupPath": "Config/LevelOutput/Group/Groups_P43202_F43202003/LevelGroup_P43202_F43202003_G1.json",
      "Name": "DefaultGroup",
      "ID": 1
    },
    {
      "GroupGUID": "cfaeb919-5505-498f-97d5-cf2c78bb9bcb",
      "GroupPath": "Config/LevelOutput/Group/Groups_P43202_F43202003/LevelGroup_P43202_F43202003_G2.json",
      "Name": "Defalut_Group",
      "ID": 2
    },
    {
      "GroupGUID": "2dcaabbb-d1e6-4757-a977-f9c4edb5a296",
      "GroupPath": "Config/LevelOutput/Group/Groups_P43202_F43202003/LevelGroup_P43202_F43202003_G3.json",
      "Name": "Sound",
      "ID": 3
    },
    {
      "GroupGUID": "b5bacd81-ffdc-4cf3-bb8a-5a2c9dac1c60",
      "GroupPath": "Config/LevelOutput/Group/Groups_P43202_F43202003/LevelGroup_P43202_F43202003_G4.json",
      "Name": "MainMission2021002_",
      "ID": 4
    },
    {
      "GroupGUID": "f24815f2-8ace-4a86-ba74-6e06af3bbab7",
      "GroupPath": "Config/LevelOutput/Group/Groups_P43202_F43202003/LevelGroup_P43202_F43202003_G5.json",
      "Name": "MainMission2021002_",
      "ID": 5
    },
    {
      "GroupGUID": "03481e01-efc8-4639-a199-4a151e6d0010",
      "GroupPath": "Config/LevelOutput/Group/Groups_P43202_F43202003/LevelGroup_P43202_F43202003_G6.json",
      "Name": "MainMission2021002_",
      "ID": 6
    },
    {
      "GroupGUID": "483d3f63-b468-4869-85d3-3574c3947866",
      "GroupPath": "Config/LevelOutput/Group/Groups_P43202_F43202003/LevelGroup_P43202_F43202003_G7.json",
      "Name": "MainMission2021002_Monster",
      "ID": 7
    },
    {
      "GroupGUID": "4aacac34-897d-490a-a1fb-4d0a0d615861",
      "GroupPath": "Config/LevelOutput/Group/Groups_P43202_F43202003/LevelGroup_P43202_F43202003_G8.json",
      "Name": "MainMission2021002_",
      "ID": 8
    },
    {
      "GroupGUID": "b71eba74-bd9d-4d23-8b47-af6b570a72e9",
      "GroupPath": "Config/LevelOutput/Group/Groups_P43202_F43202003/LevelGroup_P43202_F43202003_G9.json",
      "Name": "Checkpoint",
      "ID": 9
    },
    {
      "GroupGUID": "f21faa89-0dd6-4e78-b52a-bff4941a8cd3",
      "GroupPath": "Config/LevelOutput/Group/Groups_P43202_F43202003/LevelGroup_P43202_F43202003_G10.json",
      "Name": "MPProp",
      "ID": 10
    },
    {
      "GroupGUID": "ca8ef59f-b7fc-427c-a185-fb13107362e0",
      "GroupPath": "Config/LevelOutput/Group/Groups_P43202_F43202003/LevelGroup_P43202_F43202003_G11.json",
      "Name": "MainMission2021002_",
      "ID": 11
    }
  ],
  "DefaultEnviroProfile": "Stages/Outputs/Chapter02/EnviroProfile/Chap02_CloseView_MAZ_X102_MainLine_01_Day.enviroProfile.asset",
  "StageData": "Stages/Outputs/Chapter02/Stages/Chap02_MAZ_X102_MainLine_01_StageData/Chap02_MAZ_X102_MainLine_01_StageData.stage",
  "CameraType": "Maze",
  "TimeOfDayEnviroProfileMap": {},
  "LayerToAreaMask": [
    8,
    16
  ],
  "NavmapConfigPath": "Config/LevelOutput/Map/MapInfo_P20212_F20212001.json",
  "EnableGroupStreaming": false,
  "EnableGroupSpaceConflict": false,
  "IsRestartLevelGraph": false
}