{
  "FloorID": 43218001,
  "FloorName": "FloorName_43218001",
  "StartGroupID": 1,
  "StartAnchorID": 1,
  "GroupList": [
    {
      "GroupGUID": "3af96302-d740-406d-85b1-30ddc186514f",
      "GroupPath": "Config/LevelOutput/Group/Groups_P43218_F43218001/LevelGroup_P43218_F43218001_G1.json",
      "Name": "DefaultGroup",
      "ID": 1
    },
    {
      "GroupGUID": "32ab1fca-f9df-41a3-94a9-337bb4f9878e",
      "GroupPath": "Config/LevelOutput/Group/Groups_P43218_F43218001/LevelGroup_P43218_F43218001_G2.json",
      "Name": "DefaultGroup",
      "ID": 2
    }
  ],
  "DefaultEnviroProfile": "Stages/Outputs/Chapter02/EnviroProfile/Chap02_CloseView_ADV_X02_Sanctum_SuiGarden_Night.enviroProfile.asset",
  "StageData": "Stages/Outputs/Chapter02/Stages/Chap02_ADV_X02_Sanctum_SuiGarden_StageData/Chap02_ADV_X02_Sanctum_SuiGarden_StageData.stage",
  "CameraType": "Maze",
  "TimeOfDayEnviroProfileMap": {},
  "LayerToAreaMask": [
    1
  ],
  "NavmapConfigPath": "Config/LevelOutput/Map/MapInfo_P20223_F20223001.json",
  "EnableGroupStreaming": false,
  "EnableGroupSpaceConflict": false,
  "IsRestartLevelGraph": false
}