{
  "FloorID": 43207002,
  "FloorName": "FloorName_43207002",
  "StartGroupID": 1,
  "StartAnchorID": 1,
  "GroupList": [
    {
      "GroupGUID": "d26bf4a2-39d4-4850-ae42-a37db3ce3811",
      "GroupPath": "Config/LevelOutput/Group/Groups_P43207_F43207002/LevelGroup_P43207_F43207002_G1.json",
      "Name": "DefaultGroup",
      "ID": 1
    },
    {
      "GroupGUID": "85846288-4e90-4d7e-ad67-6cc3d9f3bb40",
      "GroupPath": "Config/LevelOutput/Group/Groups_P43207_F43207002/LevelGroup_P43207_F43207002_G2.json",
      "Name": "DefaultGroup",
      "ID": 2
    },
    {
      "GroupGUID": "dea9114a-a9f0-40c0-814b-202f11c5d6b7",
      "GroupPath": "Config/LevelOutput/Group/Groups_P43207_F43207002/LevelGroup_P43207_F43207002_G3.json",
      "Name": "Default_Camera",
      "ID": 3
    },
    {
      "GroupGUID": "84183617-2c00-4994-ae38-579e929895a0",
      "GroupPath": "Config/LevelOutput/Group/Groups_P43207_F43207002/LevelGroup_P43207_F43207002_G4.json",
      "Name": "Sound",
      "ID": 4
    },
    {
      "GroupGUID": "5e3305d5-9f4f-4cb9-8be7-16c1cc8ac77e",
      "GroupPath": "Config/LevelOutput/Group/Groups_P43207_F43207002/LevelGroup_P43207_F43207002_G5.json",
      "Name": "MainMission8002233_",
      "ID": 5
    },
    {
      "GroupGUID": "22652d95-7331-4710-9d1d-b07f08f7bbec",
      "GroupPath": "Config/LevelOutput/Group/Groups_P43207_F43207002/LevelGroup_P43207_F43207002_G6.json",
      "Name": "MainMission8002233_",
      "ID": 6
    },
    {
      "GroupGUID": "42508b88-f1d8-43b1-9256-39c41fff05fe",
      "GroupPath": "Config/LevelOutput/Group/Groups_P43207_F43207002/LevelGroup_P43207_F43207002_G7.json",
      "Name": "MainMission8002233_",
      "ID": 7
    },
    {
      "GroupGUID": "559ee418-d512-476e-978c-e511d2d19d77",
      "GroupPath": "Config/LevelOutput/Group/Groups_P43207_F43207002/LevelGroup_P43207_F43207002_G8.json",
      "Name": "MainMission8002233_",
      "ID": 8
    },
    {
      "GroupGUID": "ffdc68f9-2b4a-4300-9656-8163c5ef7cbd",
      "GroupPath": "Config/LevelOutput/Group/Groups_P43207_F43207002/LevelGroup_P43207_F43207002_G9.json",
      "Name": "Default_Elevator_01",
      "ID": 9
    },
    {
      "GroupGUID": "dcece3bf-c7dd-40e9-bea7-c49fd582db44",
      "GroupPath": "Config/LevelOutput/Group/Groups_P43207_F43207002/LevelGroup_P43207_F43207002_G10.json",
      "Name": "MainMission8002233_",
      "ID": 10
    },
    {
      "GroupGUID": "b75b4286-27fa-4ee5-90b7-c6e04b0d6e29",
      "GroupPath": "Config/LevelOutput/Group/Groups_P43207_F43207002/LevelGroup_P43207_F43207002_G16.json",
      "Name": "Default_BoundaryCamera_Client",
      "ID": 16
    },
    {
      "GroupGUID": "acb623ec-3f1a-4faa-b441-09985a7863b7",
      "GroupPath": "Config/LevelOutput/Group/Groups_P43207_F43207002/LevelGroup_P43207_F43207002_G17.json",
      "Name": "Default_BoundaryCamera_Client",
      "ID": 17
    },
    {
      "GroupGUID": "7afb5e45-6144-4ddb-b3db-4fa87e6ed541",
      "GroupPath": "Config/LevelOutput/Group/Groups_P43207_F43207002/LevelGroup_P43207_F43207002_G18.json",
      "Name": "Default_BoundaryCamera_Client",
      "ID": 18
    },
    {
      "GroupGUID": "6b82c374-f82e-4771-9cc2-7cfefa1dcb99",
      "GroupPath": "Config/LevelOutput/Group/Groups_P43207_F43207002/LevelGroup_P43207_F43207002_G19.json",
      "Name": "Default_BoundaryCamera_Client",
      "ID": 19
    },
    {
      "GroupGUID": "56533ae5-afb9-44b0-b44f-514455eccd2a",
      "GroupPath": "Config/LevelOutput/Group/Groups_P43207_F43207002/LevelGroup_P43207_F43207002_G20.json",
      "Name": "Default_SceneProp_Censer",
      "ID": 20
    }
  ],
  "DefaultEnviroProfile": "Stages/Outputs/Chapter02/EnviroProfile/Chap02_CloseView_MAZ_X301_MainLine_01_Day.enviroProfile.asset",
  "StageData": "Stages/Outputs/Chapter02/Stages/Chap02_MAZ_X301_MainLine_01_StageData/Chap02_MAZ_X301_MainLine_01_StageData.stage",
  "CameraType": "Maze",
  "TimeOfDayEnviroProfileMap": {},
  "LayerToAreaMask": [
    8,
    16
  ],
  "NavmapConfigPath": "Config/LevelOutput/Map/MapInfo_P20231_F20231001.json",
  "IsRestartLevelGraph": false
}