{
  "FloorID": 43217002,
  "FloorName": "FloorName_43217002",
  "StartGroupID": 1,
  "StartAnchorID": 1,
  "GroupList": [
    {
      "GroupGUID": "fc9b5f21-de19-42c6-97fe-f84a94ae53f1",
      "GroupPath": "Config/LevelOutput/Group/Groups_P43217_F43217002/LevelGroup_P43217_F43217002_G1.json",
      "Name": "DefaultGroup",
      "ID": 1
    },
    {
      "GroupGUID": "0417df1a-c8ec-4059-9e36-c9718b7116b2",
      "GroupPath": "Config/LevelOutput/Group/Groups_P43217_F43217002/LevelGroup_P43217_F43217002_G2.json",
      "Name": "Crowd",
      "ID": 2
    },
    {
      "GroupGUID": "c488c93a-371a-470f-8939-2f47d54654a9",
      "GroupPath": "Config/LevelOutput/Group/Groups_P43217_F43217002/LevelGroup_P43217_F43217002_G3.json",
      "Name": "MainMission8015156_801515604",
      "ID": 3
    },
    {
      "GroupGUID": "030343c5-355d-44a6-afce-68fa2b1a02be",
      "GroupPath": "Config/LevelOutput/Group/Groups_P43217_F43217002/LevelGroup_P43217_F43217002_G5.json",
      "DimensionFilter": {},
      "Name": "Sound",
      "ID": 5
    }
  ],
  "DefaultEnviroProfile": "Stages/Outputs/Chapter02/EnviroProfile/Chap02_CloseView_INT_Sichen_Day.enviroProfile.asset",
  "StageData": "Stages/Outputs/Chapter02/Stages/Chap02_INT_Sichen_StageData/Chap02_INT_Sichen_StageData.stage",
  "MinimapVolumeData": {},
  "TimeOfDayEnviroProfileMap": {},
  "LayerToAreaMask": [
    1
  ],
  "BattleAreaList": [],
  "DimensionList": [
    {}
  ],
  "EnableGroupStreaming": false,
  "EnableGroupSpaceConflict": false,
  "IsRestartLevelGraph": false
}