{
  "FloorID": 43210002,
  "FloorName": "FloorName_43210002",
  "StartGroupID": 1,
  "StartAnchorID": 1,
  "GroupList": [
    {
      "GroupGUID": "630f18e5-aa3b-49b3-9fba-25fc40c558a6",
      "GroupPath": "Config/LevelOutput/Group/Groups_P43210_F43210002/LevelGroup_P43210_F43210002_G1.json",
      "Name": "DefaultGroup",
      "ID": 1
    },
    {
      "GroupGUID": "2b1d955b-ddf0-4ea4-8564-0fd480f16e0a",
      "GroupPath": "Config/LevelOutput/Group/Groups_P43210_F43210002/LevelGroup_P43210_F43210002_G2.json",
      "Name": "MainMission2021702_HH_TX_00",
      "ID": 2
    },
    {
      "GroupGUID": "eeb31fb1-ef83-429f-bfc4-7cbe1c81daf9",
      "GroupPath": "Config/LevelOutput/Group/Groups_P43210_F43210002/LevelGroup_P43210_F43210002_G3.json",
      "Name": "MainMission2021702_HH_TX_Room3",
      "ID": 3
    },
    {
      "GroupGUID": "3e5b5769-ac3e-44cb-8acb-610e204a2bbd",
      "GroupPath": "Config/LevelOutput/Group/Groups_P43210_F43210002/LevelGroup_P43210_F43210002_G4.json",
      "Name": "MainMission2021702_HH_TX_03",
      "ID": 4
    },
    {
      "GroupGUID": "a8d72a54-ef1f-4519-b401-e30b1e9563df",
      "GroupPath": "Config/LevelOutput/Group/Groups_P43210_F43210002/LevelGroup_P43210_F43210002_G5.json",
      "DimensionFilter": {},
      "Name": "MainMission2021702_HH_TX_04",
      "ID": 5
    },
    {
      "GroupGUID": "c79ad666-17fb-4664-a364-8195ccc1a4da",
      "GroupPath": "Config/LevelOutput/Group/Groups_P43210_F43210002/LevelGroup_P43210_F43210002_G6.json",
      "DimensionFilter": {},
      "Name": "MainMission2021702_HH_TX_05",
      "ID": 6
    },
    {
      "GroupGUID": "862b6531-89e2-4b21-96bd-3c1f86f7ad30",
      "GroupPath": "Config/LevelOutput/Group/Groups_P43210_F43210002/LevelGroup_P43210_F43210002_G7.json",
      "DimensionFilter": {},
      "Name": "MainMission2021702_HH_TX_06",
      "ID": 7
    },
    {
      "GroupGUID": "fb9c4876-ddba-44da-8938-2a4d32d4bc78",
      "GroupPath": "Config/LevelOutput/Group/Groups_P43210_F43210002/LevelGroup_P43210_F43210002_G8.json",
      "Name": "RaidDoors",
      "ID": 8
    },
    {
      "GroupGUID": "ccaecae3-a015-4a13-be8f-2e175a109e82",
      "GroupPath": "Config/LevelOutput/Group/Groups_P43210_F43210002/LevelGroup_P43210_F43210002_G10.json",
      "Name": "MainMission2021702_Room4",
      "ID": 10
    },
    {
      "GroupGUID": "77bca943-7084-4af7-8a29-f6fd3c9b6c94",
      "GroupPath": "Config/LevelOutput/Group/Groups_P43210_F43210002/LevelGroup_P43210_F43210002_G11.json",
      "Name": "MainMission2021702_Room1",
      "ID": 11
    },
    {
      "GroupGUID": "2d7523c7-237f-476d-9a17-d4b88b978198",
      "GroupPath": "Config/LevelOutput/Group/Groups_P43210_F43210002/LevelGroup_P43210_F43210002_G13.json",
      "Name": "MainMission2021702_HH_TX_Room2",
      "ID": 13
    },
    {
      "GroupGUID": "47ed022b-bbfd-4415-ab72-6e0349fde0d0",
      "GroupPath": "Config/LevelOutput/Group/Groups_P43210_F43210002/LevelGroup_P43210_F43210002_G14.json",
      "Name": "MainMission2021702_HH_TX_Room1",
      "ID": 14
    },
    {
      "GroupGUID": "ad54609d-6ffe-4891-8a54-3dda83fa10be",
      "GroupPath": "Config/LevelOutput/Group/Groups_P43210_F43210002/LevelGroup_P43210_F43210002_G15.json",
      "DimensionFilter": {},
      "Name": "RecoverPoint",
      "ID": 15
    },
    {
      "GroupGUID": "d8b0f8a2-37a5-4896-a529-3ac1dd4188b4",
      "GroupPath": "Config/LevelOutput/Group/Groups_P43210_F43210002/LevelGroup_P43210_F43210002_G16.json",
      "DimensionFilter": {},
      "Name": "Sound",
      "ID": 16
    },
    {
      "GroupGUID": "3fb52d75-dc53-40a5-b399-018d3ac0dee8",
      "GroupPath": "Config/LevelOutput/Group/Groups_P43210_F43210002/LevelGroup_P43210_F43210002_G17.json",
      "DimensionFilter": {},
      "Name": "Sound",
      "ID": 17
    },
    {
      "GroupGUID": "b0e6b9bc-cd2f-4d21-90c8-e54d75308ae0",
      "GroupPath": "Config/LevelOutput/Group/Groups_P43210_F43210002/LevelGroup_P43210_F43210002_G18.json",
      "Name": "MainMission0_BattleArea",
      "ID": 18
    }
  ],
  "DefaultEnviroProfile": "Stages/Outputs/Chapter02/EnviroProfile/Chap02_CloseView_ADV_X02_Sanctum_SuiGarden_Room_Night.enviroProfile.asset",
  "StageData": "Stages/Outputs/Chapter02/Stages/Chap02_MAZ_SuiGarden_Ghost_StageData/Chap02_MAZ_SuiGarden_Ghost_StageData.stage",
  "CameraType": "Maze",
  "MinimapVolumeData": {},
  "TimeOfDayEnviroProfileMap": {},
  "LayerToAreaMask": [
    1
  ],
  "FloorCustomData": {
    "CustomValues": [
      {
        "$type": "RPG.GameCore.FloorCustomFloatConfig",
        "ID": 10001,
        "Name": "Value_Room1"
      },
      {
        "$type": "RPG.GameCore.FloorCustomFloatConfig",
        "ID": 10002,
        "Name": "Value_Room2"
      },
      {
        "$type": "RPG.GameCore.FloorCustomFloatConfig",
        "ID": 10003,
        "Name": "Value_Room3"
      },
      {
        "$type": "RPG.GameCore.FloorCustomFloatConfig",
        "DefaultValue": 1,
        "ID": 10004,
        "Name": "Value_Room4"
      },
      {
        "$type": "RPG.GameCore.FloorCustomFloatConfig",
        "ID": 10007,
        "Name": "Room1_Wrong_Client"
      },
      {
        "$type": "RPG.GameCore.FloorCustomFloatConfig",
        "ID": 10008,
        "Name": "Room1_Clear_Client"
      }
    ],
    "SavedValues": [
      {
        "ID": 2,
        "Name": "Room1_Clear",
        "AllowedValues": [
          0,
          1
        ],
        "MaxValue": 1
      },
      {
        "ID": 4,
        "Name": "Room1_Wrong",
        "AllowedValues": [
          0,
          1
        ],
        "MaxValue": 1
      },
      {
        "ID": 6,
        "Name": "Room2_Clear",
        "AllowedValues": [
          0,
          1
        ],
        "MaxValue": 1
      },
      {
        "ID": 7,
        "Name": "Room2_Wrong",
        "AllowedValues": [
          0,
          1
        ],
        "MaxValue": 1
      },
      {
        "ID": 9,
        "Name": "Room3_Clear",
        "AllowedValues": [
          0,
          1
        ],
        "MaxValue": 1
      },
      {
        "ID": 10,
        "Name": "Room3_Wrong",
        "AllowedValues": [
          0,
          1
        ],
        "MaxValue": 1
      },
      {
        "ID": 12,
        "Name": "Room4_Clear",
        "AllowedValues": [
          0,
          1
        ],
        "MaxValue": 1
      },
      {
        "ID": 13,
        "Name": "Room4_Checked",
        "AllowedValues": [
          0,
          1,
          2
        ],
        "MaxValue": 2
      },
      {
        "ID": 14,
        "Name": "Room5_ReturnDoor",
        "AllowedValues": [
          0,
          1
        ],
        "MaxValue": 1
      },
      {
        "ID": 15,
        "Name": "Room5_TalkFinish",
        "AllowedValues": [
          0,
          1
        ],
        "MaxValue": 1
      },
      {
        "ID": 18,
        "Name": "Room5_FinalCheck",
        "AllowedValues": [
          0,
          1
        ],
        "MaxValue": 1
      },
      {
        "ID": 19,
        "Name": "Room_Battle_Clear",
        "AllowedValues": [
          0,
          1
        ],
        "MaxValue": 1
      }
    ]
  },
  "BattleAreaList": [],
  "DimensionList": [
    {}
  ],
  "EnableGroupStreaming": false,
  "EnableGroupSpaceConflict": false,
  "IsRestartLevelGraph": false
}