{
  "FloorID": 43201002,
  "FloorName": "FloorName_43201002",
  "StartGroupID": 1,
  "StartAnchorID": 1,
  "GroupList": [
    {
      "GroupGUID": "fe13e741-36ca-4975-a517-bed04682fad6",
      "GroupPath": "Config/LevelOutput/Group/Groups_P43201_F43201002/LevelGroup_P43201_F43201002_G1.json",
      "Name": "DefaultGroup",
      "ID": 1
    },
    {
      "GroupGUID": "1767be9d-a320-41d2-98b4-ec5a243bf70c",
      "GroupPath": "Config/LevelOutput/Group/Groups_P43201_F43201002/LevelGroup_P43201_F43201002_G2.json",
      "Name": "Sound",
      "ID": 2
    },
    {
      "GroupGUID": "3d5f3c02-35c0-471f-bb8c-cb031005620e",
      "GroupPath": "Config/LevelOutput/Group/Groups_P43201_F43201002/LevelGroup_P43201_F43201002_G3.json",
      "Name": "MainMission2020503_01",
      "ID": 3
    },
    {
      "GroupGUID": "c1fdd30f-9d55-4e3a-b2c8-987b9b850ad8",
      "GroupPath": "Config/LevelOutput/Group/Groups_P43201_F43201002/LevelGroup_P43201_F43201002_G4.json",
      "Name": "MainMission2020503_02",
      "ID": 4
    },
    {
      "GroupGUID": "4628023b-3b5f-4ae7-8bc6-fa419e0e6932",
      "GroupPath": "Config/LevelOutput/Group/Groups_P43201_F43201002/LevelGroup_P43201_F43201002_G5.json",
      "Name": "MainMission2020503_04",
      "ID": 5
    },
    {
      "GroupGUID": "d4a1ef37-aa40-41af-b092-62f779d460b8",
      "GroupPath": "Config/LevelOutput/Group/Groups_P43201_F43201002/LevelGroup_P43201_F43201002_G6.json",
      "Name": "MainMission2020503_05",
      "ID": 6
    },
    {
      "GroupGUID": "80fe2bf9-1d4c-433b-91cf-6856d86592fe",
      "GroupPath": "Config/LevelOutput/Group/Groups_P43201_F43201002/LevelGroup_P43201_F43201002_G7.json",
      "Name": "BattleArea",
      "ID": 7
    },
    {
      "GroupGUID": "af5a7f27-dc26-4251-b9d3-f71c7e991fee",
      "GroupPath": "Config/LevelOutput/Group/Groups_P43201_F43201002/LevelGroup_P43201_F43201002_G9.json",
      "Name": "Checkpoint",
      "ID": 9
    },
    {
      "GroupGUID": "e9d19aab-9a9a-4c5d-8bdb-27e88b1b0201",
      "GroupPath": "Config/LevelOutput/Group/Groups_P43201_F43201002/LevelGroup_P43201_F43201002_G10.json",
      "Name": "Mission_2020503",
      "ID": 10
    }
  ],
  "DefaultEnviroProfile": "Stages/Outputs/Chapter01/EnviroProfile/Chap01_CloseView_INT_Hotel_01_Lobby.enviroProfile.asset",
  "StageData": "Stages/Outputs/Chapter01/Stages/Chap01_INT_Hotel_01_Lobby_StageData/Chap01_INT_Hotel_01_Lobby_StageData.stage",
  "MinimapVolumeData": {
    "Scale": 0
  },
  "TimeOfDayEnviroProfileMap": {},
  "LayerToAreaMask": [
    1
  ],
  "IsRestartLevelGraph": false
}