{
  "FloorID": 43202004,
  "FloorName": "FloorName_43202004",
  "StartGroupID": 1,
  "StartAnchorID": 1,
  "GroupList": [
    {
      "GroupGUID": "50ed3abf-fa6c-4e3e-a1a0-9c93ac5b41c6",
      "GroupPath": "Config/LevelOutput/Group/Groups_P43202_F43202004/LevelGroup_P43202_F43202004_G1.json",
      "Name": "DefaultGroup",
      "ID": 1
    },
    {
      "GroupGUID": "dddb336c-3695-40a8-beda-3f7bdeb67a4d",
      "GroupPath": "Config/LevelOutput/Group/Groups_P43202_F43202004/LevelGroup_P43202_F43202004_G2.json",
      "Name": "DefaultGroup",
      "ID": 2
    },
    {
      "GroupGUID": "3a82df32-cd4b-4b20-a2a7-2e3e57911dc2",
      "GroupPath": "Config/LevelOutput/Group/Groups_P43202_F43202004/LevelGroup_P43202_F43202004_G3.json",
      "Name": "BATProp",
      "ID": 3
    },
    {
      "GroupGUID": "c5cae089-3a04-4637-b903-0a1cd3dc5633",
      "GroupPath": "Config/LevelOutput/Group/Groups_P43202_F43202004/LevelGroup_P43202_F43202004_G4.json",
      "Name": "BATBossProp",
      "ID": 4
    },
    {
      "GroupGUID": "8142a1db-4960-4b9b-9137-8d7b3178f117",
      "GroupPath": "Config/LevelOutput/Group/Groups_P43202_F43202004/LevelGroup_P43202_F43202004_G5.json",
      "Name": "JianMu",
      "ID": 5
    },
    {
      "GroupGUID": "4210c641-a43c-45db-a20a-31807bfcdd4c",
      "GroupPath": "Config/LevelOutput/Group/Groups_P43202_F43202004/LevelGroup_P43202_F43202004_G6.json",
      "Name": "Sound",
      "ID": 6
    },
    {
      "GroupGUID": "9cbc41bd-621f-438c-b714-76abade9502a",
      "GroupPath": "Config/LevelOutput/Group/Groups_P43202_F43202004/LevelGroup_P43202_F43202004_G7.json",
      "Name": "MainMission_RoadBlock",
      "ID": 7
    },
    {
      "GroupGUID": "ad1cb5b4-dfec-4760-b733-bb54421e8712",
      "GroupPath": "Config/LevelOutput/Group/Groups_P43202_F43202004/LevelGroup_P43202_F43202004_G8.json",
      "Name": "JianMu",
      "ID": 8
    },
    {
      "GroupGUID": "e30a88e5-b3ff-4395-bb43-4ccadd2c1e98",
      "GroupPath": "Config/LevelOutput/Group/Groups_P43202_F43202004/LevelGroup_P43202_F43202004_G9.json",
      "Name": "MainMission_RoadBlock",
      "ID": 9
    },
    {
      "GroupGUID": "a2f9b738-3fa1-4ccb-8640-1d308f21970f",
      "GroupPath": "Config/LevelOutput/Group/Groups_P43202_F43202004/LevelGroup_P43202_F43202004_G10.json",
      "Name": "MainMission2021002_02",
      "ID": 10
    },
    {
      "GroupGUID": "415fc665-112d-4301-aeac-8fd3d3f635c9",
      "GroupPath": "Config/LevelOutput/Group/Groups_P43202_F43202004/LevelGroup_P43202_F43202004_G11.json",
      "Name": "MainMission2021002_02",
      "ID": 11
    },
    {
      "GroupGUID": "00946141-5289-4db2-a468-33ed02e2c2cc",
      "GroupPath": "Config/LevelOutput/Group/Groups_P43202_F43202004/LevelGroup_P43202_F43202004_G12.json",
      "Name": "MainMission2021002_",
      "ID": 12
    },
    {
      "GroupGUID": "a5b568f4-b7f8-44a5-9c9a-1aeae577682b",
      "GroupPath": "Config/LevelOutput/Group/Groups_P43202_F43202004/LevelGroup_P43202_F43202004_G14.json",
      "Name": "MainMission2021002_Monster",
      "ID": 14
    },
    {
      "GroupGUID": "ad98b823-7126-45f0-8041-0935bf480aa5",
      "GroupPath": "Config/LevelOutput/Group/Groups_P43202_F43202004/LevelGroup_P43202_F43202004_G15.json",
      "Name": "MainMission2021002_",
      "ID": 15
    },
    {
      "GroupGUID": "1f1fd7b3-8707-46d4-97fc-6a745e721d0e",
      "GroupPath": "Config/LevelOutput/Group/Groups_P43202_F43202004/LevelGroup_P43202_F43202004_G16.json",
      "Name": "MainMission2021002_",
      "ID": 16
    },
    {
      "GroupGUID": "6b80f8f6-0eed-4a10-a80b-7039db1c809a",
      "GroupPath": "Config/LevelOutput/Group/Groups_P43202_F43202004/LevelGroup_P43202_F43202004_G17.json",
      "Name": "MainMission2021002_",
      "ID": 17
    },
    {
      "GroupGUID": "fbe18f3e-c741-46d0-8586-2ce52a09c247",
      "GroupPath": "Config/LevelOutput/Group/Groups_P43202_F43202004/LevelGroup_P43202_F43202004_G18.json",
      "Name": "Checkpoint",
      "ID": 18
    },
    {
      "GroupGUID": "27eb954d-2836-492f-b5c8-0735832c09f3",
      "GroupPath": "Config/LevelOutput/Group/Groups_P43202_F43202004/LevelGroup_P43202_F43202004_G19.json",
      "Name": "MPProp",
      "ID": 19
    }
  ],
  "DefaultEnviroProfile": "Stages/Outputs/Chapter02/EnviroProfile/Chap02_CloseView_MAZ_X202_MainLine_01_Night.enviroProfile.asset",
  "StageData": "Stages/Outputs/Chapter02/Stages/Chap02_MAZ_X202_MainLine_01_StageData/Chap02_MAZ_X202_MainLine_01_StageData.stage",
  "CameraType": "Maze",
  "TimeOfDayEnviroProfileMap": {},
  "LayerToAreaMask": [
    1
  ],
  "BattleAreaList": [],
  "DimensionList": [
    {}
  ],
  "NavmapConfigPath": "Config/LevelOutput/Map/MapInfo_P20222_F20222001.json",
  "EnableGroupStreaming": false,
  "EnableGroupSpaceConflict": false,
  "IsRestartLevelGraph": false
}