{
  "FloorID": 43207003,
  "FloorName": "FloorName_43207003",
  "StartGroupID": 1,
  "StartAnchorID": 1,
  "GroupList": [
    {
      "GroupGUID": "5ab61fd9-38c9-4923-ab59-f9cf57f2ea52",
      "GroupPath": "Config/LevelOutput/Group/Groups_P43207_F43207003/LevelGroup_P43207_F43207003_G1.json",
      "Name": "DefaultGroup",
      "ID": 1
    },
    {
      "GroupGUID": "f532a1b6-d38b-4129-ae9b-c983171ccd67",
      "GroupPath": "Config/LevelOutput/Group/Groups_P43207_F43207003/LevelGroup_P43207_F43207003_G2.json",
      "Name": "DefaultGroup",
      "ID": 2
    },
    {
      "GroupGUID": "ffcad833-cd15-46e7-b133-b0e8af2e59da",
      "GroupPath": "Config/LevelOutput/Group/Groups_P43207_F43207003/LevelGroup_P43207_F43207003_G3.json",
      "Name": "BATProp",
      "ID": 3
    },
    {
      "GroupGUID": "f22cf17f-13d2-4a09-a0bc-1086da5cac12",
      "GroupPath": "Config/LevelOutput/Group/Groups_P43207_F43207003/LevelGroup_P43207_F43207003_G4.json",
      "Name": "BATBossProp",
      "ID": 4
    },
    {
      "GroupGUID": "a34456e3-1a6a-4a82-b47f-59a841d07e28",
      "GroupPath": "Config/LevelOutput/Group/Groups_P43207_F43207003/LevelGroup_P43207_F43207003_G5.json",
      "Name": "JianMu",
      "ID": 5
    },
    {
      "GroupGUID": "d558ec3f-a554-463b-9b14-05ab095cfaf8",
      "GroupPath": "Config/LevelOutput/Group/Groups_P43207_F43207003/LevelGroup_P43207_F43207003_G6.json",
      "Name": "Sound",
      "ID": 6
    },
    {
      "GroupGUID": "7e2240ec-33dd-4f3e-8be0-11c371277384",
      "GroupPath": "Config/LevelOutput/Group/Groups_P43207_F43207003/LevelGroup_P43207_F43207003_G7.json",
      "Name": "MainMission_RoadBlock",
      "ID": 7
    },
    {
      "GroupGUID": "e47be872-36f0-40c9-aa07-f735e7b2ca60",
      "GroupPath": "Config/LevelOutput/Group/Groups_P43207_F43207003/LevelGroup_P43207_F43207003_G8.json",
      "Name": "JianMu",
      "ID": 8
    },
    {
      "GroupGUID": "4bfdeffd-0724-489f-81d1-9a5eb2843411",
      "GroupPath": "Config/LevelOutput/Group/Groups_P43207_F43207003/LevelGroup_P43207_F43207003_G9.json",
      "Name": "MainMission_RoadBlock",
      "ID": 9
    },
    {
      "GroupGUID": "e0b1faee-6cec-4e4d-9a44-74e28e10bbbd",
      "GroupPath": "Config/LevelOutput/Group/Groups_P43207_F43207003/LevelGroup_P43207_F43207003_G10.json",
      "Name": "MainMission_RoadBlock",
      "ID": 10
    },
    {
      "GroupGUID": "dcc9ec9d-420b-423f-b620-210ba4ef3d92",
      "GroupPath": "Config/LevelOutput/Group/Groups_P43207_F43207003/LevelGroup_P43207_F43207003_G11.json",
      "Name": "MainMission8002234_",
      "ID": 11
    },
    {
      "GroupGUID": "3839768b-3e90-4b15-b459-d21ea27bd7b4",
      "GroupPath": "Config/LevelOutput/Group/Groups_P43207_F43207003/LevelGroup_P43207_F43207003_G12.json",
      "Name": "MainMission8002234_",
      "ID": 12
    },
    {
      "GroupGUID": "547096e9-b172-4e83-b12d-625056551edd",
      "GroupPath": "Config/LevelOutput/Group/Groups_P43207_F43207003/LevelGroup_P43207_F43207003_G13.json",
      "Name": "MainMission8002234_",
      "ID": 13
    }
  ],
  "DefaultEnviroProfile": "Stages/Outputs/Chapter02/EnviroProfile/Chap02_CloseView_MAZ_X202_MainLine_01_Night.enviroProfile.asset",
  "StageData": "Stages/Outputs/Chapter02/Stages/Chap02_MAZ_X202_MainLine_01_StageData/Chap02_MAZ_X202_MainLine_01_StageData.stage",
  "CameraType": "Maze",
  "TimeOfDayEnviroProfileMap": {},
  "LayerToAreaMask": [
    1
  ],
  "NavmapConfigPath": "Config/LevelOutput/Map/MapInfo_P20222_F20222001.json",
  "IsRestartLevelGraph": false
}