{
  "FloorID": 43212001,
  "FloorName": "FloorName_43212001",
  "StartGroupID": 1,
  "StartAnchorID": 1,
  "GroupList": [
    {
      "GroupGUID": "70e637cf-4586-4f05-830f-c739758f834c",
      "GroupPath": "Config/LevelOutput/Group/Groups_P43212_F43212001/LevelGroup_P43212_F43212001_G1.json",
      "Name": "DefaultGroup",
      "ID": 1
    },
    {
      "GroupGUID": "b02bc478-f4b7-4c37-9bdc-a9553be823f7",
      "GroupPath": "Config/LevelOutput/Group/Groups_P43212_F43212001/LevelGroup_P43212_F43212001_G2.json",
      "DimensionFilter": {},
      "Name": "MainMission8015111_Mission",
      "ID": 2
    },
    {
      "GroupGUID": "aef55999-79e7-4c5d-815f-cdb63fa7bd73",
      "GroupPath": "Config/LevelOutput/Group/Groups_P43212_F43212001/LevelGroup_P43212_F43212001_G3.json",
      "Name": "MainMission8015111_BailuChasePhase2",
      "ID": 3
    },
    {
      "GroupGUID": "8d932bc7-52b8-4081-9d59-e9507ae881e8",
      "GroupPath": "Config/LevelOutput/Group/Groups_P43212_F43212001/LevelGroup_P43212_F43212001_G5.json",
      "Name": "MainMission8015111_BailuChasePhase1",
      "ID": 5
    },
    {
      "GroupGUID": "d3a452ce-ad71-4c56-93ab-5413aee219ed",
      "GroupPath": "Config/LevelOutput/Group/Groups_P43212_F43212001/LevelGroup_P43212_F43212001_G6.json",
      "Name": "MainMission8015111_BeforeBattle",
      "ID": 6
    },
    {
      "GroupGUID": "7b74609c-5011-48ac-9002-5ee436c04535",
      "GroupPath": "Config/LevelOutput/Group/Groups_P43212_F43212001/LevelGroup_P43212_F43212001_G7.json",
      "Name": "MainMission8015111_Zhenfa",
      "ID": 7
    },
    {
      "GroupGUID": "2d07d05b-ef99-4382-9c98-aa83bcacb5b2",
      "GroupPath": "Config/LevelOutput/Group/Groups_P43212_F43212001/LevelGroup_P43212_F43212001_G9.json",
      "DimensionFilter": {},
      "Name": "MainMission8015111_BailuChaseNew2",
      "ID": 9
    },
    {
      "GroupGUID": "46c37450-c8ec-4aa4-9db5-edb15fe1522b",
      "GroupPath": "Config/LevelOutput/Group/Groups_P43212_F43212001/LevelGroup_P43212_F43212001_G10.json",
      "Name": "MainMission8015111_Hint",
      "ID": 10
    },
    {
      "GroupGUID": "de6c5809-71b5-4318-8c1f-6aae054ab088",
      "GroupPath": "Config/LevelOutput/Group/Groups_P43212_F43212001/LevelGroup_P43212_F43212001_G11.json",
      "Name": "MPProp",
      "ID": 11
    },
    {
      "GroupGUID": "ead1c3ee-0290-456e-9b74-fdce1ef511ed",
      "GroupPath": "Config/LevelOutput/Group/Groups_P43212_F43212001/LevelGroup_P43212_F43212001_G13.json",
      "DimensionFilter": {},
      "Name": "MainMission8015111_BailuChasePhase1_New",
      "ID": 13
    },
    {
      "GroupGUID": "d119b926-e9fe-426f-b9be-eec84d990a52",
      "GroupPath": "Config/LevelOutput/Group/Groups_P43212_F43212001/LevelGroup_P43212_F43212001_G14.json",
      "Name": "Sound",
      "ID": 14
    },
    {
      "GroupGUID": "60cf6279-1d02-452f-b374-2ced0e85a45e",
      "GroupPath": "Config/LevelOutput/Group/Groups_P43212_F43212001/LevelGroup_P43212_F43212001_G16.json",
      "DimensionFilter": {},
      "Name": "Sound",
      "ID": 16
    }
  ],
  "DefaultEnviroProfile": "Stages/Outputs/Chapter02/EnviroProfile/Chap02_CloseView_ADV_X02_Sanctum_SuiGarden_Room_Night.enviroProfile.asset",
  "StageData": "Stages/Outputs/Chapter02/Stages/Chap02_MAZ_SuiGarden_Ghost02_StageData/Chap02_MAZ_SuiGarden_Ghost02_StageData.stage",
  "CameraType": "Maze",
  "TimeOfDayEnviroProfileMap": {},
  "LayerToAreaMask": [
    1
  ],
  "FloorCustomData": {
    "CustomValues": [
      {
        "$type": "RPG.GameCore.FloorCustomBoolConfig",
        "DefaultValue": true,
        "ID": 10001,
        "Name": "BailuChase_EasyMode"
      },
      {
        "$type": "RPG.GameCore.FloorCustomBoolConfig",
        "ID": 10002,
        "Name": "BailuChase_EasyModeHint"
      },
      {
        "$type": "RPG.GameCore.FloorCustomBoolConfig",
        "DefaultValue": true,
        "ID": 10003,
        "Name": "BailuChase_GameClear"
      },
      {
        "$type": "RPG.GameCore.FloorCustomBoolConfig",
        "DefaultValue": true,
        "ID": 10004,
        "Name": "BailuChase_ContactCD"
      }
    ],
    "SavedValues": [
      {
        "ID": 1,
        "Name": "DoorState_Chase",
        "AllowedValues": [
          0,
          1
        ],
        "MaxValue": 1
      }
    ]
  },
  "BattleAreaList": [],
  "DimensionList": [
    {}
  ],
  "NavmapConfigPath": "Config/LevelOutput/Map/MapInfo_P43212_F43212001.json",
  "EnableGroupStreaming": false,
  "EnableGroupSpaceConflict": false,
  "IsRestartLevelGraph": false
}