{
  "FloorID": 43202001,
  "FloorName": "FloorName_43202001",
  "StartGroupID": 1,
  "StartAnchorID": 1,
  "GroupList": [
    {
      "GroupGUID": "fc8d45d1-dd69-485f-9b3a-cd530adf4594",
      "GroupPath": "Config/LevelOutput/Group/Groups_P43202_F43202001/LevelGroup_P43202_F43202001_G1.json",
      "Name": "DefaultGroup",
      "ID": 1
    },
    {
      "GroupGUID": "56334ea2-aa66-4ce9-87b1-d1a5cc0baef9",
      "GroupPath": "Config/LevelOutput/Group/Groups_P43202_F43202001/LevelGroup_P43202_F43202001_G2.json",
      "Name": "BattleArea",
      "ID": 2
    },
    {
      "GroupGUID": "47e722c1-c173-4652-875c-474d06af3578",
      "GroupPath": "Config/LevelOutput/Group/Groups_P43202_F43202001/LevelGroup_P43202_F43202001_G3.json",
      "Name": "BATProp",
      "ID": 3
    },
    {
      "GroupGUID": "12c4f6b1-36ae-4548-bdd4-f192b5627250",
      "GroupPath": "Config/LevelOutput/Group/Groups_P43202_F43202001/LevelGroup_P43202_F43202001_G4.json",
      "Name": "MainMission2021002_01",
      "ID": 4
    },
    {
      "GroupGUID": "6bb34629-aa72-4696-889b-9e2e9d18b76e",
      "GroupPath": "Config/LevelOutput/Group/Groups_P43202_F43202001/LevelGroup_P43202_F43202001_G10.json",
      "Name": "MainMission2021002_01",
      "ID": 10
    },
    {
      "GroupGUID": "eac2e67c-34bf-4b16-98d0-387d9dbb94a0",
      "GroupPath": "Config/LevelOutput/Group/Groups_P43202_F43202001/LevelGroup_P43202_F43202001_G5.json",
      "Name": "MainMission2021002_02",
      "ID": 5
    },
    {
      "GroupGUID": "5b67be61-8e0a-48fa-8827-5676af307c6e",
      "GroupPath": "Config/LevelOutput/Group/Groups_P43202_F43202001/LevelGroup_P43202_F43202001_G6.json",
      "Name": "MainMission2021002_02",
      "ID": 6
    },
    {
      "GroupGUID": "36eb21ca-8f70-4c4e-9989-bc7f40ccb499",
      "GroupPath": "Config/LevelOutput/Group/Groups_P43202_F43202001/LevelGroup_P43202_F43202001_G7.json",
      "Name": "MainMission2021002_02",
      "ID": 7
    },
    {
      "GroupGUID": "217b1a38-0541-4aba-a65c-615f4cc97e9d",
      "GroupPath": "Config/LevelOutput/Group/Groups_P43202_F43202001/LevelGroup_P43202_F43202001_G8.json",
      "Name": "MainMission2021002_03",
      "ID": 8
    },
    {
      "GroupGUID": "68005a28-fce2-416e-8aaf-085e0a7c6d20",
      "GroupPath": "Config/LevelOutput/Group/Groups_P43202_F43202001/LevelGroup_P43202_F43202001_G9.json",
      "Name": "Sound",
      "ID": 9
    }
  ],
  "DefaultEnviroProfile": "Stages/Outputs/Chapter02/EnviroProfile/Chap02_CloseView_INT_ShenCe_Night.enviroProfile.asset",
  "StageData": "Stages/Outputs/Chapter02/Stages/Chap02_INT_ShenCe_StageData/Chap02_INT_ShenCe_StageData.stage",
  "MinimapVolumeData": {},
  "TimeOfDayEnviroProfileMap": {},
  "LayerToAreaMask": [
    1
  ],
  "EnableGroupStreaming": false,
  "EnableGroupSpaceConflict": false,
  "IsRestartLevelGraph": false
}