{
  "FloorID": 43216001,
  "FloorName": "FloorName_43216001",
  "StartGroupID": 1,
  "StartAnchorID": 1,
  "GroupList": [
    {
      "GroupGUID": "b86de472-67d2-4ff5-b6c3-16330e2cf7d0",
      "GroupPath": "Config/LevelOutput/Group/Groups_P43216_F43216001/LevelGroup_P43216_F43216001_G1.json",
      "DimensionFilter": {},
      "Name": "DefaultGroup",
      "ID": 1
    },
    {
      "GroupGUID": "2f9fffdb-103f-440e-a402-a6bd6f1c8169",
      "GroupPath": "Config/LevelOutput/Group/Groups_P43216_F43216001/LevelGroup_P43216_F43216001_G2.json",
      "DimensionFilter": {},
      "Name": "MainMission8015158_room1",
      "ID": 2
    },
    {
      "GroupGUID": "ee77bb36-6f9b-4b1a-b2a3-b2c1ec2777ea",
      "GroupPath": "Config/LevelOutput/Group/Groups_P43216_F43216001/LevelGroup_P43216_F43216001_G9.json",
      "DimensionFilter": {},
      "Name": "MainMission8015158_MainMission8015158_room1",
      "ID": 9
    },
    {
      "GroupGUID": "e015d237-eeca-45b6-8452-925b2bcfbde0",
      "GroupPath": "Config/LevelOutput/Group/Groups_P43216_F43216001/LevelGroup_P43216_F43216001_G3.json",
      "DimensionFilter": {},
      "Name": "MainMission8015158_New Group",
      "ID": 3
    },
    {
      "GroupGUID": "ff4f088b-4991-4e74-a844-adc15e51843a",
      "GroupPath": "Config/LevelOutput/Group/Groups_P43216_F43216001/LevelGroup_P43216_F43216001_G7.json",
      "DimensionFilter": {},
      "Name": "MainMission8015158_New Group",
      "ID": 7
    },
    {
      "GroupGUID": "0423f0d6-657b-4c68-b2c0-ccdc884f3045",
      "GroupPath": "Config/LevelOutput/Group/Groups_P43216_F43216001/LevelGroup_P43216_F43216001_G5.json",
      "DimensionFilter": {},
      "Name": "MainMission8015158_New Group",
      "ID": 5
    },
    {
      "GroupGUID": "7b2cf1b7-f112-4877-8a92-eeefed91240b",
      "GroupPath": "Config/LevelOutput/Group/Groups_P43216_F43216001/LevelGroup_P43216_F43216001_G4.json",
      "DimensionFilter": {},
      "Name": "MainMission8015158_room1",
      "ID": 4
    },
    {
      "GroupGUID": "e87c8d0d-1ea1-4891-8b2c-0eb9a37c08b4",
      "GroupPath": "Config/LevelOutput/Group/Groups_P43216_F43216001/LevelGroup_P43216_F43216001_G12.json",
      "DimensionFilter": {},
      "Name": "MainMission8015158_New Group",
      "ID": 12
    },
    {
      "GroupGUID": "dbae28e7-a741-46b1-b18b-ec6fad2e75da",
      "GroupPath": "Config/LevelOutput/Group/Groups_P43216_F43216001/LevelGroup_P43216_F43216001_G13.json",
      "DimensionFilter": {},
      "Name": "MainMission8015158_New Group",
      "ID": 13
    },
    {
      "GroupGUID": "df68df43-ac17-4234-8984-763c8586f16c",
      "GroupPath": "Config/LevelOutput/Group/Groups_P43216_F43216001/LevelGroup_P43216_F43216001_G6.json",
      "DimensionFilter": {},
      "Name": "MainMission8015158_New Group",
      "ID": 6
    },
    {
      "GroupGUID": "7f222a78-c2e9-46e4-b3b6-d89d49eb16b7",
      "GroupPath": "Config/LevelOutput/Group/Groups_P43216_F43216001/LevelGroup_P43216_F43216001_G8.json",
      "DimensionFilter": {},
      "Name": "MainMission8015158_New Group",
      "ID": 8,
      "IsDelete": true
    },
    {
      "GroupGUID": "bd7bf1e4-61ba-421e-b47e-356bffcbbeae",
      "GroupPath": "Config/LevelOutput/Group/Groups_P43216_F43216001/LevelGroup_P43216_F43216001_G11.json",
      "DimensionFilter": {},
      "Name": "MainMission8015158_room2",
      "ID": 11
    },
    {
      "GroupGUID": "bce9f774-75ad-4f39-a37f-8684fdca5d64",
      "GroupPath": "Config/LevelOutput/Group/Groups_P43216_F43216001/LevelGroup_P43216_F43216001_G14.json",
      "DimensionFilter": {},
      "Name": "MainMission8015158_New Group",
      "ID": 14
    },
    {
      "GroupGUID": "e18cff2b-d73e-4d2e-9163-48c3bd39e66c",
      "GroupPath": "Config/LevelOutput/Group/Groups_P43216_F43216001/LevelGroup_P43216_F43216001_G15.json",
      "DimensionFilter": {},
      "Name": "MainMission8015158_New Group",
      "ID": 15
    },
    {
      "GroupGUID": "0117c480-e4da-4018-850e-70d92553a05c",
      "GroupPath": "Config/LevelOutput/Group/Groups_P43216_F43216001/LevelGroup_P43216_F43216001_G16.json",
      "DimensionFilter": {},
      "Name": "MainMission8015158_New Group",
      "ID": 16
    },
    {
      "GroupGUID": "3d27d005-3b22-4ea0-92ec-1f1515927470",
      "GroupPath": "Config/LevelOutput/Group/Groups_P43216_F43216001/LevelGroup_P43216_F43216001_G10.json",
      "DimensionFilter": {},
      "Name": "MainMission8015158_New Group",
      "ID": 10
    },
    {
      "GroupGUID": "bb34f32f-bbfa-4093-abc1-6a118b8aab76",
      "GroupPath": "Config/LevelOutput/Group/Groups_P43216_F43216001/LevelGroup_P43216_F43216001_G19.json",
      "DimensionFilter": {},
      "Name": "New Group",
      "ID": 19
    },
    {
      "GroupGUID": "8f9ffa7e-4b8a-455a-b5f2-29bb2746595d",
      "GroupPath": "Config/LevelOutput/Group/Groups_P43216_F43216001/LevelGroup_P43216_F43216001_G20.json",
      "Name": "New Group",
      "ID": 20
    },
    {
      "GroupGUID": "6aacb2bb-a6eb-491d-9e44-e57828ef8e67",
      "GroupPath": "Config/LevelOutput/Group/Groups_P43216_F43216001/LevelGroup_P43216_F43216001_G22.json",
      "DimensionFilter": {},
      "Name": "MainMission8015158_New Group",
      "ID": 22
    },
    {
      "GroupGUID": "8c83b84a-c172-4d4d-a4b1-93a8c5d9e0c2",
      "GroupPath": "Config/LevelOutput/Group/Groups_P43216_F43216001/LevelGroup_P43216_F43216001_G23.json",
      "DimensionFilter": {},
      "Name": "MainMission8015158_New Group",
      "ID": 23
    },
    {
      "GroupGUID": "6acd3233-8777-40d7-85b5-8cba39035ed9",
      "GroupPath": "Config/LevelOutput/Group/Groups_P43216_F43216001/LevelGroup_P43216_F43216001_G24.json",
      "DimensionFilter": {},
      "Name": "MainMission8015158_New Group",
      "ID": 24
    },
    {
      "GroupGUID": "b442b333-4e6d-4ee0-96bc-f0ca7a02d31d",
      "GroupPath": "Config/LevelOutput/Group/Groups_P43216_F43216001/LevelGroup_P43216_F43216001_G25.json",
      "DimensionFilter": {},
      "Name": "MainMission8015158_New Group",
      "ID": 25
    },
    {
      "GroupGUID": "6080d764-9524-42a4-8114-5c4743692fc8",
      "GroupPath": "Config/LevelOutput/Group/Groups_P43216_F43216001/LevelGroup_P43216_F43216001_G26.json",
      "DimensionFilter": {},
      "Name": "MainMission8015158_New Group",
      "ID": 26
    },
    {
      "GroupGUID": "05f61837-bebb-456a-ae07-8723579c20e1",
      "GroupPath": "Config/LevelOutput/Group/Groups_P43216_F43216001/LevelGroup_P43216_F43216001_G27.json",
      "DimensionFilter": {},
      "Name": "MainMission8015158_MainMission8015158_room1",
      "ID": 27
    },
    {
      "GroupGUID": "c82c694b-8e36-4f0c-90de-95f9cf17b9e2",
      "GroupPath": "Config/LevelOutput/Group/Groups_P43216_F43216001/LevelGroup_P43216_F43216001_G28.json",
      "DimensionFilter": {},
      "Name": "MainMission8015158_New Group",
      "ID": 28,
      "IsDelete": true
    },
    {
      "GroupGUID": "c1822f5c-d9c4-4c7f-b335-abdeaae74177",
      "GroupPath": "Config/LevelOutput/Group/Groups_P43216_F43216001/LevelGroup_P43216_F43216001_G29.json",
      "DimensionFilter": {},
      "Name": "Sound",
      "ID": 29
    },
    {
      "GroupGUID": "5d95083f-0969-4107-bce5-ffefd8c857a8",
      "GroupPath": "Config/LevelOutput/Group/Groups_P43216_F43216001/LevelGroup_P43216_F43216001_G30.json",
      "DimensionFilter": {},
      "Name": "MainMission8015158_New Group",
      "ID": 30
    },
    {
      "GroupGUID": "9274f009-b805-4c58-8dce-82bedad17252",
      "GroupPath": "Config/LevelOutput/Group/Groups_P43216_F43216001/LevelGroup_P43216_F43216001_G31.json",
      "DimensionFilter": {},
      "Name": "MainMission8015158_New Group",
      "ID": 31
    },
    {
      "GroupGUID": "92ee2137-18a8-4b45-828b-46fc3e6eeaed",
      "GroupPath": "Config/LevelOutput/Group/Groups_P43216_F43216001/LevelGroup_P43216_F43216001_G32.json",
      "DimensionFilter": {},
      "Name": "MainMission8015158_NewGroup",
      "ID": 32
    }
  ],
  "DefaultEnviroProfile": "Stages/Outputs/Chapter02/EnviroProfile/Chap02_CloseView_ADV_X02_Sanctum_SuiGarden_Room_Night.enviroProfile.asset",
  "StageData": "Stages/Outputs/Chapter02/Stages/Chap02_MAZ_SuiGarden_Ghost04_StageData/Chap02_MAZ_SuiGarden_Ghost04_StageData.stage",
  "CameraType": "Maze",
  "MinimapVolumeData": {},
  "TimeOfDayEnviroProfileMap": {},
  "LayerToAreaMask": [
    1
  ],
  "FloorCustomData": {
    "SavedValues": [
      {
        "ID": 1,
        "Name": "DoorState_Chase",
        "AllowedValues": [
          0,
          1
        ],
        "MaxValue": 1
      }
    ]
  },
  "BattleAreaList": [],
  "DimensionList": [
    {}
  ],
  "EnableGroupStreaming": false,
  "EnableGroupSpaceConflict": false,
  "IsRestartLevelGraph": false
}