{
  "FloorID": 43204001,
  "FloorName": "FloorName_43204001",
  "StartGroupID": 10,
  "StartAnchorID": 1,
  "GroupList": [
    {
      "GroupGUID": "8109d8a0-10ad-4aaa-84a1-20b4e8d854fc",
      "GroupPath": "Config/LevelOutput/Group/Groups_P43204_F43204001/LevelGroup_P43204_F43204001_G8.json",
      "Name": "Sound",
      "ID": 8
    },
    {
      "GroupGUID": "eaf1507d-354f-4a95-98bc-7b24f41e7579",
      "GroupPath": "Config/LevelOutput/Group/Groups_P43204_F43204001/LevelGroup_P43204_F43204001_G10.json",
      "Name": "DefaultGroup",
      "ID": 10
    },
    {
      "GroupGUID": "5b1f90a3-8b6d-4989-bbc3-b106db9dd95a",
      "GroupPath": "Config/LevelOutput/Group/Groups_P43204_F43204001/LevelGroup_P43204_F43204001_G14.json",
      "Name": "Drone",
      "ID": 14
    },
    {
      "GroupGUID": "17aa9331-07f4-4566-9d17-2f5a57c8dcf6",
      "GroupPath": "Config/LevelOutput/Group/Groups_P43204_F43204001/LevelGroup_P43204_F43204001_G15.json",
      "Name": "Default_Camera",
      "ID": 15
    },
    {
      "GroupGUID": "cdca80b3-b58c-47c3-982f-7d54a036eb7d",
      "GroupPath": "Config/LevelOutput/Group/Groups_P43204_F43204001/LevelGroup_P43204_F43204001_G16.json",
      "Name": "MainMission8002213_",
      "ID": 16
    },
    {
      "GroupGUID": "8d0b5ffa-4846-4ce3-94f2-9d66e653b388",
      "GroupPath": "Config/LevelOutput/Group/Groups_P43204_F43204001/LevelGroup_P43204_F43204001_G21.json",
      "Name": "Default_BoundaryCamera_Client",
      "ID": 21
    },
    {
      "GroupGUID": "55ea5405-c575-4edb-9266-cf6adf98f3a9",
      "GroupPath": "Config/LevelOutput/Group/Groups_P43204_F43204001/LevelGroup_P43204_F43204001_G22.json",
      "Name": "Default_BoundaryCamera_Client",
      "ID": 22
    },
    {
      "GroupGUID": "8ebbd10a-d379-48bc-a296-b6b18ad012ff",
      "GroupPath": "Config/LevelOutput/Group/Groups_P43204_F43204001/LevelGroup_P43204_F43204001_G23.json",
      "Name": "Default_BoundaryCamera_Client",
      "ID": 23
    },
    {
      "GroupGUID": "8664482c-9afc-49e5-9b21-3f57e672bf0e",
      "GroupPath": "Config/LevelOutput/Group/Groups_P43204_F43204001/LevelGroup_P43204_F43204001_G24.json",
      "Name": "Default_BoundaryCamera_Client",
      "ID": 24
    },
    {
      "GroupGUID": "0696f476-cbe4-4d75-8a88-462afcf9e481",
      "GroupPath": "Config/LevelOutput/Group/Groups_P43204_F43204001/LevelGroup_P43204_F43204001_G25.json",
      "Name": "Default_SceneProp_Censer",
      "ID": 25
    }
  ],
  "DefaultEnviroProfile": "Stages/Outputs/Chapter02/EnviroProfile/Chap02_CloseView_MAZ_X301_MainLine_01_Day.enviroProfile.asset",
  "StageData": "Stages/Outputs/Chapter02/Stages/Chap02_MAZ_X301_MainLine_01_StageData/Chap02_MAZ_X301_MainLine_01_StageData.stage",
  "CameraType": "Maze",
  "TimeOfDayEnviroProfileMap": {},
  "LayerToAreaMask": [
    8,
    16
  ],
  "NavmapConfigPath": "Config/LevelOutput/Map/MapInfo_P20231_F20231001.json",
  "IsRestartLevelGraph": false
}