{
  "FloorID": 43206001,
  "FloorName": "FloorName_43206001",
  "StartGroupID": 1,
  "StartAnchorID": 1,
  "GroupList": [
    {
      "GroupGUID": "58b30f65-e2f5-4813-b335-a11644f3974d",
      "GroupPath": "Config/LevelOutput/Group/Groups_P43206_F43206001/LevelGroup_P43206_F43206001_G1.json",
      "Name": "DefaultGroup",
      "ID": 1
    },
    {
      "GroupGUID": "b4356059-4710-4653-b3dc-1a3cef6b77c6",
      "GroupPath": "Config/LevelOutput/Group/Groups_P43206_F43206001/LevelGroup_P43206_F43206001_G2.json",
      "Name": "Default",
      "ID": 2
    },
    {
      "GroupGUID": "55180ef3-6b4f-47ab-81ea-0998987922c8",
      "GroupPath": "Config/LevelOutput/Group/Groups_P43206_F43206001/LevelGroup_P43206_F43206001_G3.json",
      "Name": "Sound",
      "ID": 3
    },
    {
      "GroupGUID": "885332f1-2358-4685-b12c-da68002a919d",
      "GroupPath": "Config/LevelOutput/Group/Groups_P43206_F43206001/LevelGroup_P43206_F43206001_G4.json",
      "Name": "Sequence_Light01",
      "ID": 4
    },
    {
      "GroupGUID": "6057a402-aa60-4707-8e8e-c069a490cd46",
      "GroupPath": "Config/LevelOutput/Group/Groups_P43206_F43206001/LevelGroup_P43206_F43206001_G5.json",
      "Name": "Sequence_Light02",
      "ID": 5
    },
    {
      "GroupGUID": "585fcd36-dccf-4c44-b59a-5ac0847aa28b",
      "GroupPath": "Config/LevelOutput/Group/Groups_P43206_F43206001/LevelGroup_P43206_F43206001_G6.json",
      "Name": "Sequence_Light03",
      "ID": 6
    },
    {
      "GroupGUID": "53130ee2-5611-470e-a86f-8a411b115cfd",
      "GroupPath": "Config/LevelOutput/Group/Groups_P43206_F43206001/LevelGroup_P43206_F43206001_G7.json",
      "Name": "SeaBlock",
      "ID": 7
    },
    {
      "GroupGUID": "83b6d6c2-a773-4eb1-a11a-46b7b0c8ffb3",
      "GroupPath": "Config/LevelOutput/Group/Groups_P43206_F43206001/LevelGroup_P43206_F43206001_G8.json",
      "Name": "BrokenBridge",
      "ID": 8
    },
    {
      "GroupGUID": "33ed1676-36c4-4360-8e6d-91d09cc638e5",
      "GroupPath": "Config/LevelOutput/Group/Groups_P43206_F43206001/LevelGroup_P43206_F43206001_G9.json",
      "Name": "NPC",
      "ID": 9
    },
    {
      "GroupGUID": "cf7017eb-34b2-4e6e-a489-bec02e251dbd",
      "GroupPath": "Config/LevelOutput/Group/Groups_P43206_F43206001/LevelGroup_P43206_F43206001_G10.json",
      "Name": "Props",
      "ID": 10
    },
    {
      "GroupGUID": "67737565-6129-46df-81b0-0e08af57202b",
      "GroupPath": "Config/LevelOutput/Group/Groups_P43206_F43206001/LevelGroup_P43206_F43206001_G11.json",
      "Name": "MainMission8002222_",
      "ID": 11
    },
    {
      "GroupGUID": "3d848be2-9024-4180-b7b9-7cb0880fada1",
      "GroupPath": "Config/LevelOutput/Group/Groups_P43206_F43206001/LevelGroup_P43206_F43206001_G12.json",
      "Name": "Gameplay_CallPuppy_ForSpecialVision",
      "ID": 12
    },
    {
      "GroupGUID": "64849abd-4df5-4353-8941-0d61a45677d0",
      "GroupPath": "Config/LevelOutput/Group/Groups_P43206_F43206001/LevelGroup_P43206_F43206001_G13.json",
      "Name": "MainMission8002222_",
      "ID": 13
    },
    {
      "GroupGUID": "1e6e8d6e-ab59-4bd8-b733-37b7f63d3d32",
      "GroupPath": "Config/LevelOutput/Group/Groups_P43206_F43206001/LevelGroup_P43206_F43206001_G14.json",
      "Name": "MainMission8002222_",
      "ID": 14
    },
    {
      "GroupGUID": "148cec82-b848-4541-82b8-f57095b4f727",
      "GroupPath": "Config/LevelOutput/Group/Groups_P43206_F43206001/LevelGroup_P43206_F43206001_G15.json",
      "Name": "MainMission8002222_",
      "ID": 15
    },
    {
      "GroupGUID": "067ecad4-126c-461b-a830-50dd9ea86e24",
      "GroupPath": "Config/LevelOutput/Group/Groups_P43206_F43206001/LevelGroup_P43206_F43206001_G16.json",
      "Name": "MainMission8002222_",
      "ID": 16
    },
    {
      "GroupGUID": "11ddccef-550a-4419-824d-ca77b7b01622",
      "GroupPath": "Config/LevelOutput/Group/Groups_P43206_F43206001/LevelGroup_P43206_F43206001_G17.json",
      "Name": "MainMission8002222_",
      "ID": 17
    },
    {
      "GroupGUID": "1ca36dd6-d7fd-4e2c-adc9-dc4b68c1218b",
      "GroupPath": "Config/LevelOutput/Group/Groups_P43206_F43206001/LevelGroup_P43206_F43206001_G18.json",
      "Name": "MainMission8002222_",
      "ID": 18
    },
    {
      "GroupGUID": "5a70bf26-f66d-43c4-ab7f-e0d37e666aaf",
      "GroupPath": "Config/LevelOutput/Group/Groups_P43206_F43206001/LevelGroup_P43206_F43206001_G19.json",
      "Name": "MainMission8002222_",
      "ID": 19
    },
    {
      "GroupGUID": "2f1aeb95-8ed4-43f2-81bc-07657be5a05b",
      "GroupPath": "Config/LevelOutput/Group/Groups_P43206_F43206001/LevelGroup_P43206_F43206001_G20.json",
      "Name": "MainMission8002222_",
      "ID": 20
    },
    {
      "GroupGUID": "fa1d2f89-cb7a-4659-9dec-8ed9f3d5ffb0",
      "GroupPath": "Config/LevelOutput/Group/Groups_P43206_F43206001/LevelGroup_P43206_F43206001_G21.json",
      "Name": "MainMission8002222_",
      "ID": 21
    },
    {
      "GroupGUID": "3d49c29f-521f-4350-a675-aa4a2c1d2d24",
      "GroupPath": "Config/LevelOutput/Group/Groups_P43206_F43206001/LevelGroup_P43206_F43206001_G22.json",
      "Name": "MainMission8002222_",
      "ID": 22
    },
    {
      "GroupGUID": "cd07d14d-e612-4a37-83de-a72c5e5fca13",
      "GroupPath": "Config/LevelOutput/Group/Groups_P43206_F43206001/LevelGroup_P43206_F43206001_G23.json",
      "Name": "EnviromentController",
      "ID": 23
    }
  ],
  "DefaultEnviroProfile": "Stages/Outputs/Chapter02/EnviroProfile/Chap02_CloseView_MAZ_X302_MainLine_01_Day.enviroProfile.asset",
  "StageData": "Stages/Outputs/Chapter02/Stages/Chap02_MAZ_X302_MainLine_01_StageData/Chap02_MAZ_X302_MainLine_01_StageData.stage",
  "CameraType": "Maze",
  "TimeOfDayEnviroProfileMap": {},
  "LayerToAreaMask": [
    1
  ],
  "NavmapConfigPath": "Config/LevelOutput/Map/MapInfo_P20232_F20232001.json",
  "IsRestartLevelGraph": false
}