{
  "FloorID": 43210001,
  "FloorName": "FloorName_43210001",
  "StartGroupID": 1,
  "StartAnchorID": 1,
  "GroupList": [
    {
      "GroupGUID": "e799247f-32e6-4122-8479-6f798357744f",
      "GroupPath": "Config/LevelOutput/Group/Groups_P43210_F43210001/LevelGroup_P43210_F43210001_G1.json",
      "Name": "DefaultGroup",
      "ID": 1
    },
    {
      "GroupGUID": "98afbda4-4ff5-4240-b9a0-3a3b9ac58a66",
      "GroupPath": "Config/LevelOutput/Group/Groups_P43210_F43210001/LevelGroup_P43210_F43210001_G3.json",
      "Name": "Portal",
      "ID": 3,
      "IsDelete": true
    },
    {
      "GroupGUID": "b41add24-a1e3-41e1-83f3-aedef6664ec7",
      "GroupPath": "Config/LevelOutput/Group/Groups_P43210_F43210001/LevelGroup_P43210_F43210001_G4.json",
      "Name": "MainMission2021702_Portal",
      "ID": 4
    },
    {
      "GroupGUID": "93ae9939-a050-43de-8a46-a5815e4fb6a9",
      "GroupPath": "Config/LevelOutput/Group/Groups_P43210_F43210001/LevelGroup_P43210_F43210001_G5.json",
      "DimensionFilter": {},
      "Name": "MainMission2021702_PerformanceD",
      "ID": 5
    },
    {
      "GroupGUID": "037fe73c-30e6-418b-9712-030b7b8b6744",
      "GroupPath": "Config/LevelOutput/Group/Groups_P43210_F43210001/LevelGroup_P43210_F43210001_G6.json",
      "Name": "MainMission2021702_PerformanceD_2",
      "ID": 6
    },
    {
      "GroupGUID": "e76f1c17-b414-4f0a-9ab3-a9766d706291",
      "GroupPath": "Config/LevelOutput/Group/Groups_P43210_F43210001/LevelGroup_P43210_F43210001_G7.json",
      "Name": "MainMission2021702_FinalExit",
      "ID": 7
    },
    {
      "GroupGUID": "ed19e997-d74a-4af4-9a55-edf74f85b454",
      "GroupPath": "Config/LevelOutput/Group/Groups_P43210_F43210001/LevelGroup_P43210_F43210001_G8.json",
      "Name": "MainMission2021702_LightBridge",
      "ID": 8
    },
    {
      "GroupGUID": "9349067d-f7a5-49fb-8525-fe2508dbe0c8",
      "GroupPath": "Config/LevelOutput/Group/Groups_P43210_F43210001/LevelGroup_P43210_F43210001_G11.json",
      "DimensionFilter": {},
      "Name": "New Group",
      "ID": 11
    },
    {
      "GroupGUID": "db98ab9e-11ec-4197-948c-ffe3974dd709",
      "GroupPath": "Config/LevelOutput/Group/Groups_P43210_F43210001/LevelGroup_P43210_F43210001_G12.json",
      "DimensionFilter": {},
      "Name": "Sound",
      "ID": 12
    },
    {
      "GroupGUID": "8126e7de-f242-4772-a317-f6db7e176267",
      "GroupPath": "Config/LevelOutput/Group/Groups_P43210_F43210001/LevelGroup_P43210_F43210001_G14.json",
      "Name": "BattleArea",
      "ID": 14
    }
  ],
  "DefaultEnviroProfile": "Stages/Outputs/Chapter02/EnviroProfile/Chap02_CloseView_ADV_X02_Sanctum_SuiGarden_Night.enviroProfile.asset",
  "StageData": "Stages/Outputs/Chapter02/Stages/Chap02_ADV_X02_Sanctum_SuiGarden_StageData/Chap02_ADV_X02_Sanctum_SuiGarden_StageData.stage",
  "CameraType": "Maze",
  "TimeOfDayEnviroProfileMap": {},
  "LayerToAreaMask": [
    1
  ],
  "BattleAreaList": [],
  "DimensionList": [
    {}
  ],
  "NavmapConfigPath": "Config/LevelOutput/Map/MapInfo_P20223_F20223001.json",
  "EnableGroupStreaming": false,
  "EnableGroupSpaceConflict": false,
  "IsRestartLevelGraph": false
}