{
  "FloorID": 43208001,
  "FloorName": "FloorName_43208001",
  "StartGroupID": 1,
  "StartAnchorID": 1,
  "GroupList": [
    {
      "GroupGUID": "c980492d-0dc2-43bf-9e52-3e22c60952cf",
      "GroupPath": "Config/LevelOutput/Group/Groups_P43208_F43208001/LevelGroup_P43208_F43208001_G1.json",
      "Name": "DefaultGroup",
      "ID": 1
    },
    {
      "GroupGUID": "b1c6e6ed-578d-43d2-bf9d-57bd151beef3",
      "GroupPath": "Config/LevelOutput/Group/Groups_P43208_F43208001/LevelGroup_P43208_F43208001_G2.json",
      "Name": "DefaultGroup",
      "ID": 2
    },
    {
      "GroupGUID": "5b9eaa27-ee6f-44c2-b749-7341a06c1c6b",
      "GroupPath": "Config/LevelOutput/Group/Groups_P43208_F43208001/LevelGroup_P43208_F43208001_G3.json",
      "Name": "Default_Camera",
      "ID": 3
    },
    {
      "GroupGUID": "f814f481-0f3b-4cb0-900d-7f165d33b19a",
      "GroupPath": "Config/LevelOutput/Group/Groups_P43208_F43208001/LevelGroup_P43208_F43208001_G4.json",
      "Name": "Sound",
      "ID": 4
    },
    {
      "GroupGUID": "31eb75d7-a881-4d5b-9f91-00edd769185d",
      "GroupPath": "Config/LevelOutput/Group/Groups_P43208_F43208001/LevelGroup_P43208_F43208001_G5.json",
      "Name": "MainMission8002233_",
      "ID": 5
    },
    {
      "GroupGUID": "f7d8727c-5fbd-400e-9e88-6f1c51d271d2",
      "GroupPath": "Config/LevelOutput/Group/Groups_P43208_F43208001/LevelGroup_P43208_F43208001_G6.json",
      "Name": "MainMission8002233_",
      "ID": 6
    },
    {
      "GroupGUID": "6323d128-ebbb-4105-ad47-fd22f6a1e04d",
      "GroupPath": "Config/LevelOutput/Group/Groups_P43208_F43208001/LevelGroup_P43208_F43208001_G7.json",
      "Name": "MainMission8002233_",
      "ID": 7
    },
    {
      "GroupGUID": "03bc3b6d-cdd6-46a5-999f-e61cac0fd0df",
      "GroupPath": "Config/LevelOutput/Group/Groups_P43208_F43208001/LevelGroup_P43208_F43208001_G8.json",
      "Name": "MainMission8002233_",
      "ID": 8
    },
    {
      "GroupGUID": "b6cf0935-e925-4b89-867d-4ba28c1d3af4",
      "GroupPath": "Config/LevelOutput/Group/Groups_P43208_F43208001/LevelGroup_P43208_F43208001_G13.json",
      "Name": "Default_BoundaryCamera_Client",
      "ID": 13
    },
    {
      "GroupGUID": "d8348a35-2d19-4003-8e7d-8d62b52c9283",
      "GroupPath": "Config/LevelOutput/Group/Groups_P43208_F43208001/LevelGroup_P43208_F43208001_G14.json",
      "Name": "Default_BoundaryCamera_Client",
      "ID": 14
    },
    {
      "GroupGUID": "9d42914d-9287-4528-b587-8e53e0f814ae",
      "GroupPath": "Config/LevelOutput/Group/Groups_P43208_F43208001/LevelGroup_P43208_F43208001_G15.json",
      "Name": "Default_BoundaryCamera_Client",
      "ID": 15
    },
    {
      "GroupGUID": "7bcde55a-fc12-47f3-af7c-22b2a9dbb5dc",
      "GroupPath": "Config/LevelOutput/Group/Groups_P43208_F43208001/LevelGroup_P43208_F43208001_G16.json",
      "Name": "Default_BoundaryCamera_Client",
      "ID": 16
    }
  ],
  "DefaultEnviroProfile": "Stages/Outputs/Chapter02/EnviroProfile/Chap02_CloseView_MAZ_X301_MainLine_01_Day.enviroProfile.asset",
  "StageData": "Stages/Outputs/Chapter02/Stages/Chap02_MAZ_X301_MainLine_01_StageData/Chap02_MAZ_X301_MainLine_01_StageData.stage",
  "CameraType": "Maze",
  "TimeOfDayEnviroProfileMap": {},
  "LayerToAreaMask": [
    8,
    16
  ],
  "NavmapConfigPath": "Config/LevelOutput/Map/MapInfo_P20231_F20231001.json",
  "IsRestartLevelGraph": false
}