{
  "FloorID": 43202005,
  "FloorName": "FloorName_43202005",
  "StartGroupID": 1,
  "StartAnchorID": 1,
  "GroupList": [
    {
      "GroupGUID": "e34a58e5-a5ee-4e08-b439-0219b57b3424",
      "GroupPath": "Config/LevelOutput/Group/Groups_P43202_F43202005/LevelGroup_P43202_F43202005_G1.json",
      "Name": "DefaultGroup",
      "ID": 1
    },
    {
      "GroupGUID": "360ad726-d546-47c7-a4b0-d9d5ed91a912",
      "GroupPath": "Config/LevelOutput/Group/Groups_P43202_F43202005/LevelGroup_P43202_F43202005_G2.json",
      "Name": "Sound",
      "ID": 2
    },
    {
      "GroupGUID": "230456ff-1fac-49d8-9942-39340759c2ba",
      "GroupPath": "Config/LevelOutput/Group/Groups_P43202_F43202005/LevelGroup_P43202_F43202005_G3.json",
      "Name": "MainMission2021002_02",
      "ID": 3
    },
    {
      "GroupGUID": "3fa7daab-7345-4887-b142-0fd0d8b91bc6",
      "GroupPath": "Config/LevelOutput/Group/Groups_P43202_F43202005/LevelGroup_P43202_F43202005_G4.json",
      "Name": "MainMission2021002_02",
      "ID": 4
    },
    {
      "GroupGUID": "be9e28c2-9205-47c9-864a-7aea0b1c41ba",
      "GroupPath": "Config/LevelOutput/Group/Groups_P43202_F43202005/LevelGroup_P43202_F43202005_G5.json",
      "Name": "MainMission2021002_03",
      "ID": 5
    },
    {
      "GroupGUID": "c68a4eea-06dc-4c78-8db4-32eee89379a1",
      "GroupPath": "Config/LevelOutput/Group/Groups_P43202_F43202005/LevelGroup_P43202_F43202005_G6.json",
      "Name": "CrowdMember",
      "ID": 6
    },
    {
      "GroupGUID": "de897a1e-007c-4f2a-ba73-0183c4aecfec",
      "GroupPath": "Config/LevelOutput/Group/Groups_P43202_F43202005/LevelGroup_P43202_F43202005_G7.json",
      "Name": "MainMission2021002_",
      "ID": 7
    },
    {
      "GroupGUID": "89da8ace-0b48-446e-83fb-e0f5ee65ab30",
      "GroupPath": "Config/LevelOutput/Group/Groups_P43202_F43202005/LevelGroup_P43202_F43202005_G8.json",
      "Name": "Checkpoint",
      "ID": 8
    },
    {
      "GroupGUID": "760f77ab-34d6-4c0b-b40f-997ffa3f23eb",
      "GroupPath": "Config/LevelOutput/Group/Groups_P43202_F43202005/LevelGroup_P43202_F43202005_G9.json",
      "Name": "MainMission2021002_",
      "ID": 9
    },
    {
      "GroupGUID": "7657a6e7-828d-450e-88a2-85167e1faf98",
      "GroupPath": "Config/LevelOutput/Group/Groups_P43202_F43202005/LevelGroup_P43202_F43202005_G10.json",
      "Name": "MainMission2021002_",
      "ID": 10
    }
  ],
  "DefaultEnviroProfile": "Stages/Outputs/Chapter02/EnviroProfile/Chap02_CloseView_MAZ_X301_MainLine_01_Day.enviroProfile.asset",
  "StageData": "Stages/Outputs/Chapter02/Stages/Chap02_MAZ_X301_MainLine_01_StageData/Chap02_MAZ_X301_MainLine_01_StageData.stage",
  "CameraType": "Maze",
  "TimeOfDayEnviroProfileMap": {},
  "LayerToAreaMask": [
    8,
    16
  ],
  "NavmapConfigPath": "Config/LevelOutput/Map/MapInfo_P20231_F20231001.json",
  "EnableGroupStreaming": false,
  "EnableGroupSpaceConflict": false,
  "IsRestartLevelGraph": false
}