{
  "FloorID": 43211001,
  "FloorName": "FloorName_43211001",
  "StartGroupID": 1,
  "StartAnchorID": 1,
  "GroupList": [
    {
      "GroupGUID": "49723c89-0a79-473e-a001-67f2daf4309d",
      "GroupPath": "Config/LevelOutput/Group/Groups_P43211_F43211001/LevelGroup_P43211_F43211001_G1.json",
      "DimensionFilter": {},
      "Name": "DefaultGroup",
      "ID": 1
    },
    {
      "GroupGUID": "91256ad6-16b5-47bd-ae18-2ea23508fb20",
      "GroupPath": "Config/LevelOutput/Group/Groups_P43211_F43211001/LevelGroup_P43211_F43211001_G2.json",
      "Name": "MainMission2021704_HH_TX_01",
      "ID": 2
    },
    {
      "GroupGUID": "2374b696-2aea-4e83-b547-fa003c4f7b07",
      "GroupPath": "Config/LevelOutput/Group/Groups_P43211_F43211001/LevelGroup_P43211_F43211001_G3.json",
      "DimensionFilter": {},
      "Name": "MainMission2021704_HH_TX_02",
      "ID": 3
    },
    {
      "GroupGUID": "51aa4b7a-11ae-4849-9cdf-3187b7d05969",
      "GroupPath": "Config/LevelOutput/Group/Groups_P43211_F43211001/LevelGroup_P43211_F43211001_G7.json",
      "Name": "Portal",
      "ID": 7
    },
    {
      "GroupGUID": "1b5886c9-bee7-4b4d-b797-ba437f220170",
      "GroupPath": "Config/LevelOutput/Group/Groups_P43211_F43211001/LevelGroup_P43211_F43211001_G8.json",
      "Name": "MainMission2021704_HHTX_Liangting",
      "ID": 8
    },
    {
      "GroupGUID": "4fe48cfd-2147-46c2-8567-3fd9d9fc764b",
      "GroupPath": "Config/LevelOutput/Group/Groups_P43211_F43211001/LevelGroup_P43211_F43211001_G9.json",
      "DimensionFilter": {},
      "Name": "MainMission2021704_HHTX_LT2",
      "ID": 9
    },
    {
      "GroupGUID": "ab42f84f-29ba-4f49-8200-caf003b6043e",
      "GroupPath": "Config/LevelOutput/Group/Groups_P43211_F43211001/LevelGroup_P43211_F43211001_G10.json",
      "DimensionFilter": {},
      "Name": "SuiGardenElevator",
      "ID": 10
    },
    {
      "GroupGUID": "fb947266-c2f3-4d3b-94c8-cbd3757f10f8",
      "GroupPath": "Config/LevelOutput/Group/Groups_P43211_F43211001/LevelGroup_P43211_F43211001_G11.json",
      "DimensionFilter": {},
      "Name": "MainMission2021704_Monster",
      "ID": 11
    },
    {
      "GroupGUID": "0dd71d21-59b4-4b84-98d3-57647048dd6d",
      "GroupPath": "Config/LevelOutput/Group/Groups_P43211_F43211001/LevelGroup_P43211_F43211001_G12.json",
      "Name": "Checkpoint",
      "ID": 12
    },
    {
      "GroupGUID": "88b02f99-a5ad-4b45-90e7-5ace4bd43746",
      "GroupPath": "Config/LevelOutput/Group/Groups_P43211_F43211001/LevelGroup_P43211_F43211001_G13.json",
      "Name": "MPProp",
      "ID": 13
    },
    {
      "GroupGUID": "852e345f-69da-46cb-a03c-abc55752c214",
      "GroupPath": "Config/LevelOutput/Group/Groups_P43211_F43211001/LevelGroup_P43211_F43211001_G14.json",
      "Name": "BlockLines",
      "ID": 14
    },
    {
      "GroupGUID": "2c89858c-3b04-4b64-9fd8-99096102601c",
      "GroupPath": "Config/LevelOutput/Group/Groups_P43211_F43211001/LevelGroup_P43211_F43211001_G15.json",
      "Name": "MainMission2021704_HHTX_MissionTalk",
      "ID": 15
    },
    {
      "GroupGUID": "32311aa2-b4ef-42b6-ab23-91dd1f6caab3",
      "GroupPath": "Config/LevelOutput/Group/Groups_P43211_F43211001/LevelGroup_P43211_F43211001_G16.json",
      "Name": "MainMission2021704_HHTX_FW",
      "ID": 16
    },
    {
      "GroupGUID": "1490beaa-ac9d-48ca-a0f7-1363665c4f9b",
      "GroupPath": "Config/LevelOutput/Group/Groups_P43211_F43211001/LevelGroup_P43211_F43211001_G18.json",
      "DimensionFilter": {},
      "Name": "Sound_02",
      "ID": 18
    },
    {
      "GroupGUID": "b8982d26-b827-4f8c-830a-9357c168916a",
      "GroupPath": "Config/LevelOutput/Group/Groups_P43211_F43211001/LevelGroup_P43211_F43211001_G19.json",
      "DimensionFilter": {},
      "Name": "MainMission0_BattleArea",
      "ID": 19
    }
  ],
  "DefaultEnviroProfile": "Stages/Outputs/Chapter02/EnviroProfile/Chap02_CloseView_ADV_X02_Sanctum_SuiGarden_Night.enviroProfile.asset",
  "StageData": "Stages/Outputs/Chapter02/Stages/Chap02_ADV_X02_Sanctum_SuiGarden_StageData/Chap02_ADV_X02_Sanctum_SuiGarden_StageData.stage",
  "CameraType": "Maze",
  "TimeOfDayEnviroProfileMap": {},
  "LayerToAreaMask": [
    1
  ],
  "FloorCustomData": {
    "SavedValues": [
      {
        "ID": 1,
        "Name": "SoundGroupState",
        "AllowedValues": [],
        "MaxValue": 2
      }
    ]
  },
  "BattleAreaList": [],
  "DimensionList": [
    {}
  ],
  "NavmapConfigPath": "Config/LevelOutput/Map/MapInfo_P20223_F20223001.json",
  "EnableGroupStreaming": false,
  "EnableGroupSpaceConflict": false,
  "IsRestartLevelGraph": false
}