{
  "FloorID": 43202006,
  "FloorName": "FloorName_43202006",
  "StartGroupID": 1,
  "StartAnchorID": 1,
  "GroupList": [
    {
      "GroupGUID": "f7837767-84d3-49b5-9bdb-94058ef2d636",
      "GroupPath": "Config/LevelOutput/Group/Groups_P43202_F43202006/LevelGroup_P43202_F43202006_G1.json",
      "Name": "Default",
      "ID": 1
    },
    {
      "GroupGUID": "878344f1-0bcc-4db5-975b-29440f85b995",
      "GroupPath": "Config/LevelOutput/Group/Groups_P43202_F43202006/LevelGroup_P43202_F43202006_G2.json",
      "Name": "Sound",
      "ID": 2
    },
    {
      "GroupGUID": "5bbd7d3a-4aeb-4081-a869-1b105f904888",
      "GroupPath": "Config/LevelOutput/Group/Groups_P43202_F43202006/LevelGroup_P43202_F43202006_G4.json",
      "Name": "SeaBlock",
      "ID": 4
    },
    {
      "GroupGUID": "9eafb969-6fe1-48db-918e-ec3bcb2a8931",
      "GroupPath": "Config/LevelOutput/Group/Groups_P43202_F43202006/LevelGroup_P43202_F43202006_G5.json",
      "Name": "MainMission2021002_",
      "ID": 5
    },
    {
      "GroupGUID": "fd5ba72e-e52a-4fb2-987b-b638f64dc52c",
      "GroupPath": "Config/LevelOutput/Group/Groups_P43202_F43202006/LevelGroup_P43202_F43202006_G6.json",
      "Name": "MainMission2021002_",
      "ID": 6
    },
    {
      "GroupGUID": "fb9f9430-85bb-40f2-8205-4ac9b905a064",
      "GroupPath": "Config/LevelOutput/Group/Groups_P43202_F43202006/LevelGroup_P43202_F43202006_G7.json",
      "Name": "MainMission2021002_",
      "ID": 7
    },
    {
      "GroupGUID": "1a287e42-3e57-44f2-9da7-bf90e4aeb3e3",
      "GroupPath": "Config/LevelOutput/Group/Groups_P43202_F43202006/LevelGroup_P43202_F43202006_G8.json",
      "Name": "MainMission2021002_",
      "ID": 8
    },
    {
      "GroupGUID": "df892c66-3bea-4471-a993-70dc41cf8b79",
      "GroupPath": "Config/LevelOutput/Group/Groups_P43202_F43202006/LevelGroup_P43202_F43202006_G9.json",
      "Name": "MainMission2021002_",
      "ID": 9
    },
    {
      "GroupGUID": "87e74098-e10e-4098-b476-61b8fede5ac2",
      "GroupPath": "Config/LevelOutput/Group/Groups_P43202_F43202006/LevelGroup_P43202_F43202006_G10.json",
      "Name": "MainMission2021002_",
      "ID": 10
    },
    {
      "GroupGUID": "b5d74c7f-ea1c-40d2-aabc-bc532be22470",
      "GroupPath": "Config/LevelOutput/Group/Groups_P43202_F43202006/LevelGroup_P43202_F43202006_G11.json",
      "Name": "BATProp",
      "ID": 11
    },
    {
      "GroupGUID": "cae498e0-d695-48ea-a49a-5033c6e9702c",
      "GroupPath": "Config/LevelOutput/Group/Groups_P43202_F43202006/LevelGroup_P43202_F43202006_G12.json",
      "Name": "EnviromentController",
      "ID": 12
    },
    {
      "GroupGUID": "813f8a5c-955c-4e5d-b56f-dea91ddb3971",
      "GroupPath": "Config/LevelOutput/Group/Groups_P43202_F43202006/LevelGroup_P43202_F43202006_G13.json",
      "Name": "BrokenBridge",
      "ID": 13
    },
    {
      "GroupGUID": "b34ade90-740b-47da-8ae4-9a0b2797b899",
      "GroupPath": "Config/LevelOutput/Group/Groups_P43202_F43202006/LevelGroup_P43202_F43202006_G14.json",
      "Name": "MainMission2020602_",
      "ID": 14
    },
    {
      "GroupGUID": "59a39dde-fd59-4d14-ac80-4ab2ab364043",
      "GroupPath": "Config/LevelOutput/Group/Groups_P43202_F43202006/LevelGroup_P43202_F43202006_G15.json",
      "Name": "Sequence_Light01_Fake",
      "ID": 15
    },
    {
      "GroupGUID": "26f6f04a-e35c-4bd2-a6ef-ed940425a538",
      "GroupPath": "Config/LevelOutput/Group/Groups_P43202_F43202006/LevelGroup_P43202_F43202006_G16.json",
      "Name": "Sequence_Light02_Fake",
      "ID": 16
    },
    {
      "GroupGUID": "8b0b1b72-4aaa-4661-bc19-d5828ab1b777",
      "GroupPath": "Config/LevelOutput/Group/Groups_P43202_F43202006/LevelGroup_P43202_F43202006_G17.json",
      "Name": "Sequence_Light03_Fake",
      "ID": 17
    }
  ],
  "DefaultEnviroProfile": "Stages/Outputs/Chapter02/EnviroProfile/Chap02_CloseView_MAZ_X302_MainLine_01_Day.enviroProfile.asset",
  "StageData": "Stages/Outputs/Chapter02/Stages/Chap02_MAZ_X302_MainLine_01_StageData/Chap02_MAZ_X302_MainLine_01_StageData.stage",
  "CameraType": "Maze",
  "TimeOfDayEnviroProfileMap": {},
  "LayerToAreaMask": [
    1
  ],
  "NavmapConfigPath": "Config/LevelOutput/Map/MapInfo_P20232_F20232001.json",
  "EnableGroupStreaming": false,
  "EnableGroupSpaceConflict": false,
  "IsRestartLevelGraph": false
}