{
  "FloorID": 43205001,
  "FloorName": "FloorName_43205001",
  "StartGroupID": 10,
  "StartAnchorID": 1,
  "GroupList": [
    {
      "GroupGUID": "c358dcea-da5b-4ae1-a916-a67470db5bbc",
      "GroupPath": "Config/LevelOutput/Group/Groups_P43205_F43205001/LevelGroup_P43205_F43205001_G8.json",
      "Name": "Sound",
      "ID": 8
    },
    {
      "GroupGUID": "d9cacb77-214d-4329-b2d9-28afdca9e7d7",
      "GroupPath": "Config/LevelOutput/Group/Groups_P43205_F43205001/LevelGroup_P43205_F43205001_G10.json",
      "Name": "DefaultGroup",
      "ID": 10
    },
    {
      "GroupGUID": "fe23993b-18e6-4b83-9670-d9820d4f191a",
      "GroupPath": "Config/LevelOutput/Group/Groups_P43205_F43205001/LevelGroup_P43205_F43205001_G12.json",
      "Name": "Default_Camera",
      "ID": 12
    },
    {
      "GroupGUID": "bac877d4-dced-4660-a7b0-e7777efd94d4",
      "GroupPath": "Config/LevelOutput/Group/Groups_P43205_F43205001/LevelGroup_P43205_F43205001_G13.json",
      "Name": "Drone",
      "ID": 13
    },
    {
      "GroupGUID": "7e40a4fb-e317-423e-96f9-9a5cd12b8439",
      "GroupPath": "Config/LevelOutput/Group/Groups_P43205_F43205001/LevelGroup_P43205_F43205001_G14.json",
      "Name": "Drone",
      "ID": 14
    },
    {
      "GroupGUID": "9b08d5a9-98f0-490f-99f6-f89e1adcb7f6",
      "GroupPath": "Config/LevelOutput/Group/Groups_P43205_F43205001/LevelGroup_P43205_F43205001_G15.json",
      "Name": "MainMission8002214_",
      "ID": 15,
      "IsDelete": true
    },
    {
      "GroupGUID": "ed3e2391-f372-4ae8-9424-b4aacb80d0e0",
      "GroupPath": "Config/LevelOutput/Group/Groups_P43205_F43205001/LevelGroup_P43205_F43205001_G16.json",
      "Name": "MainMission8002214_",
      "ID": 16
    },
    {
      "GroupGUID": "e4ae5df7-7922-4b38-b48a-0662c46fdedd",
      "GroupPath": "Config/LevelOutput/Group/Groups_P43205_F43205001/LevelGroup_P43205_F43205001_G21.json",
      "Name": "Default_BoundaryCamera_Client",
      "ID": 21
    },
    {
      "GroupGUID": "5f85771b-6fbe-49aa-9681-744b701ba032",
      "GroupPath": "Config/LevelOutput/Group/Groups_P43205_F43205001/LevelGroup_P43205_F43205001_G22.json",
      "Name": "Default_BoundaryCamera_Client",
      "ID": 22
    },
    {
      "GroupGUID": "448f043c-5f37-4bb3-a3a2-97e849646076",
      "GroupPath": "Config/LevelOutput/Group/Groups_P43205_F43205001/LevelGroup_P43205_F43205001_G23.json",
      "Name": "Default_BoundaryCamera_Client",
      "ID": 23
    },
    {
      "GroupGUID": "23dbfdf6-cd83-4fa3-8a7d-7d819b27df1f",
      "GroupPath": "Config/LevelOutput/Group/Groups_P43205_F43205001/LevelGroup_P43205_F43205001_G24.json",
      "Name": "Default_BoundaryCamera_Client",
      "ID": 24
    },
    {
      "GroupGUID": "77d7379e-5c59-421a-ac8a-5c1681c0d80f",
      "GroupPath": "Config/LevelOutput/Group/Groups_P43205_F43205001/LevelGroup_P43205_F43205001_G25.json",
      "Name": "Default_SceneProp_Censer",
      "ID": 25
    }
  ],
  "DefaultEnviroProfile": "Stages/Outputs/Chapter02/EnviroProfile/Chap02_CloseView_MAZ_X301_MainLine_01_Day.enviroProfile.asset",
  "StageData": "Stages/Outputs/Chapter02/Stages/Chap02_MAZ_X301_MainLine_01_StageData/Chap02_MAZ_X301_MainLine_01_StageData.stage",
  "CameraType": "Maze",
  "TimeOfDayEnviroProfileMap": {},
  "LayerToAreaMask": [
    8,
    16
  ],
  "NavmapConfigPath": "Config/LevelOutput/Map/MapInfo_P20231_F20231001.json",
  "IsRestartLevelGraph": false
}