{
  "FloorID": 43207001,
  "FloorName": "FloorName_43207001",
  "StartGroupID": 1,
  "StartAnchorID": 1,
  "GroupList": [
    {
      "GroupGUID": "8e0b1334-2b3b-4982-a19e-647eb315ceb1",
      "GroupPath": "Config/LevelOutput/Group/Groups_P43207_F43207001/LevelGroup_P43207_F43207001_G1.json",
      "Name": "DefaultGroup",
      "ID": 1
    },
    {
      "GroupGUID": "ae105adc-ccdb-47b5-8007-4f08b74e202e",
      "GroupPath": "Config/LevelOutput/Group/Groups_P43207_F43207001/LevelGroup_P43207_F43207001_G2.json",
      "Name": "Defalut_Group",
      "ID": 2
    },
    {
      "GroupGUID": "948ed575-1b3a-4264-8898-b86c0d039d6f",
      "GroupPath": "Config/LevelOutput/Group/Groups_P43207_F43207001/LevelGroup_P43207_F43207001_G3.json",
      "Name": "Sound",
      "ID": 3
    },
    {
      "GroupGUID": "73b81c34-79ea-47d4-a57e-b98768a97582",
      "GroupPath": "Config/LevelOutput/Group/Groups_P43207_F43207001/LevelGroup_P43207_F43207001_G4.json",
      "Name": "Elevator",
      "ID": 4
    },
    {
      "GroupGUID": "0e8e4dd9-dc70-4714-9844-eaa413323947",
      "GroupPath": "Config/LevelOutput/Group/Groups_P43207_F43207001/LevelGroup_P43207_F43207001_G5.json",
      "Name": "Door",
      "ID": 5
    },
    {
      "GroupGUID": "fea1b789-7b0f-4371-8e37-1a023958389d",
      "GroupPath": "Config/LevelOutput/Group/Groups_P43207_F43207001/LevelGroup_P43207_F43207001_G6.json",
      "Name": "MainMission8002232_",
      "ID": 6
    },
    {
      "GroupGUID": "7d4b4b10-afeb-412f-9a1d-2c8bff806e73",
      "GroupPath": "Config/LevelOutput/Group/Groups_P43207_F43207001/LevelGroup_P43207_F43207001_G7.json",
      "Name": "MainMission8002232_",
      "ID": 7
    },
    {
      "GroupGUID": "13f78a19-086a-41c6-8d40-e95c79c5b29d",
      "GroupPath": "Config/LevelOutput/Group/Groups_P43207_F43207001/LevelGroup_P43207_F43207001_G8.json",
      "Name": "MainMission8002232_",
      "ID": 8
    },
    {
      "GroupGUID": "9448ea1b-90cb-44e3-bbc9-9977d00e328f",
      "GroupPath": "Config/LevelOutput/Group/Groups_P43207_F43207001/LevelGroup_P43207_F43207001_G9.json",
      "Name": "MainMission8002232_",
      "ID": 9
    },
    {
      "GroupGUID": "03d4e61a-57a2-4ba3-82d3-1a34b3ba9e8d",
      "GroupPath": "Config/LevelOutput/Group/Groups_P43207_F43207001/LevelGroup_P43207_F43207001_G10.json",
      "Name": "MainMission8002232_",
      "ID": 10
    },
    {
      "GroupGUID": "88b677e7-5dec-4072-a9b1-6576deb9c0f7",
      "GroupPath": "Config/LevelOutput/Group/Groups_P43207_F43207001/LevelGroup_P43207_F43207001_G11.json",
      "Name": "MainMission8002232_",
      "ID": 11
    },
    {
      "GroupGUID": "0d3fe630-82dd-488d-90e7-80c67efcc43a",
      "GroupPath": "Config/LevelOutput/Group/Groups_P43207_F43207001/LevelGroup_P43207_F43207001_G12.json",
      "Name": "MainMission8002232_",
      "ID": 12
    },
    {
      "GroupGUID": "4b534809-ceff-4182-977f-416d6dea2ce4",
      "GroupPath": "Config/LevelOutput/Group/Groups_P43207_F43207001/LevelGroup_P43207_F43207001_G13.json",
      "Name": "MainMission8002232_",
      "ID": 13
    }
  ],
  "DefaultEnviroProfile": "Stages/Outputs/Chapter02/EnviroProfile/Chap02_CloseView_MAZ_X102_MainLine_01_Day.enviroProfile.asset",
  "StageData": "Stages/Outputs/Chapter02/Stages/Chap02_MAZ_X102_MainLine_01_StageData/Chap02_MAZ_X102_MainLine_01_StageData.stage",
  "CameraType": "Maze",
  "TimeOfDayEnviroProfileMap": {},
  "LayerToAreaMask": [
    8,
    16
  ],
  "NavmapConfigPath": "Config/LevelOutput/Map/MapInfo_P20212_F20212001.json",
  "IsRestartLevelGraph": false
}