{
  "FloorID": 43201001,
  "FloorName": "FloorName_43201001",
  "StartGroupID": 1,
  "StartAnchorID": 1,
  "GroupList": [
    {
      "GroupGUID": "d0095b44-5438-4312-81e4-245d671bc09e",
      "GroupPath": "Config/LevelOutput/Group/Groups_P43201_F43201001/LevelGroup_P43201_F43201001_G1.json",
      "Name": "DefaultGroup",
      "ID": 1
    },
    {
      "GroupGUID": "2f044173-53cc-4706-9b40-2288ba5c091f",
      "GroupPath": "Config/LevelOutput/Group/Groups_P43201_F43201001/LevelGroup_P43201_F43201001_G2.json",
      "Name": "MainMission2020502_01",
      "ID": 2
    },
    {
      "GroupGUID": "2987747a-8ba1-4d2e-be09-9807f451f2a6",
      "GroupPath": "Config/LevelOutput/Group/Groups_P43201_F43201001/LevelGroup_P43201_F43201001_G3.json",
      "Name": "MainMission2020502_02",
      "ID": 3
    },
    {
      "GroupGUID": "8d84838a-14c7-4315-8c5d-e004b503990b",
      "GroupPath": "Config/LevelOutput/Group/Groups_P43201_F43201001/LevelGroup_P43201_F43201001_G4.json",
      "Name": "MainMission2020502_04",
      "ID": 4
    },
    {
      "GroupGUID": "50bdd9c1-d30b-4711-96e8-2e3e3def3b35",
      "GroupPath": "Config/LevelOutput/Group/Groups_P43201_F43201001/LevelGroup_P43201_F43201001_G5.json",
      "Name": "MainMission2020502_06",
      "ID": 5
    },
    {
      "GroupGUID": "40b17742-e12b-409f-8c18-d4f9109e4950",
      "GroupPath": "Config/LevelOutput/Group/Groups_P43201_F43201001/LevelGroup_P43201_F43201001_G6.json",
      "Name": "MainMission2020502_07",
      "ID": 6
    },
    {
      "GroupGUID": "0557cc9f-0c37-480a-a17d-60c2c90a6df1",
      "GroupPath": "Config/LevelOutput/Group/Groups_P43201_F43201001/LevelGroup_P43201_F43201001_G8.json",
      "Name": "MainMission2020502_01_03",
      "ID": 8
    },
    {
      "GroupGUID": "b495363d-5de9-423e-b302-d0a9c95139bf",
      "GroupPath": "Config/LevelOutput/Group/Groups_P43201_F43201001/LevelGroup_P43201_F43201001_G9.json",
      "Name": "Sound",
      "ID": 9
    },
    {
      "GroupGUID": "75b38e8e-f2b8-4b6c-8197-6034f461e82f",
      "GroupPath": "Config/LevelOutput/Group/Groups_P43201_F43201001/LevelGroup_P43201_F43201001_G10.json",
      "Name": "Checkpoint",
      "ID": 10
    },
    {
      "GroupGUID": "82b710f0-e4f8-4528-93e2-f65617968b7e",
      "GroupPath": "Config/LevelOutput/Group/Groups_P43201_F43201001/LevelGroup_P43201_F43201001_G11.json",
      "Name": "Mission_2020502",
      "ID": 11
    },
    {
      "GroupGUID": "78fbb6d5-534e-453a-811b-14d6dca8fd91",
      "GroupPath": "Config/LevelOutput/Group/Groups_P43201_F43201001/LevelGroup_P43201_F43201001_G12.json",
      "Name": "Default_Camera",
      "ID": 12
    },
    {
      "GroupGUID": "648025a9-c460-44f4-8a81-b899a2fc06e8",
      "GroupPath": "Config/LevelOutput/Group/Groups_P43201_F43201001/LevelGroup_P43201_F43201001_G13.json",
      "Name": "Default_BoundaryCamera_Client",
      "ID": 13
    },
    {
      "GroupGUID": "ddd444fe-596f-405f-82ea-bf7a34377f2e",
      "GroupPath": "Config/LevelOutput/Group/Groups_P43201_F43201001/LevelGroup_P43201_F43201001_G14.json",
      "Name": "Default_BoundaryCamera_Client",
      "ID": 14
    },
    {
      "GroupGUID": "339cabc8-4421-48fc-9b89-83b22b1245cc",
      "GroupPath": "Config/LevelOutput/Group/Groups_P43201_F43201001/LevelGroup_P43201_F43201001_G15.json",
      "Name": "Default_BoundaryCamera_Client",
      "ID": 15
    },
    {
      "GroupGUID": "c261355d-c959-409e-9605-daf75deda355",
      "GroupPath": "Config/LevelOutput/Group/Groups_P43201_F43201001/LevelGroup_P43201_F43201001_G16.json",
      "Name": "Default_BoundaryCamera_Client",
      "ID": 16
    }
  ],
  "DefaultEnviroProfile": "Stages/Outputs/Chapter02/EnviroProfile/Chap02_CloseView_MAZ_X301_MainLine_01_Day.enviroProfile.asset",
  "StageData": "Stages/Outputs/Chapter02/Stages/Chap02_MAZ_X301_MainLine_01_StageData/Chap02_MAZ_X301_MainLine_01_StageData.stage",
  "CameraType": "Maze",
  "TimeOfDayEnviroProfileMap": {},
  "LayerToAreaMask": [
    8,
    16
  ],
  "NavmapConfigPath": "Config/LevelOutput/Map/MapInfo_P20231_F20231001.json",
  "IsRestartLevelGraph": false
}