{
  "FloorID": 43201003,
  "FloorName": "FloorName_43201003",
  "StartGroupID": 3,
  "StartAnchorID": 1,
  "GroupList": [
    {
      "GroupGUID": "badedd1b-72ba-42b6-8c45-105e31f2e7fa",
      "GroupPath": "Config/LevelOutput/Group/Groups_P43201_F43201003/LevelGroup_P43201_F43201003_G3.json",
      "Name": "DefaultGroup",
      "ID": 3
    },
    {
      "GroupGUID": "4863e121-08b6-485c-9b09-f45fb9e1a66a",
      "GroupPath": "Config/LevelOutput/Group/Groups_P43201_F43201003/LevelGroup_P43201_F43201003_G4.json",
      "Name": "DefaultGroup",
      "ID": 4
    },
    {
      "GroupGUID": "21b3189a-6333-46be-9f4f-29f569bfcd81",
      "GroupPath": "Config/LevelOutput/Group/Groups_P43201_F43201003/LevelGroup_P43201_F43201003_G5.json",
      "Name": "Sound",
      "ID": 5
    },
    {
      "GroupGUID": "6ba9b609-18f1-4449-b776-e0ec8ea9da57",
      "GroupPath": "Config/LevelOutput/Group/Groups_P43201_F43201003/LevelGroup_P43201_F43201003_G7.json",
      "Name": "MainMission2020504_01",
      "ID": 7
    },
    {
      "GroupGUID": "2d3e136c-008e-46bb-81c2-37d83f9130a5",
      "GroupPath": "Config/LevelOutput/Group/Groups_P43201_F43201003/LevelGroup_P43201_F43201003_G8.json",
      "Name": "MainMission2020504_",
      "ID": 8
    },
    {
      "GroupGUID": "d1d61afb-00cd-4e7f-a586-21dd1c082de3",
      "GroupPath": "Config/LevelOutput/Group/Groups_P43201_F43201003/LevelGroup_P43201_F43201003_G9.json",
      "Name": "MainMission2020504_",
      "ID": 9
    },
    {
      "GroupGUID": "119f3789-4b2c-494f-a87a-c7d522bdaa6f",
      "GroupPath": "Config/LevelOutput/Group/Groups_P43201_F43201003/LevelGroup_P43201_F43201003_G10.json",
      "Name": "MainMission2020504_06",
      "ID": 10
    },
    {
      "GroupGUID": "6238ad85-d0c6-414b-916e-e952b6a69d5e",
      "GroupPath": "Config/LevelOutput/Group/Groups_P43201_F43201003/LevelGroup_P43201_F43201003_G11.json",
      "Name": "Door",
      "ID": 11
    },
    {
      "GroupGUID": "c46a899c-540e-4080-93a8-5bbff358a031",
      "GroupPath": "Config/LevelOutput/Group/Groups_P43201_F43201003/LevelGroup_P43201_F43201003_G1.json",
      "Name": "Checkpoint",
      "ID": 1
    },
    {
      "GroupGUID": "b5f61107-f341-431e-a7f2-20d8ba079b97",
      "GroupPath": "Config/LevelOutput/Group/Groups_P43201_F43201003/LevelGroup_P43201_F43201003_G2.json",
      "Name": "Checkpoint_MissionUnloack",
      "ID": 2
    },
    {
      "GroupGUID": "974e651a-2ba2-4592-a863-d5dce525ce45",
      "GroupPath": "Config/LevelOutput/Group/Groups_P43201_F43201003/LevelGroup_P43201_F43201003_G6.json",
      "Name": "MainMission2020504_02_05",
      "ID": 6
    },
    {
      "GroupGUID": "d4a7b495-6142-4e07-a55b-36a7bcd51734",
      "GroupPath": "Config/LevelOutput/Group/Groups_P43201_F43201003/LevelGroup_P43201_F43201003_G12.json",
      "Name": "MainMission_Env",
      "ID": 12
    },
    {
      "GroupGUID": "f53eff8a-1d04-4e0f-afb2-d4265c43a346",
      "GroupPath": "Config/LevelOutput/Group/Groups_P43201_F43201003/LevelGroup_P43201_F43201003_G13.json",
      "Name": "Mission_2020504",
      "ID": 13
    }
  ],
  "DefaultEnviroProfile": "Stages/Outputs/Chapter00/EnviroProfile/Chap00_CloseView_MAZ_N201_01_Day.enviroProfile.asset",
  "StageData": "Stages/Outputs/Chapter00/Stages/Chap00_MAZ_N201_MainLine_01_StageData/Chap00_MAZ_N201_MainLine_01_StageData.stage",
  "CameraType": "Maze",
  "TimeOfDayEnviroProfileMap": {},
  "LayerToAreaMask": [
    8,
    16,
    32
  ],
  "NavmapConfigPath": "Config/LevelOutput/Map/MapInfo_P20002_F20002001.json",
  "IsRestartLevelGraph": false
}