{
  "FloorID": 43312001,
  "FloorName": "FloorName_43312001",
  "StartGroupID": 3,
  "StartAnchorID": 1,
  "GroupList": [
    {
      "GroupGUID": "9d835240-04ef-447e-9883-7f7f20d0e41f",
      "GroupPath": "Config/LevelOutput/Group/Groups_P43312_F43312001/LevelGroup_P43312_F43312001_G3.json",
      "DimensionFilter": {},
      "Name": "DefaultGroup",
      "ID": 3
    },
    {
      "GroupGUID": "4f2dd04f-f683-4e1f-88d4-212b1b173e8c",
      "GroupPath": "Config/LevelOutput/Group/Groups_P43312_F43312001/LevelGroup_P43312_F43312001_G4.json",
      "Name": "Sound",
      "ID": 4
    },
    {
      "GroupGUID": "fe971c07-d3ce-444b-b4d6-6d93ecf939bb",
      "GroupPath": "Config/LevelOutput/Group/Groups_P43312_F43312001/LevelGroup_P43312_F43312001_G5.json",
      "DimensionFilter": {},
      "Name": "N4Gate Group",
      "ID": 5
    },
    {
      "GroupGUID": "e7d92b40-135b-40ff-8852-67b1fc5b2c85",
      "GroupPath": "Config/LevelOutput/Group/Groups_P43312_F43312001/LevelGroup_P43312_F43312001_G6.json",
      "DimensionFilter": {},
      "Name": "LockedDoor",
      "ID": 6
    },
    {
      "GroupGUID": "334d62c7-1676-4b14-b878-ab3da91136c9",
      "GroupPath": "Config/LevelOutput/Group/Groups_P43312_F43312001/LevelGroup_P43312_F43312001_G7.json",
      "DimensionFilter": {},
      "Name": "FlipBridge",
      "ID": 7
    },
    {
      "GroupGUID": "f8baf6e2-1d12-471a-a7c5-00dfbd1ceb57",
      "GroupPath": "Config/LevelOutput/Group/Groups_P43312_F43312001/LevelGroup_P43312_F43312001_G8.json",
      "Name": "Polymer_Sphere",
      "ID": 8
    },
    {
      "GroupGUID": "bf50676f-2dea-4b80-845a-d82c8c75050d",
      "GroupPath": "Config/LevelOutput/Group/Groups_P43312_F43312001/LevelGroup_P43312_F43312001_G9.json",
      "DimensionFilter": {},
      "Name": "BlockStateSave",
      "ID": 9
    },
    {
      "GroupGUID": "58af2113-16da-4f75-ae33-f6c0b2e2ea3d",
      "GroupPath": "Config/LevelOutput/Group/Groups_P43312_F43312001/LevelGroup_P43312_F43312001_G10.json",
      "DimensionFilter": {},
      "Name": "1FPolymer",
      "ID": 10
    },
    {
      "GroupGUID": "16cba615-f337-4256-a03f-f0e6ae8699b9",
      "GroupPath": "Config/LevelOutput/Group/Groups_P43312_F43312001/LevelGroup_P43312_F43312001_G11.json",
      "Name": "Anchor",
      "ID": 11
    },
    {
      "GroupGUID": "4ef6b0e2-d83f-4b02-ac5a-5edf80e92170",
      "GroupPath": "Config/LevelOutput/Group/Groups_P43312_F43312001/LevelGroup_P43312_F43312001_G12.json",
      "Name": "HPMP",
      "ID": 12
    },
    {
      "GroupGUID": "66be015c-9ca3-48f7-888a-e172441df3d1",
      "GroupPath": "Config/LevelOutput/Group/Groups_P43312_F43312001/LevelGroup_P43312_F43312001_G13.json",
      "DimensionFilter": {},
      "Name": "MainMission2030302_airwal",
      "ID": 13
    },
    {
      "GroupGUID": "e77248c2-54d5-4249-9c89-997df909706b",
      "GroupPath": "Config/LevelOutput/Group/Groups_P43312_F43312001/LevelGroup_P43312_F43312001_G14.json",
      "DimensionFilter": {},
      "Name": "MainMission2030302_New Group",
      "ID": 14
    },
    {
      "GroupGUID": "5b01a2ec-5c22-48fb-ad37-d519a8fecbb2",
      "GroupPath": "Config/LevelOutput/Group/Groups_P43312_F43312001/LevelGroup_P43312_F43312001_G15.json",
      "DimensionFilter": {},
      "Name": "New Group",
      "ID": 15
    },
    {
      "GroupGUID": "56349ed7-62fd-4aa9-b01e-65ad0b2ada74",
      "GroupPath": "Config/LevelOutput/Group/Groups_P43312_F43312001/LevelGroup_P43312_F43312001_G16.json",
      "DimensionFilter": {},
      "Name": "MainMission2030302_New Group",
      "ID": 16
    },
    {
      "GroupGUID": "7324865e-3f77-49d5-8d0f-c298f39265b2",
      "GroupPath": "Config/LevelOutput/Group/Groups_P43312_F43312001/LevelGroup_P43312_F43312001_G17.json",
      "DimensionFilter": {},
      "Name": "MainMission2030302_New Group",
      "ID": 17
    },
    {
      "GroupGUID": "4f61db29-f29c-4798-9418-e915a7d49e3f",
      "GroupPath": "Config/LevelOutput/Group/Groups_P43312_F43312001/LevelGroup_P43312_F43312001_G18.json",
      "DimensionFilter": {},
      "Name": "MainMission2030302_New Group",
      "ID": 18
    },
    {
      "GroupGUID": "e3be6960-5031-4ba0-907c-c4e74c4b9531",
      "GroupPath": "Config/LevelOutput/Group/Groups_P43312_F43312001/LevelGroup_P43312_F43312001_G19.json",
      "DimensionFilter": {},
      "Name": "MainMission2030302_New Group",
      "ID": 19
    },
    {
      "GroupGUID": "400a8374-0600-4863-bbaa-978e69f18477",
      "GroupPath": "Config/LevelOutput/Group/Groups_P43312_F43312001/LevelGroup_P43312_F43312001_G20.json",
      "DimensionFilter": {},
      "Name": "MainMission2030302_New Group",
      "ID": 20
    },
    {
      "GroupGUID": "951756bc-bb45-4793-b608-1691709445f4",
      "GroupPath": "Config/LevelOutput/Group/Groups_P43312_F43312001/LevelGroup_P43312_F43312001_G21.json",
      "DimensionFilter": {},
      "Name": "MainMission2030302_New Group",
      "ID": 21
    },
    {
      "GroupGUID": "05f00d50-d1a0-47ad-8cc5-484d0f622329",
      "GroupPath": "Config/LevelOutput/Group/Groups_P43312_F43312001/LevelGroup_P43312_F43312001_G23.json",
      "DimensionFilter": {},
      "Name": "MainMission2030302_New Group",
      "ID": 23
    },
    {
      "GroupGUID": "ed0b06bd-8d2b-4d0d-8667-df587d25e4eb",
      "GroupPath": "Config/LevelOutput/Group/Groups_P43312_F43312001/LevelGroup_P43312_F43312001_G24.json",
      "DimensionFilter": {},
      "Name": "MainMission2030302_New Group",
      "ID": 24
    },
    {
      "GroupGUID": "3008f608-996d-4509-a37a-7913e3afc97b",
      "GroupPath": "Config/LevelOutput/Group/Groups_P43312_F43312001/LevelGroup_P43312_F43312001_G27.json",
      "Name": "Elevator_01_Test",
      "ID": 27
    },
    {
      "GroupGUID": "c1da9bf9-5269-4862-97b8-739758e97597",
      "GroupPath": "Config/LevelOutput/Group/Groups_P43312_F43312001/LevelGroup_P43312_F43312001_G28.json",
      "Name": "Elevator_02_Test",
      "ID": 28
    },
    {
      "GroupGUID": "fc9d944a-f0e2-429c-a715-7d54bca80f4d",
      "GroupPath": "Config/LevelOutput/Group/Groups_P43312_F43312001/LevelGroup_P43312_F43312001_G29.json",
      "DimensionFilter": {},
      "Name": "Monster",
      "ID": 29
    },
    {
      "GroupGUID": "c8f1f69f-1e88-4bda-89c9-be1946b3c4b6",
      "GroupPath": "Config/LevelOutput/Group/Groups_P43312_F43312001/LevelGroup_P43312_F43312001_G30.json",
      "DimensionFilter": {},
      "Name": "MainMission2030302_New Group",
      "ID": 30
    },
    {
      "GroupGUID": "9fcb8297-4979-4879-973c-39a2f0a8d6b9",
      "GroupPath": "Config/LevelOutput/Group/Groups_P43312_F43312001/LevelGroup_P43312_F43312001_G31.json",
      "DimensionFilter": {},
      "Name": "MainMission2030302_New Group",
      "ID": 31
    },
    {
      "GroupGUID": "233604ca-7882-4c93-8f8b-15a9eeec6c8a",
      "GroupPath": "Config/LevelOutput/Group/Groups_P43312_F43312001/LevelGroup_P43312_F43312001_G32.json",
      "DimensionFilter": {},
      "Name": "MainMission2030302_New Group",
      "ID": 32
    },
    {
      "GroupGUID": "5a9eeec8-5456-4d49-8a60-1c4d2c552ebc",
      "GroupPath": "Config/LevelOutput/Group/Groups_P43312_F43312001/LevelGroup_P43312_F43312001_G33.json",
      "DimensionFilter": {},
      "Name": "MainMission2030302_New Group",
      "ID": 33
    },
    {
      "GroupGUID": "7456ecf8-7bac-4381-88f7-b7629c14d30c",
      "GroupPath": "Config/LevelOutput/Group/Groups_P43312_F43312001/LevelGroup_P43312_F43312001_G34.json",
      "DimensionFilter": {},
      "Name": "MainMission2030302_New Group",
      "ID": 34
    },
    {
      "GroupGUID": "763da454-e9e8-488e-854b-3a642523353b",
      "GroupPath": "Config/LevelOutput/Group/Groups_P43312_F43312001/LevelGroup_P43312_F43312001_G35.json",
      "DimensionFilter": {},
      "Name": "MainMission2030302_New Group",
      "ID": 35
    },
    {
      "GroupGUID": "a190a502-86df-4009-9526-9698aa8a5471",
      "GroupPath": "Config/LevelOutput/Group/Groups_P43312_F43312001/LevelGroup_P43312_F43312001_G36.json",
      "DimensionFilter": {},
      "Name": "MainMission2030302_New Group",
      "ID": 36
    },
    {
      "GroupGUID": "7438fca6-5a40-4aa7-94d4-257b6acb60b2",
      "GroupPath": "Config/LevelOutput/Group/Groups_P43312_F43312001/LevelGroup_P43312_F43312001_G37.json",
      "DimensionFilter": {},
      "Name": "MainMission2030302_New Group",
      "ID": 37
    },
    {
      "GroupGUID": "85303b03-6c9c-48bf-b940-94dca48eb102",
      "GroupPath": "Config/LevelOutput/Group/Groups_P43312_F43312001/LevelGroup_P43312_F43312001_G38.json",
      "DimensionFilter": {},
      "Name": "MainMission2030302_New Group",
      "ID": 38
    }
  ],
  "DefaultEnviroProfile": "Stages/Outputs/Chapter00/EnviroProfile/Chap00_CloseView_MAZ_N401_01_Day.enviroProfile.asset",
  "StageData": "Stages/Outputs/Chapter00/Stages/Chap00_MAZ_N401_MainLine_01_StageData/Chap00_MAZ_N401_MainLine_01_StageData.stage",
  "TimeOfDayEnviroProfileMap": {},
  "LayerToAreaMask": [
    8,
    16,
    32
  ],
  "FloorCustomData": {
    "SavedValues": [
      {
        "ID": 1,
        "Name": "BlockStateSave",
        "DefaultValue": 1,
        "AllowedValues": [
          0,
          1
        ],
        "MaxValue": 1
      },
      {
        "ID": 3,
        "Name": "FSV_PasswayDoor",
        "AllowedValues": [
          0,
          1
        ],
        "MaxValue": 1
      }
    ]
  },
  "BattleAreaList": [],
  "DimensionList": [
    {}
  ],
  "NavmapConfigPath": "Config/LevelOutput/Map/MapInfo_P20004_F20004001.json",
  "IsRestartLevelGraph": false
}