{
  "FloorID": 43308001,
  "FloorName": "FloorName_43308001",
  "StartGroupID": 2,
  "StartAnchorID": 1,
  "GroupList": [
    {
      "GroupGUID": "bf625478-a03e-4b2e-aa0d-51095d25c59b",
      "GroupPath": "Config/LevelOutput/Group/Groups_P43308_F43308001/LevelGroup_P43308_F43308001_G1.json",
      "DimensionFilter": {},
      "Name": "DefaultGroup",
      "ID": 1
    },
    {
      "GroupGUID": "63274ea6-bc1e-4e1a-8a17-d8c6732153ed",
      "GroupPath": "Config/LevelOutput/Group/Groups_P43308_F43308001/LevelGroup_P43308_F43308001_G2.json",
      "DimensionFilter": {},
      "Name": "DefaultGroup",
      "ID": 2
    },
    {
      "GroupGUID": "042473ec-900c-46bf-aab1-2b74b891e5d0",
      "GroupPath": "Config/LevelOutput/Group/Groups_P43308_F43308001/LevelGroup_P43308_F43308001_G3.json",
      "DimensionFilter": {},
      "Name": "MainMission1033102_New Group",
      "ID": 3
    },
    {
      "GroupGUID": "4a2f2a9d-ab04-41d7-a6f7-402d3ead1bcf",
      "GroupPath": "Config/LevelOutput/Group/Groups_P43308_F43308001/LevelGroup_P43308_F43308001_G4.json",
      "DimensionFilter": {},
      "Name": "MainMission1033102_New Group",
      "ID": 4
    },
    {
      "GroupGUID": "035e4cbc-f240-4065-a0a3-8db4abf5c5b7",
      "GroupPath": "Config/LevelOutput/Group/Groups_P43308_F43308001/LevelGroup_P43308_F43308001_G5.json",
      "Name": "Sound",
      "ID": 5
    },
    {
      "GroupGUID": "ec86839e-f009-4472-9b18-f760bad98058",
      "GroupPath": "Config/LevelOutput/Group/Groups_P43308_F43308001/LevelGroup_P43308_F43308001_G6.json",
      "DimensionFilter": {
        "FilterType": "All"
      },
      "Name": "Recover",
      "ID": 6
    }
  ],
  "DefaultEnviroProfile": "Stages/Outputs/Chapter03/EnviroProfile/Chap03_CloseView_MAZ_P203_Night_01.enviroProfile.asset",
  "StageData": "Stages/Outputs/Chapter03/Stages/Chap03_MAZ_P203_StageData/Chap03_MAZ_P203_StageData.stage",
  "TimeOfDayEnviroProfileMap": {},
  "LayerToAreaMask": [
    1
  ],
  "BattleAreaList": [],
  "DimensionList": [
    {}
  ]
}