{
  "FloorID": 43322005,
  "FloorName": "FloorName_43322005",
  "StartGroupID": 1,
  "StartAnchorID": 1,
  "GroupList": [
    {
      "GroupGUID": "ea1c29f3-d173-4b32-a729-66bea61c4118",
      "GroupPath": "Config/LevelOutput/Group/Groups_P43322_F43322005/LevelGroup_P43322_F43322005_G1.json",
      "DimensionFilter": {},
      "Name": "DefaultGroup",
      "ID": 1
    },
    {
      "GroupGUID": "ea5a13b6-362a-403f-b203-d4125dda3a04",
      "GroupPath": "Config/LevelOutput/Group/Groups_P43322_F43322005/LevelGroup_P43322_F43322005_G2.json",
      "DimensionFilter": {},
      "Name": "RailBall",
      "ID": 2
    },
    {
      "GroupGUID": "3bcb3e66-5a83-4a49-9d06-079bfdefb3c8",
      "GroupPath": "Config/LevelOutput/Group/Groups_P43322_F43322005/LevelGroup_P43322_F43322005_G3.json",
      "Name": "Switch",
      "ID": 3
    },
    {
      "GroupGUID": "7871864e-6093-4c86-9e5d-6c79c9176d7f",
      "GroupPath": "Config/LevelOutput/Group/Groups_P43322_F43322005/LevelGroup_P43322_F43322005_G4.json",
      "Name": "Elevator",
      "ID": 4
    },
    {
      "GroupGUID": "0b4c6f9d-0436-41ba-ae8d-259b064c98ea",
      "GroupPath": "Config/LevelOutput/Group/Groups_P43322_F43322005/LevelGroup_P43322_F43322005_G5.json",
      "Name": "TV",
      "ID": 5
    },
    {
      "GroupGUID": "9756360a-88a0-432a-bc1d-5efe28989f0d",
      "GroupPath": "Config/LevelOutput/Group/Groups_P43322_F43322005/LevelGroup_P43322_F43322005_G14.json",
      "DimensionFilter": {},
      "Name": "MainMission2030402_New Group",
      "ID": 14
    },
    {
      "GroupGUID": "ab50ec3b-438d-408e-bef1-49fbf7162e78",
      "GroupPath": "Config/LevelOutput/Group/Groups_P43322_F43322005/LevelGroup_P43322_F43322005_G15.json",
      "DimensionFilter": {},
      "Name": "MainMission2030402_New Group",
      "ID": 15
    },
    {
      "GroupGUID": "0a28b75e-03a2-4e95-bf5b-0b3280efa41e",
      "GroupPath": "Config/LevelOutput/Group/Groups_P43322_F43322005/LevelGroup_P43322_F43322005_G6.json",
      "DimensionFilter": {},
      "Name": "MainMission2030402_New Group",
      "ID": 6
    },
    {
      "GroupGUID": "0fdf88ae-8f4f-4aa9-bed9-9424aba5d6c8",
      "GroupPath": "Config/LevelOutput/Group/Groups_P43322_F43322005/LevelGroup_P43322_F43322005_G7.json",
      "DimensionFilter": {},
      "Name": "MainMission2030402_New Group",
      "ID": 7
    },
    {
      "GroupGUID": "54d0a9f1-4253-490f-9926-72bc9983ec26",
      "GroupPath": "Config/LevelOutput/Group/Groups_P43322_F43322005/LevelGroup_P43322_F43322005_G8.json",
      "DimensionFilter": {},
      "Name": "MainMission2030402_New Group",
      "ID": 8,
      "IsDelete": true
    },
    {
      "GroupGUID": "438fff53-0c05-4ac0-8b5a-71081b791284",
      "GroupPath": "Config/LevelOutput/Group/Groups_P43322_F43322005/LevelGroup_P43322_F43322005_G12.json",
      "DimensionFilter": {},
      "Name": "MainMission2030402_New Group",
      "ID": 12,
      "IsDelete": true
    },
    {
      "GroupGUID": "0581ecb3-477c-4525-88f7-eb95ae3e7949",
      "GroupPath": "Config/LevelOutput/Group/Groups_P43322_F43322005/LevelGroup_P43322_F43322005_G13.json",
      "DimensionFilter": {},
      "Name": "MainMission2030402_New Group",
      "ID": 13,
      "IsDelete": true
    },
    {
      "GroupGUID": "6f363dfd-ed50-41ac-8ec1-c8d512527121",
      "GroupPath": "Config/LevelOutput/Group/Groups_P43322_F43322005/LevelGroup_P43322_F43322005_G9.json",
      "DimensionFilter": {},
      "Name": "MainMission2030402_New Group",
      "ID": 9
    },
    {
      "GroupGUID": "a2cb7081-0d87-4d27-aa6c-36e01af1c98b",
      "GroupPath": "Config/LevelOutput/Group/Groups_P43322_F43322005/LevelGroup_P43322_F43322005_G10.json",
      "DimensionFilter": {},
      "Name": "MainMission2030402_New Group",
      "ID": 10
    },
    {
      "GroupGUID": "ae945fb5-ae48-4987-9146-266e670f0891",
      "GroupPath": "Config/LevelOutput/Group/Groups_P43322_F43322005/LevelGroup_P43322_F43322005_G11.json",
      "DimensionFilter": {},
      "Name": "MainMission2030402_New Group",
      "ID": 11
    },
    {
      "GroupGUID": "1b35db9f-7d0f-4db5-81b8-b3c55c9eae0e",
      "GroupPath": "Config/LevelOutput/Group/Groups_P43322_F43322005/LevelGroup_P43322_F43322005_G16.json",
      "DimensionFilter": {
        "FilterType": "All"
      },
      "Name": "Sound",
      "ID": 16
    },
    {
      "GroupGUID": "71389256-7817-444c-b00a-ccdd0242eb8a",
      "GroupPath": "Config/LevelOutput/Group/Groups_P43322_F43322005/LevelGroup_P43322_F43322005_G17.json",
      "DimensionFilter": {
        "FilterType": "All"
      },
      "Name": "sound-reverb",
      "ID": 17
    },
    {
      "GroupGUID": "18d80800-9768-4e23-b84d-a210588a77af",
      "GroupPath": "Config/LevelOutput/Group/Groups_P43322_F43322005/LevelGroup_P43322_F43322005_G18.json",
      "DimensionFilter": {
        "FilterType": "All"
      },
      "Name": "BGM",
      "ID": 18
    },
    {
      "GroupGUID": "29d10986-61d3-4558-aaed-c3d10d248bef",
      "GroupPath": "Config/LevelOutput/Group/Groups_P43322_F43322005/LevelGroup_P43322_F43322005_G21.json",
      "DimensionFilter": {
        "FilterType": "All"
      },
      "Name": "BattleArea",
      "ID": 21
    }
  ],
  "DefaultEnviroProfile": "Stages/Outputs/Chapter03/EnviroProfile/Chap03_CloseView_ADV_MAZ_P03_Night.enviroProfile.asset",
  "StageData": "Stages/Outputs/Chapter03/Stages/Chap03_ADV_P03_ExileColony_StageData/Chap03_ADV_P03_ExileColony_StageData.stage",
  "TimeOfDayEnviroProfileMap": {},
  "LayerToAreaMask": [
    8,
    16
  ],
  "FloorCustomData": {
    "SavedValues": [
      {
        "ID": 1,
        "Name": "BuildingState",
        "DefaultValue": 1,
        "AllowedValues": [
          0,
          1
        ],
        "MaxValue": 1
      }
    ],
    "ConstValues": [
      {
        "$type": "RPG.GameCore.FloorTargetAgentConfig",
        "AgentType": "Prop",
        "GroupID": 4,
        "InstanceID": 300001,
        "ID": 1,
        "Name": "Lift1"
      },
      {
        "$type": "RPG.GameCore.FloorTargetAgentConfig",
        "AgentType": "Prop",
        "GroupID": 4,
        "InstanceID": 300002,
        "ID": 2,
        "Name": "Lift2"
      }
    ]
  },
  "BattleAreaList": [],
  "DimensionList": [
    {}
  ],
  "CameraPrefabPath": "Level/Maze/Chapter02/Chap03_ADV_P03_LevelArea.prefab",
  "NavmapConfigPath": "Config/LevelOutput/Map/MapInfo_P10304_F10304001.json",
  "RegionConfigPath": "Config/LevelOutput/Region/FloorRegion_P10304_F10304001.json"
}