{
  "FloorID": 43305001,
  "FloorName": "FloorName_43305001",
  "StartGroupID": 1,
  "StartAnchorID": 1,
  "GroupList": [
    {
      "GroupGUID": "35433fb8-bd4c-46d7-89c5-84679921dd2c",
      "GroupPath": "Config/LevelOutput/Group/Groups_P43305_F43305001/LevelGroup_P43305_F43305001_G1.json",
      "Name": "DefaultGroup",
      "ID": 1
    },
    {
      "GroupGUID": "c3ab6735-d9eb-4173-a631-5cf34edc5bb3",
      "GroupPath": "Config/LevelOutput/Group/Groups_P43305_F43305001/LevelGroup_P43305_F43305001_G2.json",
      "Name": "MainMission2030002_01",
      "ID": 2
    },
    {
      "GroupGUID": "b673a2e8-ebff-4254-a4d4-d57c789aa513",
      "GroupPath": "Config/LevelOutput/Group/Groups_P43305_F43305001/LevelGroup_P43305_F43305001_G3.json",
      "DimensionFilter": {},
      "Name": "MainMission2030002_02",
      "ID": 3
    },
    {
      "GroupGUID": "4128031e-880c-421a-9d9d-440b863ed541",
      "GroupPath": "Config/LevelOutput/Group/Groups_P43305_F43305001/LevelGroup_P43305_F43305001_G4.json",
      "DimensionFilter": {},
      "Name": "MainMission2030002_03",
      "ID": 4
    },
    {
      "GroupGUID": "f00e629c-3795-45c0-b231-2f2f7d2bac19",
      "GroupPath": "Config/LevelOutput/Group/Groups_P43305_F43305001/LevelGroup_P43305_F43305001_G7.json",
      "DimensionFilter": {},
      "Name": "MainMission2030002_08",
      "ID": 7
    },
    {
      "GroupGUID": "f6a97853-0330-477f-8a3d-ae3a9624dd67",
      "GroupPath": "Config/LevelOutput/Group/Groups_P43305_F43305001/LevelGroup_P43305_F43305001_G8.json",
      "DimensionFilter": {},
      "Name": "Door",
      "ID": 8
    },
    {
      "GroupGUID": "796b5a2d-66ed-4d93-b191-489880b2095b",
      "GroupPath": "Config/LevelOutput/Group/Groups_P43305_F43305001/LevelGroup_P43305_F43305001_G9.json",
      "DimensionFilter": {},
      "Name": "Boundaries",
      "ID": 9
    },
    {
      "GroupGUID": "926876c8-4c82-4d6c-b692-3391c419b7c5",
      "GroupPath": "Config/LevelOutput/Group/Groups_P43305_F43305001/LevelGroup_P43305_F43305001_G18.json",
      "DimensionFilter": {},
      "Name": "DefaultGroup",
      "ID": 18
    },
    {
      "GroupGUID": "f9594190-af11-4681-bd63-66d676a2d1d0",
      "GroupPath": "Config/LevelOutput/Group/Groups_P43305_F43305001/LevelGroup_P43305_F43305001_G19.json",
      "Name": "BGM",
      "ID": 19
    },
    {
      "GroupGUID": "9e036575-acde-4d59-a1a8-1c4d40cb148d",
      "GroupPath": "Config/LevelOutput/Group/Groups_P43305_F43305001/LevelGroup_P43305_F43305001_G22.json",
      "Name": "Sound",
      "ID": 22
    },
    {
      "GroupGUID": "8162bbb3-f778-44be-abe7-9bd1f35f20c7",
      "GroupPath": "Config/LevelOutput/Group/Groups_P43305_F43305001/LevelGroup_P43305_F43305001_G24.json",
      "Name": "Sound-Reverb",
      "ID": 24
    },
    {
      "GroupGUID": "72de01ec-b6dc-4492-a8c6-850d22daf385",
      "GroupPath": "Config/LevelOutput/Group/Groups_P43305_F43305001/LevelGroup_P43305_F43305001_G25.json",
      "DimensionFilter": {
        "FilterType": "All"
      },
      "Name": "JazzBand",
      "ID": 25
    }
  ],
  "DefaultEnviroProfile": "Stages/Outputs/Chapter03/EnviroProfile/Chap03_CloseView_ADV_INT_P00_night_01.enviroProfile.asset",
  "StageData": "Stages/Outputs/Chapter03/Stages/Chap03_ADV_P00_StageData/Chap03_ADV_P00_StageData.stage",
  "TimeOfDayEnviroProfileMap": {},
  "LayerToAreaMask": [
    8,
    16,
    32
  ],
  "BattleAreaList": [],
  "DimensionList": [
    {}
  ],
  "CameraPrefabPath": "Level/Maze/Chapter03/Chap03_ADV_P05_LevelArea.prefab",
  "NavmapConfigPath": "Config/LevelOutput/Map/MapInfo_P10305_F10305001.json",
  "EnableGroupStreaming": false,
  "EnableGroupSpaceConflict": false,
  "IsRestartLevelGraph": false
}