{
  "FloorID": 43313002,
  "FloorName": "FloorName_43313002",
  "StartGroupID": 1,
  "StartAnchorID": 1,
  "GroupList": [
    {
      "GroupGUID": "d4082ae2-d030-45cf-9ae0-3f45a405d291",
      "GroupPath": "Config/LevelOutput/Group/Groups_P43313_F43313002/LevelGroup_P43313_F43313002_G1.json",
      "Name": "DefaultGroup",
      "ID": 1
    },
    {
      "GroupGUID": "0dbba134-9d58-40f8-9c00-2e0b0fbc9d6a",
      "GroupPath": "Config/LevelOutput/Group/Groups_P43313_F43313002/LevelGroup_P43313_F43313002_G2.json",
      "Name": "Sound",
      "ID": 2
    },
    {
      "GroupGUID": "e45fe03a-17b9-44f9-be66-f2dd27dbd236",
      "GroupPath": "Config/LevelOutput/Group/Groups_P43313_F43313002/LevelGroup_P43313_F43313002_G3.json",
      "DimensionFilter": {},
      "Name": "MainMission2030202_09",
      "ID": 3
    },
    {
      "GroupGUID": "a443cee8-e8eb-405b-aba8-e20b41d7766b",
      "GroupPath": "Config/LevelOutput/Group/Groups_P43313_F43313002/LevelGroup_P43313_F43313002_G4.json",
      "DimensionFilter": {},
      "Name": "MainMission2030202_10",
      "ID": 4
    },
    {
      "GroupGUID": "a53f2387-5c43-41f4-b958-722d1783d51e",
      "GroupPath": "Config/LevelOutput/Group/Groups_P43313_F43313002/LevelGroup_P43313_F43313002_G5.json",
      "DimensionFilter": {},
      "Name": "MainMission2030202_11",
      "ID": 5
    }
  ],
  "DefaultEnviroProfile": "Stages/Outputs/Chapter01/EnviroProfile/Chap01_INT_Office_01.enviroProfile.asset",
  "StageData": "Stages/Outputs/Chapter01/Stages/Chap01_INT_Office_01_StageData/Chap01_INT_Office_01_StageData.stage",
  "MinimapVolumeData": {
    "Scale": 0
  },
  "TimeOfDayEnviroProfileMap": {},
  "LayerToAreaMask": [
    1
  ],
  "BattleAreaList": [],
  "DimensionList": [
    {}
  ],
  "IsRestartLevelGraph": false
}