{
  "FloorID": 43321003,
  "FloorName": "FloorName_43321003",
  "StartGroupID": 1,
  "StartAnchorID": 1,
  "GroupList": [
    {
      "GroupGUID": "1f22efb7-7125-4611-96d5-189ec951cb3a",
      "GroupPath": "Config/LevelOutput/Group/Groups_P43321_F43321003/LevelGroup_P43321_F43321003_G1.json",
      "Name": "DefaultGroup",
      "ID": 1
    },
    {
      "GroupGUID": "dc116ef5-26fc-4cb7-8135-de4bd04af0c8",
      "GroupPath": "Config/LevelOutput/Group/Groups_P43321_F43321003/LevelGroup_P43321_F43321003_G25.json",
      "Name": "Sound",
      "ID": 25
    },
    {
      "GroupGUID": "2398c3d8-44c7-45ea-9597-9c8a6cea8105",
      "GroupPath": "Config/LevelOutput/Group/Groups_P43321_F43321003/LevelGroup_P43321_F43321003_G26.json",
      "Name": "Sound",
      "ID": 26
    },
    {
      "GroupGUID": "0128ee0b-77bb-4a94-a765-c7e09f723454",
      "GroupPath": "Config/LevelOutput/Group/Groups_P43321_F43321003/LevelGroup_P43321_F43321003_G27.json",
      "Name": "Sound",
      "ID": 27
    },
    {
      "GroupGUID": "c07f2082-128f-41a0-8f1f-2bad54b7a376",
      "GroupPath": "Config/LevelOutput/Group/Groups_P43321_F43321003/LevelGroup_P43321_F43321003_G28.json",
      "Name": "Sound",
      "ID": 28
    },
    {
      "GroupGUID": "c5a4f0f7-7ce0-423e-9af6-7b9528f5ee18",
      "GroupPath": "Config/LevelOutput/Group/Groups_P43321_F43321003/LevelGroup_P43321_F43321003_G29.json",
      "Name": "Sound",
      "ID": 29
    },
    {
      "GroupGUID": "cbfedfbd-80fc-4eb5-9a04-f8e3680c418a",
      "GroupPath": "Config/LevelOutput/Group/Groups_P43321_F43321003/LevelGroup_P43321_F43321003_G30.json",
      "Name": "sound-reverb",
      "ID": 30
    },
    {
      "GroupGUID": "4dad546c-8b59-4410-a882-c6f0feaf688a",
      "GroupPath": "Config/LevelOutput/Group/Groups_P43321_F43321003/LevelGroup_P43321_F43321003_G31.json",
      "Name": "sound-reverb",
      "ID": 31
    },
    {
      "GroupGUID": "d1107dc1-9c0a-4b55-a4fc-9198386a26d6",
      "GroupPath": "Config/LevelOutput/Group/Groups_P43321_F43321003/LevelGroup_P43321_F43321003_G32.json",
      "Name": "sound-reverb",
      "ID": 32
    },
    {
      "GroupGUID": "db386eaa-f6bc-441c-81ed-e05ac789b8fa",
      "GroupPath": "Config/LevelOutput/Group/Groups_P43321_F43321003/LevelGroup_P43321_F43321003_G33.json",
      "Name": "sound-reverb",
      "ID": 33
    }
  ],
  "DefaultEnviroProfile": "Stages/Outputs/Chapter03/EnviroProfile/Chap03_CloseView_MAZ_P302_OperaHouse_night_01.enviroProfile.asset",
  "StageData": "Stages/Outputs/Chapter03/Stages/Chap03_MAZ_P302_StageData/Chap03_MAZ_P302_StageData.stage",
  "TimeOfDayEnviroProfileMap": {},
  "LayerToAreaMask": [
    8,
    16,
    32
  ],
  "BattleAreaList": [],
  "DimensionList": [
    {}
  ],
  "NavmapConfigPath": "Config/LevelOutput/Map/MapInfo_P20332_F20332001.json"
}