{
  "FloorID": 43307001,
  "FloorName": "FloorName_43307001",
  "StartGroupID": 1,
  "StartAnchorID": 1,
  "GroupList": [
    {
      "GroupGUID": "53123a5a-4cbb-439a-b9ca-d47a9824bebe",
      "GroupPath": "Config/LevelOutput/Group/Groups_P43307_F43307001/LevelGroup_P43307_F43307001_G1.json",
      "DimensionFilter": {},
      "Name": "DefaultGroup",
      "ID": 1
    },
    {
      "GroupGUID": "1f2a20f7-bc9f-4cdd-83c0-f49b4c74f89a",
      "GroupPath": "Config/LevelOutput/Group/Groups_P43307_F43307001/LevelGroup_P43307_F43307001_G2.json",
      "DimensionFilter": {},
      "Name": "Default_BoundaryCamera_Client",
      "ID": 2
    },
    {
      "GroupGUID": "ae376535-4b32-4918-9373-ad002cf11512",
      "GroupPath": "Config/LevelOutput/Group/Groups_P43307_F43307001/LevelGroup_P43307_F43307001_G3.json",
      "DimensionFilter": {},
      "Name": "EdgeCamera",
      "ID": 3
    },
    {
      "GroupGUID": "7b19590e-bac0-4390-96fb-43b8252ef1a6",
      "GroupPath": "Config/LevelOutput/Group/Groups_P43307_F43307001/LevelGroup_P43307_F43307001_G4.json",
      "Name": "MainMission1030601_14",
      "ID": 4
    },
    {
      "GroupGUID": "4a64973f-acef-46d8-8b50-d235dafda6e2",
      "GroupPath": "Config/LevelOutput/Group/Groups_P43307_F43307001/LevelGroup_P43307_F43307001_G5.json",
      "Name": "MainMission1030601_16",
      "ID": 5
    },
    {
      "GroupGUID": "7435d41c-22d6-453e-9d5e-6ce7d3e303ff",
      "GroupPath": "Config/LevelOutput/Group/Groups_P43307_F43307001/LevelGroup_P43307_F43307001_G6.json",
      "Name": "MainMission1030601_24",
      "ID": 6
    },
    {
      "GroupGUID": "4e23edab-09a6-41ca-861c-7461601b8a44",
      "GroupPath": "Config/LevelOutput/Group/Groups_P43307_F43307001/LevelGroup_P43307_F43307001_G7.json",
      "Name": "MainMission1030601_30",
      "ID": 7
    },
    {
      "GroupGUID": "2a28df7b-03b2-44cc-b496-b8973db26f9c",
      "GroupPath": "Config/LevelOutput/Group/Groups_P43307_F43307001/LevelGroup_P43307_F43307001_G8.json",
      "Name": "MainMission1030601_25",
      "ID": 8
    },
    {
      "GroupGUID": "b1ced900-4bc6-4fce-b336-b29ae3b99be4",
      "GroupPath": "Config/LevelOutput/Group/Groups_P43307_F43307001/LevelGroup_P43307_F43307001_G9.json",
      "DimensionFilter": {},
      "Name": "JigsawPuzzle_P101_MainLine_01_Door",
      "ID": 9
    },
    {
      "GroupGUID": "e593fc28-8b49-4c49-b68d-95cdc9954839",
      "GroupPath": "Config/LevelOutput/Group/Groups_P43307_F43307001/LevelGroup_P43307_F43307001_G11.json",
      "Name": "BGM",
      "ID": 11
    },
    {
      "GroupGUID": "8b575845-fac6-40d7-b47f-2a4362b73969",
      "GroupPath": "Config/LevelOutput/Group/Groups_P43307_F43307001/LevelGroup_P43307_F43307001_G12.json",
      "Name": "Sound",
      "ID": 12
    },
    {
      "GroupGUID": "15bf2199-e1c9-4f31-8ed2-6aa5ecfdbb93",
      "GroupPath": "Config/LevelOutput/Group/Groups_P43307_F43307001/LevelGroup_P43307_F43307001_G13.json",
      "Name": "Sound-Reverb",
      "ID": 13
    },
    {
      "GroupGUID": "4cedefd9-fcb7-41af-92f9-fd69eefeff22",
      "GroupPath": "Config/LevelOutput/Group/Groups_P43307_F43307001/LevelGroup_P43307_F43307001_G14.json",
      "DimensionFilter": {},
      "Name": "3DMapInfo",
      "ID": 14
    },
    {
      "GroupGUID": "1925614e-4cd4-4cc7-96bd-71e397a82452",
      "GroupPath": "Config/LevelOutput/Group/Groups_P43307_F43307001/LevelGroup_P43307_F43307001_G15.json",
      "Name": "Sound",
      "ID": 15
    },
    {
      "GroupGUID": "dc7d4806-b762-45ce-b579-a8d0c2e805c8",
      "GroupPath": "Config/LevelOutput/Group/Groups_P43307_F43307001/LevelGroup_P43307_F43307001_G16.json",
      "Name": "Sound",
      "ID": 16
    },
    {
      "GroupGUID": "d1dd2b79-2973-48d9-9c34-6f532f9f5beb",
      "GroupPath": "Config/LevelOutput/Group/Groups_P43307_F43307001/LevelGroup_P43307_F43307001_G17.json",
      "Name": "Sound",
      "ID": 17
    },
    {
      "GroupGUID": "8bf17bea-bdf7-4e33-a3b4-84605f8b79f6",
      "GroupPath": "Config/LevelOutput/Group/Groups_P43307_F43307001/LevelGroup_P43307_F43307001_G18.json",
      "Name": "Sound",
      "ID": 18
    },
    {
      "GroupGUID": "837800c8-c868-4316-89b8-460c4cb1a2d7",
      "GroupPath": "Config/LevelOutput/Group/Groups_P43307_F43307001/LevelGroup_P43307_F43307001_G19.json",
      "Name": "Sound",
      "ID": 19
    }
  ],
  "DefaultEnviroProfile": "Stages/Outputs/Chapter03/EnviroProfile/Chap03_CloseView_ADV_INT_P101_night_01.enviroProfile.asset",
  "StageData": "Stages/Outputs/Chapter03/Stages/Chap03_MAZ_P101_MainLine_01_StageData/Chap03_MAZ_P101_MainLine_01_StageData.stage",
  "CameraType": "Maze",
  "TimeOfDayEnviroProfileMap": {},
  "LayerToAreaMask": [
    32,
    16,
    8
  ],
  "BattleAreaList": [],
  "DimensionList": [
    {}
  ],
  "CameraPrefabPath": "Level/Maze/Chapter03/Chap03_MAZ_P101_LevelArea.prefab",
  "NavmapConfigPath": "Config/LevelOutput/Map/MapInfo_P20311_F20311001.json",
  "IsRestartLevelGraph": false
}