{
  "FloorID": 43313003,
  "FloorName": "FloorName_43313003",
  "StartGroupID": 1,
  "StartAnchorID": 1,
  "GroupList": [
    {
      "GroupGUID": "65eb7fd2-0378-4fcf-a878-8c6db7dd687a",
      "GroupPath": "Config/LevelOutput/Group/Groups_P43313_F43313003/LevelGroup_P43313_F43313003_G1.json",
      "DimensionFilter": {},
      "Name": "DefaultGroup",
      "ID": 1
    },
    {
      "GroupGUID": "0ffcd256-03dd-4d85-8f7d-53d6f1948480",
      "GroupPath": "Config/LevelOutput/Group/Groups_P43313_F43313003/LevelGroup_P43313_F43313003_G2.json",
      "DimensionFilter": {},
      "Name": "DefaultData",
      "ID": 2
    },
    {
      "GroupGUID": "77d6f0d4-5d31-4c84-a082-f51ce41d7fd1",
      "GroupPath": "Config/LevelOutput/Group/Groups_P43313_F43313003/LevelGroup_P43313_F43313003_G3.json",
      "Name": "Sound",
      "ID": 3
    },
    {
      "GroupGUID": "eb5f4648-0b34-470c-8497-f9e14debf62c",
      "GroupPath": "Config/LevelOutput/Group/Groups_P43313_F43313003/LevelGroup_P43313_F43313003_G4.json",
      "DimensionFilter": {},
      "Name": "Doors",
      "ID": 4
    },
    {
      "GroupGUID": "2f6a6444-0510-4362-88fc-198ae84a0139",
      "GroupPath": "Config/LevelOutput/Group/Groups_P43313_F43313003/LevelGroup_P43313_F43313003_G5.json",
      "DimensionFilter": {},
      "Name": "MainMission2030202_12",
      "ID": 5
    },
    {
      "GroupGUID": "e206cb05-c614-441e-9c46-3a89035a384c",
      "GroupPath": "Config/LevelOutput/Group/Groups_P43313_F43313003/LevelGroup_P43313_F43313003_G6.json",
      "DimensionFilter": {},
      "Name": "MainMission2030202_13",
      "ID": 6
    },
    {
      "GroupGUID": "94af3ce3-bdff-4d94-b993-8864c1ac9c31",
      "GroupPath": "Config/LevelOutput/Group/Groups_P43313_F43313003/LevelGroup_P43313_F43313003_G7.json",
      "DimensionFilter": {},
      "Name": "MainMission2030202_14",
      "ID": 7
    },
    {
      "GroupGUID": "583a4c82-69fb-4039-a387-30890fd7a9c2",
      "GroupPath": "Config/LevelOutput/Group/Groups_P43313_F43313003/LevelGroup_P43313_F43313003_G8.json",
      "DimensionFilter": {},
      "Name": "MainMission2030202_16",
      "ID": 8
    },
    {
      "GroupGUID": "0ce5efb8-8abc-4261-9ff1-9536b12ed1e1",
      "GroupPath": "Config/LevelOutput/Group/Groups_P43313_F43313003/LevelGroup_P43313_F43313003_G9.json",
      "DimensionFilter": {},
      "Name": "MainMission2030202_17",
      "ID": 9
    },
    {
      "GroupGUID": "c6fa1407-96b7-48fb-9c3b-6bca0eb1438a",
      "GroupPath": "Config/LevelOutput/Group/Groups_P43313_F43313003/LevelGroup_P43313_F43313003_G10.json",
      "DimensionFilter": {},
      "Name": "MainMission2030202_18",
      "ID": 10
    },
    {
      "GroupGUID": "cedd03ad-6fda-483f-8bc6-0197b72dc2a8",
      "GroupPath": "Config/LevelOutput/Group/Groups_P43313_F43313003/LevelGroup_P43313_F43313003_G11.json",
      "DimensionFilter": {},
      "Name": "MainMission2030202_19",
      "ID": 11
    },
    {
      "GroupGUID": "6f0a667f-0c1e-45b1-8b06-7b97405aae2e",
      "GroupPath": "Config/LevelOutput/Group/Groups_P43313_F43313003/LevelGroup_P43313_F43313003_G12.json",
      "DimensionFilter": {},
      "Name": "MainMission2030202_20",
      "ID": 12
    },
    {
      "GroupGUID": "1fa848b2-3a7e-435d-bebd-c47f6c025f96",
      "GroupPath": "Config/LevelOutput/Group/Groups_P43313_F43313003/LevelGroup_P43313_F43313003_G13.json",
      "DimensionFilter": {},
      "Name": "MainMission2030202_22",
      "ID": 13
    },
    {
      "GroupGUID": "6cffbf1d-9dab-48f5-8169-61bf50dc5c3c",
      "GroupPath": "Config/LevelOutput/Group/Groups_P43313_F43313003/LevelGroup_P43313_F43313003_G14.json",
      "DimensionFilter": {},
      "Name": "MainMission2030202_23",
      "ID": 14
    },
    {
      "GroupGUID": "0d47213c-0448-4b3d-ae9e-a18873e9d64b",
      "GroupPath": "Config/LevelOutput/Group/Groups_P43313_F43313003/LevelGroup_P43313_F43313003_G15.json",
      "DimensionFilter": {},
      "Name": "MainMission2030202_24",
      "ID": 15
    },
    {
      "GroupGUID": "03518007-b10f-4d7b-a31f-072e29fff223",
      "GroupPath": "Config/LevelOutput/Group/Groups_P43313_F43313003/LevelGroup_P43313_F43313003_G16.json",
      "DimensionFilter": {},
      "Name": "MainMission2030202_26",
      "ID": 16
    },
    {
      "GroupGUID": "92444ced-643b-4a8e-a367-d580287d353d",
      "GroupPath": "Config/LevelOutput/Group/Groups_P43313_F43313003/LevelGroup_P43313_F43313003_G17.json",
      "DimensionFilter": {},
      "Name": "MainMission2030202_31",
      "ID": 17
    },
    {
      "GroupGUID": "4160c20f-f1c0-4406-945c-a3328f2cc6cc",
      "GroupPath": "Config/LevelOutput/Group/Groups_P43313_F43313003/LevelGroup_P43313_F43313003_G18.json",
      "DimensionFilter": {},
      "Name": "MainMission2030202_25",
      "ID": 18
    },
    {
      "GroupGUID": "4d4e44df-df80-4b0c-b64a-7c05680b430e",
      "GroupPath": "Config/LevelOutput/Group/Groups_P43313_F43313003/LevelGroup_P43313_F43313003_G19.json",
      "DimensionFilter": {},
      "Name": "MainMission2030202_27",
      "ID": 19
    }
  ],
  "DefaultEnviroProfile": "Stages/Outputs/Chapter01/EnviroProfile/Chap01_CloseView_ADV_Area_M302_01_Foggy.enviroProfile.asset",
  "StageData": "Stages/Outputs/Chapter01/Stages/Chap01_MAZ_M302_MainLine_01_StageData/Chap01_MAZ_M302_MainLine_01_StageData.stage",
  "CameraType": "Maze",
  "TimeOfDayEnviroProfileMap": {},
  "LayerToAreaMask": [
    1
  ],
  "BattleAreaList": [],
  "DimensionList": [
    {}
  ],
  "NavmapConfigPath": "Config/LevelOutput/Map/MapInfo_P20132_F20132001.json",
  "IsRestartLevelGraph": false
}