{
  "FloorID": 43322004,
  "FloorName": "FloorName_43322004",
  "StartGroupID": 1,
  "StartAnchorID": 1,
  "GroupList": [
    {
      "GroupGUID": "54c055c9-3239-4c96-99f8-b8342fe3a466",
      "GroupPath": "Config/LevelOutput/Group/Groups_P43322_F43322004/LevelGroup_P43322_F43322004_G1.json",
      "Name": "DefaultGroup",
      "ID": 1
    },
    {
      "GroupGUID": "7ce83478-66d5-481d-8256-8b2bccfbdc99",
      "GroupPath": "Config/LevelOutput/Group/Groups_P43322_F43322004/LevelGroup_P43322_F43322004_G2.json",
      "DimensionFilter": {},
      "Name": "DefaultGroup",
      "ID": 2
    },
    {
      "GroupGUID": "e68d260e-3f96-4a19-acd3-66c85d3c43c3",
      "GroupPath": "Config/LevelOutput/Group/Groups_P43322_F43322004/LevelGroup_P43322_F43322004_G3.json",
      "Name": "Entrance_MiniatureCity",
      "ID": 3
    },
    {
      "GroupGUID": "53c67741-759f-4a4e-be89-505f0c3007cb",
      "GroupPath": "Config/LevelOutput/Group/Groups_P43322_F43322004/LevelGroup_P43322_F43322004_G4.json",
      "Name": "Doors_Outside_Dimension1",
      "ID": 4
    },
    {
      "GroupGUID": "b18170f1-6e03-4739-a7dc-6490693e59f5",
      "GroupPath": "Config/LevelOutput/Group/Groups_P43322_F43322004/LevelGroup_P43322_F43322004_G5.json",
      "Name": "Doors_Outside_Dimension0_2",
      "ID": 5
    },
    {
      "GroupGUID": "07aa6970-fe89-424b-80c4-2640235a9608",
      "GroupPath": "Config/LevelOutput/Group/Groups_P43322_F43322004/LevelGroup_P43322_F43322004_G6.json",
      "Name": "Sound",
      "ID": 6
    },
    {
      "GroupGUID": "126b5971-93c5-45aa-b445-4a8b40311ad8",
      "GroupPath": "Config/LevelOutput/Group/Groups_P43322_F43322004/LevelGroup_P43322_F43322004_G7.json",
      "Name": "Sound",
      "ID": 7
    },
    {
      "GroupGUID": "5701b3ee-1a95-4100-989e-574126a608ce",
      "GroupPath": "Config/LevelOutput/Group/Groups_P43322_F43322004/LevelGroup_P43322_F43322004_G8.json",
      "Name": "Sound",
      "ID": 8
    }
  ],
  "DefaultEnviroProfile": "Stages/Outputs/Chapter03/EnviroProfile/Chap03_CloseView_MAZ_P202_Night_01.enviroProfile.asset",
  "StageData": "Stages/Outputs/Chapter03/Stages/Chap03_MAZ_P202_StageData/Chap03_MAZ_P202_StageData.stage",
  "CameraType": "Maze",
  "TimeOfDayEnviroProfileMap": {},
  "LayerToAreaMask": [
    8,
    16,
    32
  ],
  "BattleAreaList": [],
  "DimensionList": [
    {}
  ],
  "NavmapConfigPath": "Config/LevelOutput/Map/MapInfo_P20322_F20322001.json"
}