{
  "FloorID": 43322003,
  "FloorName": "FloorName_43322003",
  "StartGroupID": 1,
  "StartAnchorID": 1,
  "GroupList": [
    {
      "GroupGUID": "1d2dbfe3-c8e6-4213-86ba-c0f11238b3bf",
      "GroupPath": "Config/LevelOutput/Group/Groups_P43322_F43322003/LevelGroup_P43322_F43322003_G1.json",
      "DimensionFilter": {},
      "Name": "DefaultGroup",
      "ID": 1
    },
    {
      "GroupGUID": "4f02e841-0e6d-4b9a-8926-3c84e78fdfc1",
      "GroupPath": "Config/LevelOutput/Group/Groups_P43322_F43322003/LevelGroup_P43322_F43322003_G2.json",
      "Name": "DefaultGroup",
      "ID": 2
    },
    {
      "GroupGUID": "4a16045c-9ed6-4e6f-bde9-f318c9b229eb",
      "GroupPath": "Config/LevelOutput/Group/Groups_P43322_F43322003/LevelGroup_P43322_F43322003_G3.json",
      "Name": "BGM",
      "ID": 3
    },
    {
      "GroupGUID": "23a3399f-5a34-48b1-b755-619e2cfea6e5",
      "GroupPath": "Config/LevelOutput/Group/Groups_P43322_F43322003/LevelGroup_P43322_F43322003_G4.json",
      "Name": "Sound",
      "ID": 4
    },
    {
      "GroupGUID": "80628eaa-4161-4344-9e30-fa9a701fb6d2",
      "GroupPath": "Config/LevelOutput/Group/Groups_P43322_F43322003/LevelGroup_P43322_F43322003_G5.json",
      "Name": "Sound-Reverb",
      "ID": 5
    },
    {
      "GroupGUID": "c84a609a-d944-47e8-98d7-281c777f7c6b",
      "GroupPath": "Config/LevelOutput/Group/Groups_P43322_F43322003/LevelGroup_P43322_F43322003_G14.json",
      "DimensionFilter": {},
      "Name": "MainMission2030402_New Group",
      "ID": 14
    },
    {
      "GroupGUID": "c8a1dda6-76d6-4a9f-bf23-306da480cbf7",
      "GroupPath": "Config/LevelOutput/Group/Groups_P43322_F43322003/LevelGroup_P43322_F43322003_G6.json",
      "DimensionFilter": {},
      "Name": "MainMission2030402_New Group",
      "ID": 6
    },
    {
      "GroupGUID": "b00e7a34-e663-400b-8e04-aa9eebf0112a",
      "GroupPath": "Config/LevelOutput/Group/Groups_P43322_F43322003/LevelGroup_P43322_F43322003_G15.json",
      "DimensionFilter": {},
      "Name": "MainMission2030402_New Group",
      "ID": 15
    },
    {
      "GroupGUID": "ccf475dd-8125-49d1-ad6b-02966d081ea0",
      "GroupPath": "Config/LevelOutput/Group/Groups_P43322_F43322003/LevelGroup_P43322_F43322003_G16.json",
      "DimensionFilter": {},
      "Name": "MainMission2030402_New Group",
      "ID": 16
    },
    {
      "GroupGUID": "44a69bd6-6426-4621-a8ec-5629b45b208e",
      "GroupPath": "Config/LevelOutput/Group/Groups_P43322_F43322003/LevelGroup_P43322_F43322003_G7.json",
      "DimensionFilter": {},
      "Name": "MainMission2030402_New Group",
      "ID": 7
    },
    {
      "GroupGUID": "3f235839-1c79-4ec4-808b-b1486cf506f5",
      "GroupPath": "Config/LevelOutput/Group/Groups_P43322_F43322003/LevelGroup_P43322_F43322003_G8.json",
      "DimensionFilter": {},
      "Name": "MainMission2030402_New Group",
      "ID": 8
    },
    {
      "GroupGUID": "29bf1bc1-570f-40e6-9270-1cf0e1d341a5",
      "GroupPath": "Config/LevelOutput/Group/Groups_P43322_F43322003/LevelGroup_P43322_F43322003_G11.json",
      "DimensionFilter": {},
      "Name": "MainMission2030402_New Group",
      "ID": 11
    },
    {
      "GroupGUID": "22581bd7-83a0-4e07-b8fe-407ead6972c0",
      "GroupPath": "Config/LevelOutput/Group/Groups_P43322_F43322003/LevelGroup_P43322_F43322003_G9.json",
      "DimensionFilter": {},
      "Name": "MainMission2030402_New Group",
      "ID": 9
    },
    {
      "GroupGUID": "905ce78e-53e0-4661-9a2b-15f659f6ef53",
      "GroupPath": "Config/LevelOutput/Group/Groups_P43322_F43322003/LevelGroup_P43322_F43322003_G12.json",
      "DimensionFilter": {},
      "Name": "MainMission2030402_New Group",
      "ID": 12
    },
    {
      "GroupGUID": "a3a6da42-a829-4e25-a3c2-0b984d174afe",
      "GroupPath": "Config/LevelOutput/Group/Groups_P43322_F43322003/LevelGroup_P43322_F43322003_G13.json",
      "DimensionFilter": {},
      "Name": "MainMission2030402_New Group",
      "ID": 13
    },
    {
      "GroupGUID": "e68b5abd-c250-45bb-a13b-6e49db806c77",
      "GroupPath": "Config/LevelOutput/Group/Groups_P43322_F43322003/LevelGroup_P43322_F43322003_G17.json",
      "DimensionFilter": {},
      "Name": "MainMission2030402_New Group",
      "ID": 17
    },
    {
      "GroupGUID": "29d92620-f38f-488c-b9f7-639f9cce2097",
      "GroupPath": "Config/LevelOutput/Group/Groups_P43322_F43322003/LevelGroup_P43322_F43322003_G10.json",
      "DimensionFilter": {},
      "Name": "MainMission2030402_New Group",
      "ID": 10
    },
    {
      "GroupGUID": "08a45ab2-9af0-4333-ada1-c1ffd07be3eb",
      "GroupPath": "Config/LevelOutput/Group/Groups_P43322_F43322003/LevelGroup_P43322_F43322003_G18.json",
      "DimensionFilter": {
        "FilterType": "All"
      },
      "Name": "MainDoors",
      "ID": 18
    },
    {
      "GroupGUID": "83a76325-b8e9-44f4-82a5-44062d4ad1e5",
      "GroupPath": "Config/LevelOutput/Group/Groups_P43322_F43322003/LevelGroup_P43322_F43322003_G19.json",
      "DimensionFilter": {
        "FilterType": "All"
      },
      "Name": "MainDoors",
      "ID": 19
    },
    {
      "GroupGUID": "205813f1-2375-49da-b56f-0df7b605aa10",
      "GroupPath": "Config/LevelOutput/Group/Groups_P43322_F43322003/LevelGroup_P43322_F43322003_G20.json",
      "DimensionFilter": {
        "FilterType": "All"
      },
      "Name": "OneWayBridge",
      "ID": 20
    },
    {
      "GroupGUID": "0193dace-adee-4310-a856-cf3dffa250f6",
      "GroupPath": "Config/LevelOutput/Group/Groups_P43322_F43322003/LevelGroup_P43322_F43322003_G21.json",
      "DimensionFilter": {
        "FilterType": "All"
      },
      "Name": "Monster",
      "ID": 21
    },
    {
      "GroupGUID": "dd70ea02-6d3e-4e56-ab34-644fb2aacb2c",
      "GroupPath": "Config/LevelOutput/Group/Groups_P43322_F43322003/LevelGroup_P43322_F43322003_G31.json",
      "DimensionFilter": {
        "FilterType": "All"
      },
      "Name": "Saves",
      "ID": 31
    }
  ],
  "DefaultEnviroProfile": "Stages/Outputs/Chapter03/EnviroProfile/Chap03_CloseView_MAZ_P102_Rota_night_01.enviroProfile.asset",
  "StageData": "Stages/Outputs/Chapter03/Stages/Chap03_MAZ_P102_StageData/Chap03_MAZ_P102_StageData.stage",
  "CameraType": "Maze",
  "TimeOfDayEnviroProfileMap": {},
  "LayerToAreaMask": [
    1
  ],
  "FloorCustomData": {
    "SavedValues": [
      {
        "ID": 1,
        "Name": "InitMonster",
        "AllowedValues": [],
        "MaxValue": 1
      }
    ],
    "ConstValues": [
      {
        "$type": "RPG.GameCore.FloorTargetAgentConfig",
        "AgentType": "Prop",
        "GroupID": 18,
        "InstanceID": 300003,
        "ID": 1,
        "Name": "Region01_Airlock"
      },
      {
        "$type": "RPG.GameCore.FloorTargetAgentConfig",
        "AgentType": "Prop",
        "GroupID": 19,
        "InstanceID": 300015,
        "ID": 2,
        "Name": "Region02_Airlock"
      },
      {
        "$type": "RPG.GameCore.FloorTargetAgentConfig",
        "AgentType": "Prop",
        "GroupID": 18,
        "InstanceID": 300005,
        "ID": 3,
        "Name": "Region10_Airlock"
      },
      {
        "$type": "RPG.GameCore.FloorTargetAgentConfig",
        "AgentType": "Prop",
        "GroupID": 19,
        "InstanceID": 300015,
        "ID": 4,
        "Name": "Region20_Airlock"
      },
      {
        "$type": "RPG.GameCore.FloorTargetAgentConfig",
        "AgentType": "Prop",
        "GroupID": 19,
        "InstanceID": 300002,
        "ID": 5,
        "Name": "Region23_Airlock1"
      },
      {
        "$type": "RPG.GameCore.FloorTargetAgentConfig",
        "AgentType": "Prop",
        "GroupID": 19,
        "InstanceID": 300002,
        "ID": 6,
        "Name": "Region32_Airlock1"
      },
      {
        "$type": "RPG.GameCore.FloorTargetAgentConfig",
        "AgentType": "Prop",
        "GroupID": 18,
        "InstanceID": 300007,
        "ID": 7,
        "Name": "Region23_Airlock2"
      },
      {
        "$type": "RPG.GameCore.FloorTargetAgentConfig",
        "AgentType": "Prop",
        "GroupID": 18,
        "InstanceID": 300007,
        "ID": 8,
        "Name": "Region32_Airlock2"
      }
    ]
  },
  "BattleAreaList": [],
  "DimensionList": [
    {}
  ],
  "NavmapConfigPath": "Config/LevelOutput/Map/MapInfo_P20312_F20312001.json",
  "RegionConfigPath": "Config/LevelOutput/Region/FloorRegion_P20312_F20312001.json"
}