{
  "FloorID": 43312003,
  "FloorName": "FloorName_43312003",
  "StartGroupID": 1,
  "StartAnchorID": 1,
  "GroupList": [
    {
      "GroupGUID": "ef651aaf-855b-42b7-b9f3-4543b2da27bd",
      "GroupPath": "Config/LevelOutput/Group/Groups_P43312_F43312003/LevelGroup_P43312_F43312003_G1.json",
      "DimensionFilter": {},
      "Name": "DefaultGroup",
      "ID": 1
    },
    {
      "GroupGUID": "df8a942f-ea4c-4084-ba43-5d2a4b76d946",
      "GroupPath": "Config/LevelOutput/Group/Groups_P43312_F43312003/LevelGroup_P43312_F43312003_G2.json",
      "DimensionFilter": {},
      "Name": "Portal",
      "ID": 2
    },
    {
      "GroupGUID": "f62febc7-f9f9-4de8-b97e-0dbdb3ed553d",
      "GroupPath": "Config/LevelOutput/Group/Groups_P43312_F43312003/LevelGroup_P43312_F43312003_G3.json",
      "DimensionFilter": {},
      "Name": "Blockade",
      "ID": 3
    },
    {
      "GroupGUID": "61c93077-c981-4d22-b4bc-37154593acc9",
      "GroupPath": "Config/LevelOutput/Group/Groups_P43312_F43312003/LevelGroup_P43312_F43312003_G13.json",
      "DimensionFilter": {},
      "Name": "Region0_Pose0_Bridges",
      "ID": 13
    },
    {
      "GroupGUID": "2493e4e0-3701-4376-8016-8e3c0bb2e063",
      "GroupPath": "Config/LevelOutput/Group/Groups_P43312_F43312003/LevelGroup_P43312_F43312003_G14.json",
      "DimensionFilter": {},
      "Name": "Region0_Pose0_Charger",
      "ID": 14
    },
    {
      "GroupGUID": "1b5cd66a-5b7a-4b6b-8480-24c74a8ff983",
      "GroupPath": "Config/LevelOutput/Group/Groups_P43312_F43312003/LevelGroup_P43312_F43312003_G15.json",
      "DimensionFilter": {},
      "Name": "Region0_Gravity_Boards",
      "ID": 15
    },
    {
      "GroupGUID": "6cb38c2b-8de0-4a4c-bd0b-2eb666959fd7",
      "GroupPath": "Config/LevelOutput/Group/Groups_P43312_F43312003/LevelGroup_P43312_F43312003_G16.json",
      "DimensionFilter": {},
      "Name": "Region0_Pose1_Charger",
      "ID": 16
    },
    {
      "GroupGUID": "46b9c00d-72e2-45a5-b72d-41e8ccbfc083",
      "GroupPath": "Config/LevelOutput/Group/Groups_P43312_F43312003/LevelGroup_P43312_F43312003_G17.json",
      "DimensionFilter": {},
      "Name": "Region0_Pose5_Charger",
      "ID": 17
    },
    {
      "GroupGUID": "90617c11-7daa-47bc-ba3d-5bed0dfb8efb",
      "GroupPath": "Config/LevelOutput/Group/Groups_P43312_F43312003/LevelGroup_P43312_F43312003_G18.json",
      "DimensionFilter": {},
      "Name": "Jigsaw_Piece_Temp",
      "ID": 18
    },
    {
      "GroupGUID": "5056b499-45ee-4038-8f78-7d856eba14ec",
      "GroupPath": "Config/LevelOutput/Group/Groups_P43312_F43312003/LevelGroup_P43312_F43312003_G19.json",
      "DimensionFilter": {},
      "Name": "MainMission2030302_JigsawPuzzle_P101_Mission_01_LSGM",
      "ID": 19
    },
    {
      "GroupGUID": "e2ab1547-341b-4c2c-bc2f-12b83aa9261b",
      "GroupPath": "Config/LevelOutput/Group/Groups_P43312_F43312003/LevelGroup_P43312_F43312003_G20.json",
      "DimensionFilter": {},
      "Name": "MainMission2030302_JigsawPuzzle_Piece2",
      "ID": 20
    },
    {
      "GroupGUID": "85e6db13-53eb-4dc5-8c16-913dc2d9b029",
      "GroupPath": "Config/LevelOutput/Group/Groups_P43312_F43312003/LevelGroup_P43312_F43312003_G21.json",
      "DimensionFilter": {},
      "Name": "MainMission2030302_JigsawPuzzle_Piece3",
      "ID": 21
    },
    {
      "GroupGUID": "263fffb5-fe9d-4861-9079-09e00069b538",
      "GroupPath": "Config/LevelOutput/Group/Groups_P43312_F43312003/LevelGroup_P43312_F43312003_G28.json",
      "DimensionFilter": {},
      "Name": "MainMission2030302_New Group",
      "ID": 28
    },
    {
      "GroupGUID": "3bd6d4cf-7c2b-4e11-bfb0-357daa302959",
      "GroupPath": "Config/LevelOutput/Group/Groups_P43312_F43312003/LevelGroup_P43312_F43312003_G29.json",
      "DimensionFilter": {},
      "Name": "MainMission2030302_New Group",
      "ID": 29
    },
    {
      "GroupGUID": "c03522c5-76d8-4bc8-8ffc-e505da43049e",
      "GroupPath": "Config/LevelOutput/Group/Groups_P43312_F43312003/LevelGroup_P43312_F43312003_G30.json",
      "DimensionFilter": {},
      "Name": "MainMission2030302_New Group",
      "ID": 30
    },
    {
      "GroupGUID": "ae277bd5-ea3b-4be1-91dc-8464effbb4e9",
      "GroupPath": "Config/LevelOutput/Group/Groups_P43312_F43312003/LevelGroup_P43312_F43312003_G31.json",
      "DimensionFilter": {},
      "Name": "MainMission2030302_New Group",
      "ID": 31
    },
    {
      "GroupGUID": "63ed5650-4aa8-4e2c-8263-d60643403404",
      "GroupPath": "Config/LevelOutput/Group/Groups_P43312_F43312003/LevelGroup_P43312_F43312003_G32.json",
      "DimensionFilter": {},
      "Name": "MainMission2030302_New Group",
      "ID": 32
    },
    {
      "GroupGUID": "7f288a76-ef24-40c0-b1e3-268590c0f786",
      "GroupPath": "Config/LevelOutput/Group/Groups_P43312_F43312003/LevelGroup_P43312_F43312003_G33.json",
      "DimensionFilter": {},
      "Name": "MainMission2030302_New Group",
      "ID": 33
    },
    {
      "GroupGUID": "b6aac397-c992-47f4-93fd-d771cc8b37e6",
      "GroupPath": "Config/LevelOutput/Group/Groups_P43312_F43312003/LevelGroup_P43312_F43312003_G34.json",
      "DimensionFilter": {},
      "Name": "MainMission2030302_New Group",
      "ID": 34
    },
    {
      "GroupGUID": "2558aae6-c991-425d-bf07-51276323fe3a",
      "GroupPath": "Config/LevelOutput/Group/Groups_P43312_F43312003/LevelGroup_P43312_F43312003_G23.json",
      "DimensionFilter": {},
      "Name": "Monster",
      "ID": 23
    },
    {
      "GroupGUID": "fd63447a-3d2c-4bed-9138-6320ae72d415",
      "GroupPath": "Config/LevelOutput/Group/Groups_P43312_F43312003/LevelGroup_P43312_F43312003_G27.json",
      "DimensionFilter": {},
      "Name": "Monster",
      "ID": 27
    },
    {
      "GroupGUID": "f0a603cb-620e-4482-9cd1-bb2c36ff905b",
      "GroupPath": "Config/LevelOutput/Group/Groups_P43312_F43312003/LevelGroup_P43312_F43312003_G35.json",
      "DimensionFilter": {},
      "Name": "3DMapInfo",
      "ID": 35
    },
    {
      "GroupGUID": "2df6bda0-a72c-4038-b001-5132088e97bb",
      "GroupPath": "Config/LevelOutput/Group/Groups_P43312_F43312003/LevelGroup_P43312_F43312003_G37.json",
      "DimensionFilter": {},
      "Name": "Sound-Reverb",
      "ID": 37
    },
    {
      "GroupGUID": "ca3e9c52-eb31-467f-bda5-fc16debe53e7",
      "GroupPath": "Config/LevelOutput/Group/Groups_P43312_F43312003/LevelGroup_P43312_F43312003_G38.json",
      "Name": "Sound",
      "ID": 38
    },
    {
      "GroupGUID": "acf9b4d5-eff5-464e-b5cb-3681eca1ed7d",
      "GroupPath": "Config/LevelOutput/Group/Groups_P43312_F43312003/LevelGroup_P43312_F43312003_G40.json",
      "DimensionFilter": {},
      "Name": "BattleArea",
      "ID": 40
    },
    {
      "GroupGUID": "3dd7f864-28fe-49c9-bf56-badc64d11a12",
      "GroupPath": "Config/LevelOutput/Group/Groups_P43312_F43312003/LevelGroup_P43312_F43312003_G41.json",
      "Name": "BGM",
      "ID": 41
    },
    {
      "GroupGUID": "559d6727-5ad6-4152-a42e-b38204eb257d",
      "GroupPath": "Config/LevelOutput/Group/Groups_P43312_F43312003/LevelGroup_P43312_F43312003_G42.json",
      "Name": "Sound",
      "ID": 42
    },
    {
      "GroupGUID": "f151ece5-fd86-4901-bfd3-756f1cc482cd",
      "GroupPath": "Config/LevelOutput/Group/Groups_P43312_F43312003/LevelGroup_P43312_F43312003_G43.json",
      "DimensionFilter": {},
      "Name": "MainMission2030302_New Group",
      "ID": 43
    },
    {
      "GroupGUID": "aee5f4be-b914-4d98-82b7-5e539071d951",
      "GroupPath": "Config/LevelOutput/Group/Groups_P43312_F43312003/LevelGroup_P43312_F43312003_G44.json",
      "DimensionFilter": {},
      "Name": "Sound",
      "ID": 44
    },
    {
      "GroupGUID": "546e81f4-ff7e-45c9-b3c7-50175a2bc640",
      "GroupPath": "Config/LevelOutput/Group/Groups_P43312_F43312003/LevelGroup_P43312_F43312003_G45.json",
      "Name": "Sound",
      "ID": 45
    },
    {
      "GroupGUID": "989b23c8-3e46-4f01-aa95-b8a059ac894c",
      "GroupPath": "Config/LevelOutput/Group/Groups_P43312_F43312003/LevelGroup_P43312_F43312003_G46.json",
      "Name": "Sound",
      "ID": 46
    },
    {
      "GroupGUID": "7b063178-2122-434d-a6d3-1177aa4b93d7",
      "GroupPath": "Config/LevelOutput/Group/Groups_P43312_F43312003/LevelGroup_P43312_F43312003_G47.json",
      "Name": "Sound",
      "ID": 47
    },
    {
      "GroupGUID": "b7a3b6c0-052e-4877-8ed0-a43a1966fcd1",
      "GroupPath": "Config/LevelOutput/Group/Groups_P43312_F43312003/LevelGroup_P43312_F43312003_G48.json",
      "Name": "Sound",
      "ID": 48
    }
  ],
  "DefaultEnviroProfile": "Stages/Outputs/Chapter03/EnviroProfile/Chap03_CloseView_ADV_INT_P101_night_01.enviroProfile.asset",
  "StageData": "Stages/Outputs/Chapter03/Stages/Chap03_MAZ_P101_MainLine_01_StageData/Chap03_MAZ_P101_MainLine_01_StageData.stage",
  "CameraType": "Maze",
  "TimeOfDayEnviroProfileMap": {},
  "LayerToAreaMask": [
    32,
    16,
    8
  ],
  "FloorCustomData": {
    "CustomValues": [
      {
        "$type": "RPG.GameCore.FloorCustomBoolConfig",
        "ID": 10001,
        "Name": "Is_Frame_Interacted"
      }
    ],
    "SavedValues": [
      {
        "ID": 1,
        "Name": "JG_MS_01_BoardState",
        "AllowedValues": [
          0,
          1,
          2,
          3
        ],
        "MaxValue": 3
      },
      {
        "ID": 2,
        "Name": "JG_MS_01_PieceCount",
        "AllowedValues": [
          0,
          1,
          2,
          3
        ],
        "MaxValue": 3
      }
    ],
    "ConstValues": [
      {
        "$type": "RPG.GameCore.FloorTargetAgentConfig",
        "ID": 1,
        "Name": "Connection01"
      },
      {
        "$type": "RPG.GameCore.FloorTargetAgentConfig",
        "ID": 2,
        "Name": "Connection02"
      },
      {
        "$type": "RPG.GameCore.FloorTargetAgentConfig",
        "ID": 3,
        "Name": "Connection03"
      },
      {
        "$type": "RPG.GameCore.FloorTargetAgentConfig",
        "ID": 4,
        "Name": "Connection04"
      },
      {
        "$type": "RPG.GameCore.FloorTargetAgentConfig",
        "ID": 5,
        "Name": "Connection05"
      },
      {
        "$type": "RPG.GameCore.FloorTargetAgentConfig",
        "ID": 6,
        "Name": "Connection06"
      },
      {
        "$type": "RPG.GameCore.FloorTargetAgentConfig",
        "ID": 7,
        "Name": "Connection07"
      },
      {
        "$type": "RPG.GameCore.FloorTargetAgentConfig",
        "ID": 12,
        "Name": "Connection08"
      },
      {
        "$type": "RPG.GameCore.FloorTargetAgentConfig",
        "ID": 13,
        "Name": "Connection09"
      },
      {
        "$type": "RPG.GameCore.FloorTargetAgentConfig",
        "ID": 14,
        "Name": "Connection10"
      },
      {
        "$type": "RPG.GameCore.FloorTargetAgentConfig",
        "ID": 15,
        "Name": "Connection11"
      },
      {
        "$type": "RPG.GameCore.FloorTargetAgentConfig",
        "ID": 16,
        "Name": "Connection12"
      },
      {
        "$type": "RPG.GameCore.FloorTargetAgentConfig",
        "ID": 17,
        "Name": "Connection13"
      },
      {
        "$type": "RPG.GameCore.FloorTargetAgentConfig",
        "ID": 18,
        "Name": "Connection14"
      },
      {
        "$type": "RPG.GameCore.FloorTargetAgentConfig",
        "ID": 19,
        "Name": "Connection15"
      },
      {
        "$type": "RPG.GameCore.FloorTargetAgentConfig",
        "ID": 20,
        "Name": "Connection16"
      },
      {
        "$type": "RPG.GameCore.FloorTargetAgentConfig",
        "ID": 21,
        "Name": "Connection17"
      }
    ]
  },
  "BattleAreaList": [],
  "DimensionList": [
    {}
  ],
  "CameraPrefabPath": "Level/Maze/Chapter03/Chap03_MAZ_P101_LevelArea.prefab",
  "LevelFeatureModules": [
    "RotatableRegion"
  ],
  "NavmapConfigPath": "Config/LevelOutput/Map/MapInfo_P20311_F20311001.json",
  "RegionConfigPath": "Config/LevelOutput/Region/FloorRegion_P20311_F20311001.json",
  "IsRestartLevelGraph": false
}