{
  "FloorID": 43305002,
  "FloorName": "FloorName_43305002",
  "StartGroupID": 1,
  "StartAnchorID": 1,
  "GroupList": [
    {
      "GroupGUID": "040f3e95-09c4-47a8-bab9-1c3dc80a4524",
      "GroupPath": "Config/LevelOutput/Group/Groups_P43305_F43305002/LevelGroup_P43305_F43305002_G1.json",
      "DimensionFilter": {},
      "Name": "DefaultGroup",
      "ID": 1
    },
    {
      "GroupGUID": "1e874b96-3802-4d6f-83bb-0f74772ece24",
      "GroupPath": "Config/LevelOutput/Group/Groups_P43305_F43305002/LevelGroup_P43305_F43305002_G2.json",
      "DimensionFilter": {},
      "Name": "Default_BoundaryCamera_Client",
      "ID": 2
    },
    {
      "GroupGUID": "9991c59f-f9ae-4a4f-984d-4cfe15e8b68c",
      "GroupPath": "Config/LevelOutput/Group/Groups_P43305_F43305002/LevelGroup_P43305_F43305002_G3.json",
      "DimensionFilter": {},
      "Name": "EdgeCamera",
      "ID": 3
    },
    {
      "GroupGUID": "5a385a55-f72a-4d68-9db8-5d51f3abea02",
      "GroupPath": "Config/LevelOutput/Group/Groups_P43305_F43305002/LevelGroup_P43305_F43305002_G4.json",
      "Name": "MainMission2030002_03",
      "ID": 4
    },
    {
      "GroupGUID": "2e26c810-ae3f-4962-a10e-f888ed9f0a96",
      "GroupPath": "Config/LevelOutput/Group/Groups_P43305_F43305002/LevelGroup_P43305_F43305002_G5.json",
      "Name": "MainMission2030002_01",
      "ID": 5
    },
    {
      "GroupGUID": "aa86ebd1-dd08-4978-b413-2bd014d40ef9",
      "GroupPath": "Config/LevelOutput/Group/Groups_P43305_F43305002/LevelGroup_P43305_F43305002_G6.json",
      "Name": "MainMission2030002_02",
      "ID": 6
    },
    {
      "GroupGUID": "88f38def-6bcc-4256-8204-a35fad3e63b0",
      "GroupPath": "Config/LevelOutput/Group/Groups_P43305_F43305002/LevelGroup_P43305_F43305002_G7.json",
      "DimensionFilter": {},
      "Name": "MainMission2030002_04",
      "ID": 7
    },
    {
      "GroupGUID": "3931718c-82d8-4175-a846-1f851a886b8a",
      "GroupPath": "Config/LevelOutput/Group/Groups_P43305_F43305002/LevelGroup_P43305_F43305002_G8.json",
      "DimensionFilter": {},
      "Name": "MainMission2030002_05",
      "ID": 8
    },
    {
      "GroupGUID": "cab6b55c-0070-4750-94a0-30767beccc34",
      "GroupPath": "Config/LevelOutput/Group/Groups_P43305_F43305002/LevelGroup_P43305_F43305002_G9.json",
      "DimensionFilter": {},
      "Name": "MainMission2030002_06",
      "ID": 9
    },
    {
      "GroupGUID": "6ff4fb0e-9613-4af5-b4db-42c1caac114a",
      "GroupPath": "Config/LevelOutput/Group/Groups_P43305_F43305002/LevelGroup_P43305_F43305002_G10.json",
      "Name": "MainMission2030002_07",
      "ID": 10
    },
    {
      "GroupGUID": "805a27ed-f27a-47a9-bec9-52f06458b86b",
      "GroupPath": "Config/LevelOutput/Group/Groups_P43305_F43305002/LevelGroup_P43305_F43305002_G11.json",
      "DimensionFilter": {},
      "Name": "MainMission2030002_09",
      "ID": 11
    },
    {
      "GroupGUID": "8f88db3e-8321-460a-81ac-b74a6a2d99f7",
      "GroupPath": "Config/LevelOutput/Group/Groups_P43305_F43305002/LevelGroup_P43305_F43305002_G12.json",
      "DimensionFilter": {},
      "Name": "MainMission2030002_10",
      "ID": 12
    },
    {
      "GroupGUID": "cd635d58-99df-4bcc-a345-b50ea81b2874",
      "GroupPath": "Config/LevelOutput/Group/Groups_P43305_F43305002/LevelGroup_P43305_F43305002_G13.json",
      "DimensionFilter": {},
      "Name": "MainMission2030002_11",
      "ID": 13
    },
    {
      "GroupGUID": "03fc5e58-7bfa-46b5-8a93-64f622df088e",
      "GroupPath": "Config/LevelOutput/Group/Groups_P43305_F43305002/LevelGroup_P43305_F43305002_G14.json",
      "Name": "MainMission2030002_12",
      "ID": 14
    },
    {
      "GroupGUID": "9b433bd3-a3b5-4610-b03c-4f5140952e33",
      "GroupPath": "Config/LevelOutput/Group/Groups_P43305_F43305002/LevelGroup_P43305_F43305002_G15.json",
      "DimensionFilter": {},
      "Name": "MainMission2030002_34",
      "ID": 15
    },
    {
      "GroupGUID": "79b527cd-d568-46e7-83e6-e6a616d0fb6a",
      "GroupPath": "Config/LevelOutput/Group/Groups_P43305_F43305002/LevelGroup_P43305_F43305002_G16.json",
      "Name": "MainMission2030002_1701",
      "ID": 16
    },
    {
      "GroupGUID": "4acb3f78-8d48-46e3-aa40-023744e4e136",
      "GroupPath": "Config/LevelOutput/Group/Groups_P43305_F43305002/LevelGroup_P43305_F43305002_G17.json",
      "Name": "MainMission2030002_14",
      "ID": 17
    },
    {
      "GroupGUID": "75d13cdd-ef0a-4085-bb54-b4957cdf1474",
      "GroupPath": "Config/LevelOutput/Group/Groups_P43305_F43305002/LevelGroup_P43305_F43305002_G18.json",
      "Name": "MainMission2030002_16",
      "ID": 18
    },
    {
      "GroupGUID": "ee824fa3-bb81-4044-9074-8fe80e002256",
      "GroupPath": "Config/LevelOutput/Group/Groups_P43305_F43305002/LevelGroup_P43305_F43305002_G19.json",
      "Name": "MainMission2030002_1702",
      "ID": 19
    },
    {
      "GroupGUID": "811dbb84-69be-4b65-89bd-a8e54bcdb072",
      "GroupPath": "Config/LevelOutput/Group/Groups_P43305_F43305002/LevelGroup_P43305_F43305002_G20.json",
      "Name": "MainMission2030002_1703",
      "ID": 20
    },
    {
      "GroupGUID": "e470fd88-ef1b-4e57-8a4a-42bab5b3977a",
      "GroupPath": "Config/LevelOutput/Group/Groups_P43305_F43305002/LevelGroup_P43305_F43305002_G21.json",
      "Name": "MainMission2030002_1704",
      "ID": 21
    },
    {
      "GroupGUID": "24a424e4-1841-496a-a669-0376b8a0f898",
      "GroupPath": "Config/LevelOutput/Group/Groups_P43305_F43305002/LevelGroup_P43305_F43305002_G22.json",
      "Name": "MainMission2030002_21",
      "ID": 22
    },
    {
      "GroupGUID": "36eba318-988a-4f37-838f-973718d3dc75",
      "GroupPath": "Config/LevelOutput/Group/Groups_P43305_F43305002/LevelGroup_P43305_F43305002_G23.json",
      "Name": "MainMission2030002_22",
      "ID": 23
    },
    {
      "GroupGUID": "f6853599-e78e-4c4e-9031-98dfe7364d4c",
      "GroupPath": "Config/LevelOutput/Group/Groups_P43305_F43305002/LevelGroup_P43305_F43305002_G24.json",
      "Name": "MainMission2030002_37",
      "ID": 24
    },
    {
      "GroupGUID": "c06d9e25-c874-4dff-9737-e330865d5f42",
      "GroupPath": "Config/LevelOutput/Group/Groups_P43305_F43305002/LevelGroup_P43305_F43305002_G35.json",
      "Name": "MainMission2030002_2402",
      "ID": 35
    },
    {
      "GroupGUID": "f5ff5e24-9f3c-4dec-827f-5569b59680c1",
      "GroupPath": "Config/LevelOutput/Group/Groups_P43305_F43305002/LevelGroup_P43305_F43305002_G36.json",
      "Name": "MainMission2030002_2401",
      "ID": 36
    },
    {
      "GroupGUID": "a7e247f7-ef80-49ed-9709-4b0261ded6ae",
      "GroupPath": "Config/LevelOutput/Group/Groups_P43305_F43305002/LevelGroup_P43305_F43305002_G37.json",
      "DimensionFilter": {},
      "Name": "MainMission2030002_25",
      "ID": 37
    },
    {
      "GroupGUID": "9e75b17c-0712-4917-bbe3-ac33f08c2381",
      "GroupPath": "Config/LevelOutput/Group/Groups_P43305_F43305002/LevelGroup_P43305_F43305002_G38.json",
      "DimensionFilter": {},
      "Name": "MainMission2030002_2602",
      "ID": 38
    },
    {
      "GroupGUID": "02935769-d282-458e-81ee-0a309b5fabe2",
      "GroupPath": "Config/LevelOutput/Group/Groups_P43305_F43305002/LevelGroup_P43305_F43305002_G39.json",
      "DimensionFilter": {},
      "Name": "MainMission2030002_27",
      "ID": 39
    },
    {
      "GroupGUID": "ec227ea1-4c36-4423-ba7e-150e23c6dc2f",
      "GroupPath": "Config/LevelOutput/Group/Groups_P43305_F43305002/LevelGroup_P43305_F43305002_G40.json",
      "DimensionFilter": {},
      "Name": "MainMission2030002_28",
      "ID": 40
    },
    {
      "GroupGUID": "95d825b7-0d1d-4316-8ce3-46de857569f4",
      "GroupPath": "Config/LevelOutput/Group/Groups_P43305_F43305002/LevelGroup_P43305_F43305002_G41.json",
      "DimensionFilter": {},
      "Name": "MainMission2030002_29",
      "ID": 41
    },
    {
      "GroupGUID": "ee2413fb-9373-4363-ba83-84ad3bd501ef",
      "GroupPath": "Config/LevelOutput/Group/Groups_P43305_F43305002/LevelGroup_P43305_F43305002_G42.json",
      "DimensionFilter": {},
      "Name": "MainMission2030002_30",
      "ID": 42
    },
    {
      "GroupGUID": "9d08d84b-d30c-40d7-b615-70b5e730a0d0",
      "GroupPath": "Config/LevelOutput/Group/Groups_P43305_F43305002/LevelGroup_P43305_F43305002_G43.json",
      "DimensionFilter": {},
      "Name": "MainMission2030002_31",
      "ID": 43
    },
    {
      "GroupGUID": "95b1c774-efb4-4ee5-869b-e11da5988b55",
      "GroupPath": "Config/LevelOutput/Group/Groups_P43305_F43305002/LevelGroup_P43305_F43305002_G44.json",
      "Name": "MainMission2030002_32",
      "ID": 44
    },
    {
      "GroupGUID": "fd35c4f9-75bd-47d3-85e3-9d2a312c077c",
      "GroupPath": "Config/LevelOutput/Group/Groups_P43305_F43305002/LevelGroup_P43305_F43305002_G45.json",
      "Name": "MainMission2030002_2403",
      "ID": 45
    },
    {
      "GroupGUID": "0c9356de-6f92-461f-9c51-464b7a39f964",
      "GroupPath": "Config/LevelOutput/Group/Groups_P43305_F43305002/LevelGroup_P43305_F43305002_G46.json",
      "DimensionFilter": {},
      "Name": "MainMission2030002_0402",
      "ID": 46
    },
    {
      "GroupGUID": "160061a7-8d01-4459-acfa-07abfea41695",
      "GroupPath": "Config/LevelOutput/Group/Groups_P43305_F43305002/LevelGroup_P43305_F43305002_G47.json",
      "DimensionFilter": {},
      "Name": "MainMission2030002_0502",
      "ID": 47
    },
    {
      "GroupGUID": "df303707-21b4-4ffc-bd0d-4afe1cb31159",
      "GroupPath": "Config/LevelOutput/Group/Groups_P43305_F43305002/LevelGroup_P43305_F43305002_G48.json",
      "DimensionFilter": {},
      "Name": "MainMission2030002_0602",
      "ID": 48
    },
    {
      "GroupGUID": "b9d5dd9f-1c97-483a-a7ec-b485396d9a3d",
      "GroupPath": "Config/LevelOutput/Group/Groups_P43305_F43305002/LevelGroup_P43305_F43305002_G50.json",
      "DimensionFilter": {},
      "Name": "MainMission2030002_0403",
      "ID": 50
    },
    {
      "GroupGUID": "583fb37e-93dc-47d3-98ec-86796a96d6d0",
      "GroupPath": "Config/LevelOutput/Group/Groups_P43305_F43305002/LevelGroup_P43305_F43305002_G51.json",
      "Name": "MainMission2030002_1402",
      "ID": 51
    },
    {
      "GroupGUID": "fc724eb5-f451-4fc8-bfa1-d9be5ff8b8b0",
      "GroupPath": "Config/LevelOutput/Group/Groups_P43305_F43305002/LevelGroup_P43305_F43305002_G52.json",
      "DimensionFilter": {},
      "Name": "MainMission2030002_2601",
      "ID": 52
    },
    {
      "GroupGUID": "ef3b8117-8b34-4e65-befa-c9e2fc471731",
      "GroupPath": "Config/LevelOutput/Group/Groups_P43305_F43305002/LevelGroup_P43305_F43305002_G53.json",
      "Name": "MainMission2030002_2403",
      "ID": 53
    },
    {
      "GroupGUID": "ce4763e6-7732-48bc-92c0-c9d41e7965e9",
      "GroupPath": "Config/LevelOutput/Group/Groups_P43305_F43305002/LevelGroup_P43305_F43305002_G58.json",
      "DimensionFilter": {},
      "Name": "DefaultGroup",
      "ID": 58
    },
    {
      "GroupGUID": "ba41c723-e4c0-4d56-b4f2-bb3735236d3a",
      "GroupPath": "Config/LevelOutput/Group/Groups_P43305_F43305002/LevelGroup_P43305_F43305002_G59.json",
      "DimensionFilter": {},
      "Name": "Doors",
      "ID": 59
    },
    {
      "GroupGUID": "c29a438d-5b1d-4332-b766-08d60cc02fe2",
      "GroupPath": "Config/LevelOutput/Group/Groups_P43305_F43305002/LevelGroup_P43305_F43305002_G60.json",
      "DimensionFilter": {},
      "Name": "DefaultPortal",
      "ID": 60
    },
    {
      "GroupGUID": "3652ee19-2f17-42e8-a125-588533628b53",
      "GroupPath": "Config/LevelOutput/Group/Groups_P43305_F43305002/LevelGroup_P43305_F43305002_G63.json",
      "DimensionFilter": {},
      "Name": "Anchor",
      "ID": 63
    },
    {
      "GroupGUID": "9c49949b-fa52-4c13-bf9f-eb070fe010ed",
      "GroupPath": "Config/LevelOutput/Group/Groups_P43305_F43305002/LevelGroup_P43305_F43305002_G64.json",
      "DimensionFilter": {},
      "Name": "Boundaries",
      "ID": 64
    },
    {
      "GroupGUID": "8e6edf18-fa02-4444-a371-914186e2badf",
      "GroupPath": "Config/LevelOutput/Group/Groups_P43305_F43305002/LevelGroup_P43305_F43305002_G65.json",
      "DimensionFilter": {},
      "Name": "MoreDoors",
      "ID": 65
    },
    {
      "GroupGUID": "ec7b18fd-6cba-4519-a84e-ba6b49ba03a2",
      "GroupPath": "Config/LevelOutput/Group/Groups_P43305_F43305002/LevelGroup_P43305_F43305002_G67.json",
      "DimensionFilter": {},
      "Name": "Elevator",
      "ID": 67
    },
    {
      "GroupGUID": "da8aaa39-55cb-4bf2-b974-c18937bdb481",
      "GroupPath": "Config/LevelOutput/Group/Groups_P43305_F43305002/LevelGroup_P43305_F43305002_G68.json",
      "DimensionFilter": {},
      "Name": "BGM",
      "ID": 68
    },
    {
      "GroupGUID": "993b56bd-817f-4df7-8fe8-99235b6b61c5",
      "GroupPath": "Config/LevelOutput/Group/Groups_P43305_F43305002/LevelGroup_P43305_F43305002_G69.json",
      "DimensionFilter": {},
      "Name": "Sound",
      "ID": 69
    },
    {
      "GroupGUID": "b47e6fcd-33a5-42e8-8de6-acaad1295b8a",
      "GroupPath": "Config/LevelOutput/Group/Groups_P43305_F43305002/LevelGroup_P43305_F43305002_G70.json",
      "Name": "Sound-Reverb",
      "ID": 70
    },
    {
      "GroupGUID": "7dd55589-8785-4878-a771-48d3d8137d4e",
      "GroupPath": "Config/LevelOutput/Group/Groups_P43305_F43305002/LevelGroup_P43305_F43305002_G71.json",
      "DimensionFilter": {},
      "Name": "3DMapInfo",
      "ID": 71
    },
    {
      "GroupGUID": "7c03a61f-dade-4b9c-b7a1-c7f0ef4596cd",
      "GroupPath": "Config/LevelOutput/Group/Groups_P43305_F43305002/LevelGroup_P43305_F43305002_G72.json",
      "Name": "Sound",
      "ID": 72
    },
    {
      "GroupGUID": "287d7eca-bc43-467d-8283-aa0bbfb8cbe6",
      "GroupPath": "Config/LevelOutput/Group/Groups_P43305_F43305002/LevelGroup_P43305_F43305002_G73.json",
      "Name": "Sound",
      "ID": 73
    },
    {
      "GroupGUID": "cd7c99b5-579d-427e-bdeb-b4b1f21f724c",
      "GroupPath": "Config/LevelOutput/Group/Groups_P43305_F43305002/LevelGroup_P43305_F43305002_G74.json",
      "Name": "Sound",
      "ID": 74
    },
    {
      "GroupGUID": "c9efe11c-8eeb-46db-a6eb-4306db463044",
      "GroupPath": "Config/LevelOutput/Group/Groups_P43305_F43305002/LevelGroup_P43305_F43305002_G75.json",
      "Name": "Sound",
      "ID": 75
    },
    {
      "GroupGUID": "1cb0b29f-9086-4ddd-ac0f-3df281c906df",
      "GroupPath": "Config/LevelOutput/Group/Groups_P43305_F43305002/LevelGroup_P43305_F43305002_G76.json",
      "Name": "Sound",
      "ID": 76
    }
  ],
  "DefaultEnviroProfile": "Stages/Outputs/Chapter03/EnviroProfile/Chap03_CloseView_ADV_INT_P101_night_01.enviroProfile.asset",
  "StageData": "Stages/Outputs/Chapter03/Stages/Chap03_MAZ_P101_MainLine_01_StageData/Chap03_MAZ_P101_MainLine_01_StageData.stage",
  "CameraType": "Maze",
  "TimeOfDayEnviroProfileMap": {},
  "LayerToAreaMask": [
    32,
    16,
    8
  ],
  "BattleAreaList": [],
  "DimensionList": [
    {}
  ],
  "CameraPrefabPath": "Level/Maze/Chapter03/Chap03_MAZ_P101_LevelArea.prefab",
  "NavmapConfigPath": "Config/LevelOutput/Map/MapInfo_P20311_F20311001.json",
  "EnableGroupStreaming": false,
  "EnableGroupSpaceConflict": false,
  "IsRestartLevelGraph": false
}