{
  "FloorID": 43322001,
  "FloorName": "FloorName_43322001",
  "StartGroupID": 1,
  "StartAnchorID": 1,
  "GroupList": [
    {
      "GroupGUID": "196c964f-039b-422e-946a-4bf18de38e00",
      "GroupPath": "Config/LevelOutput/Group/Groups_P43322_F43322001/LevelGroup_P43322_F43322001_G1.json",
      "DimensionFilter": {},
      "Name": "DefaultGroup",
      "ID": 1
    },
    {
      "GroupGUID": "697bfae5-0086-4f3b-814f-6a60b1005cf9",
      "GroupPath": "Config/LevelOutput/Group/Groups_P43322_F43322001/LevelGroup_P43322_F43322001_G4.json",
      "DimensionFilter": {},
      "Name": "DefaultGroup",
      "ID": 4
    },
    {
      "GroupGUID": "897c7127-8252-475c-a582-28c0deef1a1a",
      "GroupPath": "Config/LevelOutput/Group/Groups_P43322_F43322001/LevelGroup_P43322_F43322001_G5.json",
      "Name": "Default_BoundaryCamera_Client",
      "ID": 5
    },
    {
      "GroupGUID": "faabee41-31ab-42ef-8108-0f3a74f6f7ae",
      "GroupPath": "Config/LevelOutput/Group/Groups_P43322_F43322001/LevelGroup_P43322_F43322001_G6.json",
      "Name": "EdgeCamera",
      "ID": 6
    },
    {
      "GroupGUID": "fb024247-2893-4f98-9219-b79267d713e2",
      "GroupPath": "Config/LevelOutput/Group/Groups_P43322_F43322001/LevelGroup_P43322_F43322001_G7.json",
      "Name": "Doors",
      "ID": 7
    },
    {
      "GroupGUID": "461837c4-961a-4086-9302-203bb736c95f",
      "GroupPath": "Config/LevelOutput/Group/Groups_P43322_F43322001/LevelGroup_P43322_F43322001_G8.json",
      "Name": "DefaultPortal",
      "ID": 8
    },
    {
      "GroupGUID": "b86d8aaf-c7df-4e56-8c10-207c0e43c5e5",
      "GroupPath": "Config/LevelOutput/Group/Groups_P43322_F43322001/LevelGroup_P43322_F43322001_G9.json",
      "Name": "Elevator",
      "ID": 9
    },
    {
      "GroupGUID": "92ca09b9-52f6-4ffa-88cf-adaf600984ab",
      "GroupPath": "Config/LevelOutput/Group/Groups_P43322_F43322001/LevelGroup_P43322_F43322001_G10.json",
      "Name": "BGM",
      "ID": 10
    },
    {
      "GroupGUID": "f2514f0f-0b27-4ec8-a259-5711809b14c4",
      "GroupPath": "Config/LevelOutput/Group/Groups_P43322_F43322001/LevelGroup_P43322_F43322001_G11.json",
      "Name": "Sound",
      "ID": 11
    },
    {
      "GroupGUID": "4ab125e3-9263-444a-aff0-5f227e20bc1e",
      "GroupPath": "Config/LevelOutput/Group/Groups_P43322_F43322001/LevelGroup_P43322_F43322001_G12.json",
      "Name": "3DMapInfo",
      "ID": 12
    },
    {
      "GroupGUID": "78ac4f61-d064-4ec5-9b78-2bd2519c9782",
      "GroupPath": "Config/LevelOutput/Group/Groups_P43322_F43322001/LevelGroup_P43322_F43322001_G13.json",
      "Name": "Sound-Reverb",
      "ID": 13
    },
    {
      "GroupGUID": "f563585c-9b07-4658-b295-dfb57160a77f",
      "GroupPath": "Config/LevelOutput/Group/Groups_P43322_F43322001/LevelGroup_P43322_F43322001_G18.json",
      "DimensionFilter": {},
      "Name": "MainMission2030402_DreamPoem",
      "ID": 18
    },
    {
      "GroupGUID": "74b70f68-5090-4af5-98d1-f21357cfd74a",
      "GroupPath": "Config/LevelOutput/Group/Groups_P43322_F43322001/LevelGroup_P43322_F43322001_G19.json",
      "DimensionFilter": {},
      "Name": "MainMission2030402_DreamPoem",
      "ID": 19
    },
    {
      "GroupGUID": "0a7057cc-f365-4305-899d-e4f50cd76f98",
      "GroupPath": "Config/LevelOutput/Group/Groups_P43322_F43322001/LevelGroup_P43322_F43322001_G20.json",
      "DimensionFilter": {},
      "Name": "MainMission2030402_DreamPoem",
      "ID": 20
    },
    {
      "GroupGUID": "b5e57dbb-4286-48c7-a4d0-56590f843d4f",
      "GroupPath": "Config/LevelOutput/Group/Groups_P43322_F43322001/LevelGroup_P43322_F43322001_G21.json",
      "DimensionFilter": {},
      "Name": "MainMission2030402_DreamPoem",
      "ID": 21
    },
    {
      "GroupGUID": "9dc7bd53-de84-4ff0-96ab-5c0df514ac28",
      "GroupPath": "Config/LevelOutput/Group/Groups_P43322_F43322001/LevelGroup_P43322_F43322001_G22.json",
      "DimensionFilter": {},
      "Name": "MainMission2030402_DreamPoem",
      "ID": 22
    },
    {
      "GroupGUID": "bd4492ec-09e5-49c5-8a26-4ec7dc2fbf29",
      "GroupPath": "Config/LevelOutput/Group/Groups_P43322_F43322001/LevelGroup_P43322_F43322001_G23.json",
      "DimensionFilter": {},
      "Name": "MainMission2030402_DreamPoem",
      "ID": 23
    },
    {
      "GroupGUID": "90116f83-73fd-4efb-b1e5-3d471de07955",
      "GroupPath": "Config/LevelOutput/Group/Groups_P43322_F43322001/LevelGroup_P43322_F43322001_G25.json",
      "DimensionFilter": {},
      "Name": "MainMission2030402_New Group",
      "ID": 25
    },
    {
      "GroupGUID": "bbf8b8f7-3351-4729-a717-1297fb4f413e",
      "GroupPath": "Config/LevelOutput/Group/Groups_P43322_F43322001/LevelGroup_P43322_F43322001_G14.json",
      "DimensionFilter": {},
      "Name": "MainMission2030402_DreamPoemRaid",
      "ID": 14
    },
    {
      "GroupGUID": "4d2bb2cf-e751-4aed-9d4a-7ac77ef3debc",
      "GroupPath": "Config/LevelOutput/Group/Groups_P43322_F43322001/LevelGroup_P43322_F43322001_G16.json",
      "DimensionFilter": {},
      "Name": "MainMission2030402_DreamPoemRaid",
      "ID": 16
    },
    {
      "GroupGUID": "2a6c7685-a2fc-477c-8880-0eb7052fb493",
      "GroupPath": "Config/LevelOutput/Group/Groups_P43322_F43322001/LevelGroup_P43322_F43322001_G24.json",
      "DimensionFilter": {},
      "Name": "MainMission2030402_DreamPoemRaid",
      "ID": 24
    },
    {
      "GroupGUID": "e86fb4f0-aa87-4426-83c5-3b08e911976e",
      "GroupPath": "Config/LevelOutput/Group/Groups_P43322_F43322001/LevelGroup_P43322_F43322001_G15.json",
      "DimensionFilter": {},
      "Name": "MainMission2030402_DreamPoemRaid",
      "ID": 15
    },
    {
      "GroupGUID": "50c9ff37-f844-4736-b10b-9a4e04c1af01",
      "GroupPath": "Config/LevelOutput/Group/Groups_P43322_F43322001/LevelGroup_P43322_F43322001_G17.json",
      "DimensionFilter": {},
      "Name": "MainMission2030402_DreamPoem",
      "ID": 17
    },
    {
      "GroupGUID": "60c37554-024a-4f97-82b5-cd500b4390ad",
      "GroupPath": "Config/LevelOutput/Group/Groups_P43322_F43322001/LevelGroup_P43322_F43322001_G26.json",
      "DimensionFilter": {},
      "Name": "MainMission2030402_New Group",
      "ID": 26
    },
    {
      "GroupGUID": "42c073cc-7d14-448f-902c-eaf67bbeaec3",
      "GroupPath": "Config/LevelOutput/Group/Groups_P43322_F43322001/LevelGroup_P43322_F43322001_G27.json",
      "DimensionFilter": {},
      "Name": "MainMission2030402_DreamPoem",
      "ID": 27
    },
    {
      "GroupGUID": "45324afe-3a6a-453d-a60b-3a523a44c03b",
      "GroupPath": "Config/LevelOutput/Group/Groups_P43322_F43322001/LevelGroup_P43322_F43322001_G28.json",
      "DimensionFilter": {
        "FilterType": "All"
      },
      "Name": "JigsawPuzzle_P101_Mission_05_PortalFrame",
      "ID": 28
    }
  ],
  "DefaultEnviroProfile": "Stages/Outputs/Chapter03/EnviroProfile/Chap03_CloseView_ADV_INT_P101_night_01.enviroProfile.asset",
  "StageData": "Stages/Outputs/Chapter03/Stages/Chap03_MAZ_P101_MainLine_01_StageData/Chap03_MAZ_P101_MainLine_01_StageData.stage",
  "CameraType": "Maze",
  "MinimapVolumeData": {},
  "TimeOfDayEnviroProfileMap": {},
  "LayerToAreaMask": [
    32,
    16,
    8
  ],
  "FloorCustomData": {
    "SavedValues": [
      {
        "ID": 1,
        "Name": "Jigsaw_FindStarted",
        "AllowedValues": [
          0,
          1
        ],
        "MaxValue": 3
      },
      {
        "ID": 2,
        "Name": "Jigsaw_Piece1Get",
        "AllowedValues": [
          0,
          1
        ],
        "MaxValue": 3
      },
      {
        "ID": 3,
        "Name": "Jigsaw_Piece2Get",
        "AllowedValues": [
          0,
          1
        ],
        "MaxValue": 3
      },
      {
        "ID": 4,
        "Name": "Jigsaw_Piece3Get",
        "AllowedValues": [
          0,
          1
        ],
        "MaxValue": 3
      },
      {
        "ID": 5,
        "Name": "Jigsaw_PieceCount",
        "AllowedValues": [
          0,
          1,
          2,
          3
        ],
        "MaxValue": 5
      }
    ],
    "ConstValues": [
      {
        "$type": "RPG.GameCore.FloorTargetAgentConfig",
        "ID": 1,
        "Name": "Connection01"
      },
      {
        "$type": "RPG.GameCore.FloorTargetAgentConfig",
        "ID": 2,
        "Name": "Connection02"
      },
      {
        "$type": "RPG.GameCore.FloorTargetAgentConfig",
        "ID": 3,
        "Name": "Connection03"
      },
      {
        "$type": "RPG.GameCore.FloorTargetAgentConfig",
        "ID": 4,
        "Name": "Connection04"
      },
      {
        "$type": "RPG.GameCore.FloorTargetAgentConfig",
        "ID": 5,
        "Name": "Connection05"
      },
      {
        "$type": "RPG.GameCore.FloorTargetAgentConfig",
        "ID": 6,
        "Name": "Connection06"
      },
      {
        "$type": "RPG.GameCore.FloorTargetAgentConfig",
        "ID": 7,
        "Name": "Connection07"
      },
      {
        "$type": "RPG.GameCore.FloorTargetAgentConfig",
        "ID": 12,
        "Name": "Connection08"
      },
      {
        "$type": "RPG.GameCore.FloorTargetAgentConfig",
        "ID": 13,
        "Name": "Connection09"
      },
      {
        "$type": "RPG.GameCore.FloorTargetAgentConfig",
        "ID": 14,
        "Name": "Connection10"
      },
      {
        "$type": "RPG.GameCore.FloorTargetAgentConfig",
        "ID": 15,
        "Name": "Connection11"
      },
      {
        "$type": "RPG.GameCore.FloorTargetAgentConfig",
        "ID": 16,
        "Name": "Connection12"
      },
      {
        "$type": "RPG.GameCore.FloorTargetAgentConfig",
        "ID": 17,
        "Name": "Connection13"
      },
      {
        "$type": "RPG.GameCore.FloorTargetAgentConfig",
        "ID": 18,
        "Name": "Connection14"
      },
      {
        "$type": "RPG.GameCore.FloorTargetAgentConfig",
        "ID": 19,
        "Name": "Connection15"
      },
      {
        "$type": "RPG.GameCore.FloorTargetAgentConfig",
        "ID": 20,
        "Name": "Connection16"
      },
      {
        "$type": "RPG.GameCore.FloorTargetAgentConfig",
        "ID": 21,
        "Name": "Connection17"
      }
    ]
  },
  "BattleAreaList": [],
  "DimensionList": [
    {}
  ],
  "CameraPrefabPath": "Level/Maze/Chapter03/Chap03_MAZ_P101_LevelArea.prefab",
  "NavmapConfigPath": "Config/LevelOutput/Map/MapInfo_P20311_F20311001.json",
  "RegionConfigPath": "Config/LevelOutput/Region/FloorRegion_P20311_F20311001.json"
}