{
  "FloorID": 43312002,
  "FloorName": "FloorName_43312002",
  "StartGroupID": 1,
  "StartAnchorID": 1,
  "GroupList": [
    {
      "GroupGUID": "fa298347-5ed4-44c9-afa0-f5cd9c365a5b",
      "GroupPath": "Config/LevelOutput/Group/Groups_P43312_F43312002/LevelGroup_P43312_F43312002_G1.json",
      "DimensionFilter": {},
      "Name": "DefaultGroup",
      "ID": 1
    },
    {
      "GroupGUID": "932e2621-f0b4-4e25-a08d-26e92d9b4f0b",
      "GroupPath": "Config/LevelOutput/Group/Groups_P43312_F43312002/LevelGroup_P43312_F43312002_G2.json",
      "DimensionFilter": {},
      "Name": "DefaultGroup",
      "ID": 2
    },
    {
      "GroupGUID": "61934583-a65f-4563-97c3-ce7dbf061747",
      "GroupPath": "Config/LevelOutput/Group/Groups_P43312_F43312002/LevelGroup_P43312_F43312002_G3.json",
      "Name": "BGM",
      "ID": 3
    },
    {
      "GroupGUID": "2bbcb52d-d5bd-4945-8519-cf116d2b716f",
      "GroupPath": "Config/LevelOutput/Group/Groups_P43312_F43312002/LevelGroup_P43312_F43312002_G4.json",
      "Name": "Sound",
      "ID": 4
    },
    {
      "GroupGUID": "b3de499d-b257-4531-95b0-3200aeeeccf9",
      "GroupPath": "Config/LevelOutput/Group/Groups_P43312_F43312002/LevelGroup_P43312_F43312002_G6.json",
      "DimensionFilter": {},
      "Name": "MainDoors",
      "ID": 6
    },
    {
      "GroupGUID": "60071ed6-a309-47a2-b59c-a4060a8adead",
      "GroupPath": "Config/LevelOutput/Group/Groups_P43312_F43312002/LevelGroup_P43312_F43312002_G7.json",
      "Name": "MainDoors",
      "ID": 7
    },
    {
      "GroupGUID": "018988d2-6482-48e8-b666-e78c96e528d1",
      "GroupPath": "Config/LevelOutput/Group/Groups_P43312_F43312002/LevelGroup_P43312_F43312002_G8.json",
      "DimensionFilter": {},
      "Name": "MainMission2030302_New Group",
      "ID": 8
    },
    {
      "GroupGUID": "f596c90f-8e64-4d3a-ac42-c9074027e0f0",
      "GroupPath": "Config/LevelOutput/Group/Groups_P43312_F43312002/LevelGroup_P43312_F43312002_G9.json",
      "DimensionFilter": {},
      "Name": "MainMission2030302_New Group",
      "ID": 9
    },
    {
      "GroupGUID": "d3be7659-cfb9-4790-9262-66e6da5365a7",
      "GroupPath": "Config/LevelOutput/Group/Groups_P43312_F43312002/LevelGroup_P43312_F43312002_G10.json",
      "DimensionFilter": {},
      "Name": "MainMission2030302_New Group",
      "ID": 10
    },
    {
      "GroupGUID": "f0f78fb7-b07c-46db-92fa-92dad4531a1b",
      "GroupPath": "Config/LevelOutput/Group/Groups_P43312_F43312002/LevelGroup_P43312_F43312002_G11.json",
      "DimensionFilter": {},
      "Name": "MainMission2030302_New Group",
      "ID": 11
    },
    {
      "GroupGUID": "2bb9ccb6-5caa-44fc-ab27-512936fe7238",
      "GroupPath": "Config/LevelOutput/Group/Groups_P43312_F43312002/LevelGroup_P43312_F43312002_G12.json",
      "DimensionFilter": {},
      "Name": "MainMission2030302_New Group",
      "ID": 12
    },
    {
      "GroupGUID": "a8edc6fc-4db4-4e36-8777-015204498cb0",
      "GroupPath": "Config/LevelOutput/Group/Groups_P43312_F43312002/LevelGroup_P43312_F43312002_G13.json",
      "DimensionFilter": {},
      "Name": "MainMission2030302_New Group",
      "ID": 13
    },
    {
      "GroupGUID": "c720bcfd-6056-4d90-96e6-3b4f4c3780b1",
      "GroupPath": "Config/LevelOutput/Group/Groups_P43312_F43312002/LevelGroup_P43312_F43312002_G14.json",
      "DimensionFilter": {},
      "Name": "MainMission2030302_New Group",
      "ID": 14
    },
    {
      "GroupGUID": "7f2b5960-043a-4172-a145-dad31a958d7d",
      "GroupPath": "Config/LevelOutput/Group/Groups_P43312_F43312002/LevelGroup_P43312_F43312002_G5.json",
      "DimensionFilter": {},
      "Name": "MainMission2030302_New Group",
      "ID": 5
    },
    {
      "GroupGUID": "77dda21b-f573-4ed9-86b3-1f5d4d8920d9",
      "GroupPath": "Config/LevelOutput/Group/Groups_P43312_F43312002/LevelGroup_P43312_F43312002_G15.json",
      "Name": "AriLock_01",
      "ID": 15
    },
    {
      "GroupGUID": "360748d5-2a71-4848-a0b6-1c847f2fed12",
      "GroupPath": "Config/LevelOutput/Group/Groups_P43312_F43312002/LevelGroup_P43312_F43312002_G16.json",
      "Name": "AriLock_02",
      "ID": 16
    },
    {
      "GroupGUID": "e56d7ea1-9fb7-4c35-9b3b-4c65b6f68596",
      "GroupPath": "Config/LevelOutput/Group/Groups_P43312_F43312002/LevelGroup_P43312_F43312002_G17.json",
      "Name": "AriLock_01",
      "ID": 17
    },
    {
      "GroupGUID": "c889adb1-3715-4cff-9f74-0b89dd714956",
      "GroupPath": "Config/LevelOutput/Group/Groups_P43312_F43312002/LevelGroup_P43312_F43312002_G18.json",
      "Name": "AriLock_04",
      "ID": 18
    },
    {
      "GroupGUID": "a29e5f90-3faf-489a-8bd3-434f710c0cf0",
      "GroupPath": "Config/LevelOutput/Group/Groups_P43312_F43312002/LevelGroup_P43312_F43312002_G19.json",
      "Name": "AriLock_05",
      "ID": 19
    },
    {
      "GroupGUID": "f0b9826a-12bc-4c50-b8ab-c97ad651eed5",
      "GroupPath": "Config/LevelOutput/Group/Groups_P43312_F43312002/LevelGroup_P43312_F43312002_G20.json",
      "DimensionFilter": {},
      "Name": "Sound-Reverb",
      "ID": 20
    }
  ],
  "DefaultEnviroProfile": "Stages/Outputs/Chapter03/EnviroProfile/Chap03_CloseView_MAZ_P102_Rota_night_01.enviroProfile.asset",
  "StageData": "Stages/Outputs/Chapter03/Stages/Chap03_MAZ_P102_StageData/Chap03_MAZ_P102_StageData.stage",
  "CameraType": "Maze",
  "TimeOfDayEnviroProfileMap": {},
  "LayerToAreaMask": [
    1
  ],
  "FloorCustomData": {
    "ConstValues": [
      {
        "$type": "RPG.GameCore.FloorTargetAgentConfig",
        "AgentType": "Prop",
        "GroupID": 15,
        "InstanceID": 300002,
        "ID": 1,
        "Name": "Region01_Airlock"
      },
      {
        "$type": "RPG.GameCore.FloorTargetAgentConfig",
        "AgentType": "Prop",
        "GroupID": 17,
        "InstanceID": 300002,
        "ID": 2,
        "Name": "Region02_Airlock"
      },
      {
        "$type": "RPG.GameCore.FloorTargetAgentConfig",
        "AgentType": "Prop",
        "GroupID": 16,
        "InstanceID": 300002,
        "ID": 3,
        "Name": "Region10_Airlock"
      },
      {
        "$type": "RPG.GameCore.FloorTargetAgentConfig",
        "AgentType": "Prop",
        "GroupID": 17,
        "InstanceID": 300002,
        "ID": 4,
        "Name": "Region20_Airlock"
      },
      {
        "$type": "RPG.GameCore.FloorTargetAgentConfig",
        "AgentType": "Prop",
        "GroupID": 18,
        "InstanceID": 300002,
        "ID": 5,
        "Name": "Region23_Airlock1"
      },
      {
        "$type": "RPG.GameCore.FloorTargetAgentConfig",
        "AgentType": "Prop",
        "GroupID": 18,
        "InstanceID": 300002,
        "ID": 6,
        "Name": "Region32_Airlock1"
      },
      {
        "$type": "RPG.GameCore.FloorTargetAgentConfig",
        "AgentType": "Prop",
        "GroupID": 19,
        "InstanceID": 300002,
        "ID": 7,
        "Name": "Region23_Airlock2"
      },
      {
        "$type": "RPG.GameCore.FloorTargetAgentConfig",
        "AgentType": "Prop",
        "GroupID": 19,
        "InstanceID": 300002,
        "ID": 8,
        "Name": "Region32_Airlock2"
      }
    ]
  },
  "BattleAreaList": [],
  "DimensionList": [
    {}
  ],
  "NavmapConfigPath": "Config/LevelOutput/Map/MapInfo_P20312_F20312001.json",
  "RegionConfigPath": "Config/LevelOutput/Region/FloorRegion_P20312_F20312001.json",
  "IsRestartLevelGraph": false
}