{
  "FloorID": 43301001,
  "FloorName": "FloorName_43301001",
  "StartGroupID": 1,
  "StartAnchorID": 1,
  "GroupList": [
    {
      "GroupGUID": "139b90ef-f076-4e03-9e83-dae7d22833cd",
      "GroupPath": "Config/LevelOutput/Group/Groups_P43301_F43301001/LevelGroup_P43301_F43301001_G1.json",
      "DimensionFilter": {},
      "Name": "DefaultGroup",
      "ID": 1
    },
    {
      "GroupGUID": "0ed82d3e-3d63-4aea-809f-181196b55f8b",
      "GroupPath": "Config/LevelOutput/Group/Groups_P43301_F43301001/LevelGroup_P43301_F43301001_G4.json",
      "DimensionFilter": {},
      "Name": "GravityBoards_01",
      "ID": 4
    },
    {
      "GroupGUID": "efb9d857-6e51-4e3d-b4d5-8ccb907a090d",
      "GroupPath": "Config/LevelOutput/Group/Groups_P43301_F43301001/LevelGroup_P43301_F43301001_G5.json",
      "DimensionFilter": {},
      "Name": "AriLock_01",
      "ID": 5
    },
    {
      "GroupGUID": "f032c189-b522-4b1c-9cfd-04260c82ae8b",
      "GroupPath": "Config/LevelOutput/Group/Groups_P43301_F43301001/LevelGroup_P43301_F43301001_G6.json",
      "DimensionFilter": {},
      "Name": "MainMission1030102_02",
      "ID": 6
    },
    {
      "GroupGUID": "77a65614-aa69-47d9-9e60-c0f7da0a0692",
      "GroupPath": "Config/LevelOutput/Group/Groups_P43301_F43301001/LevelGroup_P43301_F43301001_G7.json",
      "DimensionFilter": {},
      "Name": "MainMission1030102_03",
      "ID": 7
    },
    {
      "GroupGUID": "c0c18b41-2101-42bd-a3af-a3ba29ae1c99",
      "GroupPath": "Config/LevelOutput/Group/Groups_P43301_F43301001/LevelGroup_P43301_F43301001_G8.json",
      "DimensionFilter": {},
      "Name": "MainMission1030102_04",
      "ID": 8
    },
    {
      "GroupGUID": "23713583-f30b-4bad-84da-e8a379a5d3f6",
      "GroupPath": "Config/LevelOutput/Group/Groups_P43301_F43301001/LevelGroup_P43301_F43301001_G9.json",
      "DimensionFilter": {},
      "Name": "MainMission1030102_05",
      "ID": 9
    },
    {
      "GroupGUID": "04c0ccdc-080d-43c3-87c3-9b3c4bee8b1d",
      "GroupPath": "Config/LevelOutput/Group/Groups_P43301_F43301001/LevelGroup_P43301_F43301001_G10.json",
      "DimensionFilter": {},
      "Name": "MainMission1030102_07",
      "ID": 10
    },
    {
      "GroupGUID": "03c2563d-5067-4a9c-ba3c-1e494be6006c",
      "GroupPath": "Config/LevelOutput/Group/Groups_P43301_F43301001/LevelGroup_P43301_F43301001_G11.json",
      "DimensionFilter": {},
      "Name": "MainMission1030102_06",
      "ID": 11
    },
    {
      "GroupGUID": "0d5977a4-468a-4d57-8a25-767f31872d8b",
      "GroupPath": "Config/LevelOutput/Group/Groups_P43301_F43301001/LevelGroup_P43301_F43301001_G12.json",
      "DimensionFilter": {},
      "Name": "MainMission1030102_05",
      "ID": 12
    },
    {
      "GroupGUID": "056bc223-6264-4263-9b05-e98002ca3c28",
      "GroupPath": "Config/LevelOutput/Group/Groups_P43301_F43301001/LevelGroup_P43301_F43301001_G14.json",
      "DimensionFilter": {},
      "Name": "MainMission1030102_05",
      "ID": 14
    },
    {
      "GroupGUID": "11317a1f-3250-4366-8c46-f95b93489d5b",
      "GroupPath": "Config/LevelOutput/Group/Groups_P43301_F43301001/LevelGroup_P43301_F43301001_G15.json",
      "DimensionFilter": {},
      "Name": "MainMission1030102_08",
      "ID": 15
    },
    {
      "GroupGUID": "930874d0-116e-40f9-ad52-fe7c7364e737",
      "GroupPath": "Config/LevelOutput/Group/Groups_P43301_F43301001/LevelGroup_P43301_F43301001_G16.json",
      "DimensionFilter": {},
      "Name": "MainMission1030102_09",
      "ID": 16
    },
    {
      "GroupGUID": "277e4f52-cf41-48aa-9eac-c3b5ddd33380",
      "GroupPath": "Config/LevelOutput/Group/Groups_P43301_F43301001/LevelGroup_P43301_F43301001_G18.json",
      "DimensionFilter": {},
      "Name": "EscapingDoor",
      "ID": 18
    },
    {
      "GroupGUID": "c57b0b61-42fd-409d-8890-3e27f3750002",
      "GroupPath": "Config/LevelOutput/Group/Groups_P43301_F43301001/LevelGroup_P43301_F43301001_G22.json",
      "DimensionFilter": {},
      "Name": "GravityBoards_02",
      "ID": 22
    },
    {
      "GroupGUID": "bc348608-a73a-4a44-b3a6-096852973327",
      "GroupPath": "Config/LevelOutput/Group/Groups_P43301_F43301001/LevelGroup_P43301_F43301001_G23.json",
      "DimensionFilter": {},
      "Name": "MainMission1030102_02",
      "ID": 23
    },
    {
      "GroupGUID": "3f6da126-dd80-486f-addf-a6b4065849d7",
      "GroupPath": "Config/LevelOutput/Group/Groups_P43301_F43301001/LevelGroup_P43301_F43301001_G24.json",
      "DimensionFilter": {},
      "Name": "MainMission1030102_04",
      "ID": 24
    },
    {
      "GroupGUID": "639a0d8f-f545-4103-b2e8-b79e5e8efb85",
      "GroupPath": "Config/LevelOutput/Group/Groups_P43301_F43301001/LevelGroup_P43301_F43301001_G25.json",
      "DimensionFilter": {},
      "Name": "MainMission1030102_07",
      "ID": 25
    },
    {
      "GroupGUID": "ec05b97c-82dd-4872-831d-2a4cb3c84872",
      "GroupPath": "Config/LevelOutput/Group/Groups_P43301_F43301001/LevelGroup_P43301_F43301001_G33.json",
      "DimensionFilter": {},
      "Name": "BGM",
      "ID": 33
    },
    {
      "GroupGUID": "c1b54d6c-5688-4055-89b3-6c6e18411b6e",
      "GroupPath": "Config/LevelOutput/Group/Groups_P43301_F43301001/LevelGroup_P43301_F43301001_G34.json",
      "DimensionFilter": {},
      "Name": "Sound",
      "ID": 34
    },
    {
      "GroupGUID": "5c53077a-887f-4178-9813-b8ec585742d5",
      "GroupPath": "Config/LevelOutput/Group/Groups_P43301_F43301001/LevelGroup_P43301_F43301001_G35.json",
      "DimensionFilter": {},
      "Name": "MainMission1030102_07",
      "ID": 35
    },
    {
      "GroupGUID": "00c27e07-fd0a-4038-ae0b-5d483435066e",
      "GroupPath": "Config/LevelOutput/Group/Groups_P43301_F43301001/LevelGroup_P43301_F43301001_G37.json",
      "DimensionFilter": {},
      "Name": "Sound",
      "ID": 37
    },
    {
      "GroupGUID": "f50083f2-9945-43de-9bfa-5d19e838e36b",
      "GroupPath": "Config/LevelOutput/Group/Groups_P43301_F43301001/LevelGroup_P43301_F43301001_G42.json",
      "DimensionFilter": {},
      "Name": "Sound",
      "ID": 42
    },
    {
      "GroupGUID": "6d30b412-3802-4858-b71d-66f36c9178a4",
      "GroupPath": "Config/LevelOutput/Group/Groups_P43301_F43301001/LevelGroup_P43301_F43301001_G65.json",
      "DimensionFilter": {},
      "Name": "3DMapInfo",
      "ID": 65
    },
    {
      "GroupGUID": "64c1931a-ec79-423a-84af-92071b246c7b",
      "GroupPath": "Config/LevelOutput/Group/Groups_P43301_F43301001/LevelGroup_P43301_F43301001_G66.json",
      "Name": "Sound",
      "ID": 66
    },
    {
      "GroupGUID": "06017145-fa0c-4659-9fe5-ebc105a1fb56",
      "GroupPath": "Config/LevelOutput/Group/Groups_P43301_F43301001/LevelGroup_P43301_F43301001_G67.json",
      "Name": "Sound",
      "ID": 67
    },
    {
      "GroupGUID": "9d87b3bc-d6eb-4058-bf7b-028a726eae8b",
      "GroupPath": "Config/LevelOutput/Group/Groups_P43301_F43301001/LevelGroup_P43301_F43301001_G68.json",
      "Name": "Sound",
      "ID": 68
    },
    {
      "GroupGUID": "b32285e6-7ccc-4fb8-b6fc-7cc88c26bd40",
      "GroupPath": "Config/LevelOutput/Group/Groups_P43301_F43301001/LevelGroup_P43301_F43301001_G69.json",
      "Name": "Sound",
      "ID": 69
    },
    {
      "GroupGUID": "5dafd141-f59b-477a-843d-c1bf0174b739",
      "GroupPath": "Config/LevelOutput/Group/Groups_P43301_F43301001/LevelGroup_P43301_F43301001_G70.json",
      "Name": "Sound",
      "ID": 70
    },
    {
      "GroupGUID": "9be3e14e-82b9-4419-a899-2dd28a4d4b99",
      "GroupPath": "Config/LevelOutput/Group/Groups_P43301_F43301001/LevelGroup_P43301_F43301001_G71.json",
      "Name": "Sound-Reverb",
      "ID": 71
    }
  ],
  "DefaultEnviroProfile": "Stages/Outputs/Chapter03/EnviroProfile/Chap03_CloseView_ADV_INT_P101_night_01.enviroProfile.asset",
  "StageData": "Stages/Outputs/Chapter03/Stages/Chap03_MAZ_P101_MainLine_01_StageData/Chap03_MAZ_P101_MainLine_01_StageData.stage",
  "CameraType": "Maze",
  "TimeOfDayEnviroProfileMap": {},
  "LayerToAreaMask": [
    32,
    16,
    8
  ],
  "FloorCustomData": {
    "CustomValues": [
      {
        "$type": "RPG.GameCore.FloorCustomBoolConfig",
        "ID": 10002,
        "Name": "Mission_103010207_OpenDoor"
      },
      {
        "$type": "RPG.GameCore.FloorCustomFloatConfig",
        "ID": 10003,
        "Name": "Mission_103010207_LeaveRaid"
      }
    ],
    "ConstValues": [
      {
        "$type": "RPG.GameCore.FloorTargetAgentConfig",
        "ID": 1,
        "Name": "Connection01"
      },
      {
        "$type": "RPG.GameCore.FloorTargetAgentConfig",
        "ID": 2,
        "Name": "Connection02"
      },
      {
        "$type": "RPG.GameCore.FloorTargetAgentConfig",
        "ID": 3,
        "Name": "Connection03"
      },
      {
        "$type": "RPG.GameCore.FloorTargetAgentConfig",
        "ID": 4,
        "Name": "Connection04"
      },
      {
        "$type": "RPG.GameCore.FloorTargetAgentConfig",
        "ID": 5,
        "Name": "Connection05"
      },
      {
        "$type": "RPG.GameCore.FloorTargetAgentConfig",
        "ID": 6,
        "Name": "Connection06"
      },
      {
        "$type": "RPG.GameCore.FloorTargetAgentConfig",
        "ID": 7,
        "Name": "Connection07"
      },
      {
        "$type": "RPG.GameCore.FloorTargetAgentConfig",
        "ID": 12,
        "Name": "Connection08"
      },
      {
        "$type": "RPG.GameCore.FloorTargetAgentConfig",
        "ID": 13,
        "Name": "Connection09"
      },
      {
        "$type": "RPG.GameCore.FloorTargetAgentConfig",
        "ID": 14,
        "Name": "Connection10"
      },
      {
        "$type": "RPG.GameCore.FloorTargetAgentConfig",
        "ID": 15,
        "Name": "Connection11"
      },
      {
        "$type": "RPG.GameCore.FloorTargetAgentConfig",
        "ID": 16,
        "Name": "Connection12"
      },
      {
        "$type": "RPG.GameCore.FloorTargetAgentConfig",
        "AgentType": "Prop",
        "GroupID": 5,
        "InstanceID": 300002,
        "ID": 17,
        "Name": "Connection13"
      },
      {
        "$type": "RPG.GameCore.FloorTargetAgentConfig",
        "ID": 18,
        "Name": "Connection14"
      },
      {
        "$type": "RPG.GameCore.FloorTargetAgentConfig",
        "ID": 19,
        "Name": "Connection15"
      },
      {
        "$type": "RPG.GameCore.FloorTargetAgentConfig",
        "ID": 20,
        "Name": "Connection16"
      },
      {
        "$type": "RPG.GameCore.FloorTargetAgentConfig",
        "ID": 21,
        "Name": "Connection17"
      }
    ]
  },
  "BattleAreaList": [],
  "DimensionList": [
    {}
  ],
  "CameraPrefabPath": "Level/Maze/Chapter03/Chap03_MAZ_P101_LevelArea.prefab",
  "LevelFeatureModules": [
    "RotatableRegion"
  ],
  "NavmapConfigPath": "Config/LevelOutput/Map/MapInfo_P43301_F43301001.json",
  "RegionConfigPath": "Config/LevelOutput/Region/FloorRegion_P20311_F20311001.json",
  "EnableGroupStreaming": false,
  "EnableGroupSpaceConflict": false,
  "IsRestartLevelGraph": false
}