{
  "FloorID": 43306002,
  "FloorName": "FloorName_43306002",
  "StartGroupID": 2,
  "StartAnchorID": 1,
  "GroupList": [
    {
      "GroupGUID": "69f8e113-fade-4257-a4ad-6999e8812ff8",
      "GroupPath": "Config/LevelOutput/Group/Groups_P43306_F43306002/LevelGroup_P43306_F43306002_G1.json",
      "DimensionFilter": {},
      "Name": "DefaultGroup",
      "ID": 1
    },
    {
      "GroupGUID": "14f361d3-4eea-4bc5-8639-63e2fc318ba8",
      "GroupPath": "Config/LevelOutput/Group/Groups_P43306_F43306002/LevelGroup_P43306_F43306002_G2.json",
      "DimensionFilter": {},
      "Name": "DefaultGroup",
      "ID": 2
    },
    {
      "GroupGUID": "8f1883ed-a6c4-4437-9a7e-ba8c9336462c",
      "GroupPath": "Config/LevelOutput/Group/Groups_P43306_F43306002/LevelGroup_P43306_F43306002_G3.json",
      "DimensionFilter": {},
      "Name": "MainMission1031901_03",
      "ID": 3
    },
    {
      "GroupGUID": "3dd794bc-4e4e-48c6-a12f-2b00978f9cd1",
      "GroupPath": "Config/LevelOutput/Group/Groups_P43306_F43306002/LevelGroup_P43306_F43306002_G4.json",
      "DimensionFilter": {},
      "Name": "MainMission1031901_04",
      "ID": 4
    },
    {
      "GroupGUID": "79d752b9-3f95-48bc-8023-22660dacb680",
      "GroupPath": "Config/LevelOutput/Group/Groups_P43306_F43306002/LevelGroup_P43306_F43306002_G5.json",
      "DimensionFilter": {
        "FilterType": "All"
      },
      "Name": "Sound",
      "ID": 5
    },
    {
      "GroupGUID": "f2440f55-df81-4ff4-8b98-9d60e9816100",
      "GroupPath": "Config/LevelOutput/Group/Groups_P43306_F43306002/LevelGroup_P43306_F43306002_G7.json",
      "DimensionFilter": {},
      "Name": "MainMission1031901_kkwxs",
      "ID": 7
    },
    {
      "GroupGUID": "cf2090e4-7078-4aca-bade-3b87a2e3e867",
      "GroupPath": "Config/LevelOutput/Group/Groups_P43306_F43306002/LevelGroup_P43306_F43306002_G8.json",
      "DimensionFilter": {},
      "Name": "MainMission1031901_startPerformance",
      "ID": 8
    },
    {
      "GroupGUID": "b85a3d0a-8f1f-401c-adbd-0cd1e29d8ca7",
      "GroupPath": "Config/LevelOutput/Group/Groups_P43306_F43306002/LevelGroup_P43306_F43306002_G9.json",
      "DimensionFilter": {},
      "Name": "MainMission1031901_04",
      "ID": 9
    },
    {
      "GroupGUID": "adb8617c-cb2d-4412-b72f-24d5c40d852e",
      "GroupPath": "Config/LevelOutput/Group/Groups_P43306_F43306002/LevelGroup_P43306_F43306002_G10.json",
      "DimensionFilter": {},
      "Name": "MainMission1031901_04",
      "ID": 10
    },
    {
      "GroupGUID": "b6026249-7c00-40cb-b883-59efa79d8f74",
      "GroupPath": "Config/LevelOutput/Group/Groups_P43306_F43306002/LevelGroup_P43306_F43306002_G11.json",
      "DimensionFilter": {},
      "Name": "MainMission1031901_04",
      "ID": 11
    },
    {
      "GroupGUID": "48e44be4-dc08-4b94-a839-506205d9e290",
      "GroupPath": "Config/LevelOutput/Group/Groups_P43306_F43306002/LevelGroup_P43306_F43306002_G12.json",
      "DimensionFilter": {},
      "Name": "MainMission1031901_04",
      "ID": 12
    },
    {
      "GroupGUID": "8a05fc86-a135-4c6e-958c-a06eaf253a7f",
      "GroupPath": "Config/LevelOutput/Group/Groups_P43306_F43306002/LevelGroup_P43306_F43306002_G13.json",
      "DimensionFilter": {},
      "Name": "MainMission1031901_04",
      "ID": 13
    }
  ],
  "DefaultEnviroProfile": "Stages/Outputs/Chapter03/EnviroProfile/Chap03_CloseView_MAZ_P203_Night_01.enviroProfile.asset",
  "StageData": "Stages/Outputs/Chapter03/Stages/Chap03_MAZ_P203_StageData/Chap03_MAZ_P203_StageData.stage",
  "TimeOfDayEnviroProfileMap": {},
  "LayerToAreaMask": [
    1
  ],
  "BattleAreaList": [],
  "DimensionList": [
    {}
  ],
  "IsRestartLevelGraph": false
}