{
  "FloorID": 43304001,
  "FloorName": "FloorName_43304001",
  "StartGroupID": 1,
  "StartAnchorID": 1,
  "GroupList": [
    {
      "GroupGUID": "3e9f2c7c-ef63-4846-a747-662f07b16ff6",
      "GroupPath": "Config/LevelOutput/Group/Groups_P43304_F43304001/LevelGroup_P43304_F43304001_G1.json",
      "Name": "DefaultGroup",
      "ID": 1
    },
    {
      "GroupGUID": "985ccd05-b754-4930-b1b4-e6f6a962f8e2",
      "GroupPath": "Config/LevelOutput/Group/Groups_P43304_F43304001/LevelGroup_P43304_F43304001_G2.json",
      "DimensionFilter": {},
      "Name": "DefaultGroup",
      "ID": 2
    },
    {
      "GroupGUID": "5d3d7bd1-3137-4451-b2a2-4901c72a88bc",
      "GroupPath": "Config/LevelOutput/Group/Groups_P43304_F43304001/LevelGroup_P43304_F43304001_G74.json",
      "DimensionFilter": {},
      "Name": "ScenePropHide",
      "ID": 74
    },
    {
      "GroupGUID": "b6d8268b-bf25-44d8-ac36-469cf9070cd0",
      "GroupPath": "Config/LevelOutput/Group/Groups_P43304_F43304001/LevelGroup_P43304_F43304001_G3.json",
      "Name": "CameraPrefab",
      "ID": 3
    },
    {
      "GroupGUID": "f9c59bf7-4ebc-4d15-b02a-cf69eae0dc09",
      "GroupPath": "Config/LevelOutput/Group/Groups_P43304_F43304001/LevelGroup_P43304_F43304001_G6.json",
      "Name": "MainMission2021802_01",
      "ID": 6
    },
    {
      "GroupGUID": "20bd46e4-9173-4336-8676-f0aafaf8ee10",
      "GroupPath": "Config/LevelOutput/Group/Groups_P43304_F43304001/LevelGroup_P43304_F43304001_G7.json",
      "Name": "MainMission2021802_02",
      "ID": 7
    },
    {
      "GroupGUID": "d9dd3639-60c7-48d8-ae61-46333663eec8",
      "GroupPath": "Config/LevelOutput/Group/Groups_P43304_F43304001/LevelGroup_P43304_F43304001_G8.json",
      "Name": "MainMission2021802_03",
      "ID": 8
    },
    {
      "GroupGUID": "00968aa3-8adc-4b6f-af8b-9c3327d46c67",
      "GroupPath": "Config/LevelOutput/Group/Groups_P43304_F43304001/LevelGroup_P43304_F43304001_G9.json",
      "Name": "MainMission2021802_04",
      "ID": 9
    },
    {
      "GroupGUID": "4b48167c-6d38-42fb-8132-64b46c35d399",
      "GroupPath": "Config/LevelOutput/Group/Groups_P43304_F43304001/LevelGroup_P43304_F43304001_G10.json",
      "DimensionFilter": {},
      "Name": "MainMission2021802_05",
      "ID": 10
    },
    {
      "GroupGUID": "96443465-21ed-4b1c-905f-2c7860df9f41",
      "GroupPath": "Config/LevelOutput/Group/Groups_P43304_F43304001/LevelGroup_P43304_F43304001_G11.json",
      "Name": "MainMission2021802_06",
      "ID": 11
    },
    {
      "GroupGUID": "bea05256-5ca8-4a4a-89de-1cfb24dd92eb",
      "GroupPath": "Config/LevelOutput/Group/Groups_P43304_F43304001/LevelGroup_P43304_F43304001_G12.json",
      "Name": "MainMission2021802_07",
      "ID": 12
    },
    {
      "GroupGUID": "074ec2fb-9820-4514-8bdc-b79b32aeca57",
      "GroupPath": "Config/LevelOutput/Group/Groups_P43304_F43304001/LevelGroup_P43304_F43304001_G13.json",
      "DimensionFilter": {},
      "Name": "MainMission2021802_08",
      "ID": 13
    },
    {
      "GroupGUID": "e86699a6-d43e-4694-8800-90becc390cf4",
      "GroupPath": "Config/LevelOutput/Group/Groups_P43304_F43304001/LevelGroup_P43304_F43304001_G14.json",
      "Name": "MainMission2021802_09",
      "ID": 14
    },
    {
      "GroupGUID": "0e5b7557-f6c6-4aee-963d-e76aaaf629a8",
      "GroupPath": "Config/LevelOutput/Group/Groups_P43304_F43304001/LevelGroup_P43304_F43304001_G15.json",
      "Name": "MainMission2021802_10",
      "ID": 15
    },
    {
      "GroupGUID": "942047dc-1136-4557-9cfd-925ca7419570",
      "GroupPath": "Config/LevelOutput/Group/Groups_P43304_F43304001/LevelGroup_P43304_F43304001_G16.json",
      "Name": "MainMission2021802_11",
      "ID": 16
    },
    {
      "GroupGUID": "f8298766-94f7-4208-bf0e-ee2d000fe627",
      "GroupPath": "Config/LevelOutput/Group/Groups_P43304_F43304001/LevelGroup_P43304_F43304001_G17.json",
      "Name": "MainMission2021802_12",
      "ID": 17
    },
    {
      "GroupGUID": "604f530f-bf3b-4a18-9bee-bfb22c25f54e",
      "GroupPath": "Config/LevelOutput/Group/Groups_P43304_F43304001/LevelGroup_P43304_F43304001_G18.json",
      "Name": "MainMission2021802_13",
      "ID": 18
    },
    {
      "GroupGUID": "d7e3a1ad-981c-4143-b5a2-0ceb21b23f0a",
      "GroupPath": "Config/LevelOutput/Group/Groups_P43304_F43304001/LevelGroup_P43304_F43304001_G19.json",
      "Name": "MainMission2021802_14",
      "ID": 19
    },
    {
      "GroupGUID": "07b8156e-7b3e-431c-aebb-f5ea76268e14",
      "GroupPath": "Config/LevelOutput/Group/Groups_P43304_F43304001/LevelGroup_P43304_F43304001_G20.json",
      "DimensionFilter": {},
      "Name": "MainMission2021802_15",
      "ID": 20
    },
    {
      "GroupGUID": "d7c5a1c3-f1db-4266-aaa8-c0d8d50342fd",
      "GroupPath": "Config/LevelOutput/Group/Groups_P43304_F43304001/LevelGroup_P43304_F43304001_G21.json",
      "Name": "MainMission2021802_16",
      "ID": 21
    },
    {
      "GroupGUID": "c6a81444-1b34-4286-b9c1-316f3303365e",
      "GroupPath": "Config/LevelOutput/Group/Groups_P43304_F43304001/LevelGroup_P43304_F43304001_G22.json",
      "Name": "MainMission2021802_17",
      "ID": 22
    },
    {
      "GroupGUID": "95979f81-2b2c-4e31-af92-b85862c58602",
      "GroupPath": "Config/LevelOutput/Group/Groups_P43304_F43304001/LevelGroup_P43304_F43304001_G23.json",
      "Name": "MainMission2021802_18",
      "ID": 23
    },
    {
      "GroupGUID": "04753f4e-0f5b-432b-925c-cd8b21b728ad",
      "GroupPath": "Config/LevelOutput/Group/Groups_P43304_F43304001/LevelGroup_P43304_F43304001_G24.json",
      "DimensionFilter": {},
      "Name": "MainMission2021802_19",
      "ID": 24
    },
    {
      "GroupGUID": "26c0bf1c-db8b-4123-b3d5-830218626cd1",
      "GroupPath": "Config/LevelOutput/Group/Groups_P43304_F43304001/LevelGroup_P43304_F43304001_G25.json",
      "Name": "MainMission2021802_20",
      "ID": 25
    },
    {
      "GroupGUID": "1ed0c9b3-31d4-4c81-912f-9413f8b3bad3",
      "GroupPath": "Config/LevelOutput/Group/Groups_P43304_F43304001/LevelGroup_P43304_F43304001_G26.json",
      "DimensionFilter": {},
      "Name": "MainMission2021802_21",
      "ID": 26
    },
    {
      "GroupGUID": "ac52241f-40f2-4663-8145-c22fa50e9c9b",
      "GroupPath": "Config/LevelOutput/Group/Groups_P43304_F43304001/LevelGroup_P43304_F43304001_G27.json",
      "DimensionFilter": {},
      "Name": "MainMission2021802_22",
      "ID": 27
    },
    {
      "GroupGUID": "7dcea6c5-f9ad-4403-af71-f4781a4b3bc9",
      "GroupPath": "Config/LevelOutput/Group/Groups_P43304_F43304001/LevelGroup_P43304_F43304001_G40.json",
      "Name": "MainMission2021802_25",
      "ID": 40
    },
    {
      "GroupGUID": "f71a5455-db10-4e5d-9c92-3e4a5b86d423",
      "GroupPath": "Config/LevelOutput/Group/Groups_P43304_F43304001/LevelGroup_P43304_F43304001_G41.json",
      "Name": "MainMission2021802_26",
      "ID": 41
    },
    {
      "GroupGUID": "63b63e1c-4a79-4282-877f-13f87385516d",
      "GroupPath": "Config/LevelOutput/Group/Groups_P43304_F43304001/LevelGroup_P43304_F43304001_G42.json",
      "DimensionFilter": {},
      "Name": "MainMission2021802_27",
      "ID": 42
    },
    {
      "GroupGUID": "19f0bec5-069c-4f46-9701-dabd24c90bee",
      "GroupPath": "Config/LevelOutput/Group/Groups_P43304_F43304001/LevelGroup_P43304_F43304001_G43.json",
      "Name": "MainMission2021802_28",
      "ID": 43
    },
    {
      "GroupGUID": "631516d4-903a-4992-82de-17b373661cfb",
      "GroupPath": "Config/LevelOutput/Group/Groups_P43304_F43304001/LevelGroup_P43304_F43304001_G45.json",
      "DimensionFilter": {},
      "Name": "MainMission2021802_29",
      "ID": 45
    },
    {
      "GroupGUID": "d2b09d23-660e-4712-b637-822bface93e1",
      "GroupPath": "Config/LevelOutput/Group/Groups_P43304_F43304001/LevelGroup_P43304_F43304001_G46.json",
      "DimensionFilter": {},
      "Name": "MainMission2021802_30",
      "ID": 46
    },
    {
      "GroupGUID": "f794460a-2bb1-4559-b795-018fc4137ef9",
      "GroupPath": "Config/LevelOutput/Group/Groups_P43304_F43304001/LevelGroup_P43304_F43304001_G47.json",
      "DimensionFilter": {},
      "Name": "WolfBro_EntityGroup_01",
      "ID": 47
    },
    {
      "GroupGUID": "a5f16480-37ad-46cd-8e84-b10bbed04395",
      "GroupPath": "Config/LevelOutput/Group/Groups_P43304_F43304001/LevelGroup_P43304_F43304001_G73.json",
      "DimensionFilter": {},
      "Name": "WolfBro_MonsterGroup_01",
      "ID": 73
    },
    {
      "GroupGUID": "bd36e72b-d6d9-4e27-94f9-c64b04c9643a",
      "GroupPath": "Config/LevelOutput/Group/Groups_P43304_F43304001/LevelGroup_P43304_F43304001_G48.json",
      "DimensionFilter": {},
      "Name": "WolfBro_ControllerGroup_01",
      "ID": 48
    },
    {
      "GroupGUID": "de57b311-c853-4fff-8d8f-3fd09c1d2946",
      "GroupPath": "Config/LevelOutput/Group/Groups_P43304_F43304001/LevelGroup_P43304_F43304001_G49.json",
      "DimensionFilter": {},
      "Name": "WolfBro_EntityGroup_02",
      "ID": 49
    },
    {
      "GroupGUID": "d9482486-5bde-4603-bc40-775e83272bbe",
      "GroupPath": "Config/LevelOutput/Group/Groups_P43304_F43304001/LevelGroup_P43304_F43304001_G50.json",
      "DimensionFilter": {},
      "Name": "MainMission2021802_31",
      "ID": 50
    },
    {
      "GroupGUID": "741ec694-861e-4895-99c2-5775fa011894",
      "GroupPath": "Config/LevelOutput/Group/Groups_P43304_F43304001/LevelGroup_P43304_F43304001_G51.json",
      "DimensionFilter": {},
      "Name": "MainMission2021802_32",
      "ID": 51
    },
    {
      "GroupGUID": "be95d18b-167a-468f-85da-57dc154bafe7",
      "GroupPath": "Config/LevelOutput/Group/Groups_P43304_F43304001/LevelGroup_P43304_F43304001_G53.json",
      "DimensionFilter": {},
      "Name": "MainMission2021802_26",
      "ID": 53
    },
    {
      "GroupGUID": "381d057c-da54-4f55-9418-bbfbad5aaa23",
      "GroupPath": "Config/LevelOutput/Group/Groups_P43304_F43304001/LevelGroup_P43304_F43304001_G54.json",
      "DimensionFilter": {},
      "Name": "MainMission2021802_33",
      "ID": 54
    },
    {
      "GroupGUID": "41ed219f-a5cb-4b34-a48c-4303205c4720",
      "GroupPath": "Config/LevelOutput/Group/Groups_P43304_F43304001/LevelGroup_P43304_F43304001_G55.json",
      "DimensionFilter": {},
      "Name": "MainMission2021802_34",
      "ID": 55
    },
    {
      "GroupGUID": "e6622049-7b34-490d-b67d-7cf7d5b61301",
      "GroupPath": "Config/LevelOutput/Group/Groups_P43304_F43304001/LevelGroup_P43304_F43304001_G56.json",
      "DimensionFilter": {},
      "Name": "MainMission2021802_35",
      "ID": 56
    },
    {
      "GroupGUID": "fd70c09d-82e4-4a3e-b1d6-635b449e4319",
      "GroupPath": "Config/LevelOutput/Group/Groups_P43304_F43304001/LevelGroup_P43304_F43304001_G57.json",
      "DimensionFilter": {},
      "Name": "MainMission2021802_36",
      "ID": 57
    },
    {
      "GroupGUID": "f3b389ab-b8d0-4bbd-86b9-f3c250487b53",
      "GroupPath": "Config/LevelOutput/Group/Groups_P43304_F43304001/LevelGroup_P43304_F43304001_G58.json",
      "DimensionFilter": {},
      "Name": "MainMission2021802_37",
      "ID": 58
    },
    {
      "GroupGUID": "f0fdf64a-d60f-4e1a-a591-de0fa6c5cda1",
      "GroupPath": "Config/LevelOutput/Group/Groups_P43304_F43304001/LevelGroup_P43304_F43304001_G59.json",
      "DimensionFilter": {},
      "Name": "MainMission2021802_38",
      "ID": 59
    },
    {
      "GroupGUID": "b2ceaa1a-39de-4959-a83a-911fb553c8b6",
      "GroupPath": "Config/LevelOutput/Group/Groups_P43304_F43304001/LevelGroup_P43304_F43304001_G60.json",
      "DimensionFilter": {},
      "Name": "Anchor",
      "ID": 60
    },
    {
      "GroupGUID": "a296529a-d255-45c2-989b-e7299766b7c8",
      "GroupPath": "Config/LevelOutput/Group/Groups_P43304_F43304001/LevelGroup_P43304_F43304001_G61.json",
      "Name": "AirWall",
      "ID": 61
    },
    {
      "GroupGUID": "0fe48c95-e8e7-4727-a243-2aa025e747c3",
      "GroupPath": "Config/LevelOutput/Group/Groups_P43304_F43304001/LevelGroup_P43304_F43304001_G71.json",
      "DimensionFilter": {},
      "Name": "tvscreen1",
      "ID": 71
    },
    {
      "GroupGUID": "a63fd55e-3480-473f-b821-fde461093f9e",
      "GroupPath": "Config/LevelOutput/Group/Groups_P43304_F43304001/LevelGroup_P43304_F43304001_G72.json",
      "DimensionFilter": {},
      "Name": "tvscreen2",
      "ID": 72
    },
    {
      "GroupGUID": "c9ce86bc-db74-46be-8aeb-e73cf322d5d5",
      "GroupPath": "Config/LevelOutput/Group/Groups_P43304_F43304001/LevelGroup_P43304_F43304001_G85.json",
      "DimensionFilter": {},
      "Name": "tvscreen3",
      "ID": 85
    },
    {
      "GroupGUID": "40f1e2bd-2026-4668-be9b-e9c4bff4aaf5",
      "GroupPath": "Config/LevelOutput/Group/Groups_P43304_F43304001/LevelGroup_P43304_F43304001_G86.json",
      "DimensionFilter": {},
      "Name": "BGM",
      "ID": 86
    },
    {
      "GroupGUID": "6112ee22-ed2c-417f-b9b7-d36e97e57ac9",
      "GroupPath": "Config/LevelOutput/Group/Groups_P43304_F43304001/LevelGroup_P43304_F43304001_G87.json",
      "DimensionFilter": {},
      "Name": "Sound",
      "ID": 87
    },
    {
      "GroupGUID": "b9c7ed09-29a6-435a-a85d-ad6dbcb58272",
      "GroupPath": "Config/LevelOutput/Group/Groups_P43304_F43304001/LevelGroup_P43304_F43304001_G89.json",
      "DimensionFilter": {},
      "Name": "Sound-Vocal",
      "ID": 89
    },
    {
      "GroupGUID": "7d47a326-9836-4fb4-8a59-23d757f6b519",
      "GroupPath": "Config/LevelOutput/Group/Groups_P43304_F43304001/LevelGroup_P43304_F43304001_G91.json",
      "DimensionFilter": {},
      "Name": "Gashapon",
      "ID": 91
    },
    {
      "GroupGUID": "f70ec194-a1b7-42ea-a2eb-2b7d540cb933",
      "GroupPath": "Config/LevelOutput/Group/Groups_P43304_F43304001/LevelGroup_P43304_F43304001_G92.json",
      "DimensionFilter": {},
      "Name": "ClockBoy",
      "ID": 92
    },
    {
      "GroupGUID": "874c491c-ad64-4784-a205-34fae6506aff",
      "GroupPath": "Config/LevelOutput/Group/Groups_P43304_F43304001/LevelGroup_P43304_F43304001_G95.json",
      "DimensionFilter": {},
      "Name": "Sound-Reverb",
      "ID": 95
    }
  ],
  "DefaultEnviroProfile": "Stages/Outputs/Chapter03/EnviroProfile/Chap03_CloseView_ADV_MAZ_P01_Night.enviroProfile.asset",
  "StageData": "Stages/Outputs/Chapter03/Stages/Chap03_ADV_P01_StageData/Chap03_ADV_P01_StageData.stage",
  "TimeOfDayEnviroProfileMap": {},
  "LayerToAreaMask": [
    8,
    16,
    32
  ],
  "FloorCustomData": {
    "SavedValues": [
      {
        "ID": 3,
        "Name": "Unlock_Wolf_TV",
        "AllowedValues": [
          0,
          1
        ],
        "MaxValue": 1
      },
      {
        "ID": 4,
        "Name": "Unlock_Wolf_TV2",
        "AllowedValues": [
          0,
          1
        ],
        "MaxValue": 1
      },
      {
        "ID": 5,
        "Name": "JG_MN_01_Solved",
        "AllowedValues": [
          0,
          1
        ],
        "MaxValue": 99
      },
      {
        "ID": 6,
        "Name": "Lock_Wolf_TV",
        "AllowedValues": [
          0,
          1
        ],
        "MaxValue": 1
      },
      {
        "ID": 7,
        "Name": "Lock_Wolf_TV2",
        "AllowedValues": [
          0,
          1
        ],
        "MaxValue": 1
      }
    ]
  },
  "BattleAreaList": [],
  "DimensionList": [
    {}
  ],
  "CameraPrefabPath": "Level/Maze/Chapter03/Chap03_ADV_P01_LevelArea.prefab",
  "NavmapConfigPath": "Config/LevelOutput/Map/MapInfo_P10301_F10301001.json",
  "EnableGroupStreaming": false,
  "EnableGroupSpaceConflict": false,
  "IsRestartLevelGraph": false
}