{
  "FloorID": 43302001,
  "FloorName": "FloorName_43302001",
  "StartGroupID": 1,
  "StartAnchorID": 1,
  "GroupList": [
    {
      "GroupGUID": "d47c727d-1707-4e92-97cf-e377c8ffb35b",
      "GroupPath": "Config/LevelOutput/Group/Groups_P43302_F43302001/LevelGroup_P43302_F43302001_G1.json",
      "DimensionFilter": {},
      "Name": "DefaultGroup",
      "ID": 1
    },
    {
      "GroupGUID": "0eddebdf-164b-4195-be54-57ed2a506053",
      "GroupPath": "Config/LevelOutput/Group/Groups_P43302_F43302001/LevelGroup_P43302_F43302001_G2.json",
      "Name": "Default_BoundaryCamera_Client",
      "ID": 2
    },
    {
      "GroupGUID": "532e7dcf-970e-418d-81f3-573ee7362328",
      "GroupPath": "Config/LevelOutput/Group/Groups_P43302_F43302001/LevelGroup_P43302_F43302001_G3.json",
      "Name": "EdgeCamera",
      "ID": 3
    },
    {
      "GroupGUID": "c0f74704-05c6-4fba-a0e5-33768594e89a",
      "GroupPath": "Config/LevelOutput/Group/Groups_P43302_F43302001/LevelGroup_P43302_F43302001_G4.json",
      "DimensionFilter": {},
      "Name": "MainMission1030202_01",
      "ID": 4
    },
    {
      "GroupGUID": "6c97dc18-4a49-4e9d-9d65-bf8e7738fd28",
      "GroupPath": "Config/LevelOutput/Group/Groups_P43302_F43302001/LevelGroup_P43302_F43302001_G5.json",
      "Name": "MainMission1030202_02",
      "ID": 5
    },
    {
      "GroupGUID": "41df692e-fb47-4dba-975f-81a5c56e7afe",
      "GroupPath": "Config/LevelOutput/Group/Groups_P43302_F43302001/LevelGroup_P43302_F43302001_G6.json",
      "Name": "MainMission1030202_03",
      "ID": 6
    },
    {
      "GroupGUID": "abc9baf5-5044-4d72-83d3-523c24323c38",
      "GroupPath": "Config/LevelOutput/Group/Groups_P43302_F43302001/LevelGroup_P43302_F43302001_G7.json",
      "Name": "MainMission1030202_04",
      "ID": 7
    },
    {
      "GroupGUID": "978506cf-f36f-4c86-9ad6-46dcc6af6ab1",
      "GroupPath": "Config/LevelOutput/Group/Groups_P43302_F43302001/LevelGroup_P43302_F43302001_G8.json",
      "DimensionFilter": {},
      "Name": "MainMission1030202_01",
      "ID": 8
    },
    {
      "GroupGUID": "ed4e5cb6-eb01-4cc9-a849-c86de6cc9351",
      "GroupPath": "Config/LevelOutput/Group/Groups_P43302_F43302001/LevelGroup_P43302_F43302001_G9.json",
      "DimensionFilter": {},
      "Name": "MainMission1030202_01",
      "ID": 9
    },
    {
      "GroupGUID": "d09fac28-2c58-4183-bd2e-c1bd0b2922ff",
      "GroupPath": "Config/LevelOutput/Group/Groups_P43302_F43302001/LevelGroup_P43302_F43302001_G12.json",
      "DimensionFilter": {},
      "Name": "Sound",
      "ID": 12
    },
    {
      "GroupGUID": "ec758f59-3544-400f-afe9-5b4b409dfd88",
      "GroupPath": "Config/LevelOutput/Group/Groups_P43302_F43302001/LevelGroup_P43302_F43302001_G14.json",
      "DimensionFilter": {},
      "Name": "Sound_Reverb",
      "ID": 14
    },
    {
      "GroupGUID": "93b4b544-f73c-4d4f-bc65-1171ebdcc684",
      "GroupPath": "Config/LevelOutput/Group/Groups_P43302_F43302001/LevelGroup_P43302_F43302001_G15.json",
      "Name": "DefaultGroup",
      "ID": 15
    },
    {
      "GroupGUID": "08009dc9-1b61-4782-bf80-613cd8fd83d2",
      "GroupPath": "Config/LevelOutput/Group/Groups_P43302_F43302001/LevelGroup_P43302_F43302001_G16.json",
      "DimensionFilter": {},
      "Name": "BGM",
      "ID": 16
    },
    {
      "GroupGUID": "3d4cb18c-0a33-4880-9591-6d736e08fea0",
      "GroupPath": "Config/LevelOutput/Group/Groups_P43302_F43302001/LevelGroup_P43302_F43302001_G21.json",
      "DimensionFilter": {},
      "Name": "BGM-Special",
      "ID": 21
    },
    {
      "GroupGUID": "44933acc-35d1-46f8-8552-265dcf624d65",
      "GroupPath": "Config/LevelOutput/Group/Groups_P43302_F43302001/LevelGroup_P43302_F43302001_G22.json",
      "DimensionFilter": {},
      "Name": "Sound",
      "ID": 22
    },
    {
      "GroupGUID": "0803f8e7-7c37-4ccc-8d5e-bcfca080f53b",
      "GroupPath": "Config/LevelOutput/Group/Groups_P43302_F43302001/LevelGroup_P43302_F43302001_G23.json",
      "Name": "3DMapInfo",
      "ID": 23
    },
    {
      "GroupGUID": "6bb2c954-b000-4cf2-b5ff-1ccb36d08dca",
      "GroupPath": "Config/LevelOutput/Group/Groups_P43302_F43302001/LevelGroup_P43302_F43302001_G24.json",
      "Name": "Sound",
      "ID": 24
    },
    {
      "GroupGUID": "e691d518-4686-4fa6-adfd-6816dd14d7fe",
      "GroupPath": "Config/LevelOutput/Group/Groups_P43302_F43302001/LevelGroup_P43302_F43302001_G25.json",
      "Name": "Sound",
      "ID": 25
    },
    {
      "GroupGUID": "b58aa9b8-ff8a-4d9f-b1a7-98de17a65ba6",
      "GroupPath": "Config/LevelOutput/Group/Groups_P43302_F43302001/LevelGroup_P43302_F43302001_G26.json",
      "Name": "Sound",
      "ID": 26
    },
    {
      "GroupGUID": "21c363c0-7f46-4dee-9340-349680b89506",
      "GroupPath": "Config/LevelOutput/Group/Groups_P43302_F43302001/LevelGroup_P43302_F43302001_G27.json",
      "Name": "Sound",
      "ID": 27
    },
    {
      "GroupGUID": "d57efab6-ee6c-471a-83b4-d2e646d0b813",
      "GroupPath": "Config/LevelOutput/Group/Groups_P43302_F43302001/LevelGroup_P43302_F43302001_G28.json",
      "Name": "Sound",
      "ID": 28
    },
    {
      "GroupGUID": "d873c074-e536-47e0-97bd-2823bfc4247b",
      "GroupPath": "Config/LevelOutput/Group/Groups_P43302_F43302001/LevelGroup_P43302_F43302001_G29.json",
      "Name": "Sound-Reverb",
      "ID": 29
    }
  ],
  "DefaultEnviroProfile": "Stages/Outputs/Chapter03/EnviroProfile/Chap03_CloseView_ADV_INT_P101_night_01.enviroProfile.asset",
  "StageData": "Stages/Outputs/Chapter03/Stages/Chap03_MAZ_P101_MainLine_01_StageData/Chap03_MAZ_P101_MainLine_01_StageData.stage",
  "CameraType": "Maze",
  "TimeOfDayEnviroProfileMap": {},
  "LayerToAreaMask": [
    32,
    16,
    8
  ],
  "FloorCustomData": {
    "CustomValues": [
      {
        "$type": "RPG.GameCore.FloorCustomFloatConfig",
        "ID": 10001,
        "Name": "MissionFCV_103020201"
      },
      {
        "$type": "RPG.GameCore.FloorCustomFloatConfig",
        "ID": 10002,
        "Name": "MissionFCV_103020201_02"
      }
    ],
    "SavedValues": [
      {
        "ID": 1,
        "Name": "MissionFSV_103020201",
        "AllowedValues": [
          0,
          1
        ],
        "MaxValue": 1
      }
    ],
    "ConstValues": [
      {
        "$type": "RPG.GameCore.FloorTargetAgentConfig",
        "ID": 1,
        "Name": "Connection01"
      },
      {
        "$type": "RPG.GameCore.FloorTargetAgentConfig",
        "ID": 2,
        "Name": "Connection02"
      },
      {
        "$type": "RPG.GameCore.FloorTargetAgentConfig",
        "ID": 3,
        "Name": "Connection03"
      },
      {
        "$type": "RPG.GameCore.FloorTargetAgentConfig",
        "ID": 4,
        "Name": "Connection04"
      },
      {
        "$type": "RPG.GameCore.FloorTargetAgentConfig",
        "ID": 5,
        "Name": "Connection05"
      },
      {
        "$type": "RPG.GameCore.FloorTargetAgentConfig",
        "ID": 6,
        "Name": "Connection06"
      },
      {
        "$type": "RPG.GameCore.FloorTargetAgentConfig",
        "ID": 7,
        "Name": "Connection07"
      },
      {
        "$type": "RPG.GameCore.FloorTargetAgentConfig",
        "ID": 12,
        "Name": "Connection08"
      },
      {
        "$type": "RPG.GameCore.FloorTargetAgentConfig",
        "AgentType": "Prop",
        "GroupID": 1,
        "InstanceID": 300002,
        "ID": 13,
        "Name": "Connection09"
      },
      {
        "$type": "RPG.GameCore.FloorTargetAgentConfig",
        "AgentType": "Prop",
        "GroupID": 1,
        "InstanceID": 300003,
        "ID": 14,
        "Name": "Connection10"
      },
      {
        "$type": "RPG.GameCore.FloorTargetAgentConfig",
        "ID": 15,
        "Name": "Connection11"
      },
      {
        "$type": "RPG.GameCore.FloorTargetAgentConfig",
        "ID": 16,
        "Name": "Connection12"
      },
      {
        "$type": "RPG.GameCore.FloorTargetAgentConfig",
        "ID": 17,
        "Name": "Connection13"
      },
      {
        "$type": "RPG.GameCore.FloorTargetAgentConfig",
        "ID": 18,
        "Name": "Connection14"
      },
      {
        "$type": "RPG.GameCore.FloorTargetAgentConfig",
        "ID": 19,
        "Name": "Connection15"
      },
      {
        "$type": "RPG.GameCore.FloorTargetAgentConfig",
        "ID": 20,
        "Name": "Connection16"
      },
      {
        "$type": "RPG.GameCore.FloorTargetAgentConfig",
        "ID": 21,
        "Name": "Connection17"
      }
    ]
  },
  "BattleAreaList": [],
  "DimensionList": [
    {}
  ],
  "CameraPrefabPath": "Level/Maze/Chapter03/Chap03_MAZ_P101_LevelArea.prefab",
  "NavmapConfigPath": "Config/LevelOutput/Map/MapInfo_P20311_F20311001.json",
  "RegionConfigPath": "Config/LevelOutput/Region/FloorRegion_P20311_F20311001.json",
  "EnableGroupStreaming": false,
  "EnableGroupSpaceConflict": false,
  "IsRestartLevelGraph": false
}