{
  "FloorID": 43321001,
  "FloorName": "FloorName_43321001",
  "StartGroupID": 1,
  "StartAnchorID": 1,
  "GroupList": [
    {
      "GroupGUID": "84c5a095-03d5-4450-9ab8-311721cf6995",
      "GroupPath": "Config/LevelOutput/Group/Groups_P43321_F43321001/LevelGroup_P43321_F43321001_G1.json",
      "DimensionFilter": {},
      "Name": "DefaultGroup",
      "ID": 1
    },
    {
      "GroupGUID": "53b8d2fa-8446-4c54-8bfd-5437d79b299c",
      "GroupPath": "Config/LevelOutput/Group/Groups_P43321_F43321001/LevelGroup_P43321_F43321001_G2.json",
      "DimensionFilter": {},
      "Name": "DefaultGroup",
      "ID": 2
    },
    {
      "GroupGUID": "91f15340-76c2-4ed5-8ed2-4f2d367f6973",
      "GroupPath": "Config/LevelOutput/Group/Groups_P43321_F43321001/LevelGroup_P43321_F43321001_G3.json",
      "Name": "BGM",
      "ID": 3
    },
    {
      "GroupGUID": "5ff9372c-a64e-4692-88f3-c44439bccbec",
      "GroupPath": "Config/LevelOutput/Group/Groups_P43321_F43321001/LevelGroup_P43321_F43321001_G4.json",
      "Name": "Sound",
      "ID": 4
    },
    {
      "GroupGUID": "755a40d2-30db-4b83-994d-9407c258535a",
      "GroupPath": "Config/LevelOutput/Group/Groups_P43321_F43321001/LevelGroup_P43321_F43321001_G5.json",
      "DimensionFilter": {},
      "Name": "MainDoors",
      "ID": 5
    },
    {
      "GroupGUID": "4f98d7fd-3080-4ff9-94ad-bb632a4ec3e0",
      "GroupPath": "Config/LevelOutput/Group/Groups_P43321_F43321001/LevelGroup_P43321_F43321001_G6.json",
      "DimensionFilter": {},
      "Name": "MainDoors",
      "ID": 6
    },
    {
      "GroupGUID": "4c7a4834-dd4f-4901-b1f3-a476205d0882",
      "GroupPath": "Config/LevelOutput/Group/Groups_P43321_F43321001/LevelGroup_P43321_F43321001_G16.json",
      "DimensionFilter": {},
      "Name": "MainMission1032802_01",
      "ID": 16
    },
    {
      "GroupGUID": "a7f512b3-1998-4f69-af4d-72d477013912",
      "GroupPath": "Config/LevelOutput/Group/Groups_P43321_F43321001/LevelGroup_P43321_F43321001_G17.json",
      "DimensionFilter": {},
      "Name": "MainMission1032802_02",
      "ID": 17
    },
    {
      "GroupGUID": "259ddcbe-a962-45c8-8371-1e35e1b6174a",
      "GroupPath": "Config/LevelOutput/Group/Groups_P43321_F43321001/LevelGroup_P43321_F43321001_G20.json",
      "DimensionFilter": {},
      "Name": "MainMission1032802_05",
      "ID": 20
    },
    {
      "GroupGUID": "b39686ee-f3e8-4434-b946-c9e51c4dcef8",
      "GroupPath": "Config/LevelOutput/Group/Groups_P43321_F43321001/LevelGroup_P43321_F43321001_G21.json",
      "DimensionFilter": {},
      "Name": "MainMission1032802_06",
      "ID": 21
    },
    {
      "GroupGUID": "c8811286-8e05-467e-b24a-0cac8666c576",
      "GroupPath": "Config/LevelOutput/Group/Groups_P43321_F43321001/LevelGroup_P43321_F43321001_G23.json",
      "DimensionFilter": {},
      "Name": "MainMission1032802_07",
      "ID": 23
    },
    {
      "GroupGUID": "0521be90-d6fa-45d3-97bb-cf9135387bb3",
      "GroupPath": "Config/LevelOutput/Group/Groups_P43321_F43321001/LevelGroup_P43321_F43321001_G26.json",
      "DimensionFilter": {},
      "Name": "MainMission1032802_08",
      "ID": 26
    },
    {
      "GroupGUID": "94496486-23eb-4761-afbd-8e160989126b",
      "GroupPath": "Config/LevelOutput/Group/Groups_P43321_F43321001/LevelGroup_P43321_F43321001_G27.json",
      "DimensionFilter": {},
      "Name": "MainMission1032802_09",
      "ID": 27
    },
    {
      "GroupGUID": "b136e246-f78d-4f4e-a7db-674d566d1ba3",
      "GroupPath": "Config/LevelOutput/Group/Groups_P43321_F43321001/LevelGroup_P43321_F43321001_G28.json",
      "DimensionFilter": {},
      "Name": "MainMission1032802_17",
      "ID": 28
    },
    {
      "GroupGUID": "eebdeb4a-0e2b-411e-aff6-d5d987292544",
      "GroupPath": "Config/LevelOutput/Group/Groups_P43321_F43321001/LevelGroup_P43321_F43321001_G30.json",
      "DimensionFilter": {},
      "Name": "MainMission1032802_19",
      "ID": 30
    },
    {
      "GroupGUID": "2148a3d0-b5cc-48a9-9a78-57bd56e08cc7",
      "GroupPath": "Config/LevelOutput/Group/Groups_P43321_F43321001/LevelGroup_P43321_F43321001_G31.json",
      "DimensionFilter": {},
      "Name": "MainMission1032802_16",
      "ID": 31
    },
    {
      "GroupGUID": "7bb87e2e-9f38-4778-a714-0cc3d255d420",
      "GroupPath": "Config/LevelOutput/Group/Groups_P43321_F43321001/LevelGroup_P43321_F43321001_G32.json",
      "DimensionFilter": {},
      "Name": "MainMission1032802_21",
      "ID": 32
    },
    {
      "GroupGUID": "15c78bee-f450-46d3-88c4-4272d1c933e4",
      "GroupPath": "Config/LevelOutput/Group/Groups_P43321_F43321001/LevelGroup_P43321_F43321001_G33.json",
      "DimensionFilter": {},
      "Name": "MainMission1032802_25",
      "ID": 33
    },
    {
      "GroupGUID": "2eaaa309-1a2b-4748-a75c-47d45254434d",
      "GroupPath": "Config/LevelOutput/Group/Groups_P43321_F43321001/LevelGroup_P43321_F43321001_G34.json",
      "DimensionFilter": {},
      "Name": "MainMission1032802_26",
      "ID": 34
    },
    {
      "GroupGUID": "d9875ff1-b807-4984-a5e4-c1230caf0e57",
      "GroupPath": "Config/LevelOutput/Group/Groups_P43321_F43321001/LevelGroup_P43321_F43321001_G35.json",
      "DimensionFilter": {},
      "Name": "Sound-Reverb",
      "ID": 35
    },
    {
      "GroupGUID": "cffe08ff-377f-4d5e-b884-bfe6d7cdfbe5",
      "GroupPath": "Config/LevelOutput/Group/Groups_P43321_F43321001/LevelGroup_P43321_F43321001_G36.json",
      "DimensionFilter": {},
      "Name": "MainMission1032802_A",
      "ID": 36
    },
    {
      "GroupGUID": "74e24a66-f671-45ff-bd31-e44bf0f1b3b8",
      "GroupPath": "Config/LevelOutput/Group/Groups_P43321_F43321001/LevelGroup_P43321_F43321001_G37.json",
      "DimensionFilter": {},
      "Name": "MainMission1032802_B",
      "ID": 37
    },
    {
      "GroupGUID": "9e86af97-8932-4a77-ab66-703759dc9830",
      "GroupPath": "Config/LevelOutput/Group/Groups_P43321_F43321001/LevelGroup_P43321_F43321001_G38.json",
      "DimensionFilter": {},
      "Name": "MainMission1032802_C",
      "ID": 38
    },
    {
      "GroupGUID": "d1f2f1d2-98ec-4f1b-97e8-8b1e875d8719",
      "GroupPath": "Config/LevelOutput/Group/Groups_P43321_F43321001/LevelGroup_P43321_F43321001_G39.json",
      "DimensionFilter": {},
      "Name": "MainMission1032802_D",
      "ID": 39
    },
    {
      "GroupGUID": "6da1f878-975b-4d3b-a50f-ff9b32e93cec",
      "GroupPath": "Config/LevelOutput/Group/Groups_P43321_F43321001/LevelGroup_P43321_F43321001_G42.json",
      "DimensionFilter": {},
      "Name": "MainMission1032802_G",
      "ID": 42
    },
    {
      "GroupGUID": "b1ec39b3-0fd8-4422-9774-f026c06e9273",
      "GroupPath": "Config/LevelOutput/Group/Groups_P43321_F43321001/LevelGroup_P43321_F43321001_G43.json",
      "DimensionFilter": {},
      "Name": "GhostTrigger",
      "ID": 43
    },
    {
      "GroupGUID": "6747664e-9644-4b24-99a4-aea9e343b0a0",
      "GroupPath": "Config/LevelOutput/Group/Groups_P43321_F43321001/LevelGroup_P43321_F43321001_G45.json",
      "DimensionFilter": {},
      "Name": "JigsawPuzzle_P102_MainLine_02_PortalDoor",
      "ID": 45
    },
    {
      "GroupGUID": "4a6df2e9-c7da-4f97-9cd1-8559dd2e7ae2",
      "GroupPath": "Config/LevelOutput/Group/Groups_P43321_F43321001/LevelGroup_P43321_F43321001_G46.json",
      "DimensionFilter": {},
      "Name": "MainMission1032802_18",
      "ID": 46
    },
    {
      "GroupGUID": "cec07335-fe83-4193-8ec5-76d308d70759",
      "GroupPath": "Config/LevelOutput/Group/Groups_P43321_F43321001/LevelGroup_P43321_F43321001_G47.json",
      "DimensionFilter": {},
      "Name": "MainMission1032802_01",
      "ID": 47
    },
    {
      "GroupGUID": "a859b025-111f-40fd-91b0-86e18190e5e9",
      "GroupPath": "Config/LevelOutput/Group/Groups_P43321_F43321001/LevelGroup_P43321_F43321001_G48.json",
      "DimensionFilter": {},
      "Name": "MainMission1032802_02",
      "ID": 48
    },
    {
      "GroupGUID": "5e7e6031-a18f-46cd-98bc-f011f58900cf",
      "GroupPath": "Config/LevelOutput/Group/Groups_P43321_F43321001/LevelGroup_P43321_F43321001_G49.json",
      "DimensionFilter": {},
      "Name": "Sound",
      "ID": 49
    },
    {
      "GroupGUID": "d59bac20-b647-4c8f-8252-995f380a5698",
      "GroupPath": "Config/LevelOutput/Group/Groups_P43321_F43321001/LevelGroup_P43321_F43321001_G50.json",
      "DimensionFilter": {},
      "Name": "MainMission1032802_23",
      "ID": 50
    },
    {
      "GroupGUID": "a9933c26-0dab-48de-ac34-cf5a430c80ab",
      "GroupPath": "Config/LevelOutput/Group/Groups_P43321_F43321001/LevelGroup_P43321_F43321001_G51.json",
      "DimensionFilter": {
        "FilterExpression": {}
      },
      "Name": "OneWayBridge",
      "ID": 51
    },
    {
      "GroupGUID": "1b30efb6-83bb-44b9-9b55-a3fc77286252",
      "GroupPath": "Config/LevelOutput/Group/Groups_P43321_F43321001/LevelGroup_P43321_F43321001_G53.json",
      "DimensionFilter": {},
      "Name": "MainMission1032802_09",
      "ID": 53
    }
  ],
  "DefaultEnviroProfile": "Stages/Outputs/Chapter03/EnviroProfile/Chap03_CloseView_MAZ_P102_Rota_night_01.enviroProfile.asset",
  "StageData": "Stages/Outputs/Chapter03/Stages/Chap03_MAZ_P102_StageData/Chap03_MAZ_P102_StageData.stage",
  "CameraType": "Maze",
  "TimeOfDayEnviroProfileMap": {},
  "LayerToAreaMask": [
    1
  ],
  "FloorCustomData": {
    "CustomValues": [
      {
        "$type": "RPG.GameCore.FloorCustomFloatConfig",
        "ID": 10001,
        "Name": "FCV_ClockRoomDoor"
      }
    ],
    "SavedValues": [
      {
        "ID": 1,
        "Name": "DoorControl_01",
        "AllowedValues": [],
        "MaxValue": 3
      },
      {
        "ID": 2,
        "Name": "Jigsaw_TalkFinished",
        "AllowedValues": [
          0,
          1
        ],
        "MaxValue": 3
      },
      {
        "ID": 3,
        "Name": "DoorControl_02",
        "AllowedValues": [],
        "MaxValue": 3
      }
    ],
    "ConstValues": [
      {
        "$type": "RPG.GameCore.FloorTargetAgentConfig",
        "AgentType": "Prop",
        "GroupID": 5,
        "InstanceID": 300003,
        "ID": 1,
        "Name": "Region01_Airlock"
      },
      {
        "$type": "RPG.GameCore.FloorTargetAgentConfig",
        "AgentType": "Prop",
        "GroupID": 6,
        "InstanceID": 300015,
        "ID": 2,
        "Name": "Region02_Airlock"
      },
      {
        "$type": "RPG.GameCore.FloorTargetAgentConfig",
        "AgentType": "Prop",
        "GroupID": 5,
        "InstanceID": 300005,
        "ID": 3,
        "Name": "Region10_Airlock"
      },
      {
        "$type": "RPG.GameCore.FloorTargetAgentConfig",
        "AgentType": "Prop",
        "GroupID": 6,
        "InstanceID": 300015,
        "ID": 4,
        "Name": "Region20_Airlock"
      },
      {
        "$type": "RPG.GameCore.FloorTargetAgentConfig",
        "AgentType": "Prop",
        "GroupID": 6,
        "InstanceID": 300002,
        "ID": 5,
        "Name": "Region23_Airlock1"
      },
      {
        "$type": "RPG.GameCore.FloorTargetAgentConfig",
        "AgentType": "Prop",
        "GroupID": 6,
        "InstanceID": 300002,
        "ID": 6,
        "Name": "Region32_Airlock1"
      },
      {
        "$type": "RPG.GameCore.FloorTargetAgentConfig",
        "AgentType": "Prop",
        "GroupID": 5,
        "InstanceID": 300007,
        "ID": 7,
        "Name": "Region23_Airlock2"
      },
      {
        "$type": "RPG.GameCore.FloorTargetAgentConfig",
        "AgentType": "Prop",
        "GroupID": 5,
        "InstanceID": 300007,
        "ID": 8,
        "Name": "Region32_Airlock2"
      }
    ]
  },
  "BattleAreaList": [],
  "DimensionList": [
    {}
  ],
  "NavmapConfigPath": "Config/LevelOutput/Map/MapInfo_P20312_F20312001.json",
  "RegionConfigPath": "Config/LevelOutput/Region/FloorRegion_P20312_F20312001.json"
}