{
  "FloorID": 43306001,
  "FloorName": "FloorName_43306001",
  "StartGroupID": 1,
  "StartAnchorID": 1,
  "GroupList": [
    {
      "GroupGUID": "f1850828-d061-4b08-8775-fdbb1a0c5a7b",
      "GroupPath": "Config/LevelOutput/Group/Groups_P43306_F43306001/LevelGroup_P43306_F43306001_G1.json",
      "DimensionFilter": {},
      "Name": "DefaultGroup",
      "ID": 1
    },
    {
      "GroupGUID": "6334f61a-cc45-410e-9ccf-b6a041190838",
      "GroupPath": "Config/LevelOutput/Group/Groups_P43306_F43306001/LevelGroup_P43306_F43306001_G2.json",
      "DimensionFilter": {},
      "Name": "DefaultGroup",
      "ID": 2
    },
    {
      "GroupGUID": "dac043f0-5795-43f3-9a66-7a09c3c7466d",
      "GroupPath": "Config/LevelOutput/Group/Groups_P43306_F43306001/LevelGroup_P43306_F43306001_G3.json",
      "Name": "PinBall_1",
      "ID": 3
    },
    {
      "GroupGUID": "a45d959c-1301-43e1-8332-c1e18655bf27",
      "GroupPath": "Config/LevelOutput/Group/Groups_P43306_F43306001/LevelGroup_P43306_F43306001_G4.json",
      "Name": "PinBall_2",
      "ID": 4
    },
    {
      "GroupGUID": "742475f5-ae0c-40c7-9a89-192ddded42bb",
      "GroupPath": "Config/LevelOutput/Group/Groups_P43306_F43306001/LevelGroup_P43306_F43306001_G5.json",
      "Name": "PinBall_3",
      "ID": 5
    },
    {
      "GroupGUID": "0c74facd-dafd-4313-bd18-af942599e336",
      "GroupPath": "Config/LevelOutput/Group/Groups_P43306_F43306001/LevelGroup_P43306_F43306001_G6.json",
      "DimensionFilter": {},
      "Name": "PinBall_4",
      "ID": 6
    },
    {
      "GroupGUID": "3bf45e7b-2870-4a3f-9414-35b2f503f423",
      "GroupPath": "Config/LevelOutput/Group/Groups_P43306_F43306001/LevelGroup_P43306_F43306001_G7.json",
      "DimensionFilter": {},
      "Name": "Door",
      "ID": 7
    },
    {
      "GroupGUID": "e028f0fa-e0ed-4ac6-b091-679aacc44bbe",
      "GroupPath": "Config/LevelOutput/Group/Groups_P43306_F43306001/LevelGroup_P43306_F43306001_G10.json",
      "Name": "Garden",
      "ID": 10
    },
    {
      "GroupGUID": "1211ee5c-2aa8-4400-910d-0d43f7486fcd",
      "GroupPath": "Config/LevelOutput/Group/Groups_P43306_F43306001/LevelGroup_P43306_F43306001_G11.json",
      "Name": "Screen",
      "ID": 11
    },
    {
      "GroupGUID": "500175c7-e588-4288-a277-10559e2d9f2c",
      "GroupPath": "Config/LevelOutput/Group/Groups_P43306_F43306001/LevelGroup_P43306_F43306001_G8.json",
      "DimensionFilter": {},
      "Name": "MainMission1032201_01",
      "ID": 8
    },
    {
      "GroupGUID": "9811bf04-f44f-4ca1-81c2-c75c991c4156",
      "GroupPath": "Config/LevelOutput/Group/Groups_P43306_F43306001/LevelGroup_P43306_F43306001_G9.json",
      "DimensionFilter": {},
      "Name": "MainMission1032201_02",
      "ID": 9
    },
    {
      "GroupGUID": "bc30aaa4-caab-4dde-8717-72e5c67735ea",
      "GroupPath": "Config/LevelOutput/Group/Groups_P43306_F43306001/LevelGroup_P43306_F43306001_G12.json",
      "DimensionFilter": {},
      "Name": "fakeplayer",
      "ID": 12
    },
    {
      "GroupGUID": "1637dcc4-c8d1-40ab-bc91-65d89ce32a19",
      "GroupPath": "Config/LevelOutput/Group/Groups_P43306_F43306001/LevelGroup_P43306_F43306001_G13.json",
      "DimensionFilter": {},
      "Name": "MainMission1032201_Light",
      "ID": 13
    },
    {
      "GroupGUID": "64623d94-95ba-4c23-9037-5bf4dd19f63e",
      "GroupPath": "Config/LevelOutput/Group/Groups_P43306_F43306001/LevelGroup_P43306_F43306001_G15.json",
      "Name": "BAT_Prop",
      "ID": 15
    },
    {
      "GroupGUID": "f7b4242d-64d4-43b1-9a4b-7ab24d899623",
      "GroupPath": "Config/LevelOutput/Group/Groups_P43306_F43306001/LevelGroup_P43306_F43306001_G16.json",
      "DimensionFilter": {
        "FilterType": "All"
      },
      "Name": "Sound",
      "ID": 16
    },
    {
      "GroupGUID": "6cfe5a8a-fb01-4210-a90d-818d002544ff",
      "GroupPath": "Config/LevelOutput/Group/Groups_P43306_F43306001/LevelGroup_P43306_F43306001_G17.json",
      "DimensionFilter": {
        "FilterType": "All",
        "FilterExpression": {}
      },
      "Name": "Sound-Reverb",
      "ID": 17
    },
    {
      "GroupGUID": "4472d1e1-315b-4312-8c7d-445809407819",
      "GroupPath": "Config/LevelOutput/Group/Groups_P43306_F43306001/LevelGroup_P43306_F43306001_G18.json",
      "DimensionFilter": {
        "FilterType": "All"
      },
      "Name": "Sound",
      "ID": 18
    },
    {
      "GroupGUID": "b393a074-7e67-4d3a-a6d3-5ef3dc7ba4b0",
      "GroupPath": "Config/LevelOutput/Group/Groups_P43306_F43306001/LevelGroup_P43306_F43306001_G23.json",
      "DimensionFilter": {},
      "Name": "MainMission1032201_MissionTalker3D",
      "ID": 23
    }
  ],
  "DefaultEnviroProfile": "Stages/Outputs/Chapter03/EnviroProfile/Chap03_CloseView_MAZ_P201_Night_01.enviroProfile.asset",
  "StageData": "Stages/Outputs/Chapter03/Stages/Chap03_MAZ_P201_StageData/Chap03_MAZ_P201_StageData.stage",
  "CameraType": "Maze",
  "TimeOfDayEnviroProfileMap": {},
  "LayerToAreaMask": [
    8,
    16
  ],
  "FloorCustomData": {
    "SavedValues": [
      {
        "ID": 1,
        "Name": "GardenState",
        "AllowedValues": [
          0,
          1,
          2
        ],
        "MaxValue": 2
      },
      {
        "ID": 2,
        "Name": "ScreenState",
        "AllowedValues": [
          0,
          1
        ],
        "MaxValue": 1
      },
      {
        "ID": 3,
        "Name": "CurtainState",
        "AllowedValues": [
          0,
          1
        ],
        "MaxValue": 1
      }
    ]
  },
  "BattleAreaList": [],
  "DimensionList": [
    {}
  ],
  "NavmapConfigPath": "Config/LevelOutput/Map/MapInfo_P20321_F20321001.json",
  "IsRestartLevelGraph": false
}