{
  "FloorID": 43322002,
  "FloorName": "FloorName_43322002",
  "StartGroupID": 1,
  "StartAnchorID": 1,
  "GroupList": [
    {
      "GroupGUID": "63d3690d-1197-48ce-b280-69f3225f4fad",
      "GroupPath": "Config/LevelOutput/Group/Groups_P43322_F43322002/LevelGroup_P43322_F43322002_G1.json",
      "DimensionFilter": {},
      "Name": "DefaultGroup",
      "ID": 1
    },
    {
      "GroupGUID": "6b73ad18-6a4f-49bd-8965-fbddacaf09ea",
      "GroupPath": "Config/LevelOutput/Group/Groups_P43322_F43322002/LevelGroup_P43322_F43322002_G2.json",
      "DimensionFilter": {},
      "Name": "DefaultGroup",
      "ID": 2
    },
    {
      "GroupGUID": "e4f48ca2-820c-4c61-b0ce-a625619bc343",
      "GroupPath": "Config/LevelOutput/Group/Groups_P43322_F43322002/LevelGroup_P43322_F43322002_G3.json",
      "Name": "PinBall_1",
      "ID": 3
    },
    {
      "GroupGUID": "0dfeb0e2-fc09-43c5-ae6b-51f5cc4ff370",
      "GroupPath": "Config/LevelOutput/Group/Groups_P43322_F43322002/LevelGroup_P43322_F43322002_G4.json",
      "Name": "PinBall_2",
      "ID": 4
    },
    {
      "GroupGUID": "b2bbf5ed-181b-45a1-a787-0ba2240aff3c",
      "GroupPath": "Config/LevelOutput/Group/Groups_P43322_F43322002/LevelGroup_P43322_F43322002_G5.json",
      "Name": "PinBall_3",
      "ID": 5
    },
    {
      "GroupGUID": "cac42e65-3921-4ce3-9501-5536af03c38c",
      "GroupPath": "Config/LevelOutput/Group/Groups_P43322_F43322002/LevelGroup_P43322_F43322002_G6.json",
      "Name": "PinBall_4",
      "ID": 6
    },
    {
      "GroupGUID": "40cc0a05-49f7-497e-a2fe-2ef55f3ed8cb",
      "GroupPath": "Config/LevelOutput/Group/Groups_P43322_F43322002/LevelGroup_P43322_F43322002_G7.json",
      "Name": "Door",
      "ID": 7
    },
    {
      "GroupGUID": "1b48f83b-ef2c-49e8-b1e8-ef15c54fcfaf",
      "GroupPath": "Config/LevelOutput/Group/Groups_P43322_F43322002/LevelGroup_P43322_F43322002_G8.json",
      "Name": "Garden",
      "ID": 8
    },
    {
      "GroupGUID": "79940bff-aa51-4c41-90ea-4a6ddb4c31ad",
      "GroupPath": "Config/LevelOutput/Group/Groups_P43322_F43322002/LevelGroup_P43322_F43322002_G9.json",
      "Name": "Screen",
      "ID": 9
    },
    {
      "GroupGUID": "029b7047-be99-4b08-b54d-30693ebdfea4",
      "GroupPath": "Config/LevelOutput/Group/Groups_P43322_F43322002/LevelGroup_P43322_F43322002_G10.json",
      "Name": "BAT_Prop",
      "ID": 10
    },
    {
      "GroupGUID": "4393d202-9722-4fa5-a8c3-f97ae6f5dfc5",
      "GroupPath": "Config/LevelOutput/Group/Groups_P43322_F43322002/LevelGroup_P43322_F43322002_G11.json",
      "DimensionFilter": {},
      "Name": "MainMission2030402_DreamPoem",
      "ID": 11
    },
    {
      "GroupGUID": "eb33ee4e-3653-425f-82d0-a56437890a02",
      "GroupPath": "Config/LevelOutput/Group/Groups_P43322_F43322002/LevelGroup_P43322_F43322002_G12.json",
      "DimensionFilter": {},
      "Name": "MainMission2030402_DreamPoem",
      "ID": 12
    }
  ],
  "DefaultEnviroProfile": "Stages/Outputs/Chapter03/EnviroProfile/Chap03_CloseView_MAZ_P201_Night_01.enviroProfile.asset",
  "StageData": "Stages/Outputs/Chapter03/Stages/Chap03_MAZ_P201_StageData/Chap03_MAZ_P201_StageData.stage",
  "CameraType": "Maze",
  "TimeOfDayEnviroProfileMap": {},
  "LayerToAreaMask": [
    8,
    16
  ],
  "BattleAreaList": [],
  "DimensionList": [
    {}
  ],
  "NavmapConfigPath": "Config/LevelOutput/Map/MapInfo_P20321_F20321001.json"
}