{
  "FloorID": 43303001,
  "FloorName": "FloorName_43303001",
  "StartGroupID": 1,
  "StartAnchorID": 1,
  "GroupList": [
    {
      "GroupGUID": "5f13cc9a-c480-4696-8573-151c59f6dc14",
      "GroupPath": "Config/LevelOutput/Group/Groups_P43303_F43303001/LevelGroup_P43303_F43303001_G1.json",
      "Name": "DefaultGroup",
      "ID": 1
    },
    {
      "GroupGUID": "58e6e14b-ba06-4b20-bd9d-fa175ed45f8c",
      "GroupPath": "Config/LevelOutput/Group/Groups_P43303_F43303001/LevelGroup_P43303_F43303001_G2.json",
      "Name": "Sound",
      "ID": 2
    },
    {
      "GroupGUID": "7b114761-0eed-4e9e-a70c-a3fd4a47f744",
      "GroupPath": "Config/LevelOutput/Group/Groups_P43303_F43303001/LevelGroup_P43303_F43303001_G3.json",
      "Name": "MainMission1030304_02",
      "ID": 3
    },
    {
      "GroupGUID": "63a3ce8d-e0ff-4f75-86d4-1268744c8c26",
      "GroupPath": "Config/LevelOutput/Group/Groups_P43303_F43303001/LevelGroup_P43303_F43303001_G4.json",
      "Name": "MainMission1030304_08",
      "ID": 4
    }
  ],
  "DefaultEnviroProfile": "Stages/Outputs/Chapter01/EnviroProfile/Chap01_CloseView_ADV_INT_HospitalRoom_01.enviroProfile.asset",
  "StageData": "Stages/Outputs/Chapter01/Stages/Chap01_INT_HospitalRoom_01_StageData/Chap01_INT_HospitalRoom_01_StageData.stage",
  "MinimapVolumeData": {
    "Center": {
      "X": -0.573631,
      "Y": 1.869193,
      "Z": -0.240247
    },
    "Size": {
      "X": 16.54439,
      "Y": 4.700254,
      "Z": 17.16761
    },
    "Scale": 1
  },
  "TimeOfDayEnviroProfileMap": {},
  "LayerToAreaMask": [
    1
  ],
  "EnableGroupStreaming": false,
  "EnableGroupSpaceConflict": false,
  "IsRestartLevelGraph": false
}