{
  "FloorID": 43313004,
  "FloorName": "FloorName_43313004",
  "StartGroupID": 1,
  "StartAnchorID": 1,
  "GroupList": [
    {
      "GroupGUID": "c5f7dbb7-297c-43d0-92a4-03a9f66fc7ac",
      "GroupPath": "Config/LevelOutput/Group/Groups_P43313_F43313004/LevelGroup_P43313_F43313004_G1.json",
      "Name": "DefaultGroup",
      "ID": 1
    },
    {
      "GroupGUID": "a57423d4-5904-44a8-9bf8-e9851d140bfa",
      "GroupPath": "Config/LevelOutput/Group/Groups_P43313_F43313004/LevelGroup_P43313_F43313004_G2.json",
      "Name": "New Group",
      "ID": 2
    },
    {
      "GroupGUID": "03ebe03e-f3bf-4810-97b4-836968c323f5",
      "GroupPath": "Config/LevelOutput/Group/Groups_P43313_F43313004/LevelGroup_P43313_F43313004_G3.json",
      "Name": "Sound",
      "ID": 3
    },
    {
      "GroupGUID": "e8867423-d3b2-4812-a96e-315eaf7f4204",
      "GroupPath": "Config/LevelOutput/Group/Groups_P43313_F43313004/LevelGroup_P43313_F43313004_G4.json",
      "DimensionFilter": {},
      "Name": "MainMission2030202_03",
      "ID": 4
    }
  ],
  "DefaultEnviroProfile": "Stages/Outputs/Chapter01/EnviroProfile/Chap01_INT_FlowerShop_01.enviroProfile.asset",
  "StageData": "Stages/Outputs/Chapter01/Stages/Chap01_INT_FlowerShop_01_StageData/Chap01_INT_FlowerShop_01_StageData.stage",
  "CameraType": "Room",
  "MinimapVolumeData": {
    "Scale": 0
  },
  "TimeOfDayEnviroProfileMap": {},
  "LayerToAreaMask": [
    1
  ],
  "BattleAreaList": [],
  "DimensionList": [
    {}
  ],
  "IsRestartLevelGraph": false
}