{
  "FloorID": 43303002,
  "FloorName": "FloorName_43303002",
  "StartGroupID": 1,
  "StartAnchorID": 1,
  "GroupList": [
    {
      "GroupGUID": "af58b243-53c0-42bc-b093-2ab81bada488",
      "GroupPath": "Config/LevelOutput/Group/Groups_P43303_F43303002/LevelGroup_P43303_F43303002_G1.json",
      "DimensionFilter": {},
      "Name": "DefaultGroup",
      "ID": 1
    },
    {
      "GroupGUID": "496d4a27-3f82-48f1-84af-78dfda5a1fad",
      "GroupPath": "Config/LevelOutput/Group/Groups_P43303_F43303002/LevelGroup_P43303_F43303002_G2.json",
      "Name": "Sound",
      "ID": 2
    },
    {
      "GroupGUID": "e377a564-9f0c-47f5-9863-627a723210c0",
      "GroupPath": "Config/LevelOutput/Group/Groups_P43303_F43303002/LevelGroup_P43303_F43303002_G3.json",
      "Name": "MainMission1030304_03",
      "ID": 3
    },
    {
      "GroupGUID": "e8ee6145-6f7a-427f-90fc-b29d9c40d04e",
      "GroupPath": "Config/LevelOutput/Group/Groups_P43303_F43303002/LevelGroup_P43303_F43303002_G4.json",
      "Name": "MainMission1030304_06",
      "ID": 4
    },
    {
      "GroupGUID": "001dda43-30e3-40cd-9594-f16db58f3e54",
      "GroupPath": "Config/LevelOutput/Group/Groups_P43303_F43303002/LevelGroup_P43303_F43303002_G5.json",
      "DimensionFilter": {},
      "Name": "MainMission1030304_10",
      "ID": 5
    },
    {
      "GroupGUID": "5faff2a7-1c0f-4700-a062-c439e3ae202f",
      "GroupPath": "Config/LevelOutput/Group/Groups_P43303_F43303002/LevelGroup_P43303_F43303002_G6.json",
      "DimensionFilter": {},
      "Name": "MainMission1030304_11",
      "ID": 6
    },
    {
      "GroupGUID": "1d70dcf1-0081-49cf-b7e7-b4608edf965e",
      "GroupPath": "Config/LevelOutput/Group/Groups_P43303_F43303002/LevelGroup_P43303_F43303002_G7.json",
      "DimensionFilter": {},
      "Name": "MainMission1030304_12",
      "ID": 7
    },
    {
      "GroupGUID": "86cf6aeb-7cae-454f-812f-9ec3b8612f56",
      "GroupPath": "Config/LevelOutput/Group/Groups_P43303_F43303002/LevelGroup_P43303_F43303002_G8.json",
      "DimensionFilter": {},
      "Name": "MainMission1030304_13",
      "ID": 8
    },
    {
      "GroupGUID": "f91bef33-8cbc-4add-99ce-b75697a44eea",
      "GroupPath": "Config/LevelOutput/Group/Groups_P43303_F43303002/LevelGroup_P43303_F43303002_G10.json",
      "DimensionFilter": {},
      "Name": "MainMission1030304_14",
      "ID": 10
    },
    {
      "GroupGUID": "29f857db-0c43-4c66-ac84-772fe32f0eec",
      "GroupPath": "Config/LevelOutput/Group/Groups_P43303_F43303002/LevelGroup_P43303_F43303002_G11.json",
      "DimensionFilter": {},
      "Name": "MainMission1030304_15",
      "ID": 11
    },
    {
      "GroupGUID": "e83576a0-3d54-4eda-9499-b8aacb92e01d",
      "GroupPath": "Config/LevelOutput/Group/Groups_P43303_F43303002/LevelGroup_P43303_F43303002_G12.json",
      "DimensionFilter": {},
      "Name": "MainMission1030304_16",
      "ID": 12
    },
    {
      "GroupGUID": "3b6c7367-8db6-4411-8211-d5d2460fca8b",
      "GroupPath": "Config/LevelOutput/Group/Groups_P43303_F43303002/LevelGroup_P43303_F43303002_G13.json",
      "DimensionFilter": {},
      "Name": "MainMission1030304_17",
      "ID": 13
    },
    {
      "GroupGUID": "771f85a8-715f-4fff-b29a-68e82cfe7408",
      "GroupPath": "Config/LevelOutput/Group/Groups_P43303_F43303002/LevelGroup_P43303_F43303002_G14.json",
      "DimensionFilter": {},
      "Name": "MainMission1030304_18",
      "ID": 14
    },
    {
      "GroupGUID": "bf851181-0ba3-4ef6-bae2-c6b1412c92cf",
      "GroupPath": "Config/LevelOutput/Group/Groups_P43303_F43303002/LevelGroup_P43303_F43303002_G15.json",
      "DimensionFilter": {},
      "Name": "New Group",
      "ID": 15
    },
    {
      "GroupGUID": "80b23b97-8630-49ae-8a3e-c3e656a2ef53",
      "GroupPath": "Config/LevelOutput/Group/Groups_P43303_F43303002/LevelGroup_P43303_F43303002_G16.json",
      "Name": "BattleArea",
      "ID": 16
    },
    {
      "GroupGUID": "cc8079ea-b60e-424b-9fb7-2816b873cb4c",
      "GroupPath": "Config/LevelOutput/Group/Groups_P43303_F43303002/LevelGroup_P43303_F43303002_G17.json",
      "DimensionFilter": {},
      "Name": "MainMission1030304_21",
      "ID": 17
    },
    {
      "GroupGUID": "f977f8a3-d653-41e1-96a6-79d887c4cbef",
      "GroupPath": "Config/LevelOutput/Group/Groups_P43303_F43303002/LevelGroup_P43303_F43303002_G18.json",
      "DimensionFilter": {},
      "Name": "MainMission1030304_22",
      "ID": 18
    },
    {
      "GroupGUID": "065bd562-c24e-4126-b0bf-770419d99dc4",
      "GroupPath": "Config/LevelOutput/Group/Groups_P43303_F43303002/LevelGroup_P43303_F43303002_G19.json",
      "DimensionFilter": {},
      "Name": "MainMission1030304_13",
      "ID": 19
    },
    {
      "GroupGUID": "4fa4ab10-bd1d-401b-86b6-301a33a2fc4f",
      "GroupPath": "Config/LevelOutput/Group/Groups_P43303_F43303002/LevelGroup_P43303_F43303002_G20.json",
      "DimensionFilter": {},
      "Name": "MainMission1030304_28",
      "ID": 20
    },
    {
      "GroupGUID": "cf0bbf1f-8d34-4828-832c-5c6d458b95ac",
      "GroupPath": "Config/LevelOutput/Group/Groups_P43303_F43303002/LevelGroup_P43303_F43303002_G21.json",
      "Name": "Checkpoint",
      "ID": 21
    }
  ],
  "DefaultEnviroProfile": "Stages/Outputs/Chapter01/EnviroProfile/Chap01_CloseView_ADV_Area_UnderCity_01_Night.enviroProfile.asset",
  "StageData": "Stages/Outputs/Chapter01/Stages/Chap01_ADV_Area_UnderCity_01_StageData/Chap01_ADV_Area_UnderCity_01_StageData.stage",
  "TimeOfDayEnviroProfileMap": {},
  "LayerToAreaMask": [
    1
  ],
  "BattleAreaList": [],
  "DimensionList": [
    {}
  ],
  "NavmapConfigPath": "Config/LevelOutput/Map/MapInfo_P10102_F10102001.json",
  "EnableGroupStreaming": false,
  "EnableGroupSpaceConflict": false,
  "IsRestartLevelGraph": false
}