{
  "FloorID": 43321002,
  "FloorName": "FloorName_43321002",
  "StartGroupID": 1,
  "StartAnchorID": 1,
  "GroupList": [
    {
      "GroupGUID": "fb2a1227-860b-4b4c-83b0-047fc567cfbb",
      "GroupPath": "Config/LevelOutput/Group/Groups_P43321_F43321002/LevelGroup_P43321_F43321002_G1.json",
      "Name": "DefaultGroup",
      "ID": 1
    },
    {
      "GroupGUID": "8372299a-59a9-47fe-900a-4ec792a4bec4",
      "GroupPath": "Config/LevelOutput/Group/Groups_P43321_F43321002/LevelGroup_P43321_F43321002_G2.json",
      "Name": "RailBall",
      "ID": 2
    },
    {
      "GroupGUID": "11478a08-3c2f-4a4a-b170-1eb7d9c29e5a",
      "GroupPath": "Config/LevelOutput/Group/Groups_P43321_F43321002/LevelGroup_P43321_F43321002_G3.json",
      "DimensionFilter": {},
      "Name": "Switch",
      "ID": 3
    },
    {
      "GroupGUID": "5c15cbb3-a807-46d1-bfa3-f3b49eb08d54",
      "GroupPath": "Config/LevelOutput/Group/Groups_P43321_F43321002/LevelGroup_P43321_F43321002_G4.json",
      "DimensionFilter": {},
      "Name": "Elevator",
      "ID": 4
    },
    {
      "GroupGUID": "012644e1-352f-4be3-9808-6e50ed384c20",
      "GroupPath": "Config/LevelOutput/Group/Groups_P43321_F43321002/LevelGroup_P43321_F43321002_G5.json",
      "Name": "TV",
      "ID": 5
    },
    {
      "GroupGUID": "94f086a8-f52d-4a21-9a5d-9b94872f51e1",
      "GroupPath": "Config/LevelOutput/Group/Groups_P43321_F43321002/LevelGroup_P43321_F43321002_G6.json",
      "DimensionFilter": {},
      "Name": "MainMission1032802_11",
      "ID": 6
    },
    {
      "GroupGUID": "b3b6ac89-3d60-4568-ada1-e6abeb9d3df4",
      "GroupPath": "Config/LevelOutput/Group/Groups_P43321_F43321002/LevelGroup_P43321_F43321002_G7.json",
      "DimensionFilter": {},
      "Name": "MainMission1032802_12",
      "ID": 7
    },
    {
      "GroupGUID": "36732b4a-4ea7-40d7-8f21-1a191387283f",
      "GroupPath": "Config/LevelOutput/Group/Groups_P43321_F43321002/LevelGroup_P43321_F43321002_G8.json",
      "DimensionFilter": {},
      "Name": "MainMission1032802_13",
      "ID": 8
    },
    {
      "GroupGUID": "617799e1-33f8-424e-bef6-e029022e29d6",
      "GroupPath": "Config/LevelOutput/Group/Groups_P43321_F43321002/LevelGroup_P43321_F43321002_G9.json",
      "DimensionFilter": {},
      "Name": "MainMission1032802_11",
      "ID": 9
    },
    {
      "GroupGUID": "b50cb831-7e1c-445c-9dc1-f8586cdb4067",
      "GroupPath": "Config/LevelOutput/Group/Groups_P43321_F43321002/LevelGroup_P43321_F43321002_G10.json",
      "DimensionFilter": {
        "FilterType": "All"
      },
      "Name": "Sound",
      "ID": 10
    },
    {
      "GroupGUID": "4aaf5765-87d7-40b8-92db-3288c7685a76",
      "GroupPath": "Config/LevelOutput/Group/Groups_P43321_F43321002/LevelGroup_P43321_F43321002_G11.json",
      "DimensionFilter": {
        "FilterType": "All"
      },
      "Name": "sound-reverb",
      "ID": 11
    },
    {
      "GroupGUID": "1c4ba982-b2ab-45f9-a189-22a8f657bc30",
      "GroupPath": "Config/LevelOutput/Group/Groups_P43321_F43321002/LevelGroup_P43321_F43321002_G12.json",
      "DimensionFilter": {
        "FilterType": "All"
      },
      "Name": "BGM",
      "ID": 12
    },
    {
      "GroupGUID": "7c131ad1-dcd0-4555-8738-f6d49f66339c",
      "GroupPath": "Config/LevelOutput/Group/Groups_P43321_F43321002/LevelGroup_P43321_F43321002_G14.json",
      "DimensionFilter": {
        "FilterType": "All"
      },
      "Name": "BattleArea",
      "ID": 14
    }
  ],
  "DefaultEnviroProfile": "Stages/Outputs/Chapter03/EnviroProfile/Chap03_CloseView_ADV_MAZ_P03_Night.enviroProfile.asset",
  "StageData": "Stages/Outputs/Chapter03/Stages/Chap03_ADV_P03_ExileColony_StageData/Chap03_ADV_P03_ExileColony_StageData.stage",
  "TimeOfDayEnviroProfileMap": {},
  "LayerToAreaMask": [
    8,
    16
  ],
  "FloorCustomData": {
    "SavedValues": [
      {
        "ID": 1,
        "Name": "BuildingState",
        "DefaultValue": 1,
        "AllowedValues": [
          0,
          1
        ],
        "MaxValue": 1
      }
    ],
    "ConstValues": [
      {
        "$type": "RPG.GameCore.FloorTargetAgentConfig",
        "AgentType": "Prop",
        "GroupID": 4,
        "InstanceID": 300001,
        "ID": 1,
        "Name": "Lift1"
      },
      {
        "$type": "RPG.GameCore.FloorTargetAgentConfig",
        "AgentType": "Prop",
        "GroupID": 4,
        "InstanceID": 300002,
        "ID": 2,
        "Name": "Lift2"
      }
    ]
  },
  "BattleAreaList": [],
  "DimensionList": [
    {}
  ],
  "CameraPrefabPath": "Level/Maze/Chapter02/Chap03_ADV_P03_LevelArea.prefab",
  "NavmapConfigPath": "Config/LevelOutput/Map/MapInfo_P10304_F10304001.json",
  "RegionConfigPath": "Config/LevelOutput/Region/FloorRegion_P10304_F10304001.json"
}