{
  "FloorID": 43313001,
  "FloorName": "FloorName_43313001",
  "StartGroupID": 1,
  "StartAnchorID": 1,
  "GroupList": [
    {
      "GroupGUID": "f3f1edf8-7201-4f91-bdee-005afdba6aaf",
      "GroupPath": "Config/LevelOutput/Group/Groups_P43313_F43313001/LevelGroup_P43313_F43313001_G1.json",
      "DimensionFilter": {},
      "Name": "DefaultGroup",
      "ID": 1
    },
    {
      "GroupGUID": "18862981-774f-4eb4-afca-d3860548d5ee",
      "GroupPath": "Config/LevelOutput/Group/Groups_P43313_F43313001/LevelGroup_P43313_F43313001_G2.json",
      "DimensionFilter": {},
      "Name": "New Group",
      "ID": 2
    },
    {
      "GroupGUID": "4ab3104d-6d2f-4942-a19e-d687d8c0c6e2",
      "GroupPath": "Config/LevelOutput/Group/Groups_P43313_F43313001/LevelGroup_P43313_F43313001_G3.json",
      "Name": "BattleArea",
      "ID": 3
    },
    {
      "GroupGUID": "412a5f18-99d1-41e9-831f-67c8b194034f",
      "GroupPath": "Config/LevelOutput/Group/Groups_P43313_F43313001/LevelGroup_P43313_F43313001_G4.json",
      "Name": "Sound",
      "ID": 4
    },
    {
      "GroupGUID": "f4dcf1b4-4361-4216-a734-c89969e1e239",
      "GroupPath": "Config/LevelOutput/Group/Groups_P43313_F43313001/LevelGroup_P43313_F43313001_G5.json",
      "DimensionFilter": {},
      "Name": "Car",
      "ID": 5
    },
    {
      "GroupGUID": "a2066dea-8b3a-4ebb-a369-19460c2ef834",
      "GroupPath": "Config/LevelOutput/Group/Groups_P43313_F43313001/LevelGroup_P43313_F43313001_G6.json",
      "DimensionFilter": {},
      "Name": "MainMission2030202_01",
      "ID": 6
    },
    {
      "GroupGUID": "9562e8a9-e526-4af8-b435-9778a467d95a",
      "GroupPath": "Config/LevelOutput/Group/Groups_P43313_F43313001/LevelGroup_P43313_F43313001_G7.json",
      "DimensionFilter": {},
      "Name": "MainMission2030202_02",
      "ID": 7
    },
    {
      "GroupGUID": "88d2243c-44b6-4308-90a6-d57ce3b66c8a",
      "GroupPath": "Config/LevelOutput/Group/Groups_P43313_F43313001/LevelGroup_P43313_F43313001_G8.json",
      "DimensionFilter": {},
      "Name": "MainMission2030202_04",
      "ID": 8
    },
    {
      "GroupGUID": "cb1ed113-2e8c-4557-b061-7c7488d7eefe",
      "GroupPath": "Config/LevelOutput/Group/Groups_P43313_F43313001/LevelGroup_P43313_F43313001_G9.json",
      "DimensionFilter": {},
      "Name": "MainMission2030202_06",
      "ID": 9
    },
    {
      "GroupGUID": "30224555-b5d9-45dd-95c7-38415be3f59e",
      "GroupPath": "Config/LevelOutput/Group/Groups_P43313_F43313001/LevelGroup_P43313_F43313001_G10.json",
      "DimensionFilter": {},
      "Name": "MainMission2030202_07",
      "ID": 10
    },
    {
      "GroupGUID": "f127fa65-61fe-472b-a69c-ea8a116d7382",
      "GroupPath": "Config/LevelOutput/Group/Groups_P43313_F43313001/LevelGroup_P43313_F43313001_G11.json",
      "DimensionFilter": {},
      "Name": "MainMission2030202_07X",
      "ID": 11
    },
    {
      "GroupGUID": "aad403ed-a2d2-4b9c-b214-75bffe604d39",
      "GroupPath": "Config/LevelOutput/Group/Groups_P43313_F43313001/LevelGroup_P43313_F43313001_G12.json",
      "DimensionFilter": {},
      "Name": "MainMission2030202_New Group",
      "ID": 12
    },
    {
      "GroupGUID": "159ae6e1-a223-410d-ad3f-cf850e6d8549",
      "GroupPath": "Config/LevelOutput/Group/Groups_P43313_F43313001/LevelGroup_P43313_F43313001_G13.json",
      "DimensionFilter": {},
      "Name": "MainMission2030202_Monster",
      "ID": 13
    },
    {
      "GroupGUID": "2f97dbe7-8ea0-4b2f-b542-3469038b7e4e",
      "GroupPath": "Config/LevelOutput/Group/Groups_P43313_F43313001/LevelGroup_P43313_F43313001_G14.json",
      "DimensionFilter": {},
      "Name": "MainMission2030202_00A",
      "ID": 14
    },
    {
      "GroupGUID": "a2d7043e-7738-4a14-8e2f-5189cc9d7b2d",
      "GroupPath": "Config/LevelOutput/Group/Groups_P43313_F43313001/LevelGroup_P43313_F43313001_G15.json",
      "DimensionFilter": {},
      "Name": "MainMission2030202_00B",
      "ID": 15
    },
    {
      "GroupGUID": "0a3e507f-2a6c-423c-8413-c070e798efb4",
      "GroupPath": "Config/LevelOutput/Group/Groups_P43313_F43313001/LevelGroup_P43313_F43313001_G16.json",
      "DimensionFilter": {},
      "Name": "MainMission2030202_00C",
      "ID": 16
    },
    {
      "GroupGUID": "c262f9b2-c912-4d8e-89e0-0ec85069f6a0",
      "GroupPath": "Config/LevelOutput/Group/Groups_P43313_F43313001/LevelGroup_P43313_F43313001_G17.json",
      "DimensionFilter": {},
      "Name": "MainMission2030202_01A",
      "ID": 17
    },
    {
      "GroupGUID": "d8e501df-b526-4cc0-867e-f31898139bc4",
      "GroupPath": "Config/LevelOutput/Group/Groups_P43313_F43313001/LevelGroup_P43313_F43313001_G18.json",
      "DimensionFilter": {},
      "Name": "MainMission2030202_00Prop",
      "ID": 18
    },
    {
      "GroupGUID": "91d7f7ab-33d8-472b-bb84-281e7be359b5",
      "GroupPath": "Config/LevelOutput/Group/Groups_P43313_F43313001/LevelGroup_P43313_F43313001_G21.json",
      "DimensionFilter": {},
      "Name": "MainMission2030202_ProtectDialogue01",
      "ID": 21
    },
    {
      "GroupGUID": "cdb1fb2a-e5b7-43b8-8e4e-d09fa16d36a0",
      "GroupPath": "Config/LevelOutput/Group/Groups_P43313_F43313001/LevelGroup_P43313_F43313001_G22.json",
      "DimensionFilter": {},
      "Name": "MainMission2030202_06X",
      "ID": 22
    }
  ],
  "DefaultEnviroProfile": "Stages/Outputs/Chapter01/EnviroProfile/Chap01_CloseView_ADV_Area_Square_01_Day.enviroProfile.asset",
  "StageData": "Stages/Outputs/Chapter01/Stages/Chap01_ADV_Area_Square_01_StageData/Chap01_ADV_Area_Square_01_StageData.stage",
  "TimeOfDayEnviroProfileMap": {
    "2": "Stages/Outputs/Chapter01/EnviroProfile/Chap01_CloseView_ADV_Area_Square_01_Night.enviroProfile.asset"
  },
  "LayerToAreaMask": [
    8,
    16
  ],
  "BattleAreaList": [],
  "DimensionList": [
    {}
  ],
  "NavmapConfigPath": "Config/LevelOutput/Map/MapInfo_P10101_F10101001.json",
  "IsRestartLevelGraph": false
}