{
  "FloorID": 43303003,
  "FloorName": "FloorName_43303003",
  "StartGroupID": 1,
  "StartAnchorID": 1,
  "GroupList": [
    {
      "GroupGUID": "98ded731-71eb-421e-9455-4305994a271e",
      "GroupPath": "Config/LevelOutput/Group/Groups_P43303_F43303003/LevelGroup_P43303_F43303003_G1.json",
      "Name": "DefaultGroup",
      "ID": 1
    },
    {
      "GroupGUID": "ebf2001f-ac85-489a-8f56-f1526b53c591",
      "GroupPath": "Config/LevelOutput/Group/Groups_P43303_F43303003/LevelGroup_P43303_F43303003_G2.json",
      "Name": "MainMission1030304_07",
      "ID": 2
    },
    {
      "GroupGUID": "2b3f3ffe-3d12-4c6c-9eb4-b63ae833bed1",
      "GroupPath": "Config/LevelOutput/Group/Groups_P43303_F43303003/LevelGroup_P43303_F43303003_G3.json",
      "Name": "npc",
      "ID": 3
    },
    {
      "GroupGUID": "5f13523e-1d7e-402b-859a-12e2f4de4b4e",
      "GroupPath": "Config/LevelOutput/Group/Groups_P43303_F43303003/LevelGroup_P43303_F43303003_G4.json",
      "DimensionFilter": {},
      "Name": "Sound",
      "ID": 4
    }
  ],
  "DefaultEnviroProfile": "Stages/Outputs/Chapter01/EnviroProfile/Chap01_CloseView_ADV_Area_M304_01_Foggy.enviroProfile.asset",
  "StageData": "Stages/Outputs/Chapter01/Stages/Chap01_MAZ_M304_MainLine_01_StageData/Chap01_MAZ_M304_MainLine_01_StageData.stage",
  "TimeOfDayEnviroProfileMap": {
    "2": "Stages/Outputs/Chapter01/EnviroProfile/Chap01_CloseView_ADV_Area_Square_01_Night.enviroProfile.asset"
  },
  "LayerToAreaMask": [
    9
  ],
  "BattleAreaList": [],
  "DimensionList": [
    {}
  ],
  "NavmapConfigPath": "Config/LevelOutput/Map/MapInfo_P20135_F20135001.json",
  "EnableGroupStreaming": false,
  "EnableGroupSpaceConflict": false,
  "IsRestartLevelGraph": false
}