{
  "FloorID": 43310001,
  "FloorName": "FloorName_43310001",
  "StartGroupID": 1,
  "StartAnchorID": 1,
  "GroupList": [
    {
      "GroupGUID": "9d425019-23d3-43f7-a0a7-2cf86bc12b77",
      "GroupPath": "Config/LevelOutput/Group/Groups_P43310_F43310001/LevelGroup_P43310_F43310001_G1.json",
      "Name": "DefaultGroup",
      "ID": 1
    },
    {
      "GroupGUID": "bc5a9e8b-9820-42df-945b-2940ef4833e3",
      "GroupPath": "Config/LevelOutput/Group/Groups_P43310_F43310001/LevelGroup_P43310_F43310001_G2.json",
      "DimensionFilter": {},
      "Name": "DefaultGroup",
      "ID": 2
    },
    {
      "GroupGUID": "dd76ca72-9256-4d04-ae0c-e8483b994ff9",
      "GroupPath": "Config/LevelOutput/Group/Groups_P43310_F43310001/LevelGroup_P43310_F43310001_G17.json",
      "DimensionFilter": {},
      "Name": "MainMission2030102_15",
      "ID": 17
    },
    {
      "GroupGUID": "2af74eac-bbd8-422b-9509-6329d0b2b3e7",
      "GroupPath": "Config/LevelOutput/Group/Groups_P43310_F43310001/LevelGroup_P43310_F43310001_G3.json",
      "DimensionFilter": {},
      "Name": "MainMission2030102_01",
      "ID": 3
    },
    {
      "GroupGUID": "dfe6ee46-63cf-4417-a81b-490532cca1a9",
      "GroupPath": "Config/LevelOutput/Group/Groups_P43310_F43310001/LevelGroup_P43310_F43310001_G4.json",
      "DimensionFilter": {},
      "Name": "MainMission2030102_02",
      "ID": 4
    },
    {
      "GroupGUID": "a9f31d6e-bcb3-4377-8ce9-29bfb7ca76e7",
      "GroupPath": "Config/LevelOutput/Group/Groups_P43310_F43310001/LevelGroup_P43310_F43310001_G5.json",
      "DimensionFilter": {},
      "Name": "MainMission2030102_03",
      "ID": 5
    },
    {
      "GroupGUID": "cf5b4f56-bff4-40d7-848d-b0793e272aae",
      "GroupPath": "Config/LevelOutput/Group/Groups_P43310_F43310001/LevelGroup_P43310_F43310001_G6.json",
      "DimensionFilter": {},
      "Name": "MainMission2030102_04",
      "ID": 6
    },
    {
      "GroupGUID": "bc95ac77-cf1f-4dc2-a5cf-f97f26086d95",
      "GroupPath": "Config/LevelOutput/Group/Groups_P43310_F43310001/LevelGroup_P43310_F43310001_G7.json",
      "DimensionFilter": {},
      "Name": "MainMission2030102_05",
      "ID": 7
    },
    {
      "GroupGUID": "87f5ad99-9b5d-41f2-a67d-b6496aaf6e11",
      "GroupPath": "Config/LevelOutput/Group/Groups_P43310_F43310001/LevelGroup_P43310_F43310001_G8.json",
      "DimensionFilter": {},
      "Name": "MainMission2030102_06",
      "ID": 8
    },
    {
      "GroupGUID": "b1dd3742-e536-4103-a5aa-461aebd3fee4",
      "GroupPath": "Config/LevelOutput/Group/Groups_P43310_F43310001/LevelGroup_P43310_F43310001_G22.json",
      "DimensionFilter": {},
      "Name": "MainMission2030102_06_3",
      "ID": 22
    },
    {
      "GroupGUID": "36fef917-0397-4093-8017-efa25900a0b4",
      "GroupPath": "Config/LevelOutput/Group/Groups_P43310_F43310001/LevelGroup_P43310_F43310001_G19.json",
      "DimensionFilter": {},
      "Name": "MainMission2030102_06_2",
      "ID": 19
    },
    {
      "GroupGUID": "da9ca3ef-92f7-44e8-a202-12bb4812395d",
      "GroupPath": "Config/LevelOutput/Group/Groups_P43310_F43310001/LevelGroup_P43310_F43310001_G9.json",
      "DimensionFilter": {},
      "Name": "MainMission2030102_07",
      "ID": 9
    },
    {
      "GroupGUID": "16d87274-42d0-4313-b5d8-34470724d149",
      "GroupPath": "Config/LevelOutput/Group/Groups_P43310_F43310001/LevelGroup_P43310_F43310001_G10.json",
      "DimensionFilter": {},
      "Name": "MainMission2030102_08",
      "ID": 10
    },
    {
      "GroupGUID": "2dee9a7f-d32f-4aff-8fb6-e63bcac80ae5",
      "GroupPath": "Config/LevelOutput/Group/Groups_P43310_F43310001/LevelGroup_P43310_F43310001_G11.json",
      "DimensionFilter": {},
      "Name": "MainMission2030102_09",
      "ID": 11
    },
    {
      "GroupGUID": "ea800ed7-2f6e-43d8-84be-16e81004cd28",
      "GroupPath": "Config/LevelOutput/Group/Groups_P43310_F43310001/LevelGroup_P43310_F43310001_G12.json",
      "DimensionFilter": {},
      "Name": "MainMission2030102_10",
      "ID": 12
    },
    {
      "GroupGUID": "4fa75560-d7a8-4dc2-9ffc-d3f72f6399e1",
      "GroupPath": "Config/LevelOutput/Group/Groups_P43310_F43310001/LevelGroup_P43310_F43310001_G13.json",
      "DimensionFilter": {},
      "Name": "MainMission2030102_11",
      "ID": 13
    },
    {
      "GroupGUID": "e7f73513-5df2-4270-a3a6-7f82a4935f44",
      "GroupPath": "Config/LevelOutput/Group/Groups_P43310_F43310001/LevelGroup_P43310_F43310001_G14.json",
      "DimensionFilter": {},
      "Name": "MainMission2030102_12",
      "ID": 14
    },
    {
      "GroupGUID": "9eaa45ab-8b33-4310-9d59-fb10d4221df2",
      "GroupPath": "Config/LevelOutput/Group/Groups_P43310_F43310001/LevelGroup_P43310_F43310001_G23.json",
      "DimensionFilter": {},
      "Name": "MainMission2030102_14_2",
      "ID": 23
    },
    {
      "GroupGUID": "ef7b5a8f-58d7-4a19-a305-e82d6e0441c8",
      "GroupPath": "Config/LevelOutput/Group/Groups_P43310_F43310001/LevelGroup_P43310_F43310001_G15.json",
      "DimensionFilter": {},
      "Name": "MainMission2030102_13",
      "ID": 15
    },
    {
      "GroupGUID": "e4edcb47-28ef-41fd-b41b-576dafa9fa13",
      "GroupPath": "Config/LevelOutput/Group/Groups_P43310_F43310001/LevelGroup_P43310_F43310001_G16.json",
      "DimensionFilter": {},
      "Name": "MainMission2030102_14",
      "ID": 16
    },
    {
      "GroupGUID": "e02b24f8-3634-43f4-9d69-acd0399be06a",
      "GroupPath": "Config/LevelOutput/Group/Groups_P43310_F43310001/LevelGroup_P43310_F43310001_G18.json",
      "DimensionFilter": {},
      "Name": "MainMission2030102_JigsawPuzzle_P103_Mission_01_LoverNPC",
      "ID": 18
    },
    {
      "GroupGUID": "1900cc53-7049-4c05-86af-223315b7ddf4",
      "GroupPath": "Config/LevelOutput/Group/Groups_P43310_F43310001/LevelGroup_P43310_F43310001_G20.json",
      "DimensionFilter": {},
      "Name": "board",
      "ID": 20
    },
    {
      "GroupGUID": "aa18c8b8-f204-488f-81a1-3c1d03c4c712",
      "GroupPath": "Config/LevelOutput/Group/Groups_P43310_F43310001/LevelGroup_P43310_F43310001_G21.json",
      "DimensionFilter": {},
      "Name": "MainMission2030102_15",
      "ID": 21
    },
    {
      "GroupGUID": "0a508eae-5e39-4896-b91c-fe90fb04f05b",
      "GroupPath": "Config/LevelOutput/Group/Groups_P43310_F43310001/LevelGroup_P43310_F43310001_G24.json",
      "DimensionFilter": {},
      "Name": "MainMission2030102_16",
      "ID": 24
    },
    {
      "GroupGUID": "f955df0b-aeea-41c6-afbd-f9795b6569d9",
      "GroupPath": "Config/LevelOutput/Group/Groups_P43310_F43310001/LevelGroup_P43310_F43310001_G25.json",
      "DimensionFilter": {},
      "Name": "MainMission2030102_17",
      "ID": 25
    },
    {
      "GroupGUID": "0463d312-bcda-4816-97c6-6573059d240a",
      "GroupPath": "Config/LevelOutput/Group/Groups_P43310_F43310001/LevelGroup_P43310_F43310001_G26.json",
      "DimensionFilter": {},
      "Name": "MainMission2030102_18",
      "ID": 26
    },
    {
      "GroupGUID": "c7f12336-3761-4e01-a9db-05a4c252f1b4",
      "GroupPath": "Config/LevelOutput/Group/Groups_P43310_F43310001/LevelGroup_P43310_F43310001_G27.json",
      "DimensionFilter": {},
      "Name": "MainMission2030102_19",
      "ID": 27
    },
    {
      "GroupGUID": "221ccd18-525e-4fce-82ad-54b64b293e2e",
      "GroupPath": "Config/LevelOutput/Group/Groups_P43310_F43310001/LevelGroup_P43310_F43310001_G28.json",
      "DimensionFilter": {},
      "Name": "MainMission2030102_20",
      "ID": 28
    },
    {
      "GroupGUID": "f1ac1558-7184-4b20-973c-b4e79133b85b",
      "GroupPath": "Config/LevelOutput/Group/Groups_P43310_F43310001/LevelGroup_P43310_F43310001_G29.json",
      "DimensionFilter": {},
      "Name": "MainMission2030102_21",
      "ID": 29
    },
    {
      "GroupGUID": "00881bce-bbf6-481d-996c-fcd45ff240e0",
      "GroupPath": "Config/LevelOutput/Group/Groups_P43310_F43310001/LevelGroup_P43310_F43310001_G30.json",
      "DimensionFilter": {},
      "Name": "BGM",
      "ID": 30
    },
    {
      "GroupGUID": "823ae470-2ead-4873-89a4-fcedeb808d43",
      "GroupPath": "Config/LevelOutput/Group/Groups_P43310_F43310001/LevelGroup_P43310_F43310001_G31.json",
      "Name": "Sound",
      "ID": 31
    },
    {
      "GroupGUID": "87299402-dbed-4d7b-9158-ff0bbaf09482",
      "GroupPath": "Config/LevelOutput/Group/Groups_P43310_F43310001/LevelGroup_P43310_F43310001_G32.json",
      "Name": "Sound-Reverb",
      "ID": 32
    },
    {
      "GroupGUID": "34bd0812-03aa-4192-814b-f6d54d381080",
      "GroupPath": "Config/LevelOutput/Group/Groups_P43310_F43310001/LevelGroup_P43310_F43310001_G33.json",
      "DimensionFilter": {},
      "Name": "Checkpoint",
      "ID": 33
    },
    {
      "GroupGUID": "de38d3ec-80b0-4264-9bc0-230fc86facf7",
      "GroupPath": "Config/LevelOutput/Group/Groups_P43310_F43310001/LevelGroup_P43310_F43310001_G35.json",
      "Name": "MeteorShower",
      "ID": 35
    }
  ],
  "DefaultEnviroProfile": "Stages/Outputs/Chapter03/EnviroProfile/Chap03_CloseView_MAZ_P103_DreamEdge_night_01.enviroProfile.asset",
  "StageData": "Stages/Outputs/Chapter03/Stages/Chap03_MAZ_P103_StageData/Chap03_MAZ_P103_StageData.stage",
  "CameraType": "Maze",
  "TimeOfDayEnviroProfileMap": {},
  "LayerToAreaMask": [
    8
  ],
  "BattleAreaList": [],
  "DimensionList": [
    {}
  ],
  "NavmapConfigPath": "Config/LevelOutput/Map/MapInfo_P20313_F20313001.json",
  "IsRestartLevelGraph": false
}