{
  "FloorID": 44001002,
  "FloorName": "FloorName_44001002",
  "StartGroupID": 1,
  "StartAnchorID": 1,
  "GroupList": [
    {
      "GroupGUID": "8fbd6ce1-4880-497c-b964-a8880f80c4de",
      "GroupPath": "Config/LevelOutput/Group/Groups_P44001_F44001002/LevelGroup_P44001_F44001002_G1.json",
      "DimensionFilter": {},
      "Name": "DefaultGroup",
      "ID": 1
    },
    {
      "GroupGUID": "903bca50-d7d2-4a70-af11-7a07d436938a",
      "GroupPath": "Config/LevelOutput/Group/Groups_P44001_F44001002/LevelGroup_P44001_F44001002_G7.json",
      "Name": "Default Group",
      "ID": 7
    },
    {
      "GroupGUID": "731bd266-3ac3-4ef0-b8fe-3c17bef4fd4e",
      "GroupPath": "Config/LevelOutput/Group/Groups_P44001_F44001002/LevelGroup_P44001_F44001002_G8.json",
      "DimensionFilter": {},
      "Name": "Sound",
      "ID": 8
    },
    {
      "GroupGUID": "c029728d-41e3-4155-aa7d-f2d78708910b",
      "GroupPath": "Config/LevelOutput/Group/Groups_P44001_F44001002/LevelGroup_P44001_F44001002_G9.json",
      "Name": "MainMission_RoadBlock",
      "ID": 9
    },
    {
      "GroupGUID": "e4b9d394-5d5f-4fc9-861e-0fde9283e1e8",
      "GroupPath": "Config/LevelOutput/Group/Groups_P44001_F44001002/LevelGroup_P44001_F44001002_G14.json",
      "DimensionFilter": {},
      "Name": "MainMission4070012_New Group",
      "ID": 14
    },
    {
      "GroupGUID": "ff7010ab-73f8-440b-a548-84cb2639d8cb",
      "GroupPath": "Config/LevelOutput/Group/Groups_P44001_F44001002/LevelGroup_P44001_F44001002_G15.json",
      "DimensionFilter": {},
      "Name": "New Group",
      "ID": 15
    },
    {
      "GroupGUID": "f391133e-e4f4-4db7-bf08-58d93bfa3dc9",
      "GroupPath": "Config/LevelOutput/Group/Groups_P44001_F44001002/LevelGroup_P44001_F44001002_G17.json",
      "DimensionFilter": {},
      "Name": "MainMission4070012_New Group",
      "ID": 17
    },
    {
      "GroupGUID": "4fdb70d1-988e-4f3e-b4e8-04f6e462e3e4",
      "GroupPath": "Config/LevelOutput/Group/Groups_P44001_F44001002/LevelGroup_P44001_F44001002_G18.json",
      "DimensionFilter": {},
      "Name": "New Group",
      "ID": 18
    },
    {
      "GroupGUID": "721cbcfb-d616-409a-a4d6-9c132aab6d90",
      "GroupPath": "Config/LevelOutput/Group/Groups_P44001_F44001002/LevelGroup_P44001_F44001002_G19.json",
      "DimensionFilter": {},
      "Name": "MainMission4070012_New Group",
      "ID": 19
    },
    {
      "GroupGUID": "4429b621-f15e-4213-b4e5-45e7dd82f11f",
      "GroupPath": "Config/LevelOutput/Group/Groups_P44001_F44001002/LevelGroup_P44001_F44001002_G20.json",
      "DimensionFilter": {},
      "Name": "MainMission4070012_New Group",
      "ID": 20
    },
    {
      "GroupGUID": "23502d7a-fb6b-4225-896d-032b33373fef",
      "GroupPath": "Config/LevelOutput/Group/Groups_P44001_F44001002/LevelGroup_P44001_F44001002_G27.json",
      "DimensionFilter": {},
      "Name": "MainMission4070012_New Group",
      "ID": 27
    },
    {
      "GroupGUID": "e10170ba-b827-4780-ba42-b68c2e99c85c",
      "GroupPath": "Config/LevelOutput/Group/Groups_P44001_F44001002/LevelGroup_P44001_F44001002_G31.json",
      "DimensionFilter": {},
      "Name": "MainMission4070012_New Group",
      "ID": 31
    },
    {
      "GroupGUID": "0dcafd79-2e3b-4c64-b6fc-0ec229354fe9",
      "GroupPath": "Config/LevelOutput/Group/Groups_P44001_F44001002/LevelGroup_P44001_F44001002_G21.json",
      "DimensionFilter": {},
      "Name": "MainMission4070012_New Group",
      "ID": 21
    },
    {
      "GroupGUID": "8697b295-b25d-4c57-b8d2-cec6651382f3",
      "GroupPath": "Config/LevelOutput/Group/Groups_P44001_F44001002/LevelGroup_P44001_F44001002_G22.json",
      "DimensionFilter": {},
      "Name": "MainMission4070012_New Group",
      "ID": 22
    },
    {
      "GroupGUID": "754935cd-7f21-4751-9eb4-3c6f2a75875e",
      "GroupPath": "Config/LevelOutput/Group/Groups_P44001_F44001002/LevelGroup_P44001_F44001002_G39.json",
      "DimensionFilter": {},
      "Name": "MainMission4070012_HiddenAnimal",
      "ID": 39
    },
    {
      "GroupGUID": "9cf153a9-3f31-40ad-98d9-04dc52d4721a",
      "GroupPath": "Config/LevelOutput/Group/Groups_P44001_F44001002/LevelGroup_P44001_F44001002_G23.json",
      "DimensionFilter": {},
      "Name": "MainMission4070012_New Group",
      "ID": 23
    },
    {
      "GroupGUID": "13e7ac3f-c012-4a63-aee7-c88e8df85c6a",
      "GroupPath": "Config/LevelOutput/Group/Groups_P44001_F44001002/LevelGroup_P44001_F44001002_G24.json",
      "DimensionFilter": {},
      "Name": "MainMission4070012_New Group",
      "ID": 24
    },
    {
      "GroupGUID": "bf95f9e8-1ebc-4e31-814c-8d15971705ed",
      "GroupPath": "Config/LevelOutput/Group/Groups_P44001_F44001002/LevelGroup_P44001_F44001002_G25.json",
      "DimensionFilter": {},
      "Name": "MainMission4070012_New Group",
      "ID": 25
    },
    {
      "GroupGUID": "ecd035ba-dac9-45c4-a39d-c8790858bdb3",
      "GroupPath": "Config/LevelOutput/Group/Groups_P44001_F44001002/LevelGroup_P44001_F44001002_G26.json",
      "DimensionFilter": {},
      "Name": "MainMission4070012_New Group",
      "ID": 26
    },
    {
      "GroupGUID": "4db00d01-83b5-45e6-af82-382197308b6e",
      "GroupPath": "Config/LevelOutput/Group/Groups_P44001_F44001002/LevelGroup_P44001_F44001002_G37.json",
      "DimensionFilter": {},
      "Name": "MainMission4070012_New Group",
      "ID": 37
    },
    {
      "GroupGUID": "f497c897-8714-429d-94f4-bfd411a834b4",
      "GroupPath": "Config/LevelOutput/Group/Groups_P44001_F44001002/LevelGroup_P44001_F44001002_G28.json",
      "DimensionFilter": {},
      "Name": "New Group",
      "ID": 28
    },
    {
      "GroupGUID": "6e7b5049-507a-4542-a520-8f3490f5a042",
      "GroupPath": "Config/LevelOutput/Group/Groups_P44001_F44001002/LevelGroup_P44001_F44001002_G32.json",
      "DimensionFilter": {},
      "Name": "New Group",
      "ID": 32
    },
    {
      "GroupGUID": "5ab53967-b749-480c-9112-c067561b8212",
      "GroupPath": "Config/LevelOutput/Group/Groups_P44001_F44001002/LevelGroup_P44001_F44001002_G33.json",
      "DimensionFilter": {},
      "Name": "MainMission4070012_New Group",
      "ID": 33
    },
    {
      "GroupGUID": "be16a4ca-55d2-495d-9569-75bc6ff792e9",
      "GroupPath": "Config/LevelOutput/Group/Groups_P44001_F44001002/LevelGroup_P44001_F44001002_G36.json",
      "DimensionFilter": {},
      "Name": "Tpl_PeiPeiChallenge01",
      "ID": 36
    },
    {
      "GroupGUID": "a9b302fb-de3e-4324-ab07-158e9bf632be",
      "GroupPath": "Config/LevelOutput/Group/Groups_P44001_F44001002/LevelGroup_P44001_F44001002_G38.json",
      "DimensionFilter": {},
      "Name": "Checkpoint",
      "ID": 38
    },
    {
      "GroupGUID": "96a552fd-5870-4d80-9601-5f2f2dd578b5",
      "GroupPath": "Config/LevelOutput/Group/Groups_P44001_F44001002/LevelGroup_P44001_F44001002_G40.json",
      "DimensionFilter": {},
      "Name": "New Group",
      "ID": 40
    }
  ],
  "DefaultEnviroProfile": "Stages/Outputs/Chapter00/EnviroProfile/Chap00_CloseView_MAZ_N301_01_Day.enviroProfile.asset",
  "StageData": "Stages/Outputs/Chapter00/Stages/Chap00_MAZ_N301_MainLine_01_StageData/Chap00_MAZ_N301_MainLine_01_StageData.stage",
  "CameraType": "Maze",
  "TimeOfDayEnviroProfileMap": {},
  "LayerToAreaMask": [
    8,
    16
  ],
  "FloorCustomData": {
    "CustomValues": [
      {
        "$type": "RPG.GameCore.FloorCustomFloatConfig",
        "ID": 10001,
        "Name": "IsBattleBegin"
      }
    ]
  },
  "BattleAreaList": [],
  "DimensionList": [
    {}
  ],
  "NavmapConfigPath": "Config/LevelOutput/Map/MapInfo_P20003_F20003001.json",
  "EnableGroupStreaming": false,
  "EnableGroupSpaceConflict": false,
  "IsRestartLevelGraph": false
}