{
  "FloorID": 44001003,
  "FloorName": "FloorName_44001003",
  "StartGroupID": 1,
  "StartAnchorID": 1,
  "GroupList": [
    {
      "GroupGUID": "b4569bc9-78c7-4a0d-9497-a40a9e2de9f3",
      "GroupPath": "Config/LevelOutput/Group/Groups_P44001_F44001003/LevelGroup_P44001_F44001003_G1.json",
      "DimensionFilter": {},
      "Name": "DefaultGroup",
      "ID": 1
    },
    {
      "GroupGUID": "37ce402d-fc91-416f-a366-d9e23117f3a1",
      "GroupPath": "Config/LevelOutput/Group/Groups_P44001_F44001003/LevelGroup_P44001_F44001003_G2.json",
      "DimensionFilter": {},
      "Name": "DefaultGroup",
      "ID": 2
    },
    {
      "GroupGUID": "529dbcad-7ca8-4f4c-9362-eca1b25a746e",
      "GroupPath": "Config/LevelOutput/Group/Groups_P44001_F44001003/LevelGroup_P44001_F44001003_G3.json",
      "DimensionFilter": {},
      "Name": "MainMission4070013_New Group",
      "ID": 3
    },
    {
      "GroupGUID": "f4bb9bcd-100e-4179-aca6-88b35ff55e03",
      "GroupPath": "Config/LevelOutput/Group/Groups_P44001_F44001003/LevelGroup_P44001_F44001003_G4.json",
      "DimensionFilter": {},
      "Name": "Monster",
      "ID": 4
    },
    {
      "GroupGUID": "4f7cbbfa-70df-4ecd-bf1f-9d40bed2c78d",
      "GroupPath": "Config/LevelOutput/Group/Groups_P44001_F44001003/LevelGroup_P44001_F44001003_G5.json",
      "DimensionFilter": {},
      "Name": "MainMission4070013_New Group",
      "ID": 5
    },
    {
      "GroupGUID": "d36ca8e7-38e2-453b-96da-df12761df1fe",
      "GroupPath": "Config/LevelOutput/Group/Groups_P44001_F44001003/LevelGroup_P44001_F44001003_G7.json",
      "DimensionFilter": {},
      "Name": "MainMission4070013_New Group",
      "ID": 7
    },
    {
      "GroupGUID": "10b42bab-b094-4835-ad02-84c5a2cfd4a9",
      "GroupPath": "Config/LevelOutput/Group/Groups_P44001_F44001003/LevelGroup_P44001_F44001003_G8.json",
      "DimensionFilter": {},
      "Name": "MainMission4070013_New Group",
      "ID": 8
    },
    {
      "GroupGUID": "6aeed0f2-1d10-4424-8389-69aa7324811c",
      "GroupPath": "Config/LevelOutput/Group/Groups_P44001_F44001003/LevelGroup_P44001_F44001003_G9.json",
      "DimensionFilter": {},
      "Name": "MainMission4070013_New Group",
      "ID": 9
    },
    {
      "GroupGUID": "f1962684-6efe-4daa-8df1-257d5e925823",
      "GroupPath": "Config/LevelOutput/Group/Groups_P44001_F44001003/LevelGroup_P44001_F44001003_G10.json",
      "DimensionFilter": {},
      "Name": "MainMission4070013_New Group",
      "ID": 10
    },
    {
      "GroupGUID": "4eff5722-d7b9-44a1-9de5-e401b6d6d50a",
      "GroupPath": "Config/LevelOutput/Group/Groups_P44001_F44001003/LevelGroup_P44001_F44001003_G11.json",
      "DimensionFilter": {},
      "Name": "Gate",
      "ID": 11
    },
    {
      "GroupGUID": "dded1b39-50c0-4fe7-8796-733c38321ca6",
      "GroupPath": "Config/LevelOutput/Group/Groups_P44001_F44001003/LevelGroup_P44001_F44001003_G12.json",
      "DimensionFilter": {},
      "Name": "New Group",
      "ID": 12
    },
    {
      "GroupGUID": "88d53cd3-5fb9-40b4-aff9-43088ca90dc1",
      "GroupPath": "Config/LevelOutput/Group/Groups_P44001_F44001003/LevelGroup_P44001_F44001003_G22.json",
      "DimensionFilter": {},
      "Name": "MainMission4070013_New Group",
      "ID": 22
    },
    {
      "GroupGUID": "a2e34078-8c18-43ab-a8b1-a9f8b6735a57",
      "GroupPath": "Config/LevelOutput/Group/Groups_P44001_F44001003/LevelGroup_P44001_F44001003_G13.json",
      "DimensionFilter": {},
      "Name": "MainMission4070013_New Group",
      "ID": 13
    },
    {
      "GroupGUID": "57623888-5617-45e6-9502-36974a5b64a2",
      "GroupPath": "Config/LevelOutput/Group/Groups_P44001_F44001003/LevelGroup_P44001_F44001003_G14.json",
      "DimensionFilter": {},
      "Name": "MainMission4070013_New Group",
      "ID": 14
    },
    {
      "GroupGUID": "47b1c00d-0568-4f9f-9128-8e50f1176dde",
      "GroupPath": "Config/LevelOutput/Group/Groups_P44001_F44001003/LevelGroup_P44001_F44001003_G15.json",
      "DimensionFilter": {},
      "Name": "MainMission4070013_New Group",
      "ID": 15
    },
    {
      "GroupGUID": "b98d76a3-9c99-4db9-b763-d3ac03f4fd85",
      "GroupPath": "Config/LevelOutput/Group/Groups_P44001_F44001003/LevelGroup_P44001_F44001003_G16.json",
      "DimensionFilter": {},
      "Name": "MainMission4070013_New Group",
      "ID": 16
    },
    {
      "GroupGUID": "025c1a66-9e3c-420a-abf3-febbe8c7221e",
      "GroupPath": "Config/LevelOutput/Group/Groups_P44001_F44001003/LevelGroup_P44001_F44001003_G17.json",
      "DimensionFilter": {},
      "Name": "MainMission4070013_New Group",
      "ID": 17
    },
    {
      "GroupGUID": "1d1db2c7-4c1b-48b0-8875-6f37dbcb5b02",
      "GroupPath": "Config/LevelOutput/Group/Groups_P44001_F44001003/LevelGroup_P44001_F44001003_G18.json",
      "DimensionFilter": {},
      "Name": "MainMission4070013_New Group",
      "ID": 18
    },
    {
      "GroupGUID": "731c7c0a-22db-4c3f-8846-0eb4650bc922",
      "GroupPath": "Config/LevelOutput/Group/Groups_P44001_F44001003/LevelGroup_P44001_F44001003_G19.json",
      "DimensionFilter": {},
      "Name": "MainMission4070013_New Group",
      "ID": 19
    },
    {
      "GroupGUID": "94d428ba-ee6b-4cde-809a-dc4bfc3fd360",
      "GroupPath": "Config/LevelOutput/Group/Groups_P44001_F44001003/LevelGroup_P44001_F44001003_G23.json",
      "DimensionFilter": {},
      "Name": "MainMission4070013_New Group",
      "ID": 23
    },
    {
      "GroupGUID": "10ce070f-88f5-4af2-b5af-3f8459ad32a4",
      "GroupPath": "Config/LevelOutput/Group/Groups_P44001_F44001003/LevelGroup_P44001_F44001003_G24.json",
      "DimensionFilter": {},
      "Name": "MainMission4070013_New Group",
      "ID": 24
    },
    {
      "GroupGUID": "756f30e0-ef23-496c-9ad3-abc8ee91bd20",
      "GroupPath": "Config/LevelOutput/Group/Groups_P44001_F44001003/LevelGroup_P44001_F44001003_G25.json",
      "DimensionFilter": {},
      "Name": "Sound",
      "ID": 25
    },
    {
      "GroupGUID": "64568f42-13ba-43fa-a2e7-0d09b79b1858",
      "GroupPath": "Config/LevelOutput/Group/Groups_P44001_F44001003/LevelGroup_P44001_F44001003_G26.json",
      "DimensionFilter": {},
      "Name": "Checkpoint",
      "ID": 26
    }
  ],
  "DefaultEnviroProfile": "Stages/Outputs/Chapter00/EnviroProfile/Chap00_CloseView_MAZ_N401_01_Day.enviroProfile.asset",
  "StageData": "Stages/Outputs/Chapter00/Stages/Chap00_MAZ_N401_MainLine_01_StageData/Chap00_MAZ_N401_MainLine_01_StageData.stage",
  "TimeOfDayEnviroProfileMap": {},
  "LayerToAreaMask": [
    8,
    16,
    32
  ],
  "FloorCustomData": {
    "SavedValues": [
      {
        "ID": 1,
        "Name": "DoorController",
        "AllowedValues": [
          0,
          1
        ],
        "MaxValue": 1
      },
      {
        "ID": 2,
        "Name": "DoorController_2",
        "AllowedValues": [
          0,
          1
        ],
        "MaxValue": 1
      }
    ]
  },
  "BattleAreaList": [],
  "DimensionList": [
    {
      "OverrideEnviroProfile": "Stages/Outputs/Chapter00/EnviroProfile/Chap00_CloseView_MAZ_N401_01_Day.enviroProfile.asset"
    }
  ],
  "NavmapConfigPath": "Config/LevelOutput/Map/MapInfo_P20004_F20004001.json",
  "EnableGroupStreaming": false,
  "EnableGroupSpaceConflict": false,
  "IsRestartLevelGraph": false
}