{
  "FloorID": 44001001,
  "FloorName": "FloorName_44001001",
  "StartGroupID": 12,
  "StartAnchorID": 1,
  "GroupList": [
    {
      "GroupGUID": "f1129d42-c092-4d89-9774-7747fc8600d7",
      "GroupPath": "Config/LevelOutput/Group/Groups_P44001_F44001001/LevelGroup_P44001_F44001001_G8.json",
      "Name": "DefaultGroup",
      "ID": 8
    },
    {
      "GroupGUID": "d0d14dcc-1c3a-4379-80b7-04bf74a3f270",
      "GroupPath": "Config/LevelOutput/Group/Groups_P44001_F44001001/LevelGroup_P44001_F44001001_G12.json",
      "Name": "New Group",
      "ID": 12
    },
    {
      "GroupGUID": "c6cdd948-c718-4ac7-9533-8dba3dad9f13",
      "GroupPath": "Config/LevelOutput/Group/Groups_P44001_F44001001/LevelGroup_P44001_F44001001_G13.json",
      "DimensionFilter": {},
      "Name": "MainMission4070011_New Group",
      "ID": 13
    },
    {
      "GroupGUID": "1e6ec307-d20e-4f16-9904-65f93275dfc5",
      "GroupPath": "Config/LevelOutput/Group/Groups_P44001_F44001001/LevelGroup_P44001_F44001001_G16.json",
      "DimensionFilter": {},
      "Name": "MainMission4070011_New Group",
      "ID": 16
    },
    {
      "GroupGUID": "8775144e-3be3-467c-ba6e-ba1531358390",
      "GroupPath": "Config/LevelOutput/Group/Groups_P44001_F44001001/LevelGroup_P44001_F44001001_G19.json",
      "DimensionFilter": {},
      "Name": "MainMission4070011_New Group",
      "ID": 19
    },
    {
      "GroupGUID": "224debe2-efea-4746-a108-4080ca1a97ed",
      "GroupPath": "Config/LevelOutput/Group/Groups_P44001_F44001001/LevelGroup_P44001_F44001001_G20.json",
      "DimensionFilter": {},
      "Name": "MainMission4070011_New Group",
      "ID": 20
    },
    {
      "GroupGUID": "23f12003-8a49-47aa-94e7-2b2f27edc89d",
      "GroupPath": "Config/LevelOutput/Group/Groups_P44001_F44001001/LevelGroup_P44001_F44001001_G23.json",
      "DimensionFilter": {},
      "Name": "MainMission4070011_New Group",
      "ID": 23
    },
    {
      "GroupGUID": "92b725b8-7b19-41a0-8f81-3c71682bb3e7",
      "GroupPath": "Config/LevelOutput/Group/Groups_P44001_F44001001/LevelGroup_P44001_F44001001_G24.json",
      "DimensionFilter": {},
      "Name": "MainMission4070011_New Group",
      "ID": 24
    },
    {
      "GroupGUID": "17a3c355-5860-4fbe-a7f3-220e36bad298",
      "GroupPath": "Config/LevelOutput/Group/Groups_P44001_F44001001/LevelGroup_P44001_F44001001_G26.json",
      "DimensionFilter": {},
      "Name": "MainMission4070011_New Group",
      "ID": 26
    },
    {
      "GroupGUID": "61a909b4-ace3-4175-8ee5-f0b20ea3a989",
      "GroupPath": "Config/LevelOutput/Group/Groups_P44001_F44001001/LevelGroup_P44001_F44001001_G29.json",
      "DimensionFilter": {},
      "Name": "New Group",
      "ID": 29
    },
    {
      "GroupGUID": "649d789c-f9c6-4600-89b1-8dcfd7ef3201",
      "GroupPath": "Config/LevelOutput/Group/Groups_P44001_F44001001/LevelGroup_P44001_F44001001_G32.json",
      "DimensionFilter": {},
      "Name": "MainMission4070011_TalkInMiracleRoom",
      "ID": 32
    },
    {
      "GroupGUID": "add52e6e-368e-4eda-b4f4-c418a96d507e",
      "GroupPath": "Config/LevelOutput/Group/Groups_P44001_F44001001/LevelGroup_P44001_F44001001_G33.json",
      "DimensionFilter": {},
      "Name": "MainMission4070011_LeaveMiracleRoom",
      "ID": 33
    },
    {
      "GroupGUID": "64b6c44c-8858-4ce1-937a-6ef5fbc8ff19",
      "GroupPath": "Config/LevelOutput/Group/Groups_P44001_F44001001/LevelGroup_P44001_F44001001_G41.json",
      "DimensionFilter": {},
      "Name": "MainMission4070011_PeiPeiChase",
      "ID": 41
    },
    {
      "GroupGUID": "16ca6910-43e7-4ff2-b95f-4ca4c00b0368",
      "GroupPath": "Config/LevelOutput/Group/Groups_P44001_F44001001/LevelGroup_P44001_F44001001_G42.json",
      "DimensionFilter": {},
      "Name": "MainMission4070011_AvoidMonster",
      "ID": 42
    },
    {
      "GroupGUID": "d4ff747f-ea87-4558-bff9-e0d33f62a53e",
      "GroupPath": "Config/LevelOutput/Group/Groups_P44001_F44001001/LevelGroup_P44001_F44001001_G43.json",
      "DimensionFilter": {},
      "Name": "MainMission4070011_New Group",
      "ID": 43
    },
    {
      "GroupGUID": "26d5b5ae-6c52-41e4-b74d-5562d557e102",
      "GroupPath": "Config/LevelOutput/Group/Groups_P44001_F44001001/LevelGroup_P44001_F44001001_G47.json",
      "DimensionFilter": {},
      "Name": "MainMission4070011_HiddenAnimal",
      "ID": 47
    },
    {
      "GroupGUID": "aaa2f2aa-78d8-4a8d-a278-cdad2a1afe0b",
      "GroupPath": "Config/LevelOutput/Group/Groups_P44001_F44001001/LevelGroup_P44001_F44001001_G46.json",
      "DimensionFilter": {},
      "Name": "New Group",
      "ID": 46
    },
    {
      "GroupGUID": "d4470e96-ed99-47e6-b496-e1186d6edcde",
      "GroupPath": "Config/LevelOutput/Group/Groups_P44001_F44001001/LevelGroup_P44001_F44001001_G22.json",
      "DimensionFilter": {},
      "Name": "MainMission4070011_AvoidMonster",
      "ID": 22
    },
    {
      "GroupGUID": "edc921d4-ba21-457c-b58b-99e3e0c82614",
      "GroupPath": "Config/LevelOutput/Group/Groups_P44001_F44001001/LevelGroup_P44001_F44001001_G37.json",
      "DimensionFilter": {},
      "Name": "MainMission4070011_New Group",
      "ID": 37
    },
    {
      "GroupGUID": "44a11a57-58df-42aa-a877-57ea84f1cd23",
      "GroupPath": "Config/LevelOutput/Group/Groups_P44001_F44001001/LevelGroup_P44001_F44001001_G38.json",
      "DimensionFilter": {},
      "Name": "Tpl_PeiPeiChallenge01",
      "ID": 38
    },
    {
      "GroupGUID": "1f3ff6a3-9211-4e83-8ade-4c3fb3839301",
      "GroupPath": "Config/LevelOutput/Group/Groups_P44001_F44001001/LevelGroup_P44001_F44001001_G39.json",
      "DimensionFilter": {},
      "Name": "Tpl_PeiPeiChallenge02",
      "ID": 39
    },
    {
      "GroupGUID": "0eda649e-864d-41d3-94f4-1d51bed019cc",
      "GroupPath": "Config/LevelOutput/Group/Groups_P44001_F44001001/LevelGroup_P44001_F44001001_G44.json",
      "DimensionFilter": {},
      "Name": "MainMission4070011_New Group",
      "ID": 44
    },
    {
      "GroupGUID": "a13de2ef-fcb8-4f64-9ce7-0da15e1c6b9d",
      "GroupPath": "Config/LevelOutput/Group/Groups_P44001_F44001001/LevelGroup_P44001_F44001001_G45.json",
      "DimensionFilter": {},
      "Name": "Checkpoint",
      "ID": 45
    },
    {
      "GroupGUID": "f5ce4db4-0e12-4b16-b30c-6ac4a2de9b15",
      "GroupPath": "Config/LevelOutput/Group/Groups_P44001_F44001001/LevelGroup_P44001_F44001001_G51.json",
      "DimensionFilter": {},
      "Name": "Sound",
      "ID": 51
    },
    {
      "GroupGUID": "bcca54aa-802c-40bd-bfee-1be4a8f44096",
      "GroupPath": "Config/LevelOutput/Group/Groups_P44001_F44001001/LevelGroup_P44001_F44001001_G52.json",
      "DimensionFilter": {},
      "Name": "New Group",
      "ID": 52
    }
  ],
  "DefaultEnviroProfile": "Stages/Outputs/Chapter00/EnviroProfile/Chap00_CloseView_MAZ_N201_01_Day.enviroProfile.asset",
  "StageData": "Stages/Outputs/Chapter00/Stages/Chap00_MAZ_N201_MainLine_01_StageData/Chap00_MAZ_N201_MainLine_01_StageData.stage",
  "CameraType": "Maze",
  "TimeOfDayEnviroProfileMap": {},
  "LayerToAreaMask": [
    8,
    16,
    32
  ],
  "BattleAreaList": [],
  "DimensionList": [
    {}
  ],
  "NavmapConfigPath": "Config/LevelOutput/Map/MapInfo_P20002_F20002001.json",
  "EnableGroupStreaming": false,
  "EnableGroupSpaceConflict": false,
  "IsRestartLevelGraph": false
}