{
  "FloorID": 44202001,
  "FloorName": "FloorName_44202001",
  "StartGroupID": 1,
  "StartAnchorID": 1,
  "GroupList": [
    {
      "GroupGUID": "5789662d-6c21-4899-b101-8eaa1f632ed6",
      "GroupPath": "Config/LevelOutput/Group/Groups_P44202_F44202001/LevelGroup_P44202_F44202001_G1.json",
      "Name": "DefaultGroup",
      "ID": 1
    },
    {
      "GroupGUID": "fcf9e927-7fe2-4ee9-8aea-1ccb1575f40c",
      "GroupPath": "Config/LevelOutput/Group/Groups_P44202_F44202001/LevelGroup_P44202_F44202001_G2.json",
      "DimensionFilter": {},
      "Name": "DefaultGroup",
      "ID": 2
    },
    {
      "GroupGUID": "88ef269e-e315-456c-a07c-f4a378ed45b8",
      "GroupPath": "Config/LevelOutput/Group/Groups_P44202_F44202001/LevelGroup_P44202_F44202001_G3.json",
      "DimensionFilter": {},
      "Name": "MonsterTemp",
      "ID": 3
    },
    {
      "GroupGUID": "55ce1b91-72c7-470a-8000-37f90969fbb9",
      "GroupPath": "Config/LevelOutput/Group/Groups_P44202_F44202001/LevelGroup_P44202_F44202001_G4.json",
      "Name": "Tower",
      "ID": 4
    },
    {
      "GroupGUID": "8f657ad7-3674-4354-b51d-14e479100c61",
      "GroupPath": "Config/LevelOutput/Group/Groups_P44202_F44202001/LevelGroup_P44202_F44202001_G5.json",
      "Name": "BlockLines",
      "ID": 5
    },
    {
      "GroupGUID": "25e4bf6a-f37f-4b42-a151-369dfa12b9d2",
      "GroupPath": "Config/LevelOutput/Group/Groups_P44202_F44202001/LevelGroup_P44202_F44202001_G6.json",
      "Name": "MainMission4072021_BuffHint",
      "ID": 6
    },
    {
      "GroupGUID": "3525bb66-3880-40ca-a01f-a96049b39038",
      "GroupPath": "Config/LevelOutput/Group/Groups_P44202_F44202001/LevelGroup_P44202_F44202001_G7.json",
      "Name": "MPProp",
      "ID": 7
    },
    {
      "GroupGUID": "f43ec895-5f5f-43a0-a0fa-6adbe27d4678",
      "GroupPath": "Config/LevelOutput/Group/Groups_P44202_F44202001/LevelGroup_P44202_F44202001_G8.json",
      "Name": "Checkpoint",
      "ID": 8
    },
    {
      "GroupGUID": "da9e5585-b5ef-4e7a-8bdb-c42c56752bae",
      "GroupPath": "Config/LevelOutput/Group/Groups_P44202_F44202001/LevelGroup_P44202_F44202001_G9.json",
      "DimensionFilter": {},
      "Name": "NPC",
      "ID": 9
    },
    {
      "GroupGUID": "460b9b2f-6109-4395-be46-796b42d168d1",
      "GroupPath": "Config/LevelOutput/Group/Groups_P44202_F44202001/LevelGroup_P44202_F44202001_G10.json",
      "DimensionFilter": {},
      "Name": "Sound_01",
      "ID": 10
    }
  ],
  "DefaultEnviroProfile": "Stages/Outputs/Chapter02/EnviroProfile/Chap02_CloseView_ADV_X02_Sanctum_SuiGarden_Night.enviroProfile.asset",
  "StageData": "Stages/Outputs/Chapter02/Stages/Chap02_ADV_X02_Sanctum_SuiGarden_StageData/Chap02_ADV_X02_Sanctum_SuiGarden_StageData.stage",
  "CameraType": "Maze",
  "TimeOfDayEnviroProfileMap": {},
  "LayerToAreaMask": [
    1
  ],
  "BattleAreaList": [],
  "DimensionList": [
    {}
  ],
  "NavmapConfigPath": "Config/LevelOutput/Map/MapInfo_P20223_F20223001.json",
  "EnableGroupStreaming": false,
  "EnableGroupSpaceConflict": false,
  "IsRestartLevelGraph": false
}