{
  "FloorID": 44202002,
  "FloorName": "FloorName_44202002",
  "StartGroupID": 1,
  "StartAnchorID": 1,
  "GroupList": [
    {
      "GroupGUID": "4f0b91bb-33c9-48a6-a596-fc1df2d96097",
      "GroupPath": "Config/LevelOutput/Group/Groups_P44202_F44202002/LevelGroup_P44202_F44202002_G1.json",
      "DimensionFilter": {},
      "Name": "DefaultGroup",
      "ID": 1
    },
    {
      "GroupGUID": "d675efb7-edb3-4889-a2f3-c3c941955583",
      "GroupPath": "Config/LevelOutput/Group/Groups_P44202_F44202002/LevelGroup_P44202_F44202002_G2.json",
      "DimensionFilter": {},
      "Name": "DefaultGroup",
      "ID": 2
    },
    {
      "GroupGUID": "bc095a3c-5e54-43a6-8702-bbb8ed168e70",
      "GroupPath": "Config/LevelOutput/Group/Groups_P44202_F44202002/LevelGroup_P44202_F44202002_G3.json",
      "DimensionFilter": {},
      "Name": "MonsterTemp",
      "ID": 3
    },
    {
      "GroupGUID": "0909a7e4-31e0-4307-a179-f4fd9c408e16",
      "GroupPath": "Config/LevelOutput/Group/Groups_P44202_F44202002/LevelGroup_P44202_F44202002_G6.json",
      "Name": "Tower",
      "ID": 6
    },
    {
      "GroupGUID": "124c62fc-3eda-4bfa-a837-338857565f26",
      "GroupPath": "Config/LevelOutput/Group/Groups_P44202_F44202002/LevelGroup_P44202_F44202002_G7.json",
      "Name": "BlockLines",
      "ID": 7
    },
    {
      "GroupGUID": "649813df-6f7a-4728-867e-deae6ad07525",
      "GroupPath": "Config/LevelOutput/Group/Groups_P44202_F44202002/LevelGroup_P44202_F44202002_G8.json",
      "Name": "MainMission4072022_BuffHint",
      "ID": 8
    },
    {
      "GroupGUID": "6c3c858a-f450-4133-895e-8aa7a1991477",
      "GroupPath": "Config/LevelOutput/Group/Groups_P44202_F44202002/LevelGroup_P44202_F44202002_G9.json",
      "DimensionFilter": {},
      "Name": "MPProp",
      "ID": 9
    },
    {
      "GroupGUID": "4529b84e-4530-4bf9-a7fa-760526b86561",
      "GroupPath": "Config/LevelOutput/Group/Groups_P44202_F44202002/LevelGroup_P44202_F44202002_G10.json",
      "DimensionFilter": {},
      "Name": "Checkpoint",
      "ID": 10
    },
    {
      "GroupGUID": "3c454821-486e-4de8-846d-8ebda535ed9e",
      "GroupPath": "Config/LevelOutput/Group/Groups_P44202_F44202002/LevelGroup_P44202_F44202002_G11.json",
      "DimensionFilter": {},
      "Name": "NPC",
      "ID": 11
    },
    {
      "GroupGUID": "7f2466a8-5a44-49b4-89ba-2f0256e3c061",
      "GroupPath": "Config/LevelOutput/Group/Groups_P44202_F44202002/LevelGroup_P44202_F44202002_G12.json",
      "Name": "SuiGardenElevator",
      "ID": 12
    },
    {
      "GroupGUID": "4777417b-cf84-4fbb-9fdb-e31c2b4b5de6",
      "GroupPath": "Config/LevelOutput/Group/Groups_P44202_F44202002/LevelGroup_P44202_F44202002_G13.json",
      "DimensionFilter": {},
      "Name": "Sound_01",
      "ID": 13
    }
  ],
  "DefaultEnviroProfile": "Stages/Outputs/Chapter02/EnviroProfile/Chap02_CloseView_ADV_X02_Sanctum_SuiGarden_Night.enviroProfile.asset",
  "StageData": "Stages/Outputs/Chapter02/Stages/Chap02_ADV_X02_Sanctum_SuiGarden_StageData/Chap02_ADV_X02_Sanctum_SuiGarden_StageData.stage",
  "CameraType": "Maze",
  "TimeOfDayEnviroProfileMap": {},
  "LayerToAreaMask": [
    1
  ],
  "BattleAreaList": [],
  "DimensionList": [
    {}
  ],
  "NavmapConfigPath": "Config/LevelOutput/Map/MapInfo_P20223_F20223001.json",
  "EnableGroupStreaming": false,
  "EnableGroupSpaceConflict": false,
  "IsRestartLevelGraph": false
}