{
  "FloorID": 44201002,
  "FloorName": "MazeText_Empty",
  "StartGroupID": 1,
  "StartAnchorID": 1,
  "GroupList": [
    {
      "GroupGUID": "53cbb8d9-b280-4111-94bf-fc2515e4f020",
      "GroupPath": "Config/LevelOutput/Group/Groups_P44201_F44201002/LevelGroup_P44201_F44201002_G1.json",
      "Name": "DefaultGroup",
      "ID": 1
    },
    {
      "GroupGUID": "f6b11b60-9b03-49d9-bea6-5665e4a2fcc8",
      "GroupPath": "Config/LevelOutput/Group/Groups_P44201_F44201002/LevelGroup_P44201_F44201002_G2.json",
      "Name": "DefaultGroup",
      "ID": 2
    },
    {
      "GroupGUID": "5b1ba831-ad03-45d1-8964-d509365d222d",
      "GroupPath": "Config/LevelOutput/Group/Groups_P44201_F44201002/LevelGroup_P44201_F44201002_G3.json",
      "Name": "Default_BoundaryCamera_Client",
      "ID": 3
    },
    {
      "GroupGUID": "32a8fb5f-6dea-44aa-8cbf-78167c77961b",
      "GroupPath": "Config/LevelOutput/Group/Groups_P44201_F44201002/LevelGroup_P44201_F44201002_G4.json",
      "Name": "Default_BoundaryCamera_Client",
      "ID": 4
    },
    {
      "GroupGUID": "ebed7e0e-39fc-4d99-a864-820a0f710599",
      "GroupPath": "Config/LevelOutput/Group/Groups_P44201_F44201002/LevelGroup_P44201_F44201002_G5.json",
      "Name": "Default_BoundaryCamera_Client",
      "ID": 5
    },
    {
      "GroupGUID": "de776b95-e470-4c4e-ab97-afa0381db017",
      "GroupPath": "Config/LevelOutput/Group/Groups_P44201_F44201002/LevelGroup_P44201_F44201002_G6.json",
      "Name": "Default_BoundaryCamera_Client",
      "ID": 6
    },
    {
      "GroupGUID": "404b9199-dd9b-45f2-8588-c35a61a10b4d",
      "GroupPath": "Config/LevelOutput/Group/Groups_P44201_F44201002/LevelGroup_P44201_F44201002_G7.json",
      "Name": "Default_BoundaryCamera_Client",
      "ID": 7
    },
    {
      "GroupGUID": "7c5855c8-a195-4252-8768-7a5035a0980d",
      "GroupPath": "Config/LevelOutput/Group/Groups_P44201_F44201002/LevelGroup_P44201_F44201002_G8.json",
      "Name": "Sound",
      "ID": 8
    },
    {
      "GroupGUID": "2b0f4dbf-1cd8-46ba-b135-b080b4c7bedc",
      "GroupPath": "Config/LevelOutput/Group/Groups_P44201_F44201002/LevelGroup_P44201_F44201002_G9.json",
      "Name": "BlockLines",
      "ID": 9
    },
    {
      "GroupGUID": "29195be2-84b0-4aec-ba7a-90c10c8c617b",
      "GroupPath": "Config/LevelOutput/Group/Groups_P44201_F44201002/LevelGroup_P44201_F44201002_G10.json",
      "Name": "Checkpoint",
      "ID": 10
    },
    {
      "GroupGUID": "5d4f1406-4d56-41ed-a199-0b8a49c89564",
      "GroupPath": "Config/LevelOutput/Group/Groups_P44201_F44201002/LevelGroup_P44201_F44201002_G24.json",
      "Name": "MainMission4072012_Wave1_Point1",
      "ID": 24
    },
    {
      "GroupGUID": "5ee8c9f7-0712-4d5e-9dc7-df9976657102",
      "GroupPath": "Config/LevelOutput/Group/Groups_P44201_F44201002/LevelGroup_P44201_F44201002_G48.json",
      "Name": "MainMission4072012_Wave1_Point1",
      "ID": 48
    },
    {
      "GroupGUID": "92626217-3153-494d-8a1a-55d170adec8f",
      "GroupPath": "Config/LevelOutput/Group/Groups_P44201_F44201002/LevelGroup_P44201_F44201002_G13.json",
      "Name": "MainMission4072012_Wave1_Monster",
      "ID": 13
    },
    {
      "GroupGUID": "6a19fdc3-aeeb-4c70-bc09-f667271ff851",
      "GroupPath": "Config/LevelOutput/Group/Groups_P44201_F44201002/LevelGroup_P44201_F44201002_G18.json",
      "Name": "MainMission4072012_Wave2A_Monster",
      "ID": 18
    },
    {
      "GroupGUID": "f74d80a1-9250-44e5-aa5f-a92f20774489",
      "GroupPath": "Config/LevelOutput/Group/Groups_P44201_F44201002/LevelGroup_P44201_F44201002_G33.json",
      "Name": "MainMission4072012_NPCBird",
      "ID": 33
    },
    {
      "GroupGUID": "3bc2a88f-e2ab-40a9-869c-c303e27c4d96",
      "GroupPath": "Config/LevelOutput/Group/Groups_P44201_F44201002/LevelGroup_P44201_F44201002_G38.json",
      "Name": "MainMission4072012_Wave2_NPCTalk",
      "ID": 38
    },
    {
      "GroupGUID": "a855fb68-52fe-40b3-9f14-8ccdae6b114b",
      "GroupPath": "Config/LevelOutput/Group/Groups_P44201_F44201002/LevelGroup_P44201_F44201002_G14.json",
      "Name": "MainMission4072012_Wave2_Talk",
      "ID": 14
    },
    {
      "GroupGUID": "856cc213-90e7-47cf-b835-ee1c738ad930",
      "GroupPath": "Config/LevelOutput/Group/Groups_P44201_F44201002/LevelGroup_P44201_F44201002_G15.json",
      "Name": "MainMission4072012_Wave2A_Monster",
      "ID": 15
    },
    {
      "GroupGUID": "421025ca-1a6a-4c4b-9213-b32ceb5ca7fa",
      "GroupPath": "Config/LevelOutput/Group/Groups_P44201_F44201002/LevelGroup_P44201_F44201002_G42.json",
      "Name": "MainMission4072012_Wave2_Point1",
      "ID": 42
    },
    {
      "GroupGUID": "26327e7e-2974-4363-bb1d-98a284a94409",
      "GroupPath": "Config/LevelOutput/Group/Groups_P44201_F44201002/LevelGroup_P44201_F44201002_G43.json",
      "Name": "MainMission4072012_Wave2_Point2",
      "ID": 43
    },
    {
      "GroupGUID": "8c7003a1-3074-4756-9a2d-dab671fed0e2",
      "GroupPath": "Config/LevelOutput/Group/Groups_P44201_F44201002/LevelGroup_P44201_F44201002_G30.json",
      "Name": "Gameplay_Sneek_ForSpecialVision",
      "ID": 30
    },
    {
      "GroupGUID": "2c053e09-8efe-49d4-be2d-1b8e5d2c94ae",
      "GroupPath": "Config/LevelOutput/Group/Groups_P44201_F44201002/LevelGroup_P44201_F44201002_G31.json",
      "Name": "Default_Elevator_02",
      "ID": 31
    },
    {
      "GroupGUID": "865b9079-440a-4681-9586-2f6319c71dcb",
      "GroupPath": "Config/LevelOutput/Group/Groups_P44201_F44201002/LevelGroup_P44201_F44201002_G32.json",
      "Name": "Default_Elevator_01",
      "ID": 32
    },
    {
      "GroupGUID": "80295f3e-b90e-42ab-9688-ff671762830e",
      "GroupPath": "Config/LevelOutput/Group/Groups_P44201_F44201002/LevelGroup_P44201_F44201002_G36.json",
      "Name": "MPProp",
      "ID": 36
    },
    {
      "GroupGUID": "76821c98-fe02-45a6-8ec6-7eda39260d5d",
      "GroupPath": "Config/LevelOutput/Group/Groups_P44201_F44201002/LevelGroup_P44201_F44201002_G41.json",
      "Name": "MainMission4072012_Wave3_Point2",
      "ID": 41
    },
    {
      "GroupGUID": "4d588e04-f5b1-47bf-b994-05ad813d7792",
      "GroupPath": "Config/LevelOutput/Group/Groups_P44201_F44201002/LevelGroup_P44201_F44201002_G44.json",
      "Name": "ChallengeTarget",
      "ID": 44
    }
  ],
  "DefaultEnviroProfile": "Stages/Outputs/Chapter02/EnviroProfile/Chap02_CloseView_MAZ_X301_MainLine_01_Day.enviroProfile.asset",
  "StageData": "Stages/Outputs/Chapter02/Stages/Chap02_MAZ_X301_MainLine_01_StageData/Chap02_MAZ_X301_MainLine_01_StageData.stage",
  "CameraType": "Maze",
  "TimeOfDayEnviroProfileMap": {},
  "LayerToAreaMask": [
    8,
    16
  ],
  "FloorCustomData": {
    "CustomValues": [
      {
        "$type": "RPG.GameCore.FloorCustomStringConfig",
        "ID": 10001,
        "Name": "NPCAIState"
      }
    ]
  },
  "NavmapConfigPath": "Config/LevelOutput/Map/MapInfo_P20231_F20231001.json",
  "IsRestartLevelGraph": false
}