{
  "FloorID": 44202004,
  "FloorName": "FloorName_44202004",
  "StartGroupID": 1,
  "StartAnchorID": 1,
  "GroupList": [
    {
      "GroupGUID": "3481ec66-19d3-4fcd-a4de-d0d0952f96ed",
      "GroupPath": "Config/LevelOutput/Group/Groups_P44202_F44202004/LevelGroup_P44202_F44202004_G1.json",
      "Name": "DefaultGroup",
      "ID": 1
    },
    {
      "GroupGUID": "3c96bad1-8949-4653-b402-8eddfcc3fae5",
      "GroupPath": "Config/LevelOutput/Group/Groups_P44202_F44202004/LevelGroup_P44202_F44202004_G2.json",
      "Name": "DefaultGroup",
      "ID": 2
    },
    {
      "GroupGUID": "b7d2112b-cede-4066-bec7-151bcf599953",
      "GroupPath": "Config/LevelOutput/Group/Groups_P44202_F44202004/LevelGroup_P44202_F44202004_G3.json",
      "DimensionFilter": {},
      "Name": "MonsterTemp",
      "ID": 3
    },
    {
      "GroupGUID": "87ac2d06-2e00-4c62-bed3-949cee5acca7",
      "GroupPath": "Config/LevelOutput/Group/Groups_P44202_F44202004/LevelGroup_P44202_F44202004_G4.json",
      "Name": "MainMission4072024_BuffHint",
      "ID": 4
    },
    {
      "GroupGUID": "e68979aa-8e7a-4326-98a7-2434f3d76733",
      "GroupPath": "Config/LevelOutput/Group/Groups_P44202_F44202004/LevelGroup_P44202_F44202004_G6.json",
      "Name": "Tower",
      "ID": 6
    },
    {
      "GroupGUID": "cab08a8c-8038-4f9c-8670-0b80da47c6e5",
      "GroupPath": "Config/LevelOutput/Group/Groups_P44202_F44202004/LevelGroup_P44202_F44202004_G7.json",
      "Name": "BlockLines",
      "ID": 7
    },
    {
      "GroupGUID": "c1a4924b-e4e3-4e06-9466-bf2b617d91cc",
      "GroupPath": "Config/LevelOutput/Group/Groups_P44202_F44202004/LevelGroup_P44202_F44202004_G9.json",
      "Name": "MPProp",
      "ID": 9
    },
    {
      "GroupGUID": "99d167db-2f57-467c-81bd-2fa0faa44cd7",
      "GroupPath": "Config/LevelOutput/Group/Groups_P44202_F44202004/LevelGroup_P44202_F44202004_G10.json",
      "Name": "Checkpoint",
      "ID": 10
    },
    {
      "GroupGUID": "c09ca472-fbfe-49ff-9d36-4b95893da948",
      "GroupPath": "Config/LevelOutput/Group/Groups_P44202_F44202004/LevelGroup_P44202_F44202004_G11.json",
      "DimensionFilter": {},
      "Name": "NPC",
      "ID": 11
    },
    {
      "GroupGUID": "a728fa27-76d4-4d88-a697-11e2ed2b27f5",
      "GroupPath": "Config/LevelOutput/Group/Groups_P44202_F44202004/LevelGroup_P44202_F44202004_G12.json",
      "DimensionFilter": {},
      "Name": "Sound_01",
      "ID": 12
    }
  ],
  "DefaultEnviroProfile": "Stages/Outputs/Chapter02/EnviroProfile/Chap02_CloseView_ADV_X02_Sanctum_SuiGarden_Night.enviroProfile.asset",
  "StageData": "Stages/Outputs/Chapter02/Stages/Chap02_ADV_X02_Sanctum_SuiGarden_StageData/Chap02_ADV_X02_Sanctum_SuiGarden_StageData.stage",
  "CameraType": "Maze",
  "TimeOfDayEnviroProfileMap": {},
  "LayerToAreaMask": [
    1
  ],
  "BattleAreaList": [],
  "DimensionList": [
    {}
  ],
  "NavmapConfigPath": "Config/LevelOutput/Map/MapInfo_P20223_F20223001.json",
  "EnableGroupStreaming": false,
  "EnableGroupSpaceConflict": false,
  "IsRestartLevelGraph": false
}