{
  "FloorID": 44202003,
  "FloorName": "FloorName_44202003",
  "StartGroupID": 1,
  "StartAnchorID": 1,
  "GroupList": [
    {
      "GroupGUID": "7f78328c-cdb7-4f1e-a011-24f22e76c222",
      "GroupPath": "Config/LevelOutput/Group/Groups_P44202_F44202003/LevelGroup_P44202_F44202003_G1.json",
      "Name": "DefaultGroup",
      "ID": 1
    },
    {
      "GroupGUID": "4b83253e-b3a7-435d-aea4-29a21bda4e08",
      "GroupPath": "Config/LevelOutput/Group/Groups_P44202_F44202003/LevelGroup_P44202_F44202003_G2.json",
      "Name": "DefaultGroup",
      "ID": 2
    },
    {
      "GroupGUID": "ba323963-2e0c-4f8c-9492-936251e538df",
      "GroupPath": "Config/LevelOutput/Group/Groups_P44202_F44202003/LevelGroup_P44202_F44202003_G3.json",
      "Name": "MonsterTemp",
      "ID": 3
    },
    {
      "GroupGUID": "c1cc7c8e-5239-41ea-b4b9-1f4e83c8e2a7",
      "GroupPath": "Config/LevelOutput/Group/Groups_P44202_F44202003/LevelGroup_P44202_F44202003_G4.json",
      "Name": "MainMission4072023_BuffHint",
      "ID": 4
    },
    {
      "GroupGUID": "f752d619-29cb-4920-bf15-c05d108f0614",
      "GroupPath": "Config/LevelOutput/Group/Groups_P44202_F44202003/LevelGroup_P44202_F44202003_G6.json",
      "Name": "Tower",
      "ID": 6
    },
    {
      "GroupGUID": "1f4f960f-d9c4-4387-a960-f8d8e83cf32d",
      "GroupPath": "Config/LevelOutput/Group/Groups_P44202_F44202003/LevelGroup_P44202_F44202003_G7.json",
      "Name": "BlockLines",
      "ID": 7
    },
    {
      "GroupGUID": "19815653-7d2a-4d37-8895-1d04c8dacbb0",
      "GroupPath": "Config/LevelOutput/Group/Groups_P44202_F44202003/LevelGroup_P44202_F44202003_G9.json",
      "Name": "MPProp",
      "ID": 9
    },
    {
      "GroupGUID": "20be88bf-3ed2-4d0a-bf3a-4372b2232b54",
      "GroupPath": "Config/LevelOutput/Group/Groups_P44202_F44202003/LevelGroup_P44202_F44202003_G10.json",
      "Name": "Checkpoint",
      "ID": 10
    },
    {
      "GroupGUID": "396a4deb-63ab-4af0-8113-1583b22678a1",
      "GroupPath": "Config/LevelOutput/Group/Groups_P44202_F44202003/LevelGroup_P44202_F44202003_G11.json",
      "DimensionFilter": {},
      "Name": "NPC",
      "ID": 11
    },
    {
      "GroupGUID": "62e14445-abf0-41f6-88ed-ea715ca8dd62",
      "GroupPath": "Config/LevelOutput/Group/Groups_P44202_F44202003/LevelGroup_P44202_F44202003_G12.json",
      "DimensionFilter": {},
      "Name": "Sound_01",
      "ID": 12
    }
  ],
  "DefaultEnviroProfile": "Stages/Outputs/Chapter02/EnviroProfile/Chap02_CloseView_ADV_X02_Sanctum_SuiGarden_Night.enviroProfile.asset",
  "StageData": "Stages/Outputs/Chapter02/Stages/Chap02_ADV_X02_Sanctum_SuiGarden_StageData/Chap02_ADV_X02_Sanctum_SuiGarden_StageData.stage",
  "CameraType": "Maze",
  "TimeOfDayEnviroProfileMap": {},
  "LayerToAreaMask": [
    1
  ],
  "BattleAreaList": [],
  "DimensionList": [
    {}
  ],
  "NavmapConfigPath": "Config/LevelOutput/Map/MapInfo_P20223_F20223001.json",
  "EnableGroupStreaming": false,
  "EnableGroupSpaceConflict": false,
  "IsRestartLevelGraph": false
}