{
  "FloorID": 44301003,
  "FloorName": "FloorName_44301003",
  "StartGroupID": 1,
  "StartAnchorID": 1,
  "GroupList": [
    {
      "GroupGUID": "08897603-37f9-46e3-af65-b821316b4c0f",
      "GroupPath": "Config/LevelOutput/Group/Groups_P44301_F44301003/LevelGroup_P44301_F44301003_G1.json",
      "Name": "DefaultGroup",
      "ID": 1
    },
    {
      "GroupGUID": "9078fa7f-60fa-4022-aec4-3382c2fbe3ea",
      "GroupPath": "Config/LevelOutput/Group/Groups_P44301_F44301003/LevelGroup_P44301_F44301003_G2.json",
      "DimensionFilter": {},
      "Name": "Blockade",
      "ID": 2
    },
    {
      "GroupGUID": "c5f787f7-3372-4d44-8b2e-ef89e133315b",
      "GroupPath": "Config/LevelOutput/Group/Groups_P44301_F44301003/LevelGroup_P44301_F44301003_G3.json",
      "DimensionFilter": {},
      "Name": "Portal",
      "ID": 3
    },
    {
      "GroupGUID": "8228fbee-9166-400b-bee2-86319d301978",
      "GroupPath": "Config/LevelOutput/Group/Groups_P44301_F44301003/LevelGroup_P44301_F44301003_G9.json",
      "DimensionFilter": {},
      "Name": "Region0_P0_Bridges",
      "ID": 9
    },
    {
      "GroupGUID": "7c4bbda8-7a61-4379-92c1-8457c7074455",
      "GroupPath": "Config/LevelOutput/Group/Groups_P44301_F44301003/LevelGroup_P44301_F44301003_G11.json",
      "DimensionFilter": {},
      "Name": "Region0_P0_Gravity_Boards",
      "ID": 11
    },
    {
      "GroupGUID": "45ef39c6-5b45-414f-99fe-d2b3aa1f422a",
      "GroupPath": "Config/LevelOutput/Group/Groups_P44301_F44301003/LevelGroup_P44301_F44301003_G12.json",
      "DimensionFilter": {},
      "Name": "R0_Pose2_Chest",
      "ID": 12
    },
    {
      "GroupGUID": "ee8277f2-0987-4bea-852f-04fdf33df182",
      "GroupPath": "Config/LevelOutput/Group/Groups_P44301_F44301003/LevelGroup_P44301_F44301003_G13.json",
      "DimensionFilter": {},
      "Name": "Default_Monster_R0_Pose2",
      "ID": 13
    },
    {
      "GroupGUID": "c1b8f7be-a382-4375-905d-b7bb26dc2ed8",
      "GroupPath": "Config/LevelOutput/Group/Groups_P44301_F44301003/LevelGroup_P44301_F44301003_G14.json",
      "DimensionFilter": {},
      "Name": "R0_Pose2_Charger",
      "ID": 14
    },
    {
      "GroupGUID": "5dadff01-81ac-4006-9985-9d6898d8b5f8",
      "GroupPath": "Config/LevelOutput/Group/Groups_P44301_F44301003/LevelGroup_P44301_F44301003_G16.json",
      "DimensionFilter": {},
      "Name": "R0_Pose5_Charger",
      "ID": 16
    },
    {
      "GroupGUID": "ab7b22ce-b6e4-4e49-9e48-8a38976ad549",
      "GroupPath": "Config/LevelOutput/Group/Groups_P44301_F44301003/LevelGroup_P44301_F44301003_G17.json",
      "DimensionFilter": {},
      "Name": "Default_Monster_R0_Pose3",
      "ID": 17
    },
    {
      "GroupGUID": "10ef2945-7138-40c9-b25d-15e0e1fbe990",
      "GroupPath": "Config/LevelOutput/Group/Groups_P44301_F44301003/LevelGroup_P44301_F44301003_G18.json",
      "DimensionFilter": {},
      "Name": "Default_Destructible_Pose0",
      "ID": 18
    },
    {
      "GroupGUID": "3a8effd2-42cc-4956-85b8-ceb86d0a2d8f",
      "GroupPath": "Config/LevelOutput/Group/Groups_P44301_F44301003/LevelGroup_P44301_F44301003_G19.json",
      "Name": "Default_Destructible_Pose0",
      "ID": 19
    },
    {
      "GroupGUID": "d563cac0-3956-4c16-affc-0e326be7cce4",
      "GroupPath": "Config/LevelOutput/Group/Groups_P44301_F44301003/LevelGroup_P44301_F44301003_G20.json",
      "DimensionFilter": {},
      "Name": "MainMission8020203_01",
      "ID": 20
    },
    {
      "GroupGUID": "8924b37c-2e96-469f-8ce2-182f8e55fdf1",
      "GroupPath": "Config/LevelOutput/Group/Groups_P44301_F44301003/LevelGroup_P44301_F44301003_G21.json",
      "DimensionFilter": {},
      "Name": "BGM",
      "ID": 21
    },
    {
      "GroupGUID": "cab7cc22-f42d-41f3-8f3b-1037834aecb2",
      "GroupPath": "Config/LevelOutput/Group/Groups_P44301_F44301003/LevelGroup_P44301_F44301003_G22.json",
      "Name": "Sound",
      "ID": 22
    },
    {
      "GroupGUID": "b7a1ac5a-b57e-449e-a1d6-64f2f1313153",
      "GroupPath": "Config/LevelOutput/Group/Groups_P44301_F44301003/LevelGroup_P44301_F44301003_G23.json",
      "DimensionFilter": {},
      "Name": "3DMapInfo",
      "ID": 23
    },
    {
      "GroupGUID": "02fc232b-4d1d-4833-924d-d38c3640d178",
      "GroupPath": "Config/LevelOutput/Group/Groups_P44301_F44301003/LevelGroup_P44301_F44301003_G26.json",
      "DimensionFilter": {},
      "Name": "Saves",
      "ID": 26
    },
    {
      "GroupGUID": "06cb0c95-1c7a-43f4-8c75-539026efa150",
      "GroupPath": "Config/LevelOutput/Group/Groups_P44301_F44301003/LevelGroup_P44301_F44301003_G27.json",
      "Name": "Sound",
      "ID": 27,
      "IsDelete": true
    },
    {
      "GroupGUID": "e2171f64-ba8a-4d6f-97ee-2e52634d5e7f",
      "GroupPath": "Config/LevelOutput/Group/Groups_P44301_F44301003/LevelGroup_P44301_F44301003_G29.json",
      "Name": "Sound-Reverb",
      "ID": 29
    },
    {
      "GroupGUID": "e7622777-c6b1-44c1-85a0-defa7aa52ab0",
      "GroupPath": "Config/LevelOutput/Group/Groups_P44301_F44301003/LevelGroup_P44301_F44301003_G30.json",
      "DimensionFilter": {},
      "Name": "Sound",
      "ID": 30
    },
    {
      "GroupGUID": "e9acc705-21c4-47e3-a4f2-3519aeeb449d",
      "GroupPath": "Config/LevelOutput/Group/Groups_P44301_F44301003/LevelGroup_P44301_F44301003_G31.json",
      "Name": "Sound",
      "ID": 31
    },
    {
      "GroupGUID": "999f676c-97ff-4d56-bae4-c07be822b88b",
      "GroupPath": "Config/LevelOutput/Group/Groups_P44301_F44301003/LevelGroup_P44301_F44301003_G32.json",
      "Name": "Sound",
      "ID": 32
    },
    {
      "GroupGUID": "d33c084c-f26e-4042-b245-6af87c315a9a",
      "GroupPath": "Config/LevelOutput/Group/Groups_P44301_F44301003/LevelGroup_P44301_F44301003_G33.json",
      "Name": "Sound",
      "ID": 33
    },
    {
      "GroupGUID": "e803c55e-b7c0-4535-864e-e65ce4a89351",
      "GroupPath": "Config/LevelOutput/Group/Groups_P44301_F44301003/LevelGroup_P44301_F44301003_G34.json",
      "Name": "Sound",
      "ID": 34
    }
  ],
  "DefaultEnviroProfile": "Stages/Outputs/Chapter03/EnviroProfile/Chap03_CloseView_ADV_INT_P101_night_01.enviroProfile.asset",
  "StageData": "Stages/Outputs/Chapter03/Stages/Chap03_MAZ_P101_MainLine_01_StageData/Chap03_MAZ_P101_MainLine_01_StageData.stage",
  "CameraType": "Maze",
  "TimeOfDayEnviroProfileMap": {},
  "LayerToAreaMask": [
    32,
    16,
    8
  ],
  "FloorCustomData": {
    "CustomValues": [
      {
        "$type": "RPG.GameCore.FloorCustomBoolConfig",
        "ID": 10001,
        "Name": "Is_Frame_Interacted_02"
      }
    ]
  },
  "BattleAreaList": [],
  "DimensionList": [
    {}
  ],
  "CameraPrefabPath": "Level/Maze/Chapter03/Chap03_MAZ_P101_LevelArea.prefab",
  "LevelFeatureModules": [
    "RotatableRegion"
  ],
  "NavmapConfigPath": "Config/LevelOutput/Map/MapInfo_P20311_F20311001.json",
  "IsRestartLevelGraph": false
}