{
  "FloorID": 44304001,
  "FloorName": "FloorName_44304001",
  "StartGroupID": 1,
  "StartAnchorID": 1,
  "GroupList": [
    {
      "GroupGUID": "e39f1296-1727-4802-a340-764dd9c01b03",
      "GroupPath": "Config/LevelOutput/Group/Groups_P44304_F44304001/LevelGroup_P44304_F44304001_G1.json",
      "DimensionFilter": {},
      "Name": "DefaultGroup",
      "ID": 1
    },
    {
      "GroupGUID": "5b806eec-ba2c-4d2d-8fa4-1a887c725e07",
      "GroupPath": "Config/LevelOutput/Group/Groups_P44304_F44304001/LevelGroup_P44304_F44304001_G2.json",
      "DimensionFilter": {},
      "Name": "CurtainHugh",
      "ID": 2
    },
    {
      "GroupGUID": "ab5ddad2-3702-4183-ad51-5ddb1bd140a0",
      "GroupPath": "Config/LevelOutput/Group/Groups_P44304_F44304001/LevelGroup_P44304_F44304001_G3.json",
      "DimensionFilter": {},
      "Name": "CurtainSmall",
      "ID": 3
    },
    {
      "GroupGUID": "3195b145-aedc-4bed-a44c-aaaf720efeeb",
      "GroupPath": "Config/LevelOutput/Group/Groups_P44304_F44304001/LevelGroup_P44304_F44304001_G4.json",
      "DimensionFilter": {},
      "Name": "scene",
      "ID": 4
    },
    {
      "GroupGUID": "fd9dc0a0-4a59-435b-8fc3-9a0fd8e0a35e",
      "GroupPath": "Config/LevelOutput/Group/Groups_P44304_F44304001/LevelGroup_P44304_F44304001_G5.json",
      "DimensionFilter": {},
      "Name": "BossControl",
      "ID": 5
    },
    {
      "GroupGUID": "583253df-6122-4cc4-8781-813f661cacbb",
      "GroupPath": "Config/LevelOutput/Group/Groups_P44304_F44304001/LevelGroup_P44304_F44304001_G7.json",
      "DimensionFilter": {
        "FilterType": "All"
      },
      "Name": "ShowFeather",
      "ID": 7
    },
    {
      "GroupGUID": "4f0d97e2-9ae0-4223-829a-d6d5d3e8b483",
      "GroupPath": "Config/LevelOutput/Group/Groups_P44304_F44304001/LevelGroup_P44304_F44304001_G20.json",
      "Name": "Sound",
      "ID": 20
    },
    {
      "GroupGUID": "71690a14-2ca3-4eda-a8f5-cf99baaf747f",
      "GroupPath": "Config/LevelOutput/Group/Groups_P44304_F44304001/LevelGroup_P44304_F44304001_G21.json",
      "Name": "Sound",
      "ID": 21
    },
    {
      "GroupGUID": "137b98d4-4983-43ed-a1d7-826d911b2b7c",
      "GroupPath": "Config/LevelOutput/Group/Groups_P44304_F44304001/LevelGroup_P44304_F44304001_G22.json",
      "Name": "Sound",
      "ID": 22
    },
    {
      "GroupGUID": "50169540-26d7-4bdd-8220-5b14413057a7",
      "GroupPath": "Config/LevelOutput/Group/Groups_P44304_F44304001/LevelGroup_P44304_F44304001_G23.json",
      "Name": "Sound",
      "ID": 23
    },
    {
      "GroupGUID": "0e0e75b4-925e-485f-a449-b2e7d322cb8d",
      "GroupPath": "Config/LevelOutput/Group/Groups_P44304_F44304001/LevelGroup_P44304_F44304001_G24.json",
      "Name": "Sound",
      "ID": 24
    },
    {
      "GroupGUID": "91a16eb0-6012-47f6-8fd6-3e7c4c6f6ad9",
      "GroupPath": "Config/LevelOutput/Group/Groups_P44304_F44304001/LevelGroup_P44304_F44304001_G25.json",
      "Name": "sound-reverb",
      "ID": 25
    },
    {
      "GroupGUID": "5ccf1232-043e-4f6b-952d-4bceedc16001",
      "GroupPath": "Config/LevelOutput/Group/Groups_P44304_F44304001/LevelGroup_P44304_F44304001_G26.json",
      "Name": "sound-reverb",
      "ID": 26
    },
    {
      "GroupGUID": "dc825552-23de-42b0-8f16-0fd1595490af",
      "GroupPath": "Config/LevelOutput/Group/Groups_P44304_F44304001/LevelGroup_P44304_F44304001_G27.json",
      "Name": "sound-reverb",
      "ID": 27
    },
    {
      "GroupGUID": "3cd8d20a-affd-4be9-aa2b-d8ccd437bd27",
      "GroupPath": "Config/LevelOutput/Group/Groups_P44304_F44304001/LevelGroup_P44304_F44304001_G28.json",
      "Name": "sound-reverb",
      "ID": 28
    }
  ],
  "DefaultEnviroProfile": "Stages/Outputs/Chapter03/EnviroProfile/Chap03_CloseView_MAZ_P302_OperaHouse_night_01.enviroProfile.asset",
  "StageData": "Stages/Outputs/Chapter03/Stages/Chap03_MAZ_P302_StageData/Chap03_MAZ_P302_StageData.stage",
  "TimeOfDayEnviroProfileMap": {},
  "LayerToAreaMask": [
    1
  ],
  "FloorCustomData": {
    "SavedValues": [
      {
        "ID": 1,
        "Name": "Scene_Transit",
        "AllowedValues": [
          0,
          1
        ],
        "MaxValue": 1
      },
      {
        "ID": 2,
        "Name": "CarpetShow",
        "AllowedValues": [
          0,
          1
        ],
        "MaxValue": 1
      },
      {
        "ID": 4,
        "Name": "ShowFeather",
        "AllowedValues": [
          0,
          1
        ],
        "MaxValue": 1
      }
    ]
  },
  "BattleAreaList": [],
  "DimensionList": [
    {}
  ],
  "NavmapConfigPath": "Config/LevelOutput/Map/MapInfo_P20332_F20332001.json"
}