{
  "FloorID": 44302002,
  "FloorName": "FloorName_44302002",
  "StartGroupID": 1,
  "StartAnchorID": 1,
  "GroupList": [
    {
      "GroupGUID": "cc0af92a-b68d-42e1-81d3-bcbe837c8f0b",
      "GroupPath": "Config/LevelOutput/Group/Groups_P44302_F44302002/LevelGroup_P44302_F44302002_G1.json",
      "DimensionFilter": {},
      "Name": "DefaultGroup",
      "ID": 1
    },
    {
      "GroupGUID": "119e950c-b364-4167-ba89-75cab6b7a4d4",
      "GroupPath": "Config/LevelOutput/Group/Groups_P44302_F44302002/LevelGroup_P44302_F44302002_G36.json",
      "DimensionFilter": {
        "FilterType": "All"
      },
      "Name": "Anchor_Raid",
      "ID": 36
    },
    {
      "GroupGUID": "630ea282-cacc-494a-befa-c214b0128b06",
      "GroupPath": "Config/LevelOutput/Group/Groups_P44302_F44302002/LevelGroup_P44302_F44302002_G2.json",
      "DimensionFilter": {},
      "Name": "Temp_Doors",
      "ID": 2
    },
    {
      "GroupGUID": "ee9f7d6b-4508-4806-815e-a07f4f9452d3",
      "GroupPath": "Config/LevelOutput/Group/Groups_P44302_F44302002/LevelGroup_P44302_F44302002_G3.json",
      "DimensionFilter": {},
      "Name": "Blockade",
      "ID": 3
    },
    {
      "GroupGUID": "43852949-20a4-42ce-913f-52ac12a3a025",
      "GroupPath": "Config/LevelOutput/Group/Groups_P44302_F44302002/LevelGroup_P44302_F44302002_G4.json",
      "DimensionFilter": {},
      "Name": "Region2_Airlock",
      "ID": 4
    },
    {
      "GroupGUID": "815e1ef7-0667-40b5-9476-185bdd25c1c1",
      "GroupPath": "Config/LevelOutput/Group/Groups_P44302_F44302002/LevelGroup_P44302_F44302002_G5.json",
      "DimensionFilter": {},
      "Name": "Pose0_Charger",
      "ID": 5
    },
    {
      "GroupGUID": "ba2fa1ed-91d6-4945-944c-0f92e7049b30",
      "GroupPath": "Config/LevelOutput/Group/Groups_P44302_F44302002/LevelGroup_P44302_F44302002_G6.json",
      "DimensionFilter": {},
      "Name": "Pose0_Goal",
      "ID": 6
    },
    {
      "GroupGUID": "badbe22e-0221-49f6-bfa3-5ec2915e9a61",
      "GroupPath": "Config/LevelOutput/Group/Groups_P44302_F44302002/LevelGroup_P44302_F44302002_G7.json",
      "DimensionFilter": {},
      "Name": "Pose0_Doors",
      "ID": 7
    },
    {
      "GroupGUID": "6c8f21b8-9b84-4590-aa72-57a050a42fbc",
      "GroupPath": "Config/LevelOutput/Group/Groups_P44302_F44302002/LevelGroup_P44302_F44302002_G8.json",
      "DimensionFilter": {},
      "Name": "Pose0_Bridge",
      "ID": 8
    },
    {
      "GroupGUID": "c5f25bcc-5eef-4a92-81c9-25a84183f3e6",
      "GroupPath": "Config/LevelOutput/Group/Groups_P44302_F44302002/LevelGroup_P44302_F44302002_G9.json",
      "DimensionFilter": {},
      "Name": "Pose1_Goal",
      "ID": 9
    },
    {
      "GroupGUID": "881e496f-3eb6-4737-8dae-801c582a66c3",
      "GroupPath": "Config/LevelOutput/Group/Groups_P44302_F44302002/LevelGroup_P44302_F44302002_G10.json",
      "Name": "Pose1_Bridge",
      "ID": 10
    },
    {
      "GroupGUID": "3e2f5b3e-9989-45e9-b51c-a01b8c4cb274",
      "GroupPath": "Config/LevelOutput/Group/Groups_P44302_F44302002/LevelGroup_P44302_F44302002_G11.json",
      "DimensionFilter": {},
      "Name": "Pose1_Doors",
      "ID": 11
    },
    {
      "GroupGUID": "2c3b08c3-5c5e-4ccb-8e78-25e1f334ec37",
      "GroupPath": "Config/LevelOutput/Group/Groups_P44302_F44302002/LevelGroup_P44302_F44302002_G12.json",
      "DimensionFilter": {},
      "Name": "Pose1_Bridge_2",
      "ID": 12
    },
    {
      "GroupGUID": "47d785c5-3fb3-4d66-b494-2c8ac1435a5f",
      "GroupPath": "Config/LevelOutput/Group/Groups_P44302_F44302002/LevelGroup_P44302_F44302002_G14.json",
      "DimensionFilter": {},
      "Name": "Pose1_Charger",
      "ID": 14
    },
    {
      "GroupGUID": "1a5c28c8-a816-446b-ac6c-8934b48dfe2f",
      "GroupPath": "Config/LevelOutput/Group/Groups_P44302_F44302002/LevelGroup_P44302_F44302002_G15.json",
      "DimensionFilter": {},
      "Name": "Pose1_Destructible",
      "ID": 15
    },
    {
      "GroupGUID": "09603eec-47cb-4e9b-8f2d-345e0ffa4824",
      "GroupPath": "Config/LevelOutput/Group/Groups_P44302_F44302002/LevelGroup_P44302_F44302002_G16.json",
      "DimensionFilter": {},
      "Name": "Pose2_Goal",
      "ID": 16
    },
    {
      "GroupGUID": "49ebbed4-95c8-4278-acba-69dfbf4c312d",
      "GroupPath": "Config/LevelOutput/Group/Groups_P44302_F44302002/LevelGroup_P44302_F44302002_G17.json",
      "DimensionFilter": {},
      "Name": "MainMission8021123_MissionPhase1",
      "ID": 17
    },
    {
      "GroupGUID": "dd183310-c841-4829-a8ab-eaf44bdcd6fd",
      "GroupPath": "Config/LevelOutput/Group/Groups_P44302_F44302002/LevelGroup_P44302_F44302002_G18.json",
      "DimensionFilter": {},
      "Name": "MainMission8021123_MissionPhase2",
      "ID": 18
    },
    {
      "GroupGUID": "112bcb29-0844-40fb-af13-3eff10de33ae",
      "GroupPath": "Config/LevelOutput/Group/Groups_P44302_F44302002/LevelGroup_P44302_F44302002_G19.json",
      "DimensionFilter": {},
      "Name": "MainMission8021123_MissionPhase3",
      "ID": 19
    },
    {
      "GroupGUID": "1ad1d846-3afb-4909-b929-4ab0ff314c9e",
      "GroupPath": "Config/LevelOutput/Group/Groups_P44302_F44302002/LevelGroup_P44302_F44302002_G21.json",
      "DimensionFilter": {},
      "Name": "MainMission8021123_3DText4",
      "ID": 21
    },
    {
      "GroupGUID": "d8d3f5e4-e0d6-4d47-ad40-dbe68f4f67f4",
      "GroupPath": "Config/LevelOutput/Group/Groups_P44302_F44302002/LevelGroup_P44302_F44302002_G22.json",
      "DimensionFilter": {},
      "Name": "MainMission8021123_3DText3",
      "ID": 22
    },
    {
      "GroupGUID": "7c023cb0-697c-4b4a-b6ac-ed36e31d4d84",
      "GroupPath": "Config/LevelOutput/Group/Groups_P44302_F44302002/LevelGroup_P44302_F44302002_G24.json",
      "DimensionFilter": {},
      "Name": "MainMission8021123_3DText2",
      "ID": 24
    },
    {
      "GroupGUID": "f6d4ef26-29eb-473f-8739-f7223afe5fe3",
      "GroupPath": "Config/LevelOutput/Group/Groups_P44302_F44302002/LevelGroup_P44302_F44302002_G26.json",
      "DimensionFilter": {},
      "Name": "MainMission8021123_3DText2Fals",
      "ID": 26
    },
    {
      "GroupGUID": "0edf1b30-1487-4e31-a764-f10cfcb19b98",
      "GroupPath": "Config/LevelOutput/Group/Groups_P44302_F44302002/LevelGroup_P44302_F44302002_G27.json",
      "Name": "DefaultGroup",
      "ID": 27
    },
    {
      "GroupGUID": "e262a7af-44a7-4652-aed7-07403885367a",
      "GroupPath": "Config/LevelOutput/Group/Groups_P44302_F44302002/LevelGroup_P44302_F44302002_G28.json",
      "DimensionFilter": {
        "FilterType": "All"
      },
      "Name": "Sound",
      "ID": 28
    },
    {
      "GroupGUID": "da485dac-4145-4be2-82db-29d5f8219fbd",
      "GroupPath": "Config/LevelOutput/Group/Groups_P44302_F44302002/LevelGroup_P44302_F44302002_G31.json",
      "DimensionFilter": {
        "FilterExpression": {}
      },
      "Name": "Sound",
      "ID": 31
    },
    {
      "GroupGUID": "b7ada8b2-e248-4046-bcf2-1cef38287767",
      "GroupPath": "Config/LevelOutput/Group/Groups_P44302_F44302002/LevelGroup_P44302_F44302002_G32.json",
      "Name": "Sound_Reverb",
      "ID": 32
    },
    {
      "GroupGUID": "a5a156e2-d5ef-4692-a670-24ea3984818d",
      "GroupPath": "Config/LevelOutput/Group/Groups_P44302_F44302002/LevelGroup_P44302_F44302002_G33.json",
      "DimensionFilter": {
        "FilterType": "All"
      },
      "Name": "3DMap_Icon_Info",
      "ID": 33
    },
    {
      "GroupGUID": "883e62ba-6011-4ec1-85f1-647c30327960",
      "GroupPath": "Config/LevelOutput/Group/Groups_P44302_F44302002/LevelGroup_P44302_F44302002_G35.json",
      "DimensionFilter": {
        "FilterType": "All"
      },
      "Name": "Region2_3DMap_Exit",
      "ID": 35
    }
  ],
  "DefaultEnviroProfile": "Stages/Outputs/Chapter03/EnviroProfile/Chap03_CloseView_MAZ_P202_Night_01.enviroProfile.asset",
  "StageData": "Stages/Outputs/Chapter03/Stages/Chap03_MAZ_P202_StageData/Chap03_MAZ_P202_StageData.stage",
  "CameraType": "Maze",
  "TimeOfDayEnviroProfileMap": {},
  "LayerToAreaMask": [
    16,
    8
  ],
  "FloorCustomData": {
    "ConstValues": [
      {
        "$type": "RPG.GameCore.FloorTargetAgentConfig",
        "AgentType": "Prop",
        "GroupID": 4,
        "InstanceID": 300001,
        "ID": 1,
        "Name": "Region9_Airlock_1"
      },
      {
        "$type": "RPG.GameCore.FloorTargetAgentConfig",
        "AgentType": "Prop",
        "GroupID": 4,
        "InstanceID": 300002,
        "ID": 2,
        "Name": "Region9_Airlock_2"
      }
    ]
  },
  "BattleAreaList": [],
  "DimensionList": [
    {}
  ],
  "LevelFeatureModules": [
    "RotatableRegion"
  ],
  "NavmapConfigPath": "Config/LevelOutput/Map/MapInfo_P20322_F20322001.json",
  "RegionConfigPath": "Config/LevelOutput/Region/FloorRegion_P44302_F44302002.json",
  "IsRestartLevelGraph": false
}