{
  "FloorID": 44301013,
  "FloorName": "FloorName_44301013",
  "StartGroupID": 1,
  "StartAnchorID": 1,
  "GroupList": [
    {
      "GroupGUID": "58939019-352c-4925-9770-ddd23986eace",
      "GroupPath": "Config/LevelOutput/Group/Groups_P44301_F44301013/LevelGroup_P44301_F44301013_G1.json",
      "DimensionFilter": {},
      "Name": "DefaultGroup",
      "ID": 1
    },
    {
      "GroupGUID": "e6a511f3-f383-47bb-8a98-5d767c41b7e8",
      "GroupPath": "Config/LevelOutput/Group/Groups_P44301_F44301013/LevelGroup_P44301_F44301013_G3.json",
      "DimensionFilter": {},
      "Name": "PinBall",
      "ID": 3
    },
    {
      "GroupGUID": "2b3b73f7-9fc7-491a-8f4f-5bc7d6764b71",
      "GroupPath": "Config/LevelOutput/Group/Groups_P44301_F44301013/LevelGroup_P44301_F44301013_G4.json",
      "Name": "DefaultGroup",
      "ID": 4
    },
    {
      "GroupGUID": "4d713910-50c6-478d-81cf-079a4df8ced2",
      "GroupPath": "Config/LevelOutput/Group/Groups_P44301_F44301013/LevelGroup_P44301_F44301013_G5.json",
      "DimensionFilter": {},
      "Name": "MainMission8020213_delete",
      "ID": 5
    },
    {
      "GroupGUID": "9cab6361-0e0c-43e9-834e-430ead110943",
      "GroupPath": "Config/LevelOutput/Group/Groups_P44301_F44301013/LevelGroup_P44301_F44301013_G6.json",
      "DimensionFilter": {},
      "Name": "MainMission8020213_弹珠机教学任务",
      "ID": 6
    },
    {
      "GroupGUID": "7b6f9a6a-c60e-4da3-87dc-7d8811f49b19",
      "GroupPath": "Config/LevelOutput/Group/Groups_P44301_F44301013/LevelGroup_P44301_F44301013_G8.json",
      "Name": "BGM",
      "ID": 8
    },
    {
      "GroupGUID": "b41956e4-73eb-488f-a7b6-16f5de743826",
      "GroupPath": "Config/LevelOutput/Group/Groups_P44301_F44301013/LevelGroup_P44301_F44301013_G9.json",
      "Name": "Sound",
      "ID": 9
    },
    {
      "GroupGUID": "1933d98d-ec8e-4686-a709-c7f55841c44b",
      "GroupPath": "Config/LevelOutput/Group/Groups_P44301_F44301013/LevelGroup_P44301_F44301013_G10.json",
      "Name": "Sound-Reverb",
      "ID": 10
    },
    {
      "GroupGUID": "6391fb4d-2b0c-4e1f-ad58-b0be5b759136",
      "GroupPath": "Config/LevelOutput/Group/Groups_P44301_F44301013/LevelGroup_P44301_F44301013_G12.json",
      "DimensionFilter": {},
      "Name": "MainMission8020213_03",
      "ID": 12
    }
  ],
  "DefaultEnviroProfile": "Stages/Outputs/Chapter03/EnviroProfile/Chap03_CloseView_MAZ_P103_DreamEdge_night_01.enviroProfile.asset",
  "StageData": "Stages/Outputs/Chapter03/Stages/Chap03_MAZ_P103_StageData/Chap03_MAZ_P103_StageData.stage",
  "CameraType": "Maze",
  "TimeOfDayEnviroProfileMap": {},
  "LayerToAreaMask": [
    8
  ],
  "BattleAreaList": [],
  "DimensionList": [
    {}
  ],
  "NavmapConfigPath": "Config/LevelOutput/Map/MapInfo_P20313_F20313001.json",
  "IsRestartLevelGraph": false
}