{
  "FloorID": 44302004,
  "FloorName": "FloorName_44302004",
  "StartGroupID": 1,
  "StartAnchorID": 1,
  "GroupList": [
    {
      "GroupGUID": "0e83b8df-0a1b-4023-abae-5e375114558a",
      "GroupPath": "Config/LevelOutput/Group/Groups_P44302_F44302004/LevelGroup_P44302_F44302004_G1.json",
      "DimensionFilter": {},
      "Name": "DefaultGroup",
      "ID": 1
    },
    {
      "GroupGUID": "04dbbc4f-b122-493c-80f1-fd2f8c414015",
      "GroupPath": "Config/LevelOutput/Group/Groups_P44302_F44302004/LevelGroup_P44302_F44302004_G3.json",
      "Name": "BGM",
      "ID": 3
    },
    {
      "GroupGUID": "c6a113da-d575-4ea2-ac9a-5cc04cfd8799",
      "GroupPath": "Config/LevelOutput/Group/Groups_P44302_F44302004/LevelGroup_P44302_F44302004_G4.json",
      "Name": "Sound",
      "ID": 4
    },
    {
      "GroupGUID": "1dfd22aa-79b2-490e-a0f7-1e8fa10956ec",
      "GroupPath": "Config/LevelOutput/Group/Groups_P44302_F44302004/LevelGroup_P44302_F44302004_G5.json",
      "DimensionFilter": {},
      "Name": "Sound-Reverb",
      "ID": 5
    },
    {
      "GroupGUID": "2483276b-b493-48ad-93de-3a63ee853b33",
      "GroupPath": "Config/LevelOutput/Group/Groups_P44302_F44302004/LevelGroup_P44302_F44302004_G6.json",
      "DimensionFilter": {},
      "Name": "Pinball",
      "ID": 6
    },
    {
      "GroupGUID": "7e31afd5-c4e7-4089-b010-c2dae676f2b8",
      "GroupPath": "Config/LevelOutput/Group/Groups_P44302_F44302004/LevelGroup_P44302_F44302004_G8.json",
      "DimensionFilter": {},
      "Name": "Airwall",
      "ID": 8
    },
    {
      "GroupGUID": "8ba28889-1bfd-4550-8872-a598f564d096",
      "GroupPath": "Config/LevelOutput/Group/Groups_P44302_F44302004/LevelGroup_P44302_F44302004_G9.json",
      "DimensionFilter": {},
      "Name": "MainMission8021124_Mission",
      "ID": 9
    }
  ],
  "DefaultEnviroProfile": "Stages/Outputs/Chapter03/EnviroProfile/Chap03_CloseView_MAZ_P103_DreamEdge_night_01.enviroProfile.asset",
  "StageData": "Stages/Outputs/Chapter03/Stages/Chap03_MAZ_P103_StageData/Chap03_MAZ_P103_StageData.stage",
  "CameraType": "Maze",
  "TimeOfDayEnviroProfileMap": {},
  "LayerToAreaMask": [
    8
  ],
  "BattleAreaList": [],
  "DimensionList": [
    {}
  ],
  "NavmapConfigPath": "Config/LevelOutput/Map/MapInfo_P20313_F20313001.json",
  "IsRestartLevelGraph": false
}