{
  "FloorID": 44305004,
  "FloorName": "FloorName_44305004",
  "StartGroupID": 26,
  "StartAnchorID": 1,
  "GroupList": [
    {
      "GroupGUID": "e5a433d6-6c07-434c-a83f-27b958e3196b",
      "GroupPath": "Config/LevelOutput/Group/Groups_P44305_F44305004/LevelGroup_P44305_F44305004_G26.json",
      "DimensionFilter": {
        "FilterType": "All"
      },
      "Name": "DefaultGroup",
      "ID": 26
    },
    {
      "GroupGUID": "911d3300-776e-4207-a167-cceac94d12d8",
      "GroupPath": "Config/LevelOutput/Group/Groups_P44305_F44305004/LevelGroup_P44305_F44305004_G29.json",
      "DimensionFilter": {},
      "Name": "MainMission8022126_Portal_04",
      "ID": 29
    },
    {
      "GroupGUID": "4c05398f-c2f7-44cb-8143-010d39828dc6",
      "GroupPath": "Config/LevelOutput/Group/Groups_P44305_F44305004/LevelGroup_P44305_F44305004_G31.json",
      "DimensionFilter": {
        "FilterType": "All"
      },
      "Name": "Case2",
      "ID": 31
    },
    {
      "GroupGUID": "b70055d2-2f6a-48ff-a386-e25c7dd1e294",
      "GroupPath": "Config/LevelOutput/Group/Groups_P44305_F44305004/LevelGroup_P44305_F44305004_G44.json",
      "DimensionFilter": {
        "FilterType": "All"
      },
      "Name": "GravityBoards_02",
      "ID": 44
    },
    {
      "GroupGUID": "da729cc5-91b0-40ad-8de8-848de2780d48",
      "GroupPath": "Config/LevelOutput/Group/Groups_P44305_F44305004/LevelGroup_P44305_F44305004_G45.json",
      "DimensionFilter": {
        "FilterType": "All"
      },
      "Name": "Challenge_Difficulty01_Bridge",
      "ID": 45
    },
    {
      "GroupGUID": "0878bef9-92aa-4912-a9ec-5402942efa68",
      "GroupPath": "Config/LevelOutput/Group/Groups_P44305_F44305004/LevelGroup_P44305_F44305004_G46.json",
      "DimensionFilter": {
        "FilterType": "All"
      },
      "Name": "ExitIcon",
      "ID": 46
    },
    {
      "GroupGUID": "04b76b7a-0377-4977-bf83-cdf7b38af594",
      "GroupPath": "Config/LevelOutput/Group/Groups_P44305_F44305004/LevelGroup_P44305_F44305004_G48.json",
      "DimensionFilter": {
        "FilterType": "All"
      },
      "Name": "OneWayBridge",
      "ID": 48
    },
    {
      "GroupGUID": "0d959f41-d5d6-438d-a36d-d58353305616",
      "GroupPath": "Config/LevelOutput/Group/Groups_P44305_F44305004/LevelGroup_P44305_F44305004_G49.json",
      "DimensionFilter": {
        "FilterType": "All"
      },
      "Name": "OneWayBridge",
      "ID": 49
    },
    {
      "GroupGUID": "8bb538db-a38d-42c0-9767-327671268205",
      "GroupPath": "Config/LevelOutput/Group/Groups_P44305_F44305004/LevelGroup_P44305_F44305004_G50.json",
      "DimensionFilter": {
        "FilterType": "All"
      },
      "Name": "OneWayBridge",
      "ID": 50
    },
    {
      "GroupGUID": "464cddab-1470-4a81-a9fa-b72557e50473",
      "GroupPath": "Config/LevelOutput/Group/Groups_P44305_F44305004/LevelGroup_P44305_F44305004_G51.json",
      "DimensionFilter": {
        "FilterType": "All"
      },
      "Name": "Sound",
      "ID": 51,
      "IsDelete": true
    },
    {
      "GroupGUID": "94083d24-8b69-424a-bd3b-374f6da7ad52",
      "GroupPath": "Config/LevelOutput/Group/Groups_P44305_F44305004/LevelGroup_P44305_F44305004_G52.json",
      "DimensionFilter": {},
      "Name": "MainMission8022126_04",
      "ID": 52
    },
    {
      "GroupGUID": "55db927e-448a-495f-b97a-f43c6183386f",
      "GroupPath": "Config/LevelOutput/Group/Groups_P44305_F44305004/LevelGroup_P44305_F44305004_G53.json",
      "DimensionFilter": {
        "FilterType": "All"
      },
      "Name": "ChallengeRoom_StartPoint",
      "ID": 53
    },
    {
      "GroupGUID": "9c885a6e-0a97-4f49-a437-7c5498f96400",
      "GroupPath": "Config/LevelOutput/Group/Groups_P44305_F44305004/LevelGroup_P44305_F44305004_G54.json",
      "DimensionFilter": {},
      "Name": "MainMission8022126_Portal_03",
      "ID": 54
    },
    {
      "GroupGUID": "a60bb1e4-fbb7-4203-a857-f9dbdb2de821",
      "GroupPath": "Config/LevelOutput/Group/Groups_P44305_F44305004/LevelGroup_P44305_F44305004_G55.json",
      "DimensionFilter": {},
      "Name": "MainMission8022126_05",
      "ID": 55
    },
    {
      "GroupGUID": "1e9c4444-9b49-491a-9b61-4f87e0e70f0f",
      "GroupPath": "Config/LevelOutput/Group/Groups_P44305_F44305004/LevelGroup_P44305_F44305004_G47.json",
      "DimensionFilter": {
        "FilterType": "All"
      },
      "Name": "Distructable_Difficulty01",
      "ID": 47
    },
    {
      "GroupGUID": "1a8dfe58-4bc2-4625-b282-c0a62c8ae49e",
      "GroupPath": "Config/LevelOutput/Group/Groups_P44305_F44305004/LevelGroup_P44305_F44305004_G56.json",
      "DimensionFilter": {
        "FilterType": "All"
      },
      "Name": "Distructable_Difficulty01",
      "ID": 56
    },
    {
      "GroupGUID": "604fadf4-b1b9-41c8-b676-208075895f3f",
      "GroupPath": "Config/LevelOutput/Group/Groups_P44305_F44305004/LevelGroup_P44305_F44305004_G57.json",
      "DimensionFilter": {
        "FilterType": "All"
      },
      "Name": "Distructable_Difficulty01",
      "ID": 57
    },
    {
      "GroupGUID": "0c2b8753-7091-4551-8a31-fcffe3228ed9",
      "GroupPath": "Config/LevelOutput/Group/Groups_P44305_F44305004/LevelGroup_P44305_F44305004_G58.json",
      "DimensionFilter": {
        "FilterType": "All"
      },
      "Name": "Distructable_Difficulty01",
      "ID": 58
    },
    {
      "GroupGUID": "9d7ddf7d-db0e-4bf1-8f6e-e664d3adbbc5",
      "GroupPath": "Config/LevelOutput/Group/Groups_P44305_F44305004/LevelGroup_P44305_F44305004_G43.json",
      "DimensionFilter": {
        "FilterType": "All"
      },
      "Name": "Base",
      "ID": 43
    },
    {
      "GroupGUID": "6eff2c6d-54fb-4b4c-b340-b8b02bac5db2",
      "GroupPath": "Config/LevelOutput/Group/Groups_P44305_F44305004/LevelGroup_P44305_F44305004_G25.json",
      "DimensionFilter": {
        "FilterType": "All"
      },
      "Name": "BattleArea",
      "ID": 25
    },
    {
      "GroupGUID": "b6b40813-d525-4ba2-9914-a0622eb2f36f",
      "GroupPath": "Config/LevelOutput/Group/Groups_P44305_F44305004/LevelGroup_P44305_F44305004_G40.json",
      "DimensionFilter": {
        "FilterType": "All"
      },
      "Name": "Doors",
      "ID": 40
    },
    {
      "GroupGUID": "74e7e4af-5265-470f-b373-131ae17eedb1",
      "GroupPath": "Config/LevelOutput/Group/Groups_P44305_F44305004/LevelGroup_P44305_F44305004_G59.json",
      "DimensionFilter": {},
      "Name": "MainMission8022126_01",
      "ID": 59
    },
    {
      "GroupGUID": "a7c95753-1b5d-4ed8-a42e-2fbb5bec4158",
      "GroupPath": "Config/LevelOutput/Group/Groups_P44305_F44305004/LevelGroup_P44305_F44305004_G60.json",
      "DimensionFilter": {},
      "Name": "MainMission8022126_02",
      "ID": 60
    },
    {
      "GroupGUID": "a354fb93-1890-4ca8-afd4-05c0528f825b",
      "GroupPath": "Config/LevelOutput/Group/Groups_P44305_F44305004/LevelGroup_P44305_F44305004_G63.json",
      "DimensionFilter": {},
      "Name": "MainMission8022123_01",
      "ID": 63
    },
    {
      "GroupGUID": "99a34c9c-4800-4c9c-bd39-f6b11316c225",
      "GroupPath": "Config/LevelOutput/Group/Groups_P44305_F44305004/LevelGroup_P44305_F44305004_G35.json",
      "DimensionFilter": {
        "FilterType": "All"
      },
      "Name": "BGM",
      "ID": 35
    },
    {
      "GroupGUID": "9356b300-6ac4-4f9a-a833-bcafd31ad793",
      "GroupPath": "Config/LevelOutput/Group/Groups_P44305_F44305004/LevelGroup_P44305_F44305004_G33.json",
      "DimensionFilter": {
        "FilterType": "All"
      },
      "Name": "BGM",
      "ID": 33
    },
    {
      "GroupGUID": "cffd94f0-b867-4301-bc83-9bb90f8dde10",
      "GroupPath": "Config/LevelOutput/Group/Groups_P44305_F44305004/LevelGroup_P44305_F44305004_G34.json",
      "DimensionFilter": {
        "FilterType": "All"
      },
      "Name": "Sound",
      "ID": 34
    },
    {
      "GroupGUID": "08e6b0b2-94bc-482c-ac06-014c504da3bc",
      "GroupPath": "Config/LevelOutput/Group/Groups_P44305_F44305004/LevelGroup_P44305_F44305004_G37.json",
      "DimensionFilter": {
        "FilterType": "All"
      },
      "Name": "Sound-Reverb",
      "ID": 37
    },
    {
      "GroupGUID": "b62b1bdd-3c1f-4ae9-9f2d-587a79df647e",
      "GroupPath": "Config/LevelOutput/Group/Groups_P44305_F44305004/LevelGroup_P44305_F44305004_G69.json",
      "DimensionFilter": {
        "FilterType": "All"
      },
      "Name": "Sound",
      "ID": 69
    },
    {
      "GroupGUID": "ce71f94a-3513-4907-8d98-923a3e3b0772",
      "GroupPath": "Config/LevelOutput/Group/Groups_P44305_F44305004/LevelGroup_P44305_F44305004_G70.json",
      "DimensionFilter": {
        "FilterType": "All"
      },
      "Name": "Sound",
      "ID": 70
    },
    {
      "GroupGUID": "13c1bf57-9264-4053-bf35-45401c330472",
      "GroupPath": "Config/LevelOutput/Group/Groups_P44305_F44305004/LevelGroup_P44305_F44305004_G71.json",
      "DimensionFilter": {
        "FilterType": "All"
      },
      "Name": "Sound",
      "ID": 71
    },
    {
      "GroupGUID": "6221c6b1-9b7c-4d60-a611-5bed7ab83631",
      "GroupPath": "Config/LevelOutput/Group/Groups_P44305_F44305004/LevelGroup_P44305_F44305004_G72.json",
      "DimensionFilter": {
        "FilterType": "All"
      },
      "Name": "Sound",
      "ID": 72
    },
    {
      "GroupGUID": "95bfbbe3-5c88-4379-b65d-efb53663f798",
      "GroupPath": "Config/LevelOutput/Group/Groups_P44305_F44305004/LevelGroup_P44305_F44305004_G73.json",
      "DimensionFilter": {
        "FilterType": "All"
      },
      "Name": "Sound",
      "ID": 73
    }
  ],
  "DefaultEnviroProfile": "Stages/Outputs/Chapter03/EnviroProfile/Chap03_CloseView_ADV_INT_P101_night_01.enviroProfile.asset",
  "StageData": "Stages/Outputs/Chapter03/Stages/Chap03_MAZ_P101_MainLine_01_StageData/Chap03_MAZ_P101_MainLine_01_StageData.stage",
  "CameraType": "Maze",
  "TimeOfDayEnviroProfileMap": {},
  "LayerToAreaMask": [
    32,
    16,
    8
  ],
  "FloorCustomData": {
    "CustomValues": [
      {
        "$type": "RPG.GameCore.FloorCustomBoolConfig",
        "ID": 10001,
        "Name": "GuruGru_AirWall"
      },
      {
        "$type": "RPG.GameCore.FloorCustomBoolConfig",
        "ID": 10002,
        "Name": "GuruGru_AirWall_6M"
      },
      {
        "$type": "RPG.GameCore.FloorCustomBoolConfig",
        "ID": 10003,
        "Name": "GuruGru_AirWall_12M_01"
      },
      {
        "$type": "RPG.GameCore.FloorCustomBoolConfig",
        "ID": 10004,
        "Name": "Is_Frame_Interacted_01"
      },
      {
        "$type": "RPG.GameCore.FloorCustomBoolConfig",
        "ID": 10005,
        "Name": "Is_Frame_Interacted_02"
      },
      {
        "$type": "RPG.GameCore.FloorCustomBoolConfig",
        "ID": 10006,
        "Name": "Is_Frame_Interacted_03"
      },
      {
        "$type": "RPG.GameCore.FloorCustomBoolConfig",
        "ID": 10007,
        "Name": "Is_Chest_Interacted_01"
      },
      {
        "$type": "RPG.GameCore.FloorCustomBoolConfig",
        "ID": 10008,
        "Name": "Is_Chest_Interacted_02"
      },
      {
        "$type": "RPG.GameCore.FloorCustomBoolConfig",
        "ID": 10009,
        "Name": "Is_Chest_Interacted_03"
      },
      {
        "$type": "RPG.GameCore.FloorCustomBoolConfig",
        "ID": 10010,
        "Name": "Is_Frame_Interacted_04"
      },
      {
        "$type": "RPG.GameCore.FloorCustomBoolConfig",
        "ID": 10011,
        "Name": "Is_Frame_Interacted_05"
      }
    ],
    "SavedValues": [
      {
        "ID": 2,
        "Name": "BubbleCondition_01",
        "AllowedValues": [
          0,
          1,
          2
        ],
        "MaxValue": 2
      },
      {
        "ID": 3,
        "Name": "BubbleCondition_02",
        "AllowedValues": [
          0,
          1,
          2
        ],
        "MaxValue": 2
      },
      {
        "ID": 4,
        "Name": "BubbleCondition_03",
        "AllowedValues": [
          0,
          1,
          2
        ],
        "MaxValue": 2
      },
      {
        "ID": 1,
        "Name": "MissionClear",
        "AllowedValues": [
          0,
          1,
          2
        ],
        "MaxValue": 2
      }
    ]
  },
  "BattleAreaList": [],
  "DimensionList": [
    {}
  ],
  "CameraPrefabPath": "Level/Maze/Chapter03/Chap03_MAZ_P101_LevelArea.prefab",
  "LevelFeatureModules": [
    "RotatableRegion"
  ],
  "NavmapConfigPath": "Config/LevelOutput/Map/MapInfo_P20311_F20311001.json"
}