{
  "FloorID": 44301018,
  "FloorName": "FloorName_44301018",
  "StartGroupID": 1,
  "StartAnchorID": 1,
  "GroupList": [
    {
      "GroupGUID": "3cdfade9-905e-4b2c-83e8-27cd88565c5b",
      "GroupPath": "Config/LevelOutput/Group/Groups_P44301_F44301018/LevelGroup_P44301_F44301018_G1.json",
      "Name": "DefaultGroup",
      "ID": 1
    },
    {
      "GroupGUID": "8444589e-b037-4152-9570-637996e3c638",
      "GroupPath": "Config/LevelOutput/Group/Groups_P44301_F44301018/LevelGroup_P44301_F44301018_G2.json",
      "DimensionFilter": {},
      "Name": "Pinball",
      "ID": 2
    },
    {
      "GroupGUID": "00c56d97-a147-470c-bf78-cd9b3723e8a3",
      "GroupPath": "Config/LevelOutput/Group/Groups_P44301_F44301018/LevelGroup_P44301_F44301018_G3.json",
      "DimensionFilter": {},
      "Name": "MainMission8020218_弹珠机",
      "ID": 3
    },
    {
      "GroupGUID": "2e0fd959-2a30-4fb7-844a-1fba25fd1037",
      "GroupPath": "Config/LevelOutput/Group/Groups_P44301_F44301018/LevelGroup_P44301_F44301018_G4.json",
      "DimensionFilter": {},
      "Name": "Airwall",
      "ID": 4
    },
    {
      "GroupGUID": "9cf049e4-afb0-4d5a-9b14-a9939afcc7dd",
      "GroupPath": "Config/LevelOutput/Group/Groups_P44301_F44301018/LevelGroup_P44301_F44301018_G5.json",
      "Name": "BGM",
      "ID": 5
    },
    {
      "GroupGUID": "5fd28944-e4ab-4c22-ad43-c4355af0c621",
      "GroupPath": "Config/LevelOutput/Group/Groups_P44301_F44301018/LevelGroup_P44301_F44301018_G6.json",
      "Name": "Sound",
      "ID": 6
    },
    {
      "GroupGUID": "6aca249a-0b8f-4109-81c4-dce07f368d9c",
      "GroupPath": "Config/LevelOutput/Group/Groups_P44301_F44301018/LevelGroup_P44301_F44301018_G7.json",
      "Name": "Sound-Reverb",
      "ID": 7
    }
  ],
  "DefaultEnviroProfile": "Stages/Outputs/Chapter03/EnviroProfile/Chap03_CloseView_MAZ_P103_DreamEdge_night_01.enviroProfile.asset",
  "StageData": "Stages/Outputs/Chapter03/Stages/Chap03_MAZ_P103_StageData/Chap03_MAZ_P103_StageData.stage",
  "CameraType": "Maze",
  "TimeOfDayEnviroProfileMap": {},
  "LayerToAreaMask": [
    8
  ],
  "BattleAreaList": [],
  "DimensionList": [
    {}
  ],
  "NavmapConfigPath": "Config/LevelOutput/Map/MapInfo_P20313_F20313001.json",
  "IsRestartLevelGraph": false
}