{
  "FloorID": 44305005,
  "FloorName": "FloorName_44305005",
  "StartGroupID": 15,
  "StartAnchorID": 1,
  "GroupList": [
    {
      "GroupGUID": "8f5182e3-4986-4bf5-b5b3-c54758f91cfb",
      "GroupPath": "Config/LevelOutput/Group/Groups_P44305_F44305005/LevelGroup_P44305_F44305005_G15.json",
      "DimensionFilter": {
        "FilterType": "All"
      },
      "Name": "DefaultGroup",
      "ID": 15
    },
    {
      "GroupGUID": "9621f002-f926-435c-9b3e-f135f778c1d5",
      "GroupPath": "Config/LevelOutput/Group/Groups_P44305_F44305005/LevelGroup_P44305_F44305005_G27.json",
      "DimensionFilter": {},
      "Name": "MainMission8022127_Portal_05",
      "ID": 27
    },
    {
      "GroupGUID": "1c14644f-15de-4781-ba2e-f74ffd5d3285",
      "GroupPath": "Config/LevelOutput/Group/Groups_P44305_F44305005/LevelGroup_P44305_F44305005_G29.json",
      "DimensionFilter": {
        "FilterType": "All"
      },
      "Name": "Case3",
      "ID": 29
    },
    {
      "GroupGUID": "b3394981-7329-45d9-babb-a59e9e0f1334",
      "GroupPath": "Config/LevelOutput/Group/Groups_P44305_F44305005/LevelGroup_P44305_F44305005_G16.json",
      "DimensionFilter": {
        "FilterType": "All"
      },
      "Name": "GravityBoards_03",
      "ID": 16
    },
    {
      "GroupGUID": "ee8cd809-6d05-4e82-ad81-765bdb3c66ad",
      "GroupPath": "Config/LevelOutput/Group/Groups_P44305_F44305005/LevelGroup_P44305_F44305005_G17.json",
      "DimensionFilter": {
        "FilterType": "All"
      },
      "Name": "AirLock02_2",
      "ID": 17
    },
    {
      "GroupGUID": "4e5bce96-7c18-40f4-88cf-8422508ba443",
      "GroupPath": "Config/LevelOutput/Group/Groups_P44305_F44305005/LevelGroup_P44305_F44305005_G18.json",
      "DimensionFilter": {
        "FilterType": "All"
      },
      "Name": "AirLock02_1",
      "ID": 18
    },
    {
      "GroupGUID": "83b86ad0-98b3-4746-a571-05823e9c9d36",
      "GroupPath": "Config/LevelOutput/Group/Groups_P44305_F44305005/LevelGroup_P44305_F44305005_G19.json",
      "DimensionFilter": {
        "FilterType": "All"
      },
      "Name": "ExitIcon",
      "ID": 19
    },
    {
      "GroupGUID": "17ab23c6-b089-44cb-b4c0-3f574083e7bc",
      "GroupPath": "Config/LevelOutput/Group/Groups_P44305_F44305005/LevelGroup_P44305_F44305005_G26.json",
      "DimensionFilter": {},
      "Name": "MainMission8022127_06",
      "ID": 26
    },
    {
      "GroupGUID": "3478131d-2bdb-4bf1-b2e1-eae242c23c20",
      "GroupPath": "Config/LevelOutput/Group/Groups_P44305_F44305005/LevelGroup_P44305_F44305005_G35.json",
      "DimensionFilter": {
        "FilterType": "All"
      },
      "Name": "GravityBoards_01",
      "ID": 35
    },
    {
      "GroupGUID": "657dbb8a-1939-419b-82e0-95366ea3ab50",
      "GroupPath": "Config/LevelOutput/Group/Groups_P44305_F44305005/LevelGroup_P44305_F44305005_G36.json",
      "DimensionFilter": {
        "FilterType": "All"
      },
      "Name": "ChallengeRoom_StartPoint",
      "ID": 36
    },
    {
      "GroupGUID": "d4b08696-8b93-4417-8304-d2918fe9c55e",
      "GroupPath": "Config/LevelOutput/Group/Groups_P44305_F44305005/LevelGroup_P44305_F44305005_G37.json",
      "DimensionFilter": {},
      "Name": "MainMission8022127_ChallengeRoom_StartPoint",
      "ID": 37
    },
    {
      "GroupGUID": "5f8503fb-02e9-4fab-a327-58166aa4c22f",
      "GroupPath": "Config/LevelOutput/Group/Groups_P44305_F44305005/LevelGroup_P44305_F44305005_G39.json",
      "DimensionFilter": {},
      "Name": "MainMission8022127_07",
      "ID": 39
    },
    {
      "GroupGUID": "89417827-e259-4725-9c5a-b872a255bbb2",
      "GroupPath": "Config/LevelOutput/Group/Groups_P44305_F44305005/LevelGroup_P44305_F44305005_G30.json",
      "DimensionFilter": {
        "FilterType": "All"
      },
      "Name": "GuruguruCtrl",
      "ID": 30
    },
    {
      "GroupGUID": "c4d84188-c649-4313-9f6d-37ddcf87256b",
      "GroupPath": "Config/LevelOutput/Group/Groups_P44305_F44305005/LevelGroup_P44305_F44305005_G32.json",
      "DimensionFilter": {
        "FilterType": "All"
      },
      "Name": "GuruguruCtrl",
      "ID": 32
    },
    {
      "GroupGUID": "d7440167-6afa-4581-b461-b392a859dd94",
      "GroupPath": "Config/LevelOutput/Group/Groups_P44305_F44305005/LevelGroup_P44305_F44305005_G40.json",
      "DimensionFilter": {
        "FilterType": "All"
      },
      "Name": "GuruguruCtrl",
      "ID": 40
    },
    {
      "GroupGUID": "b1d3de72-b5a5-4c9d-a290-fda35faeec21",
      "GroupPath": "Config/LevelOutput/Group/Groups_P44305_F44305005/LevelGroup_P44305_F44305005_G20.json",
      "DimensionFilter": {
        "FilterType": "All"
      },
      "Name": "OneWayBridge",
      "ID": 20
    },
    {
      "GroupGUID": "6eedd541-62df-4765-8628-6fc3cd1e7399",
      "GroupPath": "Config/LevelOutput/Group/Groups_P44305_F44305005/LevelGroup_P44305_F44305005_G21.json",
      "DimensionFilter": {
        "FilterType": "All"
      },
      "Name": "OneWayBridge",
      "ID": 21
    },
    {
      "GroupGUID": "87a8a665-67fb-4f6f-b7b9-82ab70bc2063",
      "GroupPath": "Config/LevelOutput/Group/Groups_P44305_F44305005/LevelGroup_P44305_F44305005_G22.json",
      "DimensionFilter": {
        "FilterType": "All"
      },
      "Name": "OneWayBridge",
      "ID": 22
    },
    {
      "GroupGUID": "8c8b63bc-0d47-45f7-8a98-a2b7a9d70c7a",
      "GroupPath": "Config/LevelOutput/Group/Groups_P44305_F44305005/LevelGroup_P44305_F44305005_G34.json",
      "DimensionFilter": {
        "FilterType": "All"
      },
      "Name": "Case3Pose3",
      "ID": 34
    },
    {
      "GroupGUID": "ec663777-0e7f-4e3f-b445-e100180a25a6",
      "GroupPath": "Config/LevelOutput/Group/Groups_P44305_F44305005/LevelGroup_P44305_F44305005_G41.json",
      "DimensionFilter": {
        "FilterType": "All"
      },
      "Name": "Case3pose0",
      "ID": 41
    },
    {
      "GroupGUID": "1602b950-8aa8-42b8-8c86-bfe073ec73a2",
      "GroupPath": "Config/LevelOutput/Group/Groups_P44305_F44305005/LevelGroup_P44305_F44305005_G23.json",
      "DimensionFilter": {
        "FilterType": "All"
      },
      "Name": "Distractible_4_Pose0",
      "ID": 23
    },
    {
      "GroupGUID": "40bf71ab-693e-4fdf-af13-28f610e17f6b",
      "GroupPath": "Config/LevelOutput/Group/Groups_P44305_F44305005/LevelGroup_P44305_F44305005_G31.json",
      "DimensionFilter": {
        "FilterType": "All"
      },
      "Name": "Distractible_4_Pose0",
      "ID": 31
    },
    {
      "GroupGUID": "b1ea8125-7b41-4dff-89dd-2123d143f279",
      "GroupPath": "Config/LevelOutput/Group/Groups_P44305_F44305005/LevelGroup_P44305_F44305005_G33.json",
      "DimensionFilter": {
        "FilterType": "All"
      },
      "Name": "Distractible_4_Pose0",
      "ID": 33
    },
    {
      "GroupGUID": "be821203-7c76-4946-a676-3c0dcb61bc9f",
      "GroupPath": "Config/LevelOutput/Group/Groups_P44305_F44305005/LevelGroup_P44305_F44305005_G45.json",
      "DimensionFilter": {
        "FilterType": "All"
      },
      "Name": "distractible",
      "ID": 45
    },
    {
      "GroupGUID": "e7ac184b-333c-4719-be31-7b9b63decc18",
      "GroupPath": "Config/LevelOutput/Group/Groups_P44305_F44305005/LevelGroup_P44305_F44305005_G42.json",
      "DimensionFilter": {
        "FilterType": "All"
      },
      "Name": "Distractible_4_Pose5",
      "ID": 42
    },
    {
      "GroupGUID": "3a74f83f-2bd0-40a7-9154-78420cd73d76",
      "GroupPath": "Config/LevelOutput/Group/Groups_P44305_F44305005/LevelGroup_P44305_F44305005_G43.json",
      "DimensionFilter": {
        "FilterType": "All"
      },
      "Name": "Distractible_4_Pose0",
      "ID": 43
    },
    {
      "GroupGUID": "601a9c29-744c-4bde-a0f2-1ab92d4c7dbc",
      "GroupPath": "Config/LevelOutput/Group/Groups_P44305_F44305005/LevelGroup_P44305_F44305005_G38.json",
      "DimensionFilter": {
        "FilterType": "All"
      },
      "Name": "distractible",
      "ID": 38
    },
    {
      "GroupGUID": "d2ba4f33-22b3-4f76-b3bd-65357020bf9b",
      "GroupPath": "Config/LevelOutput/Group/Groups_P44305_F44305005/LevelGroup_P44305_F44305005_G11.json",
      "DimensionFilter": {
        "FilterType": "All"
      },
      "Name": "Base",
      "ID": 11
    },
    {
      "GroupGUID": "b392ab86-c161-41be-859b-e36efd6f99cf",
      "GroupPath": "Config/LevelOutput/Group/Groups_P44305_F44305005/LevelGroup_P44305_F44305005_G12.json",
      "DimensionFilter": {
        "FilterType": "All"
      },
      "Name": "BattleArea",
      "ID": 12
    },
    {
      "GroupGUID": "b4417855-b25d-42d2-b726-050dc899924d",
      "GroupPath": "Config/LevelOutput/Group/Groups_P44305_F44305005/LevelGroup_P44305_F44305005_G47.json",
      "DimensionFilter": {},
      "Name": "MainMission8022123_01",
      "ID": 47
    },
    {
      "GroupGUID": "92d57f0c-dc68-44ed-b1e9-8f1cf93a03f7",
      "GroupPath": "Config/LevelOutput/Group/Groups_P44305_F44305005/LevelGroup_P44305_F44305005_G7.json",
      "DimensionFilter": {
        "FilterType": "All"
      },
      "Name": "BGM",
      "ID": 7
    },
    {
      "GroupGUID": "23952994-78ad-4036-a436-5f20755c5923",
      "GroupPath": "Config/LevelOutput/Group/Groups_P44305_F44305005/LevelGroup_P44305_F44305005_G8.json",
      "DimensionFilter": {
        "FilterType": "All"
      },
      "Name": "BGM",
      "ID": 8
    },
    {
      "GroupGUID": "6e148bb7-f30a-4cb2-9b5e-bb8efb6d561e",
      "GroupPath": "Config/LevelOutput/Group/Groups_P44305_F44305005/LevelGroup_P44305_F44305005_G9.json",
      "DimensionFilter": {
        "FilterType": "All"
      },
      "Name": "Sound",
      "ID": 9
    },
    {
      "GroupGUID": "d855f387-9727-4a4f-be40-7d717b33666a",
      "GroupPath": "Config/LevelOutput/Group/Groups_P44305_F44305005/LevelGroup_P44305_F44305005_G10.json",
      "DimensionFilter": {
        "FilterType": "All"
      },
      "Name": "Sound-Reverb",
      "ID": 10
    },
    {
      "GroupGUID": "5daf0f5e-aef9-4da1-884c-3b359bd169de",
      "GroupPath": "Config/LevelOutput/Group/Groups_P44305_F44305005/LevelGroup_P44305_F44305005_G24.json",
      "DimensionFilter": {
        "FilterType": "All"
      },
      "Name": "Sound",
      "ID": 24,
      "IsDelete": true
    },
    {
      "GroupGUID": "ec354090-ca39-4e4b-8bbe-44cf5b8065f4",
      "GroupPath": "Config/LevelOutput/Group/Groups_P44305_F44305005/LevelGroup_P44305_F44305005_G25.json",
      "DimensionFilter": {
        "FilterType": "All"
      },
      "Name": "BGM",
      "ID": 25,
      "IsDelete": true
    },
    {
      "GroupGUID": "b56be98d-8181-4cf6-bffb-ece6b92b4401",
      "GroupPath": "Config/LevelOutput/Group/Groups_P44305_F44305005/LevelGroup_P44305_F44305005_G59.json",
      "DimensionFilter": {
        "FilterType": "All"
      },
      "Name": "Sound",
      "ID": 59
    },
    {
      "GroupGUID": "67e3774d-df75-4615-8624-25724b68e125",
      "GroupPath": "Config/LevelOutput/Group/Groups_P44305_F44305005/LevelGroup_P44305_F44305005_G60.json",
      "DimensionFilter": {
        "FilterType": "All"
      },
      "Name": "Sound",
      "ID": 60
    },
    {
      "GroupGUID": "76997de5-df3b-4cc3-a0f6-e22a50aa5eb6",
      "GroupPath": "Config/LevelOutput/Group/Groups_P44305_F44305005/LevelGroup_P44305_F44305005_G61.json",
      "DimensionFilter": {
        "FilterType": "All"
      },
      "Name": "Sound",
      "ID": 61
    },
    {
      "GroupGUID": "23675011-115a-47ec-830b-0df38a9bfb30",
      "GroupPath": "Config/LevelOutput/Group/Groups_P44305_F44305005/LevelGroup_P44305_F44305005_G62.json",
      "DimensionFilter": {
        "FilterType": "All"
      },
      "Name": "Sound",
      "ID": 62
    },
    {
      "GroupGUID": "c2ab642d-14a5-47ec-b21a-8ffd25571395",
      "GroupPath": "Config/LevelOutput/Group/Groups_P44305_F44305005/LevelGroup_P44305_F44305005_G63.json",
      "DimensionFilter": {
        "FilterType": "All"
      },
      "Name": "Sound",
      "ID": 63
    }
  ],
  "DefaultEnviroProfile": "Stages/Outputs/Chapter03/EnviroProfile/Chap03_CloseView_ADV_INT_P101_night_01.enviroProfile.asset",
  "StageData": "Stages/Outputs/Chapter03/Stages/Chap03_MAZ_P101_MainLine_01_StageData/Chap03_MAZ_P101_MainLine_01_StageData.stage",
  "CameraType": "Maze",
  "TimeOfDayEnviroProfileMap": {},
  "LayerToAreaMask": [
    32,
    16,
    8
  ],
  "FloorCustomData": {
    "CustomValues": [
      {
        "$type": "RPG.GameCore.FloorCustomBoolConfig",
        "ID": 10001,
        "Name": "GuruGru_AirWall"
      },
      {
        "$type": "RPG.GameCore.FloorCustomBoolConfig",
        "ID": 10002,
        "Name": "GuruGru_AirWall_6M"
      },
      {
        "$type": "RPG.GameCore.FloorCustomBoolConfig",
        "ID": 10003,
        "Name": "GuruGru_AirWall_12M_01"
      },
      {
        "$type": "RPG.GameCore.FloorCustomBoolConfig",
        "ID": 10004,
        "Name": "Is_Frame_Interacted_01"
      },
      {
        "$type": "RPG.GameCore.FloorCustomBoolConfig",
        "ID": 10005,
        "Name": "Is_Frame_Interacted_02"
      },
      {
        "$type": "RPG.GameCore.FloorCustomBoolConfig",
        "ID": 10006,
        "Name": "Is_Frame_Interacted_03"
      },
      {
        "$type": "RPG.GameCore.FloorCustomBoolConfig",
        "ID": 10007,
        "Name": "Is_Chest_Interacted_01"
      },
      {
        "$type": "RPG.GameCore.FloorCustomBoolConfig",
        "ID": 10008,
        "Name": "Is_Chest_Interacted_02"
      },
      {
        "$type": "RPG.GameCore.FloorCustomBoolConfig",
        "ID": 10009,
        "Name": "Is_Chest_Interacted_03"
      },
      {
        "$type": "RPG.GameCore.FloorCustomBoolConfig",
        "ID": 10010,
        "Name": "Is_Frame_Interacted_04"
      },
      {
        "$type": "RPG.GameCore.FloorCustomBoolConfig",
        "ID": 10011,
        "Name": "Is_Frame_Interacted_05"
      },
      {
        "$type": "RPG.GameCore.FloorCustomBoolConfig",
        "ID": 10012,
        "Name": "Is_Frame_Interacted_06"
      },
      {
        "$type": "RPG.GameCore.FloorCustomBoolConfig",
        "ID": 10013,
        "Name": "TriggerOpen"
      },
      {
        "$type": "RPG.GameCore.FloorCustomBoolConfig",
        "ID": 10014,
        "Name": "GuruGru_AirWall_01"
      }
    ],
    "SavedValues": [
      {
        "ID": 2,
        "Name": "BubbleCondition_01",
        "AllowedValues": [
          0,
          1,
          2
        ],
        "MaxValue": 2
      },
      {
        "ID": 3,
        "Name": "BubbleCondition_02",
        "AllowedValues": [
          0,
          1,
          2
        ],
        "MaxValue": 2
      },
      {
        "ID": 4,
        "Name": "BubbleCondition_03",
        "AllowedValues": [
          0,
          1,
          2
        ],
        "MaxValue": 2
      },
      {
        "ID": 2,
        "Name": "MissionClear",
        "AllowedValues": [
          0,
          1,
          2
        ],
        "MaxValue": 2
      }
    ],
    "ConstValues": [
      {
        "$type": "RPG.GameCore.FloorTargetAgentConfig",
        "AgentType": "Prop",
        "GroupID": 18,
        "InstanceID": 300003,
        "ID": 1,
        "Name": "Connection01"
      },
      {
        "$type": "RPG.GameCore.FloorTargetAgentConfig",
        "AgentType": "Prop",
        "GroupID": 17,
        "InstanceID": 300002,
        "ID": 2,
        "Name": "Connection02"
      },
      {
        "$type": "RPG.GameCore.FloorTargetAgentConfig",
        "ID": 3,
        "Name": "Connection03"
      },
      {
        "$type": "RPG.GameCore.FloorTargetAgentConfig",
        "ID": 4,
        "Name": "Connection04"
      },
      {
        "$type": "RPG.GameCore.FloorTargetAgentConfig",
        "ID": 5,
        "Name": "Connection05"
      },
      {
        "$type": "RPG.GameCore.FloorTargetAgentConfig",
        "ID": 6,
        "Name": "Connection06"
      },
      {
        "$type": "RPG.GameCore.FloorTargetAgentConfig",
        "ID": 7,
        "Name": "Connection07"
      },
      {
        "$type": "RPG.GameCore.FloorTargetAgentConfig",
        "ID": 12,
        "Name": "Connection08"
      },
      {
        "$type": "RPG.GameCore.FloorTargetAgentConfig",
        "ID": 13,
        "Name": "Connection09"
      },
      {
        "$type": "RPG.GameCore.FloorTargetAgentConfig",
        "ID": 14,
        "Name": "Connection10"
      },
      {
        "$type": "RPG.GameCore.FloorTargetAgentConfig",
        "ID": 15,
        "Name": "Connection11"
      },
      {
        "$type": "RPG.GameCore.FloorTargetAgentConfig",
        "ID": 16,
        "Name": "Connection12"
      },
      {
        "$type": "RPG.GameCore.FloorTargetAgentConfig",
        "ID": 17,
        "Name": "Connection13"
      },
      {
        "$type": "RPG.GameCore.FloorTargetAgentConfig",
        "ID": 18,
        "Name": "Connection14"
      },
      {
        "$type": "RPG.GameCore.FloorTargetAgentConfig",
        "ID": 19,
        "Name": "Connection15"
      },
      {
        "$type": "RPG.GameCore.FloorTargetAgentConfig",
        "ID": 20,
        "Name": "Connection16"
      },
      {
        "$type": "RPG.GameCore.FloorTargetAgentConfig",
        "ID": 21,
        "Name": "Connection17"
      }
    ]
  },
  "BattleAreaList": [],
  "DimensionList": [
    {}
  ],
  "CameraPrefabPath": "Level/Maze/Chapter03/Chap03_MAZ_P101_LevelArea.prefab",
  "LevelFeatureModules": [
    "RotatableRegion"
  ],
  "NavmapConfigPath": "Config/LevelOutput/Map/MapInfo_P20311_F20311001.json"
}