{
  "FloorID": 44301016,
  "FloorName": "FloorName_44301016",
  "StartGroupID": 1,
  "StartAnchorID": 1,
  "GroupList": [
    {
      "GroupGUID": "1bfdcf34-148f-463c-9c5a-aa4ed3b00ec0",
      "GroupPath": "Config/LevelOutput/Group/Groups_P44301_F44301016/LevelGroup_P44301_F44301016_G1.json",
      "DimensionFilter": {},
      "Name": "DefaultGroup",
      "ID": 1
    },
    {
      "GroupGUID": "cc9aa71b-32da-4a40-9304-80cfb43084da",
      "GroupPath": "Config/LevelOutput/Group/Groups_P44301_F44301016/LevelGroup_P44301_F44301016_G2.json",
      "DimensionFilter": {},
      "Name": "Pinball",
      "ID": 2
    },
    {
      "GroupGUID": "f0f913d0-cf66-4efe-b202-ce20114e91a5",
      "GroupPath": "Config/LevelOutput/Group/Groups_P44301_F44301016/LevelGroup_P44301_F44301016_G4.json",
      "DimensionFilter": {},
      "Name": "Airwall",
      "ID": 4
    },
    {
      "GroupGUID": "2e1a0ac4-d56e-4c41-86f5-295b551a723c",
      "GroupPath": "Config/LevelOutput/Group/Groups_P44301_F44301016/LevelGroup_P44301_F44301016_G5.json",
      "DimensionFilter": {},
      "Name": "MainMission8020216_弹珠机",
      "ID": 5
    },
    {
      "GroupGUID": "e8b980fb-33ca-42db-beeb-5697894f515a",
      "GroupPath": "Config/LevelOutput/Group/Groups_P44301_F44301016/LevelGroup_P44301_F44301016_G6.json",
      "Name": "BGM",
      "ID": 6
    },
    {
      "GroupGUID": "2751c163-aed6-44f4-9a0b-2ff1a0f00abd",
      "GroupPath": "Config/LevelOutput/Group/Groups_P44301_F44301016/LevelGroup_P44301_F44301016_G7.json",
      "Name": "Sound",
      "ID": 7
    },
    {
      "GroupGUID": "d3e44be5-54fe-4465-aedd-46086af4753f",
      "GroupPath": "Config/LevelOutput/Group/Groups_P44301_F44301016/LevelGroup_P44301_F44301016_G8.json",
      "Name": "Sound-Reverb",
      "ID": 8
    }
  ],
  "DefaultEnviroProfile": "Stages/Outputs/Chapter03/EnviroProfile/Chap03_CloseView_MAZ_P103_DreamEdge_night_01.enviroProfile.asset",
  "StageData": "Stages/Outputs/Chapter03/Stages/Chap03_MAZ_P103_StageData/Chap03_MAZ_P103_StageData.stage",
  "CameraType": "Maze",
  "TimeOfDayEnviroProfileMap": {},
  "LayerToAreaMask": [
    8
  ],
  "BattleAreaList": [],
  "DimensionList": [
    {}
  ],
  "NavmapConfigPath": "Config/LevelOutput/Map/MapInfo_P20313_F20313001.json",
  "IsRestartLevelGraph": false
}