{
  "FloorID": 44301010,
  "FloorName": "FloorName_44301010",
  "StartGroupID": 1,
  "StartAnchorID": 1,
  "GroupList": [
    {
      "GroupGUID": "b6153366-f0ec-46a9-8fb4-a40243addf6c",
      "GroupPath": "Config/LevelOutput/Group/Groups_P44301_F44301010/LevelGroup_P44301_F44301010_G1.json",
      "Name": "DefaultGroup",
      "ID": 1
    },
    {
      "GroupGUID": "f12086f3-b928-42bf-8400-ed471bb02dec",
      "GroupPath": "Config/LevelOutput/Group/Groups_P44301_F44301010/LevelGroup_P44301_F44301010_G2.json",
      "DimensionFilter": {},
      "Name": "DefaultGroup",
      "ID": 2
    },
    {
      "GroupGUID": "681a5a0f-9e22-49dd-91f8-82c816863f97",
      "GroupPath": "Config/LevelOutput/Group/Groups_P44301_F44301010/LevelGroup_P44301_F44301010_G3.json",
      "DimensionFilter": {},
      "Name": "ClockToy",
      "ID": 3
    },
    {
      "GroupGUID": "49fc4af4-bf98-4eef-8a10-9320e3bbffcb",
      "GroupPath": "Config/LevelOutput/Group/Groups_P44301_F44301010/LevelGroup_P44301_F44301010_G4.json",
      "DimensionFilter": {},
      "Name": "AirWalls",
      "ID": 4
    },
    {
      "GroupGUID": "e1349a5b-3438-49fe-b63f-57b437d588e2",
      "GroupPath": "Config/LevelOutput/Group/Groups_P44301_F44301010/LevelGroup_P44301_F44301010_G5.json",
      "DimensionFilter": {},
      "Name": "BGM",
      "ID": 5
    },
    {
      "GroupGUID": "d4ea04dd-2549-4fea-8dfa-fe7b4121bf04",
      "GroupPath": "Config/LevelOutput/Group/Groups_P44301_F44301010/LevelGroup_P44301_F44301010_G6.json",
      "Name": "Sound",
      "ID": 6
    },
    {
      "GroupGUID": "bcf498ee-415c-40cc-98e8-54e93821945d",
      "GroupPath": "Config/LevelOutput/Group/Groups_P44301_F44301010/LevelGroup_P44301_F44301010_G7.json",
      "Name": "Sound-Reverb",
      "ID": 7
    }
  ],
  "DefaultEnviroProfile": "Stages/Outputs/Chapter03/EnviroProfile/Chap03_CloseView_ADV_INT_P101_night_01.enviroProfile.asset",
  "StageData": "Stages/Outputs/Chapter03/Stages/Chap03_MAZ_P101_MainLine_01_StageData/Chap03_MAZ_P101_MainLine_01_StageData.stage",
  "CameraType": "Maze",
  "TimeOfDayEnviroProfileMap": {},
  "LayerToAreaMask": [
    32,
    16,
    8
  ],
  "BattleAreaList": [],
  "DimensionList": [
    {}
  ],
  "CameraPrefabPath": "Level/Maze/Chapter03/Chap03_MAZ_P101_LevelArea.prefab",
  "NavmapConfigPath": "Config/LevelOutput/Map/MapInfo_P20311_F20311001.json",
  "IsRestartLevelGraph": false
}