{
  "FloorID": 44301006,
  "FloorName": "FloorName_44301006",
  "StartGroupID": 1,
  "StartAnchorID": 1,
  "GroupList": [
    {
      "GroupGUID": "0c091c23-9ea9-46ff-b126-73778e752540",
      "GroupPath": "Config/LevelOutput/Group/Groups_P44301_F44301006/LevelGroup_P44301_F44301006_G1.json",
      "Name": "DefaultGroup",
      "ID": 1
    },
    {
      "GroupGUID": "e42a6644-8963-49da-b134-8541ae084020",
      "GroupPath": "Config/LevelOutput/Group/Groups_P44301_F44301006/LevelGroup_P44301_F44301006_G2.json",
      "Name": "DefaultGroup",
      "ID": 2
    },
    {
      "GroupGUID": "eba217af-fb3a-4fa8-914a-a650a4f1f5ce",
      "GroupPath": "Config/LevelOutput/Group/Groups_P44301_F44301006/LevelGroup_P44301_F44301006_G16.json",
      "DimensionFilter": {},
      "Name": "WolfGroup",
      "ID": 16
    },
    {
      "GroupGUID": "816eb838-c87f-4fe0-81cf-c29df80c767a",
      "GroupPath": "Config/LevelOutput/Group/Groups_P44301_F44301006/LevelGroup_P44301_F44301006_G17.json",
      "DimensionFilter": {},
      "Name": "WolfBroGroup",
      "ID": 17
    },
    {
      "GroupGUID": "2eb66610-63df-4317-8922-0401f9055fb8",
      "GroupPath": "Config/LevelOutput/Group/Groups_P44301_F44301006/LevelGroup_P44301_F44301006_G18.json",
      "DimensionFilter": {},
      "Name": "WolfMonster",
      "ID": 18
    },
    {
      "GroupGUID": "a2350bef-0ec6-48c1-8238-612905b1b3b7",
      "GroupPath": "Config/LevelOutput/Group/Groups_P44301_F44301006/LevelGroup_P44301_F44301006_G19.json",
      "DimensionFilter": {},
      "Name": "OrigamiBird_Normal",
      "ID": 19
    },
    {
      "GroupGUID": "32a6c32f-8cd6-4f4b-b81c-5f258d0ea790",
      "GroupPath": "Config/LevelOutput/Group/Groups_P44301_F44301006/LevelGroup_P44301_F44301006_G20.json",
      "DimensionFilter": {},
      "Name": "OrigamiBird_Normal",
      "ID": 20
    },
    {
      "GroupGUID": "a1e74051-54a2-4c3c-8dc8-b7dbab42999c",
      "GroupPath": "Config/LevelOutput/Group/Groups_P44301_F44301006/LevelGroup_P44301_F44301006_G24.json",
      "DimensionFilter": {},
      "Name": "BGM",
      "ID": 24
    },
    {
      "GroupGUID": "f8fd6df1-c93c-48ab-9d13-4b4ba0ddfeb4",
      "GroupPath": "Config/LevelOutput/Group/Groups_P44301_F44301006/LevelGroup_P44301_F44301006_G25.json",
      "DimensionFilter": {},
      "Name": "Sound",
      "ID": 25
    },
    {
      "GroupGUID": "5127a6bc-5f1f-4ced-b1c8-27f90a1ba93f",
      "GroupPath": "Config/LevelOutput/Group/Groups_P44301_F44301006/LevelGroup_P44301_F44301006_G26.json",
      "Name": "Sound-Vocal",
      "ID": 26
    },
    {
      "GroupGUID": "57f8e591-20ba-4b6b-b205-b7bc657a5c19",
      "GroupPath": "Config/LevelOutput/Group/Groups_P44301_F44301006/LevelGroup_P44301_F44301006_G34.json",
      "Name": "AirWall",
      "ID": 34
    }
  ],
  "DefaultEnviroProfile": "Stages/Outputs/Chapter03/EnviroProfile/Chap03_CloseView_ADV_MAZ_P01_Night.enviroProfile.asset",
  "StageData": "Stages/Outputs/Chapter03/Stages/Chap03_ADV_P01_StageData/Chap03_ADV_P01_StageData.stage",
  "TimeOfDayEnviroProfileMap": {},
  "LayerToAreaMask": [
    8,
    16,
    32
  ],
  "FloorCustomData": {
    "SavedValues": [
      {
        "ID": 1,
        "Name": "IsWolf01",
        "AllowedValues": [
          0,
          1
        ],
        "MaxValue": 1
      }
    ]
  },
  "BattleAreaList": [],
  "DimensionList": [
    {}
  ],
  "CameraPrefabPath": "Level/Maze/Chapter03/Chap03_ADV_P01_LevelArea.prefab",
  "NavmapConfigPath": "Config/LevelOutput/Map/MapInfo_P10301_F10301001.json",
  "IsRestartLevelGraph": false
}