{
  "FloorID": 44301021,
  "FloorName": "FloorName_44301021",
  "StartGroupID": 3,
  "StartAnchorID": 1,
  "GroupList": [
    {
      "GroupGUID": "70cb54d9-d192-47ad-99fb-3ac42a782481",
      "GroupPath": "Config/LevelOutput/Group/Groups_P44301_F44301021/LevelGroup_P44301_F44301021_G3.json",
      "DimensionFilter": {},
      "Name": "DefaultGroup",
      "ID": 3
    },
    {
      "GroupGUID": "c8a555ed-98a1-4ed1-880a-14dc973529bb",
      "GroupPath": "Config/LevelOutput/Group/Groups_P44301_F44301021/LevelGroup_P44301_F44301021_G4.json",
      "DimensionFilter": {},
      "Name": "DefaultGroup",
      "ID": 4
    },
    {
      "GroupGUID": "c22e5ae6-66b5-4998-b240-234fc9d72bc6",
      "GroupPath": "Config/LevelOutput/Group/Groups_P44301_F44301021/LevelGroup_P44301_F44301021_G15.json",
      "Name": "BGM",
      "ID": 15
    },
    {
      "GroupGUID": "73816c71-14ad-40e0-9762-2dd9b80ee296",
      "GroupPath": "Config/LevelOutput/Group/Groups_P44301_F44301021/LevelGroup_P44301_F44301021_G16.json",
      "Name": "Sound",
      "ID": 16
    },
    {
      "GroupGUID": "1625478b-a461-464c-8419-8685343bf6c6",
      "GroupPath": "Config/LevelOutput/Group/Groups_P44301_F44301021/LevelGroup_P44301_F44301021_G17.json",
      "DimensionFilter": {},
      "Name": "ClockToy",
      "ID": 17
    },
    {
      "GroupGUID": "23ae6e8a-ce5c-477f-900f-bcf59df0cd04",
      "GroupPath": "Config/LevelOutput/Group/Groups_P44301_F44301021/LevelGroup_P44301_F44301021_G18.json",
      "DimensionFilter": {},
      "Name": "AirWalls",
      "ID": 18
    },
    {
      "GroupGUID": "4244c111-896d-4af2-92b9-3c6f5a104e66",
      "GroupPath": "Config/LevelOutput/Group/Groups_P44301_F44301021/LevelGroup_P44301_F44301021_G20.json",
      "Name": "Sound-Reverb",
      "ID": 20
    },
    {
      "GroupGUID": "c869b32d-d877-413f-8f4f-671dc3bfab91",
      "GroupPath": "Config/LevelOutput/Group/Groups_P44301_F44301021/LevelGroup_P44301_F44301021_G21.json",
      "DimensionFilter": {},
      "Name": "Sound-Reverb",
      "ID": 21
    }
  ],
  "DefaultEnviroProfile": "Stages/Outputs/Chapter03/EnviroProfile/Chap03_CloseView_ADV_INT_P00_night_01.enviroProfile.asset",
  "StageData": "Stages/Outputs/Chapter03/Stages/Chap03_ADV_P00_StageData/Chap03_ADV_P00_StageData.stage",
  "TimeOfDayEnviroProfileMap": {},
  "LayerToAreaMask": [
    8,
    16,
    32
  ],
  "BattleAreaList": [],
  "DimensionList": [
    {}
  ],
  "CameraPrefabPath": "Level/Maze/Chapter03/Chap03_ADV_P05_LevelArea.prefab",
  "NavmapConfigPath": "Config/LevelOutput/Map/MapInfo_P10305_F10305001.json",
  "IsRestartLevelGraph": false
}