{
  "FloorID": 44305001,
  "FloorName": "FloorName_44305001",
  "StartGroupID": 1,
  "StartAnchorID": 1,
  "GroupList": [
    {
      "GroupGUID": "405ef848-61bc-4962-92aa-b2e929ef6cd1",
      "GroupPath": "Config/LevelOutput/Group/Groups_P44305_F44305001/LevelGroup_P44305_F44305001_G1.json",
      "DimensionFilter": {},
      "Name": "DefaultGroup",
      "ID": 1
    },
    {
      "GroupGUID": "e75a2f52-2bfa-4228-9ba5-354170e2ac4b",
      "GroupPath": "Config/LevelOutput/Group/Groups_P44305_F44305001/LevelGroup_P44305_F44305001_G7.json",
      "DimensionFilter": {
        "FilterType": "All"
      },
      "Name": "Door",
      "ID": 7
    },
    {
      "GroupGUID": "04145e52-8c2b-4177-a919-5ec7919c60b4",
      "GroupPath": "Config/LevelOutput/Group/Groups_P44305_F44305001/LevelGroup_P44305_F44305001_G3.json",
      "DimensionFilter": {},
      "Name": "WolfBroGroup",
      "ID": 3
    },
    {
      "GroupGUID": "bb490953-ed75-4e7c-8a20-9a2749cc3b82",
      "GroupPath": "Config/LevelOutput/Group/Groups_P44305_F44305001/LevelGroup_P44305_F44305001_G4.json",
      "DimensionFilter": {
        "FilterType": "All"
      },
      "Name": "Board",
      "ID": 4
    },
    {
      "GroupGUID": "efb3fa41-f488-47df-afe6-56dba694d778",
      "GroupPath": "Config/LevelOutput/Group/Groups_P44305_F44305001/LevelGroup_P44305_F44305001_G5.json",
      "DimensionFilter": {
        "FilterType": "All"
      },
      "Name": "Monster",
      "ID": 5
    },
    {
      "GroupGUID": "2299264f-ec8c-48a4-a911-d4a10c832308",
      "GroupPath": "Config/LevelOutput/Group/Groups_P44305_F44305001/LevelGroup_P44305_F44305001_G6.json",
      "DimensionFilter": {
        "FilterType": "All"
      },
      "Name": "HideChest",
      "ID": 6
    },
    {
      "GroupGUID": "3593b332-46c1-424a-94f7-60ad406966ed",
      "GroupPath": "Config/LevelOutput/Group/Groups_P44305_F44305001/LevelGroup_P44305_F44305001_G8.json",
      "DimensionFilter": {
        "FilterType": "All"
      },
      "Name": "Board",
      "ID": 8
    },
    {
      "GroupGUID": "f3ba744f-fa14-4e5f-bc2c-9e143c4bc262",
      "GroupPath": "Config/LevelOutput/Group/Groups_P44305_F44305001/LevelGroup_P44305_F44305001_G9.json",
      "DimensionFilter": {
        "FilterType": "All"
      },
      "Name": "Monster",
      "ID": 9
    },
    {
      "GroupGUID": "a9ea0ace-31cb-4ccb-b0a9-eef96a1c5256",
      "GroupPath": "Config/LevelOutput/Group/Groups_P44305_F44305001/LevelGroup_P44305_F44305001_G10.json",
      "DimensionFilter": {
        "FilterType": "All"
      },
      "Name": "HideChest",
      "ID": 10
    },
    {
      "GroupGUID": "339bae19-9535-41cf-82de-8d31bad6ab95",
      "GroupPath": "Config/LevelOutput/Group/Groups_P44305_F44305001/LevelGroup_P44305_F44305001_G18.json",
      "DimensionFilter": {
        "FilterType": "All"
      },
      "Name": "BoardActor",
      "ID": 18
    },
    {
      "GroupGUID": "5e01f19c-e782-4ce5-8bd2-da0e46cc4f31",
      "GroupPath": "Config/LevelOutput/Group/Groups_P44305_F44305001/LevelGroup_P44305_F44305001_G15.json",
      "DimensionFilter": {
        "FilterType": "All"
      },
      "Name": "Bridge",
      "ID": 15
    },
    {
      "GroupGUID": "95c80dc4-a55a-4e04-a25e-68df007e314d",
      "GroupPath": "Config/LevelOutput/Group/Groups_P44305_F44305001/LevelGroup_P44305_F44305001_G12.json",
      "DimensionFilter": {
        "FilterType": "All"
      },
      "Name": "Monster",
      "ID": 12
    },
    {
      "GroupGUID": "b7d3ff39-8976-4e50-9c4c-43f01cfbabd7",
      "GroupPath": "Config/LevelOutput/Group/Groups_P44305_F44305001/LevelGroup_P44305_F44305001_G17.json",
      "DimensionFilter": {
        "FilterType": "All"
      },
      "Name": "Rocket",
      "ID": 17
    },
    {
      "GroupGUID": "83c50c82-0e7f-4834-a21c-55c54468a846",
      "GroupPath": "Config/LevelOutput/Group/Groups_P44305_F44305001/LevelGroup_P44305_F44305001_G16.json",
      "DimensionFilter": {
        "FilterType": "All"
      },
      "Name": "EndBridge",
      "ID": 16
    },
    {
      "GroupGUID": "2c1232a2-005d-4d8e-a718-398adb1a3c22",
      "GroupPath": "Config/LevelOutput/Group/Groups_P44305_F44305001/LevelGroup_P44305_F44305001_G19.json",
      "DimensionFilter": {},
      "Name": "MainMission8022121_01",
      "ID": 19
    },
    {
      "GroupGUID": "eefd8cd8-dff9-4ed1-93d8-8de6a6c04cfb",
      "GroupPath": "Config/LevelOutput/Group/Groups_P44305_F44305001/LevelGroup_P44305_F44305001_G20.json",
      "DimensionFilter": {},
      "Name": "MainMission8022121_02",
      "ID": 20
    },
    {
      "GroupGUID": "c0d90f8f-1fe2-4680-82e7-77f79918a476",
      "GroupPath": "Config/LevelOutput/Group/Groups_P44305_F44305001/LevelGroup_P44305_F44305001_G21.json",
      "DimensionFilter": {},
      "Name": "MainMission8022121_03",
      "ID": 21
    },
    {
      "GroupGUID": "4c0c8914-252e-4d54-8536-b8237197d149",
      "GroupPath": "Config/LevelOutput/Group/Groups_P44305_F44305001/LevelGroup_P44305_F44305001_G22.json",
      "DimensionFilter": {},
      "Name": "MainMission8022121_04",
      "ID": 22
    },
    {
      "GroupGUID": "99409684-5fb2-4e5d-8c43-ebd6f461c4f5",
      "GroupPath": "Config/LevelOutput/Group/Groups_P44305_F44305001/LevelGroup_P44305_F44305001_G23.json",
      "DimensionFilter": {},
      "Name": "MainMission8022121_05",
      "ID": 23
    },
    {
      "GroupGUID": "7fb3ae13-cf7b-462e-b172-11908eccaae0",
      "GroupPath": "Config/LevelOutput/Group/Groups_P44305_F44305001/LevelGroup_P44305_F44305001_G24.json",
      "DimensionFilter": {},
      "Name": "MainMission8022121_06",
      "ID": 24
    },
    {
      "GroupGUID": "aa0a24d0-6569-436d-9ed4-6b684845b13e",
      "GroupPath": "Config/LevelOutput/Group/Groups_P44305_F44305001/LevelGroup_P44305_F44305001_G25.json",
      "DimensionFilter": {
        "FilterType": "All"
      },
      "Name": "Portal_1_2",
      "ID": 25
    },
    {
      "GroupGUID": "461823c2-59aa-4b3c-ac34-bc3722631dd2",
      "GroupPath": "Config/LevelOutput/Group/Groups_P44305_F44305001/LevelGroup_P44305_F44305001_G26.json",
      "DimensionFilter": {
        "FilterType": "All"
      },
      "Name": "Portal_2_3",
      "ID": 26
    },
    {
      "GroupGUID": "c44214e6-c8c7-470f-b261-85b93f988896",
      "GroupPath": "Config/LevelOutput/Group/Groups_P44305_F44305001/LevelGroup_P44305_F44305001_G27.json",
      "DimensionFilter": {
        "FilterType": "All"
      },
      "Name": "BoardCover_1",
      "ID": 27
    },
    {
      "GroupGUID": "a50c43de-07fe-4178-89b6-4255d5853c63",
      "GroupPath": "Config/LevelOutput/Group/Groups_P44305_F44305001/LevelGroup_P44305_F44305001_G28.json",
      "DimensionFilter": {
        "FilterType": "All"
      },
      "Name": "BoardCover_2",
      "ID": 28
    },
    {
      "GroupGUID": "7046999d-a974-42de-9627-c93671788b76",
      "GroupPath": "Config/LevelOutput/Group/Groups_P44305_F44305001/LevelGroup_P44305_F44305001_G29.json",
      "DimensionFilter": {
        "FilterType": "All"
      },
      "Name": "BoardCover_3",
      "ID": 29
    },
    {
      "GroupGUID": "4e0ad186-9f02-4a02-b7ac-125608ea5c65",
      "GroupPath": "Config/LevelOutput/Group/Groups_P44305_F44305001/LevelGroup_P44305_F44305001_G30.json",
      "DimensionFilter": {
        "FilterType": "All"
      },
      "Name": "BoardCover_4",
      "ID": 30
    },
    {
      "GroupGUID": "626ea813-e523-41d6-ba16-f3911f772ece",
      "GroupPath": "Config/LevelOutput/Group/Groups_P44305_F44305001/LevelGroup_P44305_F44305001_G31.json",
      "DimensionFilter": {
        "FilterType": "All"
      },
      "Name": "BoardCover_5",
      "ID": 31
    },
    {
      "GroupGUID": "d27799a2-b251-4bbc-97ca-f2ead97b1be2",
      "GroupPath": "Config/LevelOutput/Group/Groups_P44305_F44305001/LevelGroup_P44305_F44305001_G39.json",
      "Name": "Sound",
      "ID": 39
    },
    {
      "GroupGUID": "5d930039-f863-49dd-a4d8-5dfbfa5cd78d",
      "GroupPath": "Config/LevelOutput/Group/Groups_P44305_F44305001/LevelGroup_P44305_F44305001_G40.json",
      "Name": "Sound_Reverb",
      "ID": 40
    },
    {
      "GroupGUID": "f6a1502d-656a-4d49-9f95-bc83afb90222",
      "GroupPath": "Config/LevelOutput/Group/Groups_P44305_F44305001/LevelGroup_P44305_F44305001_G41.json",
      "DimensionFilter": {
        "FilterType": "All"
      },
      "Name": "SavePoint_3",
      "ID": 41
    }
  ],
  "DefaultEnviroProfile": "Stages/Outputs/Chapter03/EnviroProfile/Chap03_CloseView_MAZ_P301_Night_01.enviroProfile.asset",
  "StageData": "Stages/Outputs/Chapter03/Stages/Chap03_MAZ_P301_StageData/Chap03_MAZ_P301_StageData.stage",
  "CameraType": "Maze",
  "TimeOfDayEnviroProfileMap": {},
  "LayerToAreaMask": [
    1
  ],
  "FloorCustomData": {
    "CustomValues": [
      {
        "$type": "RPG.GameCore.FloorCustomFloatConfig",
        "ID": 10001,
        "Name": "BoardSaved_1"
      },
      {
        "$type": "RPG.GameCore.FloorCustomFloatConfig",
        "ID": 10002,
        "Name": "BoardSaved_2"
      },
      {
        "$type": "RPG.GameCore.FloorCustomFloatConfig",
        "ID": 10003,
        "Name": "BoardSaved_3"
      },
      {
        "$type": "RPG.GameCore.FloorCustomFloatConfig",
        "ID": 10004,
        "Name": "BoardSaved_4"
      },
      {
        "$type": "RPG.GameCore.FloorCustomFloatConfig",
        "ID": 10005,
        "Name": "BoardSaved_5"
      },
      {
        "$type": "RPG.GameCore.FloorCustomFloatConfig",
        "ID": 10006,
        "Name": "BoardHit_01"
      },
      {
        "$type": "RPG.GameCore.FloorCustomFloatConfig",
        "ID": 10007,
        "Name": "BoardHit_02"
      },
      {
        "$type": "RPG.GameCore.FloorCustomFloatConfig",
        "ID": 10008,
        "Name": "BoardHit_03"
      },
      {
        "$type": "RPG.GameCore.FloorCustomFloatConfig",
        "ID": 10009,
        "Name": "BoardHit_04"
      },
      {
        "$type": "RPG.GameCore.FloorCustomFloatConfig",
        "ID": 10010,
        "Name": "BoardHit_05"
      },
      {
        "$type": "RPG.GameCore.FloorCustomFloatConfig",
        "ID": 10011,
        "Name": "Ending"
      }
    ],
    "SavedValues": [
      {
        "ID": 4,
        "Name": "BoardHit_01",
        "AllowedValues": [
          0,
          1
        ],
        "MaxValue": 1
      },
      {
        "ID": 5,
        "Name": "BoardHit_02",
        "AllowedValues": [
          0,
          1
        ],
        "MaxValue": 1
      },
      {
        "ID": 6,
        "Name": "BoardHit_03",
        "AllowedValues": [
          0,
          1
        ],
        "MaxValue": 1
      },
      {
        "ID": 7,
        "Name": "BoardHit_04",
        "AllowedValues": [
          0,
          1
        ],
        "MaxValue": 1
      },
      {
        "ID": 8,
        "Name": "BoardHit_05",
        "AllowedValues": [
          0,
          1
        ],
        "MaxValue": 1
      },
      {
        "ID": 9,
        "Name": "Ending",
        "AllowedValues": [
          0,
          1
        ],
        "MaxValue": 1
      },
      {
        "ID": 10,
        "Name": "BoardSaved_1",
        "AllowedValues": [
          0,
          1
        ],
        "MaxValue": 1
      },
      {
        "ID": 11,
        "Name": "BoardSaved_2",
        "AllowedValues": [
          0,
          1
        ],
        "MaxValue": 1
      },
      {
        "ID": 12,
        "Name": "BoardSaved_3",
        "AllowedValues": [
          0,
          1
        ],
        "MaxValue": 1
      },
      {
        "ID": 13,
        "Name": "BoardSaved_4",
        "AllowedValues": [
          0,
          1
        ],
        "MaxValue": 1
      },
      {
        "ID": 14,
        "Name": "BoardSaved_5",
        "AllowedValues": [
          0,
          1
        ],
        "MaxValue": 1
      },
      {
        "ID": 15,
        "Name": "Bridge",
        "AllowedValues": [
          0,
          1
        ],
        "MaxValue": 1
      },
      {
        "ID": 16,
        "Name": "AllMonsterKilled",
        "AllowedValues": [
          0,
          1
        ],
        "MaxValue": 1
      },
      {
        "ID": 17,
        "Name": "Board_Floor_1",
        "AllowedValues": [
          0,
          1
        ],
        "MaxValue": 1
      },
      {
        "ID": 18,
        "Name": "Board_Floor_2",
        "AllowedValues": [
          0,
          1
        ],
        "MaxValue": 1
      },
      {
        "ID": 19,
        "Name": "Cover",
        "AllowedValues": [
          0,
          1
        ],
        "MaxValue": 1
      },
      {
        "ID": 20,
        "Name": "3rdFloorActor",
        "AllowedValues": [
          0,
          1
        ],
        "MaxValue": 1
      },
      {
        "ID": 21,
        "Name": "Portal_1_2",
        "AllowedValues": [
          0,
          1
        ],
        "MaxValue": 1
      },
      {
        "ID": 22,
        "Name": "Portal_2_3",
        "AllowedValues": [
          0,
          1
        ],
        "MaxValue": 1
      },
      {
        "ID": 28,
        "Name": "BoardHitCheck_1",
        "AllowedValues": [
          0,
          1
        ],
        "MaxValue": 1
      },
      {
        "ID": 29,
        "Name": "BoardHitCheck_2",
        "AllowedValues": [
          0,
          1
        ],
        "MaxValue": 1
      },
      {
        "ID": 30,
        "Name": "BoardHitCheck_3",
        "AllowedValues": [
          0,
          1
        ],
        "MaxValue": 1
      },
      {
        "ID": 31,
        "Name": "BoardHitCheck_4",
        "AllowedValues": [
          0,
          1
        ],
        "MaxValue": 1
      },
      {
        "ID": 32,
        "Name": "BoardHitCheck_5",
        "AllowedValues": [
          0,
          1
        ],
        "MaxValue": 1
      },
      {
        "ID": 33,
        "Name": "LastMissionCheck",
        "AllowedValues": [
          0,
          1
        ],
        "MaxValue": 1
      }
    ]
  },
  "BattleAreaList": [],
  "DimensionList": [
    {}
  ],
  "NavmapConfigPath": "Config/LevelOutput/Map/MapInfo_P20331_F20331001.json"
}