{
  "FloorID": 44302001,
  "FloorName": "FloorName_44302001",
  "StartGroupID": 2,
  "StartAnchorID": 1,
  "GroupList": [
    {
      "GroupGUID": "845d37f4-83e3-4383-bc1b-0d8fda39411d",
      "GroupPath": "Config/LevelOutput/Group/Groups_P44302_F44302001/LevelGroup_P44302_F44302001_G2.json",
      "DimensionFilter": {},
      "Name": "DefaultGroup",
      "ID": 2
    },
    {
      "GroupGUID": "8472a081-45a9-4f80-99a8-94f0d4d04246",
      "GroupPath": "Config/LevelOutput/Group/Groups_P44302_F44302001/LevelGroup_P44302_F44302001_G35.json",
      "DimensionFilter": {
        "FilterType": "All"
      },
      "Name": "Anchor_Raid",
      "ID": 35
    },
    {
      "GroupGUID": "216e2415-7e40-47e7-923d-6dae2420b043",
      "GroupPath": "Config/LevelOutput/Group/Groups_P44302_F44302001/LevelGroup_P44302_F44302001_G3.json",
      "DimensionFilter": {},
      "Name": "Temp_Doors",
      "ID": 3
    },
    {
      "GroupGUID": "25bb8a86-2c7c-4ed5-807d-8e7eebd20a4a",
      "GroupPath": "Config/LevelOutput/Group/Groups_P44302_F44302001/LevelGroup_P44302_F44302001_G4.json",
      "DimensionFilter": {},
      "Name": "Blockade",
      "ID": 4
    },
    {
      "GroupGUID": "7b25834e-78d4-40a2-8b1c-3aeb51f0ab15",
      "GroupPath": "Config/LevelOutput/Group/Groups_P44302_F44302001/LevelGroup_P44302_F44302001_G5.json",
      "DimensionFilter": {},
      "Name": "Region2_Airlock",
      "ID": 5
    },
    {
      "GroupGUID": "c69d4899-e911-4613-a628-0ccdb5c4b051",
      "GroupPath": "Config/LevelOutput/Group/Groups_P44302_F44302001/LevelGroup_P44302_F44302001_G6.json",
      "DimensionFilter": {},
      "Name": "Pose0_Charger",
      "ID": 6
    },
    {
      "GroupGUID": "5fcd5b62-36a7-40ae-8b34-420651a3ef24",
      "GroupPath": "Config/LevelOutput/Group/Groups_P44302_F44302001/LevelGroup_P44302_F44302001_G7.json",
      "DimensionFilter": {},
      "Name": "Pose0_Goal",
      "ID": 7
    },
    {
      "GroupGUID": "1fc72a0a-1c58-4529-a037-60e26fa00a0d",
      "GroupPath": "Config/LevelOutput/Group/Groups_P44302_F44302001/LevelGroup_P44302_F44302001_G8.json",
      "DimensionFilter": {},
      "Name": "Pose0_Doors",
      "ID": 8
    },
    {
      "GroupGUID": "7ea99b41-4c47-4d6c-80c3-807a68ab45f3",
      "GroupPath": "Config/LevelOutput/Group/Groups_P44302_F44302001/LevelGroup_P44302_F44302001_G9.json",
      "DimensionFilter": {},
      "Name": "Pose0_Bridge",
      "ID": 9
    },
    {
      "GroupGUID": "c92c7e47-4e13-47b6-b656-6d175bb011df",
      "GroupPath": "Config/LevelOutput/Group/Groups_P44302_F44302001/LevelGroup_P44302_F44302001_G10.json",
      "DimensionFilter": {},
      "Name": "Pose3_Charger",
      "ID": 10
    },
    {
      "GroupGUID": "c277e5e0-a741-4a65-b6d0-acd74445aa24",
      "GroupPath": "Config/LevelOutput/Group/Groups_P44302_F44302001/LevelGroup_P44302_F44302001_G11.json",
      "DimensionFilter": {},
      "Name": "Pose3_Destructible",
      "ID": 11
    },
    {
      "GroupGUID": "60d79511-ff0a-4e97-9d5b-7ffd4193f948",
      "GroupPath": "Config/LevelOutput/Group/Groups_P44302_F44302001/LevelGroup_P44302_F44302001_G12.json",
      "DimensionFilter": {},
      "Name": "Pose1_Doors",
      "ID": 12
    },
    {
      "GroupGUID": "4885d311-d43b-4da8-ab0e-427610126f94",
      "GroupPath": "Config/LevelOutput/Group/Groups_P44302_F44302001/LevelGroup_P44302_F44302001_G13.json",
      "DimensionFilter": {},
      "Name": "Pose1_Bridge",
      "ID": 13
    },
    {
      "GroupGUID": "c7fa6ca2-2d01-4363-bb27-89d6dc8389d2",
      "GroupPath": "Config/LevelOutput/Group/Groups_P44302_F44302001/LevelGroup_P44302_F44302001_G14.json",
      "DimensionFilter": {},
      "Name": "Pose1_Goal",
      "ID": 14
    },
    {
      "GroupGUID": "b5164b0a-9ad5-4330-8f1e-95dd682e6ff1",
      "GroupPath": "Config/LevelOutput/Group/Groups_P44302_F44302001/LevelGroup_P44302_F44302001_G15.json",
      "DimensionFilter": {},
      "Name": "MainMission8021121_NPC1",
      "ID": 15
    },
    {
      "GroupGUID": "5e5a6e2d-a1a3-443a-8849-d48a3d521621",
      "GroupPath": "Config/LevelOutput/Group/Groups_P44302_F44302001/LevelGroup_P44302_F44302001_G16.json",
      "DimensionFilter": {},
      "Name": "MainMission8021121_NPC2",
      "ID": 16
    },
    {
      "GroupGUID": "0868c741-af8b-46c8-956a-64f37d32f9f2",
      "GroupPath": "Config/LevelOutput/Group/Groups_P44302_F44302001/LevelGroup_P44302_F44302001_G18.json",
      "DimensionFilter": {},
      "Name": "MainMission8021121_NPC3",
      "ID": 18
    },
    {
      "GroupGUID": "5456dde9-14bf-4e1e-9f74-0c21b99488ce",
      "GroupPath": "Config/LevelOutput/Group/Groups_P44302_F44302001/LevelGroup_P44302_F44302001_G19.json",
      "DimensionFilter": {
        "FilterType": "All"
      },
      "Name": "Sound",
      "ID": 19
    },
    {
      "GroupGUID": "cd6695b8-4c0b-41c2-8b83-5acb88233a0d",
      "GroupPath": "Config/LevelOutput/Group/Groups_P44302_F44302001/LevelGroup_P44302_F44302001_G28.json",
      "DimensionFilter": {
        "FilterExpression": {}
      },
      "Name": "Sound",
      "ID": 28
    },
    {
      "GroupGUID": "655ae5a6-1518-48ef-82ac-9d431c9a0dff",
      "GroupPath": "Config/LevelOutput/Group/Groups_P44302_F44302001/LevelGroup_P44302_F44302001_G29.json",
      "DimensionFilter": {
        "FilterExpression": {}
      },
      "Name": "Sound_Reverb",
      "ID": 29
    },
    {
      "GroupGUID": "1c5d1105-ecf6-48d4-b81a-6ba3cb75b36a",
      "GroupPath": "Config/LevelOutput/Group/Groups_P44302_F44302001/LevelGroup_P44302_F44302001_G30.json",
      "DimensionFilter": {
        "FilterExpression": {}
      },
      "Name": "MainMission8021121_phase3",
      "ID": 30
    },
    {
      "GroupGUID": "9e1b769f-b365-4d02-8df9-abab05762135",
      "GroupPath": "Config/LevelOutput/Group/Groups_P44302_F44302001/LevelGroup_P44302_F44302001_G31.json",
      "DimensionFilter": {
        "FilterExpression": {}
      },
      "Name": "MainMission8021121_phase2",
      "ID": 31
    },
    {
      "GroupGUID": "f95e7544-5604-455a-a7f5-adfb211d0f19",
      "GroupPath": "Config/LevelOutput/Group/Groups_P44302_F44302001/LevelGroup_P44302_F44302001_G32.json",
      "DimensionFilter": {
        "FilterType": "All"
      },
      "Name": "3DMap_Icon_Info",
      "ID": 32
    },
    {
      "GroupGUID": "8676022d-73b7-40f5-b312-470f452b0ef6",
      "GroupPath": "Config/LevelOutput/Group/Groups_P44302_F44302001/LevelGroup_P44302_F44302001_G34.json",
      "DimensionFilter": {
        "FilterType": "All"
      },
      "Name": "Region2_3DMap_Exit",
      "ID": 34
    }
  ],
  "DefaultEnviroProfile": "Stages/Outputs/Chapter03/EnviroProfile/Chap03_CloseView_MAZ_P202_Night_01.enviroProfile.asset",
  "StageData": "Stages/Outputs/Chapter03/Stages/Chap03_MAZ_P202_StageData/Chap03_MAZ_P202_StageData.stage",
  "CameraType": "Maze",
  "TimeOfDayEnviroProfileMap": {},
  "LayerToAreaMask": [
    16,
    8
  ],
  "FloorCustomData": {
    "ConstValues": [
      {
        "$type": "RPG.GameCore.FloorTargetAgentConfig",
        "AgentType": "Prop",
        "GroupID": 5,
        "InstanceID": 300001,
        "ID": 1,
        "Name": "Region9_Airlock_1"
      },
      {
        "$type": "RPG.GameCore.FloorTargetAgentConfig",
        "AgentType": "Prop",
        "GroupID": 5,
        "InstanceID": 300002,
        "ID": 2,
        "Name": "Region9_Airlock_2"
      }
    ]
  },
  "BattleAreaList": [],
  "DimensionList": [
    {}
  ],
  "LevelFeatureModules": [
    "RotatableRegion"
  ],
  "NavmapConfigPath": "Config/LevelOutput/Map/MapInfo_P20322_F20322001.json",
  "RegionConfigPath": "Config/LevelOutput/Region/FloorRegion_P44302_F44302001.json",
  "IsRestartLevelGraph": false
}