{
  "FloorID": 44301014,
  "FloorName": "FloorName_44301014",
  "StartGroupID": 1,
  "StartAnchorID": 1,
  "GroupList": [
    {
      "GroupGUID": "a8f5378f-f68d-4411-886d-628e04710e4f",
      "GroupPath": "Config/LevelOutput/Group/Groups_P44301_F44301014/LevelGroup_P44301_F44301014_G1.json",
      "DimensionFilter": {},
      "Name": "DefaultGroup",
      "ID": 1
    },
    {
      "GroupGUID": "01fbb97d-5a22-4b58-a31a-11a39874ffeb",
      "GroupPath": "Config/LevelOutput/Group/Groups_P44301_F44301014/LevelGroup_P44301_F44301014_G3.json",
      "DimensionFilter": {},
      "Name": "PinBall",
      "ID": 3
    },
    {
      "GroupGUID": "4e07202e-3ba8-4aa0-9b3a-392c5018d88a",
      "GroupPath": "Config/LevelOutput/Group/Groups_P44301_F44301014/LevelGroup_P44301_F44301014_G4.json",
      "Name": "DefaultGroup",
      "ID": 4
    },
    {
      "GroupGUID": "602bef7d-decd-4dd1-9f33-d61131c21266",
      "GroupPath": "Config/LevelOutput/Group/Groups_P44301_F44301014/LevelGroup_P44301_F44301014_G5.json",
      "DimensionFilter": {},
      "Name": "MainMission8020214_弹珠机",
      "ID": 5
    },
    {
      "GroupGUID": "c3f585bb-6f32-4220-8415-51902a7729ae",
      "GroupPath": "Config/LevelOutput/Group/Groups_P44301_F44301014/LevelGroup_P44301_F44301014_G6.json",
      "DimensionFilter": {},
      "Name": "AirWall",
      "ID": 6
    },
    {
      "GroupGUID": "7ae1d566-968b-431f-bf05-fe6b82041e6c",
      "GroupPath": "Config/LevelOutput/Group/Groups_P44301_F44301014/LevelGroup_P44301_F44301014_G7.json",
      "Name": "BGM",
      "ID": 7
    },
    {
      "GroupGUID": "fbccc85c-b699-43fe-a0a1-2347bbc00452",
      "GroupPath": "Config/LevelOutput/Group/Groups_P44301_F44301014/LevelGroup_P44301_F44301014_G8.json",
      "Name": "Sound",
      "ID": 8
    },
    {
      "GroupGUID": "19a76276-a1bc-4c07-ae82-1c2b7984958e",
      "GroupPath": "Config/LevelOutput/Group/Groups_P44301_F44301014/LevelGroup_P44301_F44301014_G9.json",
      "Name": "Sound-Reverb",
      "ID": 9
    }
  ],
  "DefaultEnviroProfile": "Stages/Outputs/Chapter03/EnviroProfile/Chap03_CloseView_MAZ_P103_DreamEdge_night_01.enviroProfile.asset",
  "StageData": "Stages/Outputs/Chapter03/Stages/Chap03_MAZ_P103_StageData/Chap03_MAZ_P103_StageData.stage",
  "CameraType": "Maze",
  "TimeOfDayEnviroProfileMap": {},
  "LayerToAreaMask": [
    8
  ],
  "BattleAreaList": [],
  "DimensionList": [
    {}
  ],
  "NavmapConfigPath": "Config/LevelOutput/Map/MapInfo_P20313_F20313001.json",
  "IsRestartLevelGraph": false
}