{
  "FloorID": 44301012,
  "FloorName": "FloorName_44301012",
  "StartGroupID": 1,
  "StartAnchorID": 1,
  "GroupList": [
    {
      "GroupGUID": "defa1b53-55be-44c8-b581-a6ae21c10f09",
      "GroupPath": "Config/LevelOutput/Group/Groups_P44301_F44301012/LevelGroup_P44301_F44301012_G1.json",
      "Name": "DefaultGroup",
      "ID": 1
    },
    {
      "GroupGUID": "c947e41e-8052-4568-b381-1248fbe7dd95",
      "GroupPath": "Config/LevelOutput/Group/Groups_P44301_F44301012/LevelGroup_P44301_F44301012_G2.json",
      "DimensionFilter": {},
      "Name": "DefaultGroup",
      "ID": 2
    },
    {
      "GroupGUID": "76d9a7df-b138-4755-b572-fae852323ba5",
      "GroupPath": "Config/LevelOutput/Group/Groups_P44301_F44301012/LevelGroup_P44301_F44301012_G3.json",
      "DimensionFilter": {},
      "Name": "ClockToy",
      "ID": 3
    },
    {
      "GroupGUID": "ee41efcc-81ac-47f7-92fe-b1a88152876b",
      "GroupPath": "Config/LevelOutput/Group/Groups_P44301_F44301012/LevelGroup_P44301_F44301012_G4.json",
      "DimensionFilter": {},
      "Name": "AirWalls",
      "ID": 4
    },
    {
      "GroupGUID": "fd33dab1-cd79-4580-aaac-1ee2fe44c263",
      "GroupPath": "Config/LevelOutput/Group/Groups_P44301_F44301012/LevelGroup_P44301_F44301012_G5.json",
      "DimensionFilter": {},
      "Name": "BGM",
      "ID": 5
    },
    {
      "GroupGUID": "ace5360e-9ec2-4553-a371-2b32bad49491",
      "GroupPath": "Config/LevelOutput/Group/Groups_P44301_F44301012/LevelGroup_P44301_F44301012_G6.json",
      "Name": "Sound",
      "ID": 6
    },
    {
      "GroupGUID": "3c340bff-bf37-4c79-b325-00f0e3b43e2a",
      "GroupPath": "Config/LevelOutput/Group/Groups_P44301_F44301012/LevelGroup_P44301_F44301012_G7.json",
      "Name": "Sound-Reverb",
      "ID": 7
    },
    {
      "GroupGUID": "9b3b3483-3708-444f-aa6d-7c0db59ad666",
      "GroupPath": "Config/LevelOutput/Group/Groups_P44301_F44301012/LevelGroup_P44301_F44301012_G9.json",
      "DimensionFilter": {},
      "Name": "Sound",
      "ID": 9
    }
  ],
  "DefaultEnviroProfile": "Stages/Outputs/Chapter03/EnviroProfile/Chap03_CloseView_ADV_INT_P101_night_01.enviroProfile.asset",
  "StageData": "Stages/Outputs/Chapter03/Stages/Chap03_MAZ_P101_MainLine_01_StageData/Chap03_MAZ_P101_MainLine_01_StageData.stage",
  "CameraType": "Maze",
  "TimeOfDayEnviroProfileMap": {},
  "LayerToAreaMask": [
    32,
    16,
    8
  ],
  "BattleAreaList": [],
  "DimensionList": [
    {}
  ],
  "CameraPrefabPath": "Level/Maze/Chapter03/Chap03_MAZ_P101_LevelArea.prefab",
  "NavmapConfigPath": "Config/LevelOutput/Map/MapInfo_P20311_F20311001.json",
  "IsRestartLevelGraph": false
}