{
  "FloorID": 44301007,
  "FloorName": "FloorName_44301007",
  "StartGroupID": 1,
  "StartAnchorID": 1,
  "GroupList": [
    {
      "GroupGUID": "ec77926c-8315-47f7-878f-5f36c5345591",
      "GroupPath": "Config/LevelOutput/Group/Groups_P44301_F44301007/LevelGroup_P44301_F44301007_G1.json",
      "Name": "DefaultGroup",
      "ID": 1
    },
    {
      "GroupGUID": "3f36892c-97f9-4ee9-b27e-234db7e24d5e",
      "GroupPath": "Config/LevelOutput/Group/Groups_P44301_F44301007/LevelGroup_P44301_F44301007_G4.json",
      "DimensionFilter": {},
      "Name": "ClockToy",
      "ID": 4
    },
    {
      "GroupGUID": "b856519f-ea61-48cb-9e2b-1661646e4ffd",
      "GroupPath": "Config/LevelOutput/Group/Groups_P44301_F44301007/LevelGroup_P44301_F44301007_G5.json",
      "DimensionFilter": {},
      "Name": "AirWalls",
      "ID": 5
    },
    {
      "GroupGUID": "911e5f45-17a7-4d92-9eea-8b2d8618872d",
      "GroupPath": "Config/LevelOutput/Group/Groups_P44301_F44301007/LevelGroup_P44301_F44301007_G6.json",
      "DimensionFilter": {},
      "Name": "DefaultGroup",
      "ID": 6
    },
    {
      "GroupGUID": "d6bf1b52-912b-4676-a61d-7ac35496097c",
      "GroupPath": "Config/LevelOutput/Group/Groups_P44301_F44301007/LevelGroup_P44301_F44301007_G7.json",
      "Name": "BGM",
      "ID": 7
    },
    {
      "GroupGUID": "911dcc16-bd2d-4540-a765-eb4a942a678c",
      "GroupPath": "Config/LevelOutput/Group/Groups_P44301_F44301007/LevelGroup_P44301_F44301007_G8.json",
      "Name": "Sound",
      "ID": 8
    },
    {
      "GroupGUID": "8ffbaeff-7af6-42c6-88ee-7b867b8cca0f",
      "GroupPath": "Config/LevelOutput/Group/Groups_P44301_F44301007/LevelGroup_P44301_F44301007_G9.json",
      "Name": "New Group",
      "ID": 9
    },
    {
      "GroupGUID": "66305663-130b-4cc2-a37f-b1933aedc35a",
      "GroupPath": "Config/LevelOutput/Group/Groups_P44301_F44301007/LevelGroup_P44301_F44301007_G10.json",
      "Name": "tvscreen1",
      "ID": 10
    },
    {
      "GroupGUID": "02da85fa-276c-4e85-abde-00cb58152239",
      "GroupPath": "Config/LevelOutput/Group/Groups_P44301_F44301007/LevelGroup_P44301_F44301007_G11.json",
      "Name": "Sound-Vocal",
      "ID": 11
    },
    {
      "GroupGUID": "7be04c2c-37fe-41b2-afc1-d38e3b8e5d02",
      "GroupPath": "Config/LevelOutput/Group/Groups_P44301_F44301007/LevelGroup_P44301_F44301007_G17.json",
      "Name": "AirWall",
      "ID": 17
    },
    {
      "GroupGUID": "7410778e-0a4f-4e3f-86c5-af3db35b55d4",
      "GroupPath": "Config/LevelOutput/Group/Groups_P44301_F44301007/LevelGroup_P44301_F44301007_G18.json",
      "Name": "tvscreen2",
      "ID": 18
    },
    {
      "GroupGUID": "32472533-768f-49dd-a908-bdc1d5b1507f",
      "GroupPath": "Config/LevelOutput/Group/Groups_P44301_F44301007/LevelGroup_P44301_F44301007_G19.json",
      "Name": "tvscreen3",
      "ID": 19
    },
    {
      "GroupGUID": "3faedf06-2ef2-4a5a-a3b7-2cd184e0b5ef",
      "GroupPath": "Config/LevelOutput/Group/Groups_P44301_F44301007/LevelGroup_P44301_F44301007_G20.json",
      "DimensionFilter": {},
      "Name": "ClockBoy",
      "ID": 20
    }
  ],
  "DefaultEnviroProfile": "Stages/Outputs/Chapter03/EnviroProfile/Chap03_CloseView_ADV_MAZ_P01_Night.enviroProfile.asset",
  "StageData": "Stages/Outputs/Chapter03/Stages/Chap03_ADV_P01_StageData/Chap03_ADV_P01_StageData.stage",
  "TimeOfDayEnviroProfileMap": {},
  "LayerToAreaMask": [
    8,
    16,
    32
  ],
  "FloorCustomData": {
    "SavedValues": [
      {
        "ID": 1,
        "Name": "FSV_Clockboy",
        "AllowedValues": [
          0,
          1,
          2,
          3
        ],
        "MaxValue": 3
      }
    ]
  },
  "BattleAreaList": [],
  "DimensionList": [
    {}
  ],
  "CameraPrefabPath": "Level/Maze/Chapter03/Chap03_ADV_P01_LevelArea.prefab",
  "NavmapConfigPath": "Config/LevelOutput/Map/MapInfo_P10301_F10301001.json",
  "IsRestartLevelGraph": false
}