{
  "FloorID": 44302003,
  "FloorName": "FloorName_44302003",
  "StartGroupID": 1,
  "StartAnchorID": 1,
  "GroupList": [
    {
      "GroupGUID": "bffdb0b9-d47e-4316-85b3-d99ef6dbda05",
      "GroupPath": "Config/LevelOutput/Group/Groups_P44302_F44302003/LevelGroup_P44302_F44302003_G1.json",
      "DimensionFilter": {},
      "Name": "DefaultGroup",
      "ID": 1
    },
    {
      "GroupGUID": "cdae81cf-304c-45d7-ae5e-39c9247f260e",
      "GroupPath": "Config/LevelOutput/Group/Groups_P44302_F44302003/LevelGroup_P44302_F44302003_G2.json",
      "DimensionFilter": {},
      "Name": "DefaultGroup",
      "ID": 2,
      "IsDelete": true
    },
    {
      "GroupGUID": "6fcf90f7-85b2-4047-95c8-97234326202e",
      "GroupPath": "Config/LevelOutput/Group/Groups_P44302_F44302003/LevelGroup_P44302_F44302003_G3.json",
      "Name": "BGM",
      "ID": 3
    },
    {
      "GroupGUID": "38cde9be-1f4a-4de3-9002-6eae558b88dd",
      "GroupPath": "Config/LevelOutput/Group/Groups_P44302_F44302003/LevelGroup_P44302_F44302003_G4.json",
      "Name": "Sound",
      "ID": 4
    },
    {
      "GroupGUID": "faeccc2f-4e60-418d-8ed5-0eec1776de39",
      "GroupPath": "Config/LevelOutput/Group/Groups_P44302_F44302003/LevelGroup_P44302_F44302003_G5.json",
      "DimensionFilter": {},
      "Name": "Sound-Reverb",
      "ID": 5
    },
    {
      "GroupGUID": "ccfda765-53f1-4f9e-94c5-eb3b934188d5",
      "GroupPath": "Config/LevelOutput/Group/Groups_P44302_F44302003/LevelGroup_P44302_F44302003_G6.json",
      "DimensionFilter": {},
      "Name": "Pinball01",
      "ID": 6
    },
    {
      "GroupGUID": "1d4e596c-4c70-4a05-a0d6-d2139e8f3b35",
      "GroupPath": "Config/LevelOutput/Group/Groups_P44302_F44302003/LevelGroup_P44302_F44302003_G7.json",
      "DimensionFilter": {},
      "Name": "Pinball02",
      "ID": 7
    },
    {
      "GroupGUID": "9309a1ea-3370-4ea4-b7e8-0e15a631e654",
      "GroupPath": "Config/LevelOutput/Group/Groups_P44302_F44302003/LevelGroup_P44302_F44302003_G8.json",
      "DimensionFilter": {},
      "Name": "MainMission8021122_NPC",
      "ID": 8
    },
    {
      "GroupGUID": "d0177e44-c83a-44f4-8671-8f78fdd126b7",
      "GroupPath": "Config/LevelOutput/Group/Groups_P44302_F44302003/LevelGroup_P44302_F44302003_G9.json",
      "DimensionFilter": {},
      "Name": "MainMission8021122_Sub01",
      "ID": 9
    },
    {
      "GroupGUID": "1ef9d5ee-1246-4e95-b7be-48c2f4a0cec3",
      "GroupPath": "Config/LevelOutput/Group/Groups_P44302_F44302003/LevelGroup_P44302_F44302003_G10.json",
      "DimensionFilter": {},
      "Name": "MainMission8021122_Sub02",
      "ID": 10
    },
    {
      "GroupGUID": "3e52ff7e-bb61-49aa-b8c9-a98a350aae1c",
      "GroupPath": "Config/LevelOutput/Group/Groups_P44302_F44302003/LevelGroup_P44302_F44302003_G11.json",
      "DimensionFilter": {},
      "Name": "MainMission8021122_Sub03",
      "ID": 11
    }
  ],
  "DefaultEnviroProfile": "Stages/Outputs/Chapter03/EnviroProfile/Chap03_CloseView_MAZ_P103_DreamEdge_night_01.enviroProfile.asset",
  "StageData": "Stages/Outputs/Chapter03/Stages/Chap03_MAZ_P103_StageData/Chap03_MAZ_P103_StageData.stage",
  "CameraType": "Maze",
  "TimeOfDayEnviroProfileMap": {},
  "LayerToAreaMask": [
    8
  ],
  "BattleAreaList": [],
  "DimensionList": [
    {}
  ],
  "NavmapConfigPath": "Config/LevelOutput/Map/MapInfo_P20313_F20313001.json",
  "IsRestartLevelGraph": false
}