{
  "FloorID": 44301020,
  "FloorName": "FloorName_44301020",
  "StartGroupID": 2,
  "StartAnchorID": 1,
  "GroupList": [
    {
      "GroupGUID": "896eacbd-fe5b-425f-8c2a-30e25affb2fb",
      "GroupPath": "Config/LevelOutput/Group/Groups_P44301_F44301020/LevelGroup_P44301_F44301020_G2.json",
      "Name": "DefaultGroup",
      "ID": 2
    },
    {
      "GroupGUID": "d1e98dc3-69a3-4047-9468-fcacf55d20a3",
      "GroupPath": "Config/LevelOutput/Group/Groups_P44301_F44301020/LevelGroup_P44301_F44301020_G3.json",
      "DimensionFilter": {},
      "Name": "WolfGroup",
      "ID": 3
    },
    {
      "GroupGUID": "faffde19-6282-40aa-a54d-4d87d0a68694",
      "GroupPath": "Config/LevelOutput/Group/Groups_P44301_F44301020/LevelGroup_P44301_F44301020_G4.json",
      "DimensionFilter": {},
      "Name": "WolfGroup",
      "ID": 4
    },
    {
      "GroupGUID": "9367966b-5e19-446f-8b33-17a7b1928dc6",
      "GroupPath": "Config/LevelOutput/Group/Groups_P44301_F44301020/LevelGroup_P44301_F44301020_G5.json",
      "DimensionFilter": {},
      "Name": "OrigamiBird_Normal",
      "ID": 5
    },
    {
      "GroupGUID": "2619afcd-532a-4bde-aa78-cc5935623d33",
      "GroupPath": "Config/LevelOutput/Group/Groups_P44301_F44301020/LevelGroup_P44301_F44301020_G6.json",
      "DimensionFilter": {},
      "Name": "WolfMonster",
      "ID": 6
    },
    {
      "GroupGUID": "4aae59ce-abd1-46e9-a300-025b3ce7b8e2",
      "GroupPath": "Config/LevelOutput/Group/Groups_P44301_F44301020/LevelGroup_P44301_F44301020_G7.json",
      "Name": "BGM",
      "ID": 7
    },
    {
      "GroupGUID": "8dc590ae-3eeb-488b-a2d1-41e5969d4af7",
      "GroupPath": "Config/LevelOutput/Group/Groups_P44301_F44301020/LevelGroup_P44301_F44301020_G8.json",
      "Name": "Sound",
      "ID": 8
    },
    {
      "GroupGUID": "de324f21-450a-42cb-9386-cab94c708d10",
      "GroupPath": "Config/LevelOutput/Group/Groups_P44301_F44301020/LevelGroup_P44301_F44301020_G9.json",
      "DimensionFilter": {},
      "Name": "MainMission8020222_01",
      "ID": 9
    },
    {
      "GroupGUID": "c54d9142-dfbd-47a1-902a-2d8e50bd9dd5",
      "GroupPath": "Config/LevelOutput/Group/Groups_P44301_F44301020/LevelGroup_P44301_F44301020_G10.json",
      "Name": "Sound-Reverb",
      "ID": 10
    },
    {
      "GroupGUID": "37e884a5-2a49-4abb-8222-38ef74594257",
      "GroupPath": "Config/LevelOutput/Group/Groups_P44301_F44301020/LevelGroup_P44301_F44301020_G13.json",
      "DimensionFilter": {},
      "Name": "MeteorShower",
      "ID": 13,
      "IsDelete": true
    }
  ],
  "DefaultEnviroProfile": "Stages/Outputs/Chapter03/EnviroProfile/Chap03_CloseView_MAZ_P103_DreamEdge_night_01.enviroProfile.asset",
  "StageData": "Stages/Outputs/Chapter03/Stages/Chap03_MAZ_P103_StageData/Chap03_MAZ_P103_StageData.stage",
  "CameraType": "Maze",
  "TimeOfDayEnviroProfileMap": {},
  "LayerToAreaMask": [
    8
  ],
  "FloorCustomData": {
    "SavedValues": [
      {
        "ID": 1,
        "Name": "TV_Open",
        "AllowedValues": [
          0,
          1
        ],
        "MaxValue": 1
      }
    ]
  },
  "BattleAreaList": [],
  "DimensionList": [
    {}
  ],
  "NavmapConfigPath": "Config/LevelOutput/Map/MapInfo_P20313_F20313001.json",
  "IsRestartLevelGraph": false
}