{
  "FloorID": 44301017,
  "FloorName": "FloorName_44301017",
  "StartGroupID": 1,
  "StartAnchorID": 1,
  "GroupList": [
    {
      "GroupGUID": "a3f86c6f-3a0a-4fd7-9eb6-74b5be3c2305",
      "GroupPath": "Config/LevelOutput/Group/Groups_P44301_F44301017/LevelGroup_P44301_F44301017_G1.json",
      "DimensionFilter": {},
      "Name": "DefaultGroup",
      "ID": 1
    },
    {
      "GroupGUID": "c88010dd-fc0a-48c2-a6d6-27501e70c64b",
      "GroupPath": "Config/LevelOutput/Group/Groups_P44301_F44301017/LevelGroup_P44301_F44301017_G2.json",
      "DimensionFilter": {},
      "Name": "Pinball",
      "ID": 2
    },
    {
      "GroupGUID": "c34673b8-ffc2-459a-8f20-afe37c6cf554",
      "GroupPath": "Config/LevelOutput/Group/Groups_P44301_F44301017/LevelGroup_P44301_F44301017_G3.json",
      "DimensionFilter": {},
      "Name": "MainMission8020217_弹珠机",
      "ID": 3
    },
    {
      "GroupGUID": "a514ed8c-fccd-475d-8ec8-847dbcf36986",
      "GroupPath": "Config/LevelOutput/Group/Groups_P44301_F44301017/LevelGroup_P44301_F44301017_G4.json",
      "Name": "BGM",
      "ID": 4
    },
    {
      "GroupGUID": "9d80e14a-3aa1-464d-ae12-8bb24e14ef2c",
      "GroupPath": "Config/LevelOutput/Group/Groups_P44301_F44301017/LevelGroup_P44301_F44301017_G5.json",
      "Name": "Sound",
      "ID": 5
    },
    {
      "GroupGUID": "96abf3e0-ce46-4d10-94f4-54fcd14802ee",
      "GroupPath": "Config/LevelOutput/Group/Groups_P44301_F44301017/LevelGroup_P44301_F44301017_G6.json",
      "Name": "Sound-Reverb",
      "ID": 6
    }
  ],
  "DefaultEnviroProfile": "Stages/Outputs/Chapter03/EnviroProfile/Chap03_CloseView_MAZ_P103_DreamEdge_night_01.enviroProfile.asset",
  "StageData": "Stages/Outputs/Chapter03/Stages/Chap03_MAZ_P103_StageData/Chap03_MAZ_P103_StageData.stage",
  "CameraType": "Maze",
  "TimeOfDayEnviroProfileMap": {},
  "LayerToAreaMask": [
    8
  ],
  "BattleAreaList": [],
  "DimensionList": [
    {}
  ],
  "NavmapConfigPath": "Config/LevelOutput/Map/MapInfo_P20313_F20313001.json",
  "IsRestartLevelGraph": false
}