{
  "FloorID": 44301022,
  "FloorName": "FloorName_44301022",
  "StartGroupID": 2,
  "StartAnchorID": 1,
  "GroupList": [
    {
      "GroupGUID": "f6a7777a-64ea-4369-9e13-4ac3bdf6b28c",
      "GroupPath": "Config/LevelOutput/Group/Groups_P44301_F44301022/LevelGroup_P44301_F44301022_G2.json",
      "Name": "DefaultGroup",
      "ID": 2
    },
    {
      "GroupGUID": "82caf312-3153-44bf-982b-9cd841aa1695",
      "GroupPath": "Config/LevelOutput/Group/Groups_P44301_F44301022/LevelGroup_P44301_F44301022_G3.json",
      "Name": "BGM",
      "ID": 3
    },
    {
      "GroupGUID": "b5cd6ee7-fb11-427c-88b3-b7c29d2e527c",
      "GroupPath": "Config/LevelOutput/Group/Groups_P44301_F44301022/LevelGroup_P44301_F44301022_G4.json",
      "Name": "Sound",
      "ID": 4
    },
    {
      "GroupGUID": "e9721333-e07c-42e8-992a-b49b8f553f9b",
      "GroupPath": "Config/LevelOutput/Group/Groups_P44301_F44301022/LevelGroup_P44301_F44301022_G6.json",
      "DimensionFilter": {},
      "Name": "Airwall",
      "ID": 6
    },
    {
      "GroupGUID": "6371f804-b263-409b-b053-3963c0baeb46",
      "GroupPath": "Config/LevelOutput/Group/Groups_P44301_F44301022/LevelGroup_P44301_F44301022_G7.json",
      "DimensionFilter": {},
      "Name": "Pinball",
      "ID": 7
    },
    {
      "GroupGUID": "0b56db5a-7d98-4be3-ac6e-6088aac31c6d",
      "GroupPath": "Config/LevelOutput/Group/Groups_P44301_F44301022/LevelGroup_P44301_F44301022_G8.json",
      "DimensionFilter": {},
      "Name": "MainMission8020223_02",
      "ID": 8
    },
    {
      "GroupGUID": "6143da79-50bf-47be-90a8-66183c609d7b",
      "GroupPath": "Config/LevelOutput/Group/Groups_P44301_F44301022/LevelGroup_P44301_F44301022_G9.json",
      "DimensionFilter": {},
      "Name": "MainMission8020223_01",
      "ID": 9
    },
    {
      "GroupGUID": "c34c85a2-39c9-4b2b-8b7b-ff546bf1651a",
      "GroupPath": "Config/LevelOutput/Group/Groups_P44301_F44301022/LevelGroup_P44301_F44301022_G10.json",
      "Name": "Sound-Reverb",
      "ID": 10
    }
  ],
  "DefaultEnviroProfile": "Stages/Outputs/Chapter03/EnviroProfile/Chap03_CloseView_MAZ_P103_DreamEdge_night_01.enviroProfile.asset",
  "StageData": "Stages/Outputs/Chapter03/Stages/Chap03_MAZ_P103_StageData/Chap03_MAZ_P103_StageData.stage",
  "CameraType": "Maze",
  "TimeOfDayEnviroProfileMap": {},
  "LayerToAreaMask": [
    8
  ],
  "BattleAreaList": [],
  "DimensionList": [
    {}
  ],
  "NavmapConfigPath": "Config/LevelOutput/Map/MapInfo_P20313_F20313001.json",
  "IsRestartLevelGraph": false
}