{
  "FloorID": 44301009,
  "FloorName": "FloorName_44301009",
  "StartGroupID": 1,
  "StartAnchorID": 1,
  "GroupList": [
    {
      "GroupGUID": "b6821483-b340-4374-b92c-a3cb91db29a6",
      "GroupPath": "Config/LevelOutput/Group/Groups_P44301_F44301009/LevelGroup_P44301_F44301009_G1.json",
      "Name": "DefaultGroup",
      "ID": 1
    },
    {
      "GroupGUID": "09feb553-fe25-4806-9bee-0fe38bd71c79",
      "GroupPath": "Config/LevelOutput/Group/Groups_P44301_F44301009/LevelGroup_P44301_F44301009_G2.json",
      "DimensionFilter": {},
      "Name": "DefaultGroup",
      "ID": 2
    },
    {
      "GroupGUID": "6e30decb-6fdc-403b-b629-6ede89f23e48",
      "GroupPath": "Config/LevelOutput/Group/Groups_P44301_F44301009/LevelGroup_P44301_F44301009_G3.json",
      "DimensionFilter": {},
      "Name": "ClockToy",
      "ID": 3
    },
    {
      "GroupGUID": "d23b3dd7-4fbc-4f37-b1a5-f913ade82664",
      "GroupPath": "Config/LevelOutput/Group/Groups_P44301_F44301009/LevelGroup_P44301_F44301009_G4.json",
      "DimensionFilter": {},
      "Name": "AirWalls",
      "ID": 4
    },
    {
      "GroupGUID": "7874c619-edc8-4a61-b05d-af6d6270f505",
      "GroupPath": "Config/LevelOutput/Group/Groups_P44301_F44301009/LevelGroup_P44301_F44301009_G5.json",
      "DimensionFilter": {},
      "Name": "BGM",
      "ID": 5
    },
    {
      "GroupGUID": "9efaa26b-e91d-44e4-ab10-2befe9e12f30",
      "GroupPath": "Config/LevelOutput/Group/Groups_P44301_F44301009/LevelGroup_P44301_F44301009_G6.json",
      "DimensionFilter": {},
      "Name": "Sound",
      "ID": 6
    },
    {
      "GroupGUID": "511455da-309a-4c61-8522-e5e61d5e2f87",
      "GroupPath": "Config/LevelOutput/Group/Groups_P44301_F44301009/LevelGroup_P44301_F44301009_G7.json",
      "DimensionFilter": {},
      "Name": "Sound-Reverb",
      "ID": 7
    },
    {
      "GroupGUID": "f2538b1b-b792-4271-b381-af6e6788a09e",
      "GroupPath": "Config/LevelOutput/Group/Groups_P44301_F44301009/LevelGroup_P44301_F44301009_G8.json",
      "DimensionFilter": {},
      "Name": "Sound",
      "ID": 8
    }
  ],
  "DefaultEnviroProfile": "Stages/Outputs/Chapter03/EnviroProfile/Chap03_CloseView_MAZ_P102_Rota_night_01.enviroProfile.asset",
  "StageData": "Stages/Outputs/Chapter03/Stages/Chap03_MAZ_P102_StageData/Chap03_MAZ_P102_StageData.stage",
  "CameraType": "Maze",
  "TimeOfDayEnviroProfileMap": {},
  "LayerToAreaMask": [
    1
  ],
  "BattleAreaList": [],
  "DimensionList": [
    {}
  ],
  "NavmapConfigPath": "Config/LevelOutput/Map/MapInfo_P20312_F20312001.json",
  "IsRestartLevelGraph": false
}