{
  "FloorID": 44301001,
  "FloorName": "FloorName_44301001",
  "StartGroupID": 1,
  "StartAnchorID": 1,
  "GroupList": [
    {
      "GroupGUID": "6cc11010-78cb-47a4-8714-312060b35764",
      "GroupPath": "Config/LevelOutput/Group/Groups_P44301_F44301001/LevelGroup_P44301_F44301001_G1.json",
      "DimensionFilter": {},
      "Name": "DefaultGroup",
      "ID": 1
    },
    {
      "GroupGUID": "2e1fe308-7f1e-4bf4-b392-01081d28dc32",
      "GroupPath": "Config/LevelOutput/Group/Groups_P44301_F44301001/LevelGroup_P44301_F44301001_G2.json",
      "DimensionFilter": {},
      "Name": "Region0_Gravity_Boards",
      "ID": 2
    },
    {
      "GroupGUID": "b9c2aa7a-5f25-4ad4-ab09-018c5a6a56fc",
      "GroupPath": "Config/LevelOutput/Group/Groups_P44301_F44301001/LevelGroup_P44301_F44301001_G4.json",
      "DimensionFilter": {},
      "Name": "Region0_Pose0_Charger",
      "ID": 4
    },
    {
      "GroupGUID": "0d950c87-9428-4492-8625-30022e5152c8",
      "GroupPath": "Config/LevelOutput/Group/Groups_P44301_F44301001/LevelGroup_P44301_F44301001_G5.json",
      "DimensionFilter": {},
      "Name": "Region0_Pose0_Bridges",
      "ID": 5
    },
    {
      "GroupGUID": "420330a1-2461-453f-bf04-d05f9013a458",
      "GroupPath": "Config/LevelOutput/Group/Groups_P44301_F44301001/LevelGroup_P44301_F44301001_G6.json",
      "DimensionFilter": {},
      "Name": "Portal",
      "ID": 6
    },
    {
      "GroupGUID": "f2d2ffd7-ee15-4c1d-9e6a-fa4cbfcac2b7",
      "GroupPath": "Config/LevelOutput/Group/Groups_P44301_F44301001/LevelGroup_P44301_F44301001_G8.json",
      "DimensionFilter": {},
      "Name": "Blockade",
      "ID": 8
    },
    {
      "GroupGUID": "8b671cc2-40c8-49e7-9e52-7cd1e1b17572",
      "GroupPath": "Config/LevelOutput/Group/Groups_P44301_F44301001/LevelGroup_P44301_F44301001_G10.json",
      "DimensionFilter": {},
      "Name": "Default_Monster_R0_Pose2",
      "ID": 10
    },
    {
      "GroupGUID": "c3f6ae46-9841-4bb0-926c-7eb6b15dd4cf",
      "GroupPath": "Config/LevelOutput/Group/Groups_P44301_F44301001/LevelGroup_P44301_F44301001_G11.json",
      "DimensionFilter": {},
      "Name": "Default_Monster_R0_Pose0",
      "ID": 11
    },
    {
      "GroupGUID": "42525a06-1730-40c9-ab7c-4f2c39ff2134",
      "GroupPath": "Config/LevelOutput/Group/Groups_P44301_F44301001/LevelGroup_P44301_F44301001_G12.json",
      "DimensionFilter": {},
      "Name": "Region0_Pose4_Chest",
      "ID": 12
    },
    {
      "GroupGUID": "e4b2aed5-78fb-4b1f-b47c-14d3208601d0",
      "GroupPath": "Config/LevelOutput/Group/Groups_P44301_F44301001/LevelGroup_P44301_F44301001_G13.json",
      "DimensionFilter": {},
      "Name": "Region0_Pose5_Charger",
      "ID": 13
    },
    {
      "GroupGUID": "2ab22d0b-957a-4304-b724-c2d07f2cf1a9",
      "GroupPath": "Config/LevelOutput/Group/Groups_P44301_F44301001/LevelGroup_P44301_F44301001_G14.json",
      "DimensionFilter": {},
      "Name": "Region0_Pose5_Monsters",
      "ID": 14
    },
    {
      "GroupGUID": "4b0978bf-8ac8-4bb0-89b7-c610258d2767",
      "GroupPath": "Config/LevelOutput/Group/Groups_P44301_F44301001/LevelGroup_P44301_F44301001_G15.json",
      "DimensionFilter": {},
      "Name": "Default_Monster_R0_Pose2",
      "ID": 15
    },
    {
      "GroupGUID": "ca374ce8-5773-4eb5-b056-ca066d127394",
      "GroupPath": "Config/LevelOutput/Group/Groups_P44301_F44301001/LevelGroup_P44301_F44301001_G16.json",
      "DimensionFilter": {},
      "Name": "R0_Pose1_Destructible",
      "ID": 16
    },
    {
      "GroupGUID": "31268de3-c15b-4db8-a814-ec8175d366d0",
      "GroupPath": "Config/LevelOutput/Group/Groups_P44301_F44301001/LevelGroup_P44301_F44301001_G17.json",
      "DimensionFilter": {},
      "Name": "Default_Destructible_R0_Pose2",
      "ID": 17
    },
    {
      "GroupGUID": "254ed356-6581-4a1d-a0f8-327995e445af",
      "GroupPath": "Config/LevelOutput/Group/Groups_P44301_F44301001/LevelGroup_P44301_F44301001_G18.json",
      "Name": "MainMission8020201_01",
      "ID": 18
    },
    {
      "GroupGUID": "a027c6fb-acde-4d86-a791-c28a34900fc4",
      "GroupPath": "Config/LevelOutput/Group/Groups_P44301_F44301001/LevelGroup_P44301_F44301001_G19.json",
      "Name": "Default_Destructible_R0_Pose2",
      "ID": 19
    },
    {
      "GroupGUID": "3776fcfe-7bb6-4ea2-82ca-6c1eaef29aea",
      "GroupPath": "Config/LevelOutput/Group/Groups_P44301_F44301001/LevelGroup_P44301_F44301001_G20.json",
      "DimensionFilter": {},
      "Name": "BGM",
      "ID": 20
    },
    {
      "GroupGUID": "c1e8b7c6-7ce2-41f8-a1f0-7929d8cef628",
      "GroupPath": "Config/LevelOutput/Group/Groups_P44301_F44301001/LevelGroup_P44301_F44301001_G21.json",
      "DimensionFilter": {},
      "Name": "Sound",
      "ID": 21
    },
    {
      "GroupGUID": "71d93225-d8a1-4232-a110-67a9b3ca8f69",
      "GroupPath": "Config/LevelOutput/Group/Groups_P44301_F44301001/LevelGroup_P44301_F44301001_G23.json",
      "DimensionFilter": {},
      "Name": "3DMapInfo",
      "ID": 23
    },
    {
      "GroupGUID": "3e8b9f3d-4099-40e5-8ac0-6c52c43a0c75",
      "GroupPath": "Config/LevelOutput/Group/Groups_P44301_F44301001/LevelGroup_P44301_F44301001_G25.json",
      "DimensionFilter": {},
      "Name": "Saves",
      "ID": 25
    },
    {
      "GroupGUID": "d990c8a2-bb38-44ef-a0ea-280ff9bd2384",
      "GroupPath": "Config/LevelOutput/Group/Groups_P44301_F44301001/LevelGroup_P44301_F44301001_G26.json",
      "DimensionFilter": {},
      "Name": "Sound",
      "ID": 26,
      "IsDelete": true
    },
    {
      "GroupGUID": "66825476-7ecf-49d6-9f63-a2d44df73b72",
      "GroupPath": "Config/LevelOutput/Group/Groups_P44301_F44301001/LevelGroup_P44301_F44301001_G29.json",
      "DimensionFilter": {},
      "Name": "Sound-Reverb",
      "ID": 29
    },
    {
      "GroupGUID": "229dbaf1-fcee-41ee-a8c8-e4798fb55473",
      "GroupPath": "Config/LevelOutput/Group/Groups_P44301_F44301001/LevelGroup_P44301_F44301001_G35.json",
      "DimensionFilter": {},
      "Name": "Sound",
      "ID": 35
    },
    {
      "GroupGUID": "0cc3fa21-e11b-4e05-98f3-00040d4f99fc",
      "GroupPath": "Config/LevelOutput/Group/Groups_P44301_F44301001/LevelGroup_P44301_F44301001_G36.json",
      "Name": "Sound",
      "ID": 36
    },
    {
      "GroupGUID": "b8ceb566-19fe-433e-84c6-073d396eeb97",
      "GroupPath": "Config/LevelOutput/Group/Groups_P44301_F44301001/LevelGroup_P44301_F44301001_G37.json",
      "DimensionFilter": {},
      "Name": "Sound",
      "ID": 37
    },
    {
      "GroupGUID": "01b5b1d4-7073-466c-9106-b67d8340656b",
      "GroupPath": "Config/LevelOutput/Group/Groups_P44301_F44301001/LevelGroup_P44301_F44301001_G38.json",
      "Name": "Sound",
      "ID": 38
    },
    {
      "GroupGUID": "41693365-1029-46ef-97a8-88ddf763ce1c",
      "GroupPath": "Config/LevelOutput/Group/Groups_P44301_F44301001/LevelGroup_P44301_F44301001_G39.json",
      "DimensionFilter": {},
      "Name": "Sound",
      "ID": 39
    }
  ],
  "DefaultEnviroProfile": "Stages/Outputs/Chapter03/EnviroProfile/Chap03_CloseView_ADV_INT_P101_night_01.enviroProfile.asset",
  "StageData": "Stages/Outputs/Chapter03/Stages/Chap03_MAZ_P101_MainLine_01_StageData/Chap03_MAZ_P101_MainLine_01_StageData.stage",
  "CameraType": "Maze",
  "TimeOfDayEnviroProfileMap": {},
  "LayerToAreaMask": [
    32,
    16,
    8
  ],
  "FloorCustomData": {
    "CustomValues": [
      {
        "$type": "RPG.GameCore.FloorCustomBoolConfig",
        "ID": 10002,
        "Name": "Is_Frame_Interacted_03"
      }
    ]
  },
  "BattleAreaList": [],
  "DimensionList": [
    {}
  ],
  "CameraPrefabPath": "Level/Maze/Chapter03/Chap03_MAZ_P101_LevelArea.prefab",
  "LevelFeatureModules": [
    "RotatableRegion"
  ],
  "NavmapConfigPath": "Config/LevelOutput/Map/MapInfo_P20311_F20311001.json",
  "IsRestartLevelGraph": false
}