{
  "FloorID": 44301019,
  "FloorName": "FloorName_44301019",
  "StartGroupID": 1,
  "StartAnchorID": 1,
  "GroupList": [
    {
      "GroupGUID": "b112f89f-13a2-426d-9f39-9f922a4d53a5",
      "GroupPath": "Config/LevelOutput/Group/Groups_P44301_F44301019/LevelGroup_P44301_F44301019_G1.json",
      "Name": "DefaultGroup",
      "ID": 1
    },
    {
      "GroupGUID": "4174fb6b-d4e5-45b4-928e-f0dc5352a3df",
      "GroupPath": "Config/LevelOutput/Group/Groups_P44301_F44301019/LevelGroup_P44301_F44301019_G2.json",
      "DimensionFilter": {},
      "Name": "BGM",
      "ID": 2
    },
    {
      "GroupGUID": "d43d090e-9941-49a9-90fc-c7276b450f22",
      "GroupPath": "Config/LevelOutput/Group/Groups_P44301_F44301019/LevelGroup_P44301_F44301019_G3.json",
      "Name": "Sound",
      "ID": 3
    },
    {
      "GroupGUID": "ddf85a67-44a3-4091-81c1-0a9f146ad76f",
      "GroupPath": "Config/LevelOutput/Group/Groups_P44301_F44301019/LevelGroup_P44301_F44301019_G4.json",
      "DimensionFilter": {},
      "Name": "Blockade",
      "ID": 4
    },
    {
      "GroupGUID": "63989249-a1b6-4780-8dc1-9e90d57a6927",
      "GroupPath": "Config/LevelOutput/Group/Groups_P44301_F44301019/LevelGroup_P44301_F44301019_G5.json",
      "DimensionFilter": {},
      "Name": "Portal",
      "ID": 5
    },
    {
      "GroupGUID": "b23d3377-f41e-4425-b272-b0055fb0a06e",
      "GroupPath": "Config/LevelOutput/Group/Groups_P44301_F44301019/LevelGroup_P44301_F44301019_G6.json",
      "DimensionFilter": {},
      "Name": "Region0_P0_Gravity_Boards",
      "ID": 6
    },
    {
      "GroupGUID": "dda506dc-d043-466b-862e-fdec5444f6af",
      "GroupPath": "Config/LevelOutput/Group/Groups_P44301_F44301019/LevelGroup_P44301_F44301019_G8.json",
      "DimensionFilter": {},
      "Name": "Region0_P0_Bridges",
      "ID": 8
    },
    {
      "GroupGUID": "60cfb4f8-8295-4356-88cd-b25ef1e295e9",
      "GroupPath": "Config/LevelOutput/Group/Groups_P44301_F44301019/LevelGroup_P44301_F44301019_G9.json",
      "DimensionFilter": {},
      "Name": "MainMission8020221_03",
      "ID": 9
    },
    {
      "GroupGUID": "0daf8bb1-d12c-4f33-ab08-aaac985db712",
      "GroupPath": "Config/LevelOutput/Group/Groups_P44301_F44301019/LevelGroup_P44301_F44301019_G10.json",
      "DimensionFilter": {},
      "Name": "MainMission8020221_01",
      "ID": 10
    },
    {
      "GroupGUID": "5940ee2e-827d-4c90-994b-82f68956155a",
      "GroupPath": "Config/LevelOutput/Group/Groups_P44301_F44301019/LevelGroup_P44301_F44301019_G11.json",
      "DimensionFilter": {},
      "Name": "MainMission8020221_02",
      "ID": 11
    },
    {
      "GroupGUID": "c2b3e065-68b0-4de0-9248-2ec45b37b786",
      "GroupPath": "Config/LevelOutput/Group/Groups_P44301_F44301019/LevelGroup_P44301_F44301019_G12.json",
      "DimensionFilter": {},
      "Name": "Region0_Pose2_Charger",
      "ID": 12
    },
    {
      "GroupGUID": "a129c24a-3678-48da-814f-8e7f6d40ef1d",
      "GroupPath": "Config/LevelOutput/Group/Groups_P44301_F44301019/LevelGroup_P44301_F44301019_G14.json",
      "DimensionFilter": {},
      "Name": "Tutorial_Setup",
      "ID": 14
    },
    {
      "GroupGUID": "57d10da3-e4c1-48cd-9ce6-96fdaf9b3195",
      "GroupPath": "Config/LevelOutput/Group/Groups_P44301_F44301019/LevelGroup_P44301_F44301019_G15.json",
      "DimensionFilter": {},
      "Name": "Tutorial_Setup_2",
      "ID": 15
    },
    {
      "GroupGUID": "ead0dcf0-b392-476b-a5bf-1e3657d1471a",
      "GroupPath": "Config/LevelOutput/Group/Groups_P44301_F44301019/LevelGroup_P44301_F44301019_G16.json",
      "DimensionFilter": {},
      "Name": "3DMapInfo",
      "ID": 16
    },
    {
      "GroupGUID": "59e6ef44-f20c-42d0-afcf-64f25571b8b1",
      "GroupPath": "Config/LevelOutput/Group/Groups_P44301_F44301019/LevelGroup_P44301_F44301019_G17.json",
      "DimensionFilter": {},
      "Name": "Saves",
      "ID": 17
    },
    {
      "GroupGUID": "1299ea0c-4b84-4c5a-a340-ce568e8cb8e8",
      "GroupPath": "Config/LevelOutput/Group/Groups_P44301_F44301019/LevelGroup_P44301_F44301019_G19.json",
      "Name": "Sound",
      "ID": 19,
      "IsDelete": true
    },
    {
      "GroupGUID": "263b87b8-d3e1-498f-9e24-683fc89131b9",
      "GroupPath": "Config/LevelOutput/Group/Groups_P44301_F44301019/LevelGroup_P44301_F44301019_G21.json",
      "DimensionFilter": {},
      "Name": "BattleArea",
      "ID": 21
    },
    {
      "GroupGUID": "26417ae1-38b4-4b42-baed-c3754f34814a",
      "GroupPath": "Config/LevelOutput/Group/Groups_P44301_F44301019/LevelGroup_P44301_F44301019_G22.json",
      "DimensionFilter": {},
      "Name": "Sound-Reverb",
      "ID": 22
    },
    {
      "GroupGUID": "b3fdcbc3-1289-4e46-83b9-ec1a772183f8",
      "GroupPath": "Config/LevelOutput/Group/Groups_P44301_F44301019/LevelGroup_P44301_F44301019_G23.json",
      "DimensionFilter": {},
      "Name": "Sound",
      "ID": 23
    },
    {
      "GroupGUID": "ba6d9bb4-2cac-43cd-b3c4-1efc366d2b49",
      "GroupPath": "Config/LevelOutput/Group/Groups_P44301_F44301019/LevelGroup_P44301_F44301019_G24.json",
      "Name": "Sound",
      "ID": 24
    },
    {
      "GroupGUID": "4ab52e50-2146-48e6-b642-924fbbf4f67b",
      "GroupPath": "Config/LevelOutput/Group/Groups_P44301_F44301019/LevelGroup_P44301_F44301019_G25.json",
      "Name": "Sound",
      "ID": 25
    },
    {
      "GroupGUID": "f2b46d5d-09f0-4280-acec-cdf6ac360ac6",
      "GroupPath": "Config/LevelOutput/Group/Groups_P44301_F44301019/LevelGroup_P44301_F44301019_G26.json",
      "Name": "Sound",
      "ID": 26
    },
    {
      "GroupGUID": "1958f207-1e33-495f-aa00-fa142365539f",
      "GroupPath": "Config/LevelOutput/Group/Groups_P44301_F44301019/LevelGroup_P44301_F44301019_G27.json",
      "Name": "Sound",
      "ID": 27
    }
  ],
  "DefaultEnviroProfile": "Stages/Outputs/Chapter03/EnviroProfile/Chap03_CloseView_ADV_INT_P101_night_01.enviroProfile.asset",
  "StageData": "Stages/Outputs/Chapter03/Stages/Chap03_MAZ_P101_MainLine_01_StageData/Chap03_MAZ_P101_MainLine_01_StageData.stage",
  "CameraType": "Maze",
  "TimeOfDayEnviroProfileMap": {},
  "LayerToAreaMask": [
    32,
    16,
    8
  ],
  "FloorCustomData": {
    "CustomValues": [
      {
        "$type": "RPG.GameCore.FloorCustomBoolConfig",
        "ID": 10001,
        "Name": "Tutorial_Shown_1"
      },
      {
        "$type": "RPG.GameCore.FloorCustomBoolConfig",
        "ID": 10002,
        "Name": "Tutorial_Shown_2"
      },
      {
        "$type": "RPG.GameCore.FloorCustomBoolConfig",
        "ID": 10003,
        "Name": "Tutorial_Shown_3"
      },
      {
        "$type": "RPG.GameCore.FloorCustomBoolConfig",
        "ID": 10004,
        "Name": "First_Charger_Interacted"
      }
    ]
  },
  "BattleAreaList": [],
  "DimensionList": [
    {}
  ],
  "CameraPrefabPath": "Level/Maze/Chapter03/Chap03_MAZ_P101_LevelArea.prefab",
  "LevelFeatureModules": [
    "RotatableRegion"
  ],
  "NavmapConfigPath": "Config/LevelOutput/Map/MapInfo_P20311_F20311001.json",
  "IsRestartLevelGraph": false
}