{
  "FloorID": 44301005,
  "FloorName": "FloorName_44301005",
  "StartGroupID": 1,
  "StartAnchorID": 1,
  "GroupList": [
    {
      "GroupGUID": "aeb69b0d-36df-45c9-865b-aeef12aea474",
      "GroupPath": "Config/LevelOutput/Group/Groups_P44301_F44301005/LevelGroup_P44301_F44301005_G1.json",
      "Name": "DefaultGroup",
      "ID": 1
    },
    {
      "GroupGUID": "3fc77095-de7e-4980-a0cb-e6dcecc1a334",
      "GroupPath": "Config/LevelOutput/Group/Groups_P44301_F44301005/LevelGroup_P44301_F44301005_G2.json",
      "DimensionFilter": {},
      "Name": "DefaultGroup",
      "ID": 2
    },
    {
      "GroupGUID": "396ea5aa-7b40-4bb0-9290-b46e062879d7",
      "GroupPath": "Config/LevelOutput/Group/Groups_P44301_F44301005/LevelGroup_P44301_F44301005_G16.json",
      "DimensionFilter": {},
      "Name": "WolfBroGroup",
      "ID": 16
    },
    {
      "GroupGUID": "0640ec5a-a5c2-438d-b6ff-94faed2a6528",
      "GroupPath": "Config/LevelOutput/Group/Groups_P44301_F44301005/LevelGroup_P44301_F44301005_G17.json",
      "DimensionFilter": {},
      "Name": "WolfGroup_02",
      "ID": 17
    },
    {
      "GroupGUID": "02edfe29-7b44-4e57-8143-1489781cafd2",
      "GroupPath": "Config/LevelOutput/Group/Groups_P44301_F44301005/LevelGroup_P44301_F44301005_G19.json",
      "DimensionFilter": {},
      "Name": "WolfMonster",
      "ID": 19
    },
    {
      "GroupGUID": "58783412-84ec-4148-aaf5-cd39676fc2d9",
      "GroupPath": "Config/LevelOutput/Group/Groups_P44301_F44301005/LevelGroup_P44301_F44301005_G20.json",
      "DimensionFilter": {},
      "Name": "OrigamiBird_Normal",
      "ID": 20
    },
    {
      "GroupGUID": "fc7b9bcc-b987-42ba-bac7-962d499df230",
      "GroupPath": "Config/LevelOutput/Group/Groups_P44301_F44301005/LevelGroup_P44301_F44301005_G21.json",
      "DimensionFilter": {},
      "Name": "OrigamiBird_Normal",
      "ID": 21
    },
    {
      "GroupGUID": "9f96ecfa-fd3f-4896-aac2-3e6297cbc584",
      "GroupPath": "Config/LevelOutput/Group/Groups_P44301_F44301005/LevelGroup_P44301_F44301005_G27.json",
      "DimensionFilter": {},
      "Name": "AirWall",
      "ID": 27
    },
    {
      "GroupGUID": "81ffc2d2-3f5b-474a-8a28-034ddb50210b",
      "GroupPath": "Config/LevelOutput/Group/Groups_P44301_F44301005/LevelGroup_P44301_F44301005_G28.json",
      "DimensionFilter": {},
      "Name": "tvscreen1",
      "ID": 28
    },
    {
      "GroupGUID": "950a08a4-7723-4d3d-a610-be5b231dc895",
      "GroupPath": "Config/LevelOutput/Group/Groups_P44301_F44301005/LevelGroup_P44301_F44301005_G29.json",
      "Name": "tvscreen2",
      "ID": 29
    },
    {
      "GroupGUID": "9f36a92f-d1c1-4d54-b8ca-401291f4f59d",
      "GroupPath": "Config/LevelOutput/Group/Groups_P44301_F44301005/LevelGroup_P44301_F44301005_G30.json",
      "Name": "tvscreen3",
      "ID": 30
    },
    {
      "GroupGUID": "ae32351c-a062-42b0-8508-f97bdef9ca1f",
      "GroupPath": "Config/LevelOutput/Group/Groups_P44301_F44301005/LevelGroup_P44301_F44301005_G31.json",
      "Name": "BGM",
      "ID": 31
    },
    {
      "GroupGUID": "07d2964c-7b30-49d2-82d5-c60a8cf51ebc",
      "GroupPath": "Config/LevelOutput/Group/Groups_P44301_F44301005/LevelGroup_P44301_F44301005_G32.json",
      "Name": "Sound",
      "ID": 32
    },
    {
      "GroupGUID": "59c9d6d3-a0ee-4e0b-84ca-5124ecfedfdc",
      "GroupPath": "Config/LevelOutput/Group/Groups_P44301_F44301005/LevelGroup_P44301_F44301005_G33.json",
      "Name": "Sound-Vocal",
      "ID": 33
    }
  ],
  "DefaultEnviroProfile": "Stages/Outputs/Chapter03/EnviroProfile/Chap03_CloseView_ADV_MAZ_P01_Night.enviroProfile.asset",
  "StageData": "Stages/Outputs/Chapter03/Stages/Chap03_ADV_P01_StageData/Chap03_ADV_P01_StageData.stage",
  "TimeOfDayEnviroProfileMap": {},
  "LayerToAreaMask": [
    8,
    16,
    32
  ],
  "FloorCustomData": {
    "SavedValues": [
      {
        "ID": 1,
        "Name": "IsWolf01",
        "AllowedValues": [
          0,
          1
        ],
        "MaxValue": 1
      }
    ]
  },
  "BattleAreaList": [],
  "DimensionList": [
    {}
  ],
  "CameraPrefabPath": "Level/Maze/Chapter03/Chap03_ADV_P01_LevelArea.prefab",
  "NavmapConfigPath": "Config/LevelOutput/Map/MapInfo_P10301_F10301001.json",
  "IsRestartLevelGraph": false
}