{
  "FloorID": 44303003,
  "FloorName": "FloorName_44303003",
  "StartGroupID": 1,
  "StartAnchorID": 1,
  "GroupList": [
    {
      "GroupGUID": "06e8e94c-dba0-4434-9651-4af093b774df",
      "GroupPath": "Config/LevelOutput/Group/Groups_P44303_F44303003/LevelGroup_P44303_F44303003_G1.json",
      "DimensionFilter": {},
      "Name": "DefaultGroup",
      "ID": 1
    },
    {
      "GroupGUID": "b1e25a51-7102-401b-a446-29c3313e8aeb",
      "GroupPath": "Config/LevelOutput/Group/Groups_P44303_F44303003/LevelGroup_P44303_F44303003_G2.json",
      "DimensionFilter": {},
      "Name": "DefaultGroup",
      "ID": 2
    },
    {
      "GroupGUID": "5153e1e9-a129-4d19-8b4f-ac9e37898e01",
      "GroupPath": "Config/LevelOutput/Group/Groups_P44303_F44303003/LevelGroup_P44303_F44303003_G3.json",
      "Name": "Default_BoundaryCamera_Client",
      "ID": 3
    },
    {
      "GroupGUID": "ea76a27c-7409-4af2-8206-a35050ee52c5",
      "GroupPath": "Config/LevelOutput/Group/Groups_P44303_F44303003/LevelGroup_P44303_F44303003_G4.json",
      "DimensionFilter": {},
      "Name": "EdgeCamera",
      "ID": 4
    },
    {
      "GroupGUID": "7b48d9e1-28cc-4081-8e90-2f7ad78d694b",
      "GroupPath": "Config/LevelOutput/Group/Groups_P44303_F44303003/LevelGroup_P44303_F44303003_G5.json",
      "DimensionFilter": {},
      "Name": "Doors",
      "ID": 5
    },
    {
      "GroupGUID": "0d477690-2f94-4a91-b270-f2e6b72ab14f",
      "GroupPath": "Config/LevelOutput/Group/Groups_P44303_F44303003/LevelGroup_P44303_F44303003_G6.json",
      "DimensionFilter": {},
      "Name": "DefaultPortal",
      "ID": 6
    },
    {
      "GroupGUID": "9703eebd-360f-410a-8cff-e47d57fae74d",
      "GroupPath": "Config/LevelOutput/Group/Groups_P44303_F44303003/LevelGroup_P44303_F44303003_G7.json",
      "Name": "Elevator",
      "ID": 7
    },
    {
      "GroupGUID": "5c605a89-8149-4b09-9083-49174b2a2e9d",
      "GroupPath": "Config/LevelOutput/Group/Groups_P44303_F44303003/LevelGroup_P44303_F44303003_G8.json",
      "Name": "BGM",
      "ID": 8
    },
    {
      "GroupGUID": "1015011e-51f5-4dfd-991f-17309a1fe1f2",
      "GroupPath": "Config/LevelOutput/Group/Groups_P44303_F44303003/LevelGroup_P44303_F44303003_G9.json",
      "Name": "Sound",
      "ID": 9
    },
    {
      "GroupGUID": "9c312359-edd2-43ea-acce-582df7de783b",
      "GroupPath": "Config/LevelOutput/Group/Groups_P44303_F44303003/LevelGroup_P44303_F44303003_G10.json",
      "DimensionFilter": {},
      "Name": "Sound-Reverb",
      "ID": 10
    },
    {
      "GroupGUID": "f247d06f-fbae-42d0-bb4a-42507ee28f01",
      "GroupPath": "Config/LevelOutput/Group/Groups_P44303_F44303003/LevelGroup_P44303_F44303003_G11.json",
      "DimensionFilter": {},
      "Name": "MainMission8021132_01",
      "ID": 11
    },
    {
      "GroupGUID": "de5304c2-b78a-4f4e-b49a-c78bbe6fd60a",
      "GroupPath": "Config/LevelOutput/Group/Groups_P44303_F44303003/LevelGroup_P44303_F44303003_G12.json",
      "DimensionFilter": {},
      "Name": "MainMission8021132_11",
      "ID": 12
    },
    {
      "GroupGUID": "b7d844d1-ef2b-42c5-8eea-4ad128eedf60",
      "GroupPath": "Config/LevelOutput/Group/Groups_P44303_F44303003/LevelGroup_P44303_F44303003_G13.json",
      "DimensionFilter": {},
      "Name": "MainMission8021132_12",
      "ID": 13
    },
    {
      "GroupGUID": "4126744f-acb2-4b67-843b-632726ba7a7a",
      "GroupPath": "Config/LevelOutput/Group/Groups_P44303_F44303003/LevelGroup_P44303_F44303003_G14.json",
      "DimensionFilter": {},
      "Name": "MainMission8021132_07",
      "ID": 14
    },
    {
      "GroupGUID": "972457c1-9e7b-45e9-a76a-4140c00b4775",
      "GroupPath": "Config/LevelOutput/Group/Groups_P44303_F44303003/LevelGroup_P44303_F44303003_G15.json",
      "DimensionFilter": {},
      "Name": "MainMission8021132_02",
      "ID": 15
    },
    {
      "GroupGUID": "f1794349-da4e-4d19-97f2-34447c6dd893",
      "GroupPath": "Config/LevelOutput/Group/Groups_P44303_F44303003/LevelGroup_P44303_F44303003_G16.json",
      "DimensionFilter": {},
      "Name": "MainMission8021132_06",
      "ID": 16
    },
    {
      "GroupGUID": "292ff14e-7e5e-4ae2-a179-ea6a47c0e27a",
      "GroupPath": "Config/LevelOutput/Group/Groups_P44303_F44303003/LevelGroup_P44303_F44303003_G17.json",
      "DimensionFilter": {},
      "Name": "MainMission8021132_03",
      "ID": 17
    },
    {
      "GroupGUID": "1fd746df-4f78-4c8d-a8b4-033c88cfe97d",
      "GroupPath": "Config/LevelOutput/Group/Groups_P44303_F44303003/LevelGroup_P44303_F44303003_G18.json",
      "DimensionFilter": {},
      "Name": "MainMission8021132_03X",
      "ID": 18
    },
    {
      "GroupGUID": "a8cf5e36-c4fa-40cd-b365-0c2fb71ef02a",
      "GroupPath": "Config/LevelOutput/Group/Groups_P44303_F44303003/LevelGroup_P44303_F44303003_G19.json",
      "DimensionFilter": {},
      "Name": "MainMission8021132_04",
      "ID": 19
    },
    {
      "GroupGUID": "2c3ad132-3203-44de-9916-5241fd4afcdc",
      "GroupPath": "Config/LevelOutput/Group/Groups_P44303_F44303003/LevelGroup_P44303_F44303003_G20.json",
      "DimensionFilter": {},
      "Name": "MainMission8021132_05",
      "ID": 20
    },
    {
      "GroupGUID": "e5d8fc46-2422-4daf-b04d-a1e775265a75",
      "GroupPath": "Config/LevelOutput/Group/Groups_P44303_F44303003/LevelGroup_P44303_F44303003_G21.json",
      "DimensionFilter": {},
      "Name": "MainMission8021132_08",
      "ID": 21
    },
    {
      "GroupGUID": "d18a8c44-bed3-4836-b795-f31baf607ba7",
      "GroupPath": "Config/LevelOutput/Group/Groups_P44303_F44303003/LevelGroup_P44303_F44303003_G22.json",
      "DimensionFilter": {},
      "Name": "MainMission8021132_10",
      "ID": 22
    },
    {
      "GroupGUID": "e50dd52b-e9bc-4188-a26d-5a298ab21046",
      "GroupPath": "Config/LevelOutput/Group/Groups_P44303_F44303003/LevelGroup_P44303_F44303003_G23.json",
      "DimensionFilter": {},
      "Name": "MainMission8021132_17",
      "ID": 23
    },
    {
      "GroupGUID": "caaeed6d-1a6d-4907-99e2-131b0954265f",
      "GroupPath": "Config/LevelOutput/Group/Groups_P44303_F44303003/LevelGroup_P44303_F44303003_G24.json",
      "DimensionFilter": {},
      "Name": "MainMission8021132_13",
      "ID": 24
    },
    {
      "GroupGUID": "cc80bb01-0fc9-497a-a591-f6c826485740",
      "GroupPath": "Config/LevelOutput/Group/Groups_P44303_F44303003/LevelGroup_P44303_F44303003_G25.json",
      "DimensionFilter": {},
      "Name": "MainMission8021132_15",
      "ID": 25
    },
    {
      "GroupGUID": "e9d74216-2451-4796-936e-a311a99eb0dd",
      "GroupPath": "Config/LevelOutput/Group/Groups_P44303_F44303003/LevelGroup_P44303_F44303003_G27.json",
      "DimensionFilter": {
        "FilterType": "All"
      },
      "Name": "JigsawPuzzle_V3",
      "ID": 27,
      "IsDelete": true
    },
    {
      "GroupGUID": "38d4164b-60a2-439a-b82e-23985c6cd617",
      "GroupPath": "Config/LevelOutput/Group/Groups_P44303_F44303003/LevelGroup_P44303_F44303003_G28.json",
      "DimensionFilter": {},
      "Name": "JigsawPuzzle_V3_02",
      "ID": 28,
      "IsDelete": true
    },
    {
      "GroupGUID": "6daa46c7-1d68-4452-a027-a7461ec20720",
      "GroupPath": "Config/LevelOutput/Group/Groups_P44303_F44303003/LevelGroup_P44303_F44303003_G29.json",
      "DimensionFilter": {},
      "Name": "JigsawPuzzle_V3_03",
      "ID": 29,
      "IsDelete": true
    },
    {
      "GroupGUID": "58c3e9f7-4f27-4c11-a146-1d10369aca8d",
      "GroupPath": "Config/LevelOutput/Group/Groups_P44303_F44303003/LevelGroup_P44303_F44303003_G30.json",
      "DimensionFilter": {},
      "Name": "MainMission8021132_14X",
      "ID": 30
    },
    {
      "GroupGUID": "302a2779-cd59-45fc-8e97-6f40847a9477",
      "GroupPath": "Config/LevelOutput/Group/Groups_P44303_F44303003/LevelGroup_P44303_F44303003_G31.json",
      "DimensionFilter": {},
      "Name": "MainMission8021132_09",
      "ID": 31
    },
    {
      "GroupGUID": "23013daf-936a-4f62-8b33-7cfe17e07bbb",
      "GroupPath": "Config/LevelOutput/Group/Groups_P44303_F44303003/LevelGroup_P44303_F44303003_G33.json",
      "DimensionFilter": {},
      "Name": "MainMission8021132_00",
      "ID": 33
    },
    {
      "GroupGUID": "c8c2fa52-249f-48a2-b454-4bc82141da01",
      "GroupPath": "Config/LevelOutput/Group/Groups_P44303_F44303003/LevelGroup_P44303_F44303003_G34.json",
      "DimensionFilter": {},
      "Name": "MainMission8021132_JigsawPuzzle_P101_Mission_03_Shuweng",
      "ID": 34
    },
    {
      "GroupGUID": "de735885-806a-44db-b244-777914349c38",
      "GroupPath": "Config/LevelOutput/Group/Groups_P44303_F44303003/LevelGroup_P44303_F44303003_G35.json",
      "DimensionFilter": {},
      "Name": "MainMission8021132_JigsawPuzzle_P101_Mission_04_ShuwengAndFriends",
      "ID": 35
    },
    {
      "GroupGUID": "80da5127-58b6-4fc7-8089-492cbc1bb374",
      "GroupPath": "Config/LevelOutput/Group/Groups_P44303_F44303003/LevelGroup_P44303_F44303003_G36.json",
      "DimensionFilter": {
        "FilterExpression": {}
      },
      "Name": "MainMission8021132_JigsawPuzzle_P101_Mission_02_BarCounter",
      "ID": 36
    },
    {
      "GroupGUID": "d6bbeb92-7eea-4300-945c-044395196034",
      "GroupPath": "Config/LevelOutput/Group/Groups_P44303_F44303003/LevelGroup_P44303_F44303003_G37.json",
      "DimensionFilter": {
        "FilterExpression": {}
      },
      "Name": "JigsawResult_PropsOnBarCounter",
      "ID": 37
    }
  ],
  "DefaultEnviroProfile": "Stages/Outputs/Chapter03/EnviroProfile/Chap03_CloseView_ADV_INT_P101_night_01.enviroProfile.asset",
  "StageData": "Stages/Outputs/Chapter03/Stages/Chap03_MAZ_P101_MainLine_01_StageData/Chap03_MAZ_P101_MainLine_01_StageData.stage",
  "CameraType": "Maze",
  "MinimapVolumeData": {},
  "TimeOfDayEnviroProfileMap": {},
  "LayerToAreaMask": [
    32,
    16,
    8
  ],
  "FloorCustomData": {
    "SavedValues": [
      {
        "ID": 1,
        "Name": "JIG1_Fin",
        "AllowedValues": [
          0,
          1
        ],
        "MaxValue": 3
      }
    ],
    "ConstValues": [
      {
        "$type": "RPG.GameCore.FloorTargetAgentConfig",
        "ID": 1,
        "Name": "Connection01"
      },
      {
        "$type": "RPG.GameCore.FloorTargetAgentConfig",
        "ID": 2,
        "Name": "Connection02"
      },
      {
        "$type": "RPG.GameCore.FloorTargetAgentConfig",
        "AgentType": "Prop",
        "GroupID": 5,
        "InstanceID": 300025,
        "ID": 3,
        "Name": "Connection03"
      },
      {
        "$type": "RPG.GameCore.FloorTargetAgentConfig",
        "AgentType": "Prop",
        "GroupID": 5,
        "InstanceID": 300022,
        "ID": 4,
        "Name": "Connection04"
      },
      {
        "$type": "RPG.GameCore.FloorTargetAgentConfig",
        "AgentType": "Prop",
        "GroupID": 5,
        "InstanceID": 300019,
        "ID": 5,
        "Name": "Connection05"
      },
      {
        "$type": "RPG.GameCore.FloorTargetAgentConfig",
        "AgentType": "Prop",
        "GroupID": 5,
        "InstanceID": 300023,
        "ID": 6,
        "Name": "Connection06"
      },
      {
        "$type": "RPG.GameCore.FloorTargetAgentConfig",
        "ID": 7,
        "Name": "Connection07"
      },
      {
        "$type": "RPG.GameCore.FloorTargetAgentConfig",
        "ID": 12,
        "Name": "Connection08"
      },
      {
        "$type": "RPG.GameCore.FloorTargetAgentConfig",
        "ID": 13,
        "Name": "Connection09"
      },
      {
        "$type": "RPG.GameCore.FloorTargetAgentConfig",
        "ID": 14,
        "Name": "Connection10"
      },
      {
        "$type": "RPG.GameCore.FloorTargetAgentConfig",
        "ID": 15,
        "Name": "Connection11"
      },
      {
        "$type": "RPG.GameCore.FloorTargetAgentConfig",
        "ID": 16,
        "Name": "Connection12"
      },
      {
        "$type": "RPG.GameCore.FloorTargetAgentConfig",
        "ID": 17,
        "Name": "Connection13"
      },
      {
        "$type": "RPG.GameCore.FloorTargetAgentConfig",
        "ID": 18,
        "Name": "Connection14"
      },
      {
        "$type": "RPG.GameCore.FloorTargetAgentConfig",
        "ID": 19,
        "Name": "Connection15"
      },
      {
        "$type": "RPG.GameCore.FloorTargetAgentConfig",
        "ID": 20,
        "Name": "Connection16"
      },
      {
        "$type": "RPG.GameCore.FloorTargetAgentConfig",
        "ID": 21,
        "Name": "Connection17"
      }
    ]
  },
  "BattleAreaList": [],
  "DimensionList": [
    {}
  ],
  "CameraPrefabPath": "Level/Maze/Chapter03/Chap03_MAZ_P101_LevelArea.prefab",
  "NavmapConfigPath": "Config/LevelOutput/Map/MapInfo_P20311_F20311001.json",
  "RegionConfigPath": "Config/LevelOutput/Region/FloorRegion_P20311_F20311001.json",
  "IsRestartLevelGraph": false
}