{
  "FloorID": 44301008,
  "FloorName": "FloorName_44301008",
  "StartGroupID": 1,
  "StartAnchorID": 1,
  "GroupList": [
    {
      "GroupGUID": "6f543826-b631-47b4-9534-82791644a903",
      "GroupPath": "Config/LevelOutput/Group/Groups_P44301_F44301008/LevelGroup_P44301_F44301008_G1.json",
      "Name": "DefaultGroup",
      "ID": 1
    },
    {
      "GroupGUID": "89e5d328-f176-4443-abf0-2d88e2f11234",
      "GroupPath": "Config/LevelOutput/Group/Groups_P44301_F44301008/LevelGroup_P44301_F44301008_G2.json",
      "DimensionFilter": {},
      "Name": "DefaultGroup",
      "ID": 2
    },
    {
      "GroupGUID": "6561aa0c-834e-463d-8c47-15a486844fb5",
      "GroupPath": "Config/LevelOutput/Group/Groups_P44301_F44301008/LevelGroup_P44301_F44301008_G3.json",
      "DimensionFilter": {},
      "Name": "ClockToy",
      "ID": 3
    },
    {
      "GroupGUID": "c18c56cc-b018-4123-bee3-fa73e4983f6e",
      "GroupPath": "Config/LevelOutput/Group/Groups_P44301_F44301008/LevelGroup_P44301_F44301008_G4.json",
      "DimensionFilter": {},
      "Name": "AirWalls",
      "ID": 4
    },
    {
      "GroupGUID": "3a16255f-e859-4804-952a-8b6fab6a5e12",
      "GroupPath": "Config/LevelOutput/Group/Groups_P44301_F44301008/LevelGroup_P44301_F44301008_G5.json",
      "DimensionFilter": {},
      "Name": "BGM",
      "ID": 5
    },
    {
      "GroupGUID": "6c6d8880-22e4-463e-9ab6-dc7956c28b19",
      "GroupPath": "Config/LevelOutput/Group/Groups_P44301_F44301008/LevelGroup_P44301_F44301008_G6.json",
      "Name": "Sound",
      "ID": 6
    },
    {
      "GroupGUID": "0e678239-f71a-427b-8964-7358161cc1f0",
      "GroupPath": "Config/LevelOutput/Group/Groups_P44301_F44301008/LevelGroup_P44301_F44301008_G7.json",
      "Name": "Sound-Reverb",
      "ID": 7
    },
    {
      "GroupGUID": "e6dfc1a5-125d-4f19-b182-c625c2044746",
      "GroupPath": "Config/LevelOutput/Group/Groups_P44301_F44301008/LevelGroup_P44301_F44301008_G8.json",
      "DimensionFilter": {},
      "Name": "MeteorShower",
      "ID": 8
    }
  ],
  "DefaultEnviroProfile": "Stages/Outputs/Chapter03/EnviroProfile/Chap03_CloseView_MAZ_P103_DreamEdge_night_01.enviroProfile.asset",
  "StageData": "Stages/Outputs/Chapter03/Stages/Chap03_MAZ_P103_StageData/Chap03_MAZ_P103_StageData.stage",
  "CameraType": "Maze",
  "TimeOfDayEnviroProfileMap": {},
  "LayerToAreaMask": [
    8
  ],
  "BattleAreaList": [],
  "DimensionList": [
    {}
  ],
  "NavmapConfigPath": "Config/LevelOutput/Map/MapInfo_P20313_F20313001.json",
  "IsRestartLevelGraph": false
}