{
  "FloorID": 44305003,
  "FloorName": "FloorName_44305003",
  "StartGroupID": 1,
  "StartAnchorID": 1,
  "GroupList": [
    {
      "GroupGUID": "cd8b3a55-f8d0-4e05-9add-f297e0dbb476",
      "GroupPath": "Config/LevelOutput/Group/Groups_P44305_F44305003/LevelGroup_P44305_F44305003_G2.json",
      "DimensionFilter": {},
      "Name": "DefaultGroup",
      "ID": 2
    },
    {
      "GroupGUID": "68b92b64-ac05-44ab-9ffa-6bc402b4ba9c",
      "GroupPath": "Config/LevelOutput/Group/Groups_P44305_F44305003/LevelGroup_P44305_F44305003_G1.json",
      "DimensionFilter": {},
      "Name": "DefaultGroup",
      "ID": 1
    },
    {
      "GroupGUID": "85d7d37d-2e01-472a-a4eb-c30cca05d377",
      "GroupPath": "Config/LevelOutput/Group/Groups_P44305_F44305003/LevelGroup_P44305_F44305003_G81.json",
      "DimensionFilter": {},
      "Name": "Saves",
      "ID": 81
    },
    {
      "GroupGUID": "677c78d2-a8d9-41cd-b826-3e9fa5cda9fa",
      "GroupPath": "Config/LevelOutput/Group/Groups_P44305_F44305003/LevelGroup_P44305_F44305003_G62.json",
      "DimensionFilter": {},
      "Name": "MainMission8022123_Portal_01",
      "ID": 62
    },
    {
      "GroupGUID": "88fe6562-b425-47e7-811d-f1ccdd0ed791",
      "GroupPath": "Config/LevelOutput/Group/Groups_P44305_F44305003/LevelGroup_P44305_F44305003_G63.json",
      "DimensionFilter": {},
      "Name": "MainMission8022123_Portal_04",
      "ID": 63
    },
    {
      "GroupGUID": "967895b8-cdbf-4b8b-96bd-171ea14ca66a",
      "GroupPath": "Config/LevelOutput/Group/Groups_P44305_F44305003/LevelGroup_P44305_F44305003_G46.json",
      "DimensionFilter": {},
      "Name": "MainMission8022123_Portal_05",
      "ID": 46
    },
    {
      "GroupGUID": "a3818239-fc84-4737-bb24-5a676ff1fbdc",
      "GroupPath": "Config/LevelOutput/Group/Groups_P44305_F44305003/LevelGroup_P44305_F44305003_G53.json",
      "DimensionFilter": {},
      "Name": "Case1",
      "ID": 53
    },
    {
      "GroupGUID": "cea9c6a5-8bcd-4a19-8fd8-222d25838e80",
      "GroupPath": "Config/LevelOutput/Group/Groups_P44305_F44305003/LevelGroup_P44305_F44305003_G127.json",
      "DimensionFilter": {},
      "Name": "MainMission8022123_01",
      "ID": 127
    },
    {
      "GroupGUID": "cb6d027b-b38c-4fb9-a15b-b1f5afab3c03",
      "GroupPath": "Config/LevelOutput/Group/Groups_P44305_F44305003/LevelGroup_P44305_F44305003_G61.json",
      "DimensionFilter": {
        "FilterType": "All"
      },
      "Name": "GravityBoards_01",
      "ID": 61
    },
    {
      "GroupGUID": "c756605d-7791-4501-9c42-257d6efcb051",
      "GroupPath": "Config/LevelOutput/Group/Groups_P44305_F44305003/LevelGroup_P44305_F44305003_G55.json",
      "DimensionFilter": {},
      "Name": "AirLock03_1",
      "ID": 55
    },
    {
      "GroupGUID": "de8d59de-11de-41bd-abed-d5a371c1fc80",
      "GroupPath": "Config/LevelOutput/Group/Groups_P44305_F44305003/LevelGroup_P44305_F44305003_G60.json",
      "Name": "ExitIcon",
      "ID": 60
    },
    {
      "GroupGUID": "d74bff93-a36d-4be5-81cd-a22dd353025e",
      "GroupPath": "Config/LevelOutput/Group/Groups_P44305_F44305003/LevelGroup_P44305_F44305003_G101.json",
      "DimensionFilter": {},
      "Name": "MainMission8022123_01",
      "ID": 101
    },
    {
      "GroupGUID": "62298dc6-2b6b-4483-b4bc-e2cd2ff71cae",
      "GroupPath": "Config/LevelOutput/Group/Groups_P44305_F44305003/LevelGroup_P44305_F44305003_G58.json",
      "DimensionFilter": {
        "FilterExpression": {}
      },
      "Name": "DefaultDistructable",
      "ID": 58
    },
    {
      "GroupGUID": "6f7a736b-1994-4ee7-a271-0fa0586cc0f8",
      "GroupPath": "Config/LevelOutput/Group/Groups_P44305_F44305003/LevelGroup_P44305_F44305003_G85.json",
      "DimensionFilter": {},
      "Name": "DefaultDistructable",
      "ID": 85
    },
    {
      "GroupGUID": "8123174a-5798-4190-bd0c-01095a256b1d",
      "GroupPath": "Config/LevelOutput/Group/Groups_P44305_F44305003/LevelGroup_P44305_F44305003_G86.json",
      "DimensionFilter": {},
      "Name": "DefaultDistructable",
      "ID": 86
    },
    {
      "GroupGUID": "6e07a0cd-3c55-41b3-8bef-89ea4de6d1a1",
      "GroupPath": "Config/LevelOutput/Group/Groups_P44305_F44305003/LevelGroup_P44305_F44305003_G97.json",
      "DimensionFilter": {
        "FilterExpression": {}
      },
      "Name": "DefaultDistructable",
      "ID": 97
    },
    {
      "GroupGUID": "8092a30e-28e1-4ff7-a686-859a517ed2ca",
      "GroupPath": "Config/LevelOutput/Group/Groups_P44305_F44305003/LevelGroup_P44305_F44305003_G109.json",
      "DimensionFilter": {
        "FilterType": "All"
      },
      "Name": "Portal",
      "ID": 109
    },
    {
      "GroupGUID": "476f2f23-30c4-44ba-834c-c299a9f4ad32",
      "GroupPath": "Config/LevelOutput/Group/Groups_P44305_F44305003/LevelGroup_P44305_F44305003_G96.json",
      "DimensionFilter": {},
      "Name": "MainMission8022123_Portal_02",
      "ID": 96
    },
    {
      "GroupGUID": "4e3e5f79-c8ff-4ac3-91f3-98117eaf668c",
      "GroupPath": "Config/LevelOutput/Group/Groups_P44305_F44305003/LevelGroup_P44305_F44305003_G64.json",
      "DimensionFilter": {
        "FilterType": "All"
      },
      "Name": "Case2",
      "ID": 64,
      "IsDelete": true
    },
    {
      "GroupGUID": "70a64737-b128-4346-8181-0264df48f5a3",
      "GroupPath": "Config/LevelOutput/Group/Groups_P44305_F44305003/LevelGroup_P44305_F44305003_G67.json",
      "DimensionFilter": {},
      "Name": "GravityBoards_02",
      "ID": 67,
      "IsDelete": true
    },
    {
      "GroupGUID": "9a794220-cf72-4f52-960e-8103c9df3069",
      "GroupPath": "Config/LevelOutput/Group/Groups_P44305_F44305003/LevelGroup_P44305_F44305003_G69.json",
      "DimensionFilter": {
        "FilterExpression": {}
      },
      "Name": "Challenge_Difficulty01_Bridge",
      "ID": 69,
      "IsDelete": true
    },
    {
      "GroupGUID": "9afe928e-01a8-4280-ad63-a8f34fe093ae",
      "GroupPath": "Config/LevelOutput/Group/Groups_P44305_F44305003/LevelGroup_P44305_F44305003_G71.json",
      "DimensionFilter": {},
      "Name": "ExitIcon",
      "ID": 71,
      "IsDelete": true
    },
    {
      "GroupGUID": "5fb8d807-73c3-432f-874a-695c4b2e390c",
      "GroupPath": "Config/LevelOutput/Group/Groups_P44305_F44305003/LevelGroup_P44305_F44305003_G78.json",
      "DimensionFilter": {
        "FilterType": "All"
      },
      "Name": "New Group",
      "ID": 78,
      "IsDelete": true
    },
    {
      "GroupGUID": "69fd6488-eaa2-43b0-b28a-84da016501b7",
      "GroupPath": "Config/LevelOutput/Group/Groups_P44305_F44305003/LevelGroup_P44305_F44305003_G79.json",
      "DimensionFilter": {
        "FilterExpression": {}
      },
      "Name": "New Group",
      "ID": 79,
      "IsDelete": true
    },
    {
      "GroupGUID": "2ff1469f-077c-454e-b390-bc2e8c5c5b02",
      "GroupPath": "Config/LevelOutput/Group/Groups_P44305_F44305003/LevelGroup_P44305_F44305003_G110.json",
      "DimensionFilter": {
        "FilterType": "All"
      },
      "Name": "ChallengeRoom_StartPoint",
      "ID": 110,
      "IsDelete": true
    },
    {
      "GroupGUID": "8369ff28-34d0-4c57-9490-c7cd7021ec92",
      "GroupPath": "Config/LevelOutput/Group/Groups_P44305_F44305003/LevelGroup_P44305_F44305003_G80.json",
      "DimensionFilter": {},
      "Name": "MainMission8022123_Portal_03",
      "ID": 80,
      "IsDelete": true
    },
    {
      "GroupGUID": "26a28743-4f85-4a3d-8a45-7b5a16189873",
      "GroupPath": "Config/LevelOutput/Group/Groups_P44305_F44305003/LevelGroup_P44305_F44305003_G94.json",
      "DimensionFilter": {
        "FilterType": "All"
      },
      "Name": "OneWayBridge",
      "ID": 94,
      "IsDelete": true
    },
    {
      "GroupGUID": "261d92c6-4be7-45f7-9ea4-885ef7e47d6e",
      "GroupPath": "Config/LevelOutput/Group/Groups_P44305_F44305003/LevelGroup_P44305_F44305003_G98.json",
      "DimensionFilter": {
        "FilterType": "All"
      },
      "Name": "OneWayBridge",
      "ID": 98,
      "IsDelete": true
    },
    {
      "GroupGUID": "719de8e1-e4f1-4452-ad86-3755c692180d",
      "GroupPath": "Config/LevelOutput/Group/Groups_P44305_F44305003/LevelGroup_P44305_F44305003_G99.json",
      "DimensionFilter": {
        "FilterType": "All"
      },
      "Name": "OneWayBridge",
      "ID": 99,
      "IsDelete": true
    },
    {
      "GroupGUID": "f92bf23c-8835-4018-8017-502b2bc1ef1e",
      "GroupPath": "Config/LevelOutput/Group/Groups_P44305_F44305003/LevelGroup_P44305_F44305003_G52.json",
      "DimensionFilter": {
        "FilterType": "All"
      },
      "Name": "Case3",
      "ID": 52,
      "IsDelete": true
    },
    {
      "GroupGUID": "99f1d960-58ab-493f-a195-df25247d1b1f",
      "GroupPath": "Config/LevelOutput/Group/Groups_P44305_F44305003/LevelGroup_P44305_F44305003_G29.json",
      "DimensionFilter": {
        "FilterType": "All"
      },
      "Name": "GravityBoards_03",
      "ID": 29,
      "IsDelete": true
    },
    {
      "GroupGUID": "151093b8-8f53-4756-acbf-cbb16200cece",
      "GroupPath": "Config/LevelOutput/Group/Groups_P44305_F44305003/LevelGroup_P44305_F44305003_G27.json",
      "DimensionFilter": {},
      "Name": "AirLock02_2",
      "ID": 27,
      "IsDelete": true
    },
    {
      "GroupGUID": "220beea7-ca2d-4b70-9457-8648a0a519d1",
      "GroupPath": "Config/LevelOutput/Group/Groups_P44305_F44305003/LevelGroup_P44305_F44305003_G28.json",
      "Name": "AirLock02_1",
      "ID": 28,
      "IsDelete": true
    },
    {
      "GroupGUID": "d2403cf7-bc30-4b7d-b1c6-047218d250a4",
      "GroupPath": "Config/LevelOutput/Group/Groups_P44305_F44305003/LevelGroup_P44305_F44305003_G33.json",
      "DimensionFilter": {},
      "Name": "ExitIcon",
      "ID": 33,
      "IsDelete": true
    },
    {
      "GroupGUID": "7bac356b-dde9-43cf-bd45-ecb8fa2556b6",
      "GroupPath": "Config/LevelOutput/Group/Groups_P44305_F44305003/LevelGroup_P44305_F44305003_G37.json",
      "DimensionFilter": {
        "FilterType": "All"
      },
      "Name": "GravityBoards_01",
      "ID": 37,
      "IsDelete": true
    },
    {
      "GroupGUID": "7b8d98c7-506e-4ade-8b6b-d7965529965b",
      "GroupPath": "Config/LevelOutput/Group/Groups_P44305_F44305003/LevelGroup_P44305_F44305003_G100.json",
      "DimensionFilter": {
        "FilterType": "All"
      },
      "Name": "ChallengeRoom_StartPoint",
      "ID": 100,
      "IsDelete": true
    },
    {
      "GroupGUID": "7cad0373-c4a3-4419-8f70-bcd1989f20a6",
      "GroupPath": "Config/LevelOutput/Group/Groups_P44305_F44305003/LevelGroup_P44305_F44305003_G111.json",
      "DimensionFilter": {},
      "Name": "MainMission8022123_ChallengeRoom_StartPoint",
      "ID": 111,
      "IsDelete": true
    },
    {
      "GroupGUID": "766c4b01-db38-49f4-a6b8-b33916146738",
      "GroupPath": "Config/LevelOutput/Group/Groups_P44305_F44305003/LevelGroup_P44305_F44305003_G45.json",
      "DimensionFilter": {
        "FilterType": "All"
      },
      "Name": "OneWayBridge",
      "ID": 45,
      "IsDelete": true
    },
    {
      "GroupGUID": "89864e47-1829-4a45-8078-23a4e9e6e253",
      "GroupPath": "Config/LevelOutput/Group/Groups_P44305_F44305003/LevelGroup_P44305_F44305003_G43.json",
      "DimensionFilter": {},
      "Name": "GuruguruCtrl",
      "ID": 43,
      "IsDelete": true
    },
    {
      "GroupGUID": "dd1149dd-de21-4151-bf8f-f3e814d9b107",
      "GroupPath": "Config/LevelOutput/Group/Groups_P44305_F44305003/LevelGroup_P44305_F44305003_G48.json",
      "DimensionFilter": {
        "FilterType": "All"
      },
      "Name": "Case3Pose3",
      "ID": 48,
      "IsDelete": true
    },
    {
      "GroupGUID": "50629948-d23d-45bc-ab16-15f72d9003fc",
      "GroupPath": "Config/LevelOutput/Group/Groups_P44305_F44305003/LevelGroup_P44305_F44305003_G49.json",
      "DimensionFilter": {
        "FilterType": "All"
      },
      "Name": "Case3pose0",
      "ID": 49,
      "IsDelete": true
    },
    {
      "GroupGUID": "0f05c3cc-4dad-4de6-9060-7167adc6aaeb",
      "GroupPath": "Config/LevelOutput/Group/Groups_P44305_F44305003/LevelGroup_P44305_F44305003_G26.json",
      "DimensionFilter": {},
      "Name": "OneWayBridge",
      "ID": 26,
      "IsDelete": true
    },
    {
      "GroupGUID": "4b88df8f-0373-4da4-bcc9-41ee943ea899",
      "GroupPath": "Config/LevelOutput/Group/Groups_P44305_F44305003/LevelGroup_P44305_F44305003_G93.json",
      "DimensionFilter": {},
      "Name": "GuruguruCtrl",
      "ID": 93,
      "IsDelete": true
    },
    {
      "GroupGUID": "cd507f58-3255-4a43-b35d-958967df4328",
      "GroupPath": "Config/LevelOutput/Group/Groups_P44305_F44305003/LevelGroup_P44305_F44305003_G51.json",
      "DimensionFilter": {
        "FilterType": "All"
      },
      "Name": "OneWayBridge",
      "ID": 51,
      "IsDelete": true
    },
    {
      "GroupGUID": "52a577b1-2081-4ad5-a536-d40481512478",
      "GroupPath": "Config/LevelOutput/Group/Groups_P44305_F44305003/LevelGroup_P44305_F44305003_G92.json",
      "DimensionFilter": {},
      "Name": "GuruguruCtrl",
      "ID": 92,
      "IsDelete": true
    },
    {
      "GroupGUID": "05fa4a34-42e9-4d32-a2fc-96b1836b5368",
      "GroupPath": "Config/LevelOutput/Group/Groups_P44305_F44305003/LevelGroup_P44305_F44305003_G10.json",
      "DimensionFilter": {},
      "Name": "3DMapInfo",
      "ID": 10
    },
    {
      "GroupGUID": "5fe435b0-9bdf-4f4d-881e-5d00cf4595ff",
      "GroupPath": "Config/LevelOutput/Group/Groups_P44305_F44305003/LevelGroup_P44305_F44305003_G102.json",
      "DimensionFilter": {},
      "Name": "MainMission8022123_01",
      "ID": 102
    },
    {
      "GroupGUID": "99d8e63f-6843-4e60-93bd-24165078f490",
      "GroupPath": "Config/LevelOutput/Group/Groups_P44305_F44305003/LevelGroup_P44305_F44305003_G103.json",
      "DimensionFilter": {},
      "Name": "MainMission8022123_02",
      "ID": 103
    },
    {
      "GroupGUID": "3b02ddc8-24d8-46c4-b352-618255e755d3",
      "GroupPath": "Config/LevelOutput/Group/Groups_P44305_F44305003/LevelGroup_P44305_F44305003_G104.json",
      "DimensionFilter": {},
      "Name": "MainMission8022123_03",
      "ID": 104
    },
    {
      "GroupGUID": "3dbe517d-873e-463c-b7b0-27db5a136e57",
      "GroupPath": "Config/LevelOutput/Group/Groups_P44305_F44305003/LevelGroup_P44305_F44305003_G105.json",
      "DimensionFilter": {},
      "Name": "MainMission8022123_04",
      "ID": 105
    },
    {
      "GroupGUID": "eb0bbaa1-2655-439a-a3fe-2a01195a14d2",
      "GroupPath": "Config/LevelOutput/Group/Groups_P44305_F44305003/LevelGroup_P44305_F44305003_G106.json",
      "DimensionFilter": {},
      "Name": "MainMission8022123_05",
      "ID": 106
    },
    {
      "GroupGUID": "9cb7d548-39b2-4c31-963c-1887fea45f57",
      "GroupPath": "Config/LevelOutput/Group/Groups_P44305_F44305003/LevelGroup_P44305_F44305003_G107.json",
      "DimensionFilter": {},
      "Name": "MainMission8022123_06",
      "ID": 107
    },
    {
      "GroupGUID": "5cfb6cf5-cb0f-49f6-a23d-e8d692b47f5b",
      "GroupPath": "Config/LevelOutput/Group/Groups_P44305_F44305003/LevelGroup_P44305_F44305003_G108.json",
      "DimensionFilter": {},
      "Name": "MainMission8022123_07",
      "ID": 108
    },
    {
      "GroupGUID": "ae1bc621-17c0-4989-ac3e-e10a47712c5b",
      "GroupPath": "Config/LevelOutput/Group/Groups_P44305_F44305003/LevelGroup_P44305_F44305003_G116.json",
      "DimensionFilter": {},
      "Name": "MainMission8022123_08",
      "ID": 116
    },
    {
      "GroupGUID": "1835f538-1c9b-4d82-9776-fd10ee063de2",
      "GroupPath": "Config/LevelOutput/Group/Groups_P44305_F44305003/LevelGroup_P44305_F44305003_G54.json",
      "DimensionFilter": {},
      "Name": "BGM",
      "ID": 54
    },
    {
      "GroupGUID": "eba94d29-ca74-44fd-aef1-25b943de60d9",
      "GroupPath": "Config/LevelOutput/Group/Groups_P44305_F44305003/LevelGroup_P44305_F44305003_G8.json",
      "DimensionFilter": {},
      "Name": "BGM",
      "ID": 8
    },
    {
      "GroupGUID": "d3721d77-b5a7-4fad-9690-7cd8ec66afbe",
      "GroupPath": "Config/LevelOutput/Group/Groups_P44305_F44305003/LevelGroup_P44305_F44305003_G9.json",
      "Name": "Sound",
      "ID": 9
    },
    {
      "GroupGUID": "f30b0a2d-d1d1-4637-ad5e-36e439ac8204",
      "GroupPath": "Config/LevelOutput/Group/Groups_P44305_F44305003/LevelGroup_P44305_F44305003_G21.json",
      "DimensionFilter": {},
      "Name": "Sound-Reverb",
      "ID": 21
    },
    {
      "GroupGUID": "6e5c37e2-ee15-4db8-82dc-7ee5209b83c6",
      "GroupPath": "Config/LevelOutput/Group/Groups_P44305_F44305003/LevelGroup_P44305_F44305003_G138.json",
      "DimensionFilter": {
        "FilterType": "All"
      },
      "Name": "Sound",
      "ID": 138
    },
    {
      "GroupGUID": "9ae02b2f-7cf6-4412-9267-3a786127b472",
      "GroupPath": "Config/LevelOutput/Group/Groups_P44305_F44305003/LevelGroup_P44305_F44305003_G139.json",
      "DimensionFilter": {
        "FilterType": "All"
      },
      "Name": "Sound",
      "ID": 139
    },
    {
      "GroupGUID": "51bf908a-cbbc-47e9-9c41-881f384879d8",
      "GroupPath": "Config/LevelOutput/Group/Groups_P44305_F44305003/LevelGroup_P44305_F44305003_G140.json",
      "DimensionFilter": {
        "FilterType": "All"
      },
      "Name": "Sound",
      "ID": 140
    },
    {
      "GroupGUID": "1d8c1336-a1b6-4910-a1b2-884719ad011c",
      "GroupPath": "Config/LevelOutput/Group/Groups_P44305_F44305003/LevelGroup_P44305_F44305003_G141.json",
      "DimensionFilter": {
        "FilterType": "All"
      },
      "Name": "Sound",
      "ID": 141
    },
    {
      "GroupGUID": "9c0d203e-7d23-4f26-8357-114066bcc30c",
      "GroupPath": "Config/LevelOutput/Group/Groups_P44305_F44305003/LevelGroup_P44305_F44305003_G142.json",
      "DimensionFilter": {
        "FilterType": "All"
      },
      "Name": "Sound",
      "ID": 142
    }
  ],
  "DefaultEnviroProfile": "Stages/Outputs/Chapter03/EnviroProfile/Chap03_CloseView_ADV_INT_P101_night_01.enviroProfile.asset",
  "StageData": "Stages/Outputs/Chapter03/Stages/Chap03_MAZ_P101_MainLine_01_StageData/Chap03_MAZ_P101_MainLine_01_StageData.stage",
  "CameraType": "Maze",
  "TimeOfDayEnviroProfileMap": {},
  "LayerToAreaMask": [
    32,
    16,
    8
  ],
  "FloorCustomData": {
    "CustomValues": [
      {
        "$type": "RPG.GameCore.FloorCustomBoolConfig",
        "ID": 10001,
        "Name": "GuruGru_AirWall"
      },
      {
        "$type": "RPG.GameCore.FloorCustomBoolConfig",
        "ID": 10002,
        "Name": "GuruGru_AirWall_6M"
      },
      {
        "$type": "RPG.GameCore.FloorCustomBoolConfig",
        "ID": 10003,
        "Name": "GuruGru_AirWall_12M_01"
      },
      {
        "$type": "RPG.GameCore.FloorCustomBoolConfig",
        "ID": 10004,
        "Name": "Is_Frame_Interacted_01"
      },
      {
        "$type": "RPG.GameCore.FloorCustomBoolConfig",
        "ID": 10005,
        "Name": "Is_Frame_Interacted_02"
      },
      {
        "$type": "RPG.GameCore.FloorCustomBoolConfig",
        "ID": 10006,
        "Name": "Is_Frame_Interacted_03"
      },
      {
        "$type": "RPG.GameCore.FloorCustomBoolConfig",
        "ID": 10007,
        "Name": "Is_Chest_Interacted_01"
      },
      {
        "$type": "RPG.GameCore.FloorCustomBoolConfig",
        "ID": 10008,
        "Name": "Is_Chest_Interacted_02"
      },
      {
        "$type": "RPG.GameCore.FloorCustomBoolConfig",
        "ID": 10009,
        "Name": "Is_Chest_Interacted_03"
      },
      {
        "$type": "RPG.GameCore.FloorCustomBoolConfig",
        "ID": 10010,
        "Name": "Is_Frame_Interacted_04"
      },
      {
        "$type": "RPG.GameCore.FloorCustomBoolConfig",
        "ID": 10011,
        "Name": "Is_Frame_Interacted_05"
      }
    ],
    "SavedValues": [
      {
        "ID": 2,
        "Name": "BubbleCondition_01",
        "AllowedValues": [
          0,
          1,
          2
        ],
        "MaxValue": 2
      },
      {
        "ID": 3,
        "Name": "BubbleCondition_02",
        "AllowedValues": [
          0,
          1,
          2
        ],
        "MaxValue": 2
      },
      {
        "ID": 4,
        "Name": "BubbleCondition_03",
        "AllowedValues": [
          0,
          1,
          2
        ],
        "MaxValue": 2
      },
      {
        "ID": 5,
        "Name": "MissionClear",
        "AllowedValues": [
          0,
          1,
          2
        ],
        "MaxValue": 2
      }
    ]
  },
  "BattleAreaList": [],
  "DimensionList": [
    {}
  ],
  "CameraPrefabPath": "Level/Maze/Chapter03/Chap03_MAZ_P101_LevelArea.prefab",
  "LevelFeatureModules": [
    "RotatableRegion"
  ],
  "NavmapConfigPath": "Config/LevelOutput/Map/MapInfo_P20311_F20311001.json"
}