{
  "FloorID": 44303002,
  "FloorName": "FloorName_44303002",
  "StartGroupID": 1,
  "StartAnchorID": 1,
  "GroupList": [
    {
      "GroupGUID": "0df57f20-df10-4b82-b044-fa7968742ea7",
      "GroupPath": "Config/LevelOutput/Group/Groups_P44303_F44303002/LevelGroup_P44303_F44303002_G1.json",
      "DimensionFilter": {},
      "Name": "DefaultGroup",
      "ID": 1
    },
    {
      "GroupGUID": "a60f8362-36f2-4a26-87ba-3f25e70b218c",
      "GroupPath": "Config/LevelOutput/Group/Groups_P44303_F44303002/LevelGroup_P44303_F44303002_G2.json",
      "Name": "DefaultGroup",
      "ID": 2
    },
    {
      "GroupGUID": "dac12be6-de97-49e5-a827-6c9648a96f45",
      "GroupPath": "Config/LevelOutput/Group/Groups_P44303_F44303002/LevelGroup_P44303_F44303002_G3.json",
      "Name": "Default_BoundaryCamera_Client",
      "ID": 3
    },
    {
      "GroupGUID": "d223ef80-17bd-4a65-82b5-66528e2c82c6",
      "GroupPath": "Config/LevelOutput/Group/Groups_P44303_F44303002/LevelGroup_P44303_F44303002_G4.json",
      "Name": "EdgeCamera",
      "ID": 4
    },
    {
      "GroupGUID": "c7232336-f486-4b76-9ce2-6aded3fa3c40",
      "GroupPath": "Config/LevelOutput/Group/Groups_P44303_F44303002/LevelGroup_P44303_F44303002_G5.json",
      "DimensionFilter": {},
      "Name": "Doors",
      "ID": 5
    },
    {
      "GroupGUID": "7754e5aa-8134-4b0d-bc39-d420b40e6b77",
      "GroupPath": "Config/LevelOutput/Group/Groups_P44303_F44303002/LevelGroup_P44303_F44303002_G6.json",
      "Name": "DefaultPortal",
      "ID": 6
    },
    {
      "GroupGUID": "9a2c7b32-e582-465f-b072-182fd44549f8",
      "GroupPath": "Config/LevelOutput/Group/Groups_P44303_F44303002/LevelGroup_P44303_F44303002_G7.json",
      "DimensionFilter": {},
      "Name": "Elevator",
      "ID": 7
    },
    {
      "GroupGUID": "cee77a44-601e-4739-a28d-3b47e40ceb1c",
      "GroupPath": "Config/LevelOutput/Group/Groups_P44303_F44303002/LevelGroup_P44303_F44303002_G8.json",
      "Name": "BGM",
      "ID": 8
    },
    {
      "GroupGUID": "6fa45a74-814b-4114-8239-b519810f28c2",
      "GroupPath": "Config/LevelOutput/Group/Groups_P44303_F44303002/LevelGroup_P44303_F44303002_G9.json",
      "Name": "Sound",
      "ID": 9
    },
    {
      "GroupGUID": "cb317992-0611-449a-8328-787b4322987c",
      "GroupPath": "Config/LevelOutput/Group/Groups_P44303_F44303002/LevelGroup_P44303_F44303002_G10.json",
      "Name": "Sound-Reverb",
      "ID": 10
    },
    {
      "GroupGUID": "5bd8848d-bd93-4db7-b689-d2574210a317",
      "GroupPath": "Config/LevelOutput/Group/Groups_P44303_F44303002/LevelGroup_P44303_F44303002_G11.json",
      "DimensionFilter": {},
      "Name": "MainMission8021131_01",
      "ID": 11
    },
    {
      "GroupGUID": "20b67c84-9a16-44c3-a313-4dc9b591178e",
      "GroupPath": "Config/LevelOutput/Group/Groups_P44303_F44303002/LevelGroup_P44303_F44303002_G12.json",
      "DimensionFilter": {},
      "Name": "MainMission8021131_02",
      "ID": 12
    },
    {
      "GroupGUID": "2a7458a5-51e2-4af2-b549-fa1199d7a03b",
      "GroupPath": "Config/LevelOutput/Group/Groups_P44303_F44303002/LevelGroup_P44303_F44303002_G13.json",
      "DimensionFilter": {},
      "Name": "MainMission8021131_03",
      "ID": 13
    },
    {
      "GroupGUID": "57ef5a90-cddb-4e2c-b59f-db3765121684",
      "GroupPath": "Config/LevelOutput/Group/Groups_P44303_F44303002/LevelGroup_P44303_F44303002_G14.json",
      "DimensionFilter": {},
      "Name": "MainMission8021131_01X04",
      "ID": 14
    },
    {
      "GroupGUID": "a2af3831-9431-4404-9c45-f93a36d390be",
      "GroupPath": "Config/LevelOutput/Group/Groups_P44303_F44303002/LevelGroup_P44303_F44303002_G15.json",
      "DimensionFilter": {},
      "Name": "MainMission8021131_05",
      "ID": 15
    },
    {
      "GroupGUID": "ca3cee47-3770-4db9-9f25-4a7a219bee67",
      "GroupPath": "Config/LevelOutput/Group/Groups_P44303_F44303002/LevelGroup_P44303_F44303002_G16.json",
      "DimensionFilter": {},
      "Name": "MainMission8021131_07",
      "ID": 16
    },
    {
      "GroupGUID": "a1e28273-1c89-4a1f-b411-0a390dd562c3",
      "GroupPath": "Config/LevelOutput/Group/Groups_P44303_F44303002/LevelGroup_P44303_F44303002_G17.json",
      "DimensionFilter": {},
      "Name": "MainMission8021131_06",
      "ID": 17
    },
    {
      "GroupGUID": "e25f6e97-4487-4491-a6aa-be98ddcef5e7",
      "GroupPath": "Config/LevelOutput/Group/Groups_P44303_F44303002/LevelGroup_P44303_F44303002_G18.json",
      "DimensionFilter": {},
      "Name": "MainMission8021131_09",
      "ID": 18
    },
    {
      "GroupGUID": "f97c3441-e7d5-4a93-95cb-1cd60cbfd7d6",
      "GroupPath": "Config/LevelOutput/Group/Groups_P44303_F44303002/LevelGroup_P44303_F44303002_G19.json",
      "DimensionFilter": {},
      "Name": "MainMission8021131_08",
      "ID": 19
    },
    {
      "GroupGUID": "b01b8dd6-18a2-4ecc-8a47-b6704ded341e",
      "GroupPath": "Config/LevelOutput/Group/Groups_P44303_F44303002/LevelGroup_P44303_F44303002_G20.json",
      "DimensionFilter": {},
      "Name": "MainMission8021131_10",
      "ID": 20
    },
    {
      "GroupGUID": "ba9e469d-350a-4daa-b82d-d522a5056a44",
      "GroupPath": "Config/LevelOutput/Group/Groups_P44303_F44303002/LevelGroup_P44303_F44303002_G21.json",
      "DimensionFilter": {},
      "Name": "MainMission8021131_05X11",
      "ID": 21
    },
    {
      "GroupGUID": "1920542c-eae5-450c-a356-204c3001fc00",
      "GroupPath": "Config/LevelOutput/Group/Groups_P44303_F44303002/LevelGroup_P44303_F44303002_G22.json",
      "DimensionFilter": {},
      "Name": "MainMission8021131_03Pre",
      "ID": 22
    },
    {
      "GroupGUID": "c0612e6f-a32d-421e-a5e0-001e0a6bebf5",
      "GroupPath": "Config/LevelOutput/Group/Groups_P44303_F44303002/LevelGroup_P44303_F44303002_G23.json",
      "DimensionFilter": {},
      "Name": "MainMission8021131_06Pre",
      "ID": 23
    },
    {
      "GroupGUID": "645c4a47-b4b5-4dc6-b090-d7409450387d",
      "GroupPath": "Config/LevelOutput/Group/Groups_P44303_F44303002/LevelGroup_P44303_F44303002_G24.json",
      "DimensionFilter": {},
      "Name": "MainMission8021131_10X",
      "ID": 24
    }
  ],
  "DefaultEnviroProfile": "Stages/Outputs/Chapter03/EnviroProfile/Chap03_CloseView_ADV_INT_P101_night_01.enviroProfile.asset",
  "StageData": "Stages/Outputs/Chapter03/Stages/Chap03_MAZ_P101_MainLine_01_StageData/Chap03_MAZ_P101_MainLine_01_StageData.stage",
  "CameraType": "Maze",
  "TimeOfDayEnviroProfileMap": {},
  "LayerToAreaMask": [
    32,
    16,
    8
  ],
  "FloorCustomData": {
    "SavedValues": [
      {
        "ID": 1,
        "Name": "FSV_LastDoor",
        "AllowedValues": [
          0,
          1
        ],
        "MaxValue": 1
      },
      {
        "ID": 2,
        "Name": "FSV_FirstDoor",
        "AllowedValues": [
          0,
          1
        ],
        "MaxValue": 1
      },
      {
        "ID": 3,
        "Name": "FSV_Door300007",
        "AllowedValues": [
          0,
          1
        ],
        "MaxValue": 1
      }
    ],
    "ConstValues": [
      {
        "$type": "RPG.GameCore.FloorTargetAgentConfig",
        "ID": 1,
        "Name": "Connection01"
      },
      {
        "$type": "RPG.GameCore.FloorTargetAgentConfig",
        "ID": 2,
        "Name": "Connection02"
      },
      {
        "$type": "RPG.GameCore.FloorTargetAgentConfig",
        "ID": 3,
        "Name": "Connection03"
      },
      {
        "$type": "RPG.GameCore.FloorTargetAgentConfig",
        "ID": 4,
        "Name": "Connection04"
      },
      {
        "$type": "RPG.GameCore.FloorTargetAgentConfig",
        "ID": 5,
        "Name": "Connection05"
      },
      {
        "$type": "RPG.GameCore.FloorTargetAgentConfig",
        "ID": 6,
        "Name": "Connection06"
      },
      {
        "$type": "RPG.GameCore.FloorTargetAgentConfig",
        "ID": 7,
        "Name": "Connection07"
      },
      {
        "$type": "RPG.GameCore.FloorTargetAgentConfig",
        "ID": 12,
        "Name": "Connection08"
      },
      {
        "$type": "RPG.GameCore.FloorTargetAgentConfig",
        "ID": 13,
        "Name": "Connection09"
      },
      {
        "$type": "RPG.GameCore.FloorTargetAgentConfig",
        "ID": 14,
        "Name": "Connection10"
      },
      {
        "$type": "RPG.GameCore.FloorTargetAgentConfig",
        "ID": 15,
        "Name": "Connection11"
      },
      {
        "$type": "RPG.GameCore.FloorTargetAgentConfig",
        "ID": 16,
        "Name": "Connection12"
      },
      {
        "$type": "RPG.GameCore.FloorTargetAgentConfig",
        "ID": 17,
        "Name": "Connection13"
      },
      {
        "$type": "RPG.GameCore.FloorTargetAgentConfig",
        "ID": 18,
        "Name": "Connection14"
      },
      {
        "$type": "RPG.GameCore.FloorTargetAgentConfig",
        "ID": 19,
        "Name": "Connection15"
      },
      {
        "$type": "RPG.GameCore.FloorTargetAgentConfig",
        "ID": 20,
        "Name": "Connection16"
      },
      {
        "$type": "RPG.GameCore.FloorTargetAgentConfig",
        "ID": 21,
        "Name": "Connection17"
      }
    ]
  },
  "BattleAreaList": [],
  "DimensionList": [
    {}
  ],
  "CameraPrefabPath": "Level/Maze/Chapter03/Chap03_MAZ_P101_LevelArea.prefab",
  "NavmapConfigPath": "Config/LevelOutput/Map/MapInfo_P20311_F20311001.json",
  "RegionConfigPath": "Config/LevelOutput/Region/FloorRegion_P20311_F20311001.json",
  "IsRestartLevelGraph": false
}