{
  "FloorID": 44301011,
  "FloorName": "FloorName_44301011",
  "StartGroupID": 1,
  "StartAnchorID": 1,
  "GroupList": [
    {
      "GroupGUID": "69dc3aee-b0ab-4292-9837-1c836fb1718c",
      "GroupPath": "Config/LevelOutput/Group/Groups_P44301_F44301011/LevelGroup_P44301_F44301011_G1.json",
      "Name": "DefaultGroup",
      "ID": 1
    },
    {
      "GroupGUID": "6415dba3-92e3-43c3-83e5-521f4bf519a5",
      "GroupPath": "Config/LevelOutput/Group/Groups_P44301_F44301011/LevelGroup_P44301_F44301011_G2.json",
      "DimensionFilter": {},
      "Name": "DefaultGroup",
      "ID": 2
    },
    {
      "GroupGUID": "939dbffc-7136-41eb-a289-2d1b4c0c05ae",
      "GroupPath": "Config/LevelOutput/Group/Groups_P44301_F44301011/LevelGroup_P44301_F44301011_G3.json",
      "DimensionFilter": {},
      "Name": "ClockToy",
      "ID": 3
    },
    {
      "GroupGUID": "a9d0e89d-c1f7-40b4-aa0f-e5110676c089",
      "GroupPath": "Config/LevelOutput/Group/Groups_P44301_F44301011/LevelGroup_P44301_F44301011_G4.json",
      "DimensionFilter": {},
      "Name": "AirWalls",
      "ID": 4
    },
    {
      "GroupGUID": "0910418c-a0bf-4250-a053-9b3491fd691f",
      "GroupPath": "Config/LevelOutput/Group/Groups_P44301_F44301011/LevelGroup_P44301_F44301011_G6.json",
      "DimensionFilter": {},
      "Name": "BGM",
      "ID": 6
    },
    {
      "GroupGUID": "ec6d2306-af3a-4c25-aa5a-a8bdef24585a",
      "GroupPath": "Config/LevelOutput/Group/Groups_P44301_F44301011/LevelGroup_P44301_F44301011_G7.json",
      "Name": "Sound",
      "ID": 7
    },
    {
      "GroupGUID": "6d5b07c2-6141-4ec2-a990-e713e5f7f27d",
      "GroupPath": "Config/LevelOutput/Group/Groups_P44301_F44301011/LevelGroup_P44301_F44301011_G8.json",
      "Name": "Sound-Reverb",
      "ID": 8
    }
  ],
  "DefaultEnviroProfile": "Stages/Outputs/Chapter03/EnviroProfile/Chap03_CloseView_ADV_INT_P101_night_01.enviroProfile.asset",
  "StageData": "Stages/Outputs/Chapter03/Stages/Chap03_MAZ_P101_MainLine_01_StageData/Chap03_MAZ_P101_MainLine_01_StageData.stage",
  "CameraType": "Maze",
  "TimeOfDayEnviroProfileMap": {},
  "LayerToAreaMask": [
    32,
    16,
    8
  ],
  "BattleAreaList": [],
  "DimensionList": [
    {}
  ],
  "CameraPrefabPath": "Level/Maze/Chapter03/Chap03_MAZ_P101_LevelArea.prefab",
  "NavmapConfigPath": "Config/LevelOutput/Map/MapInfo_P20311_F20311001.json",
  "IsRestartLevelGraph": false
}