{
  "FloorID": 44301015,
  "FloorName": "FloorName_44301015",
  "StartGroupID": 1,
  "StartAnchorID": 1,
  "GroupList": [
    {
      "GroupGUID": "9ee19cb3-bfa6-4a0c-82e5-4a2e8b5c9e19",
      "GroupPath": "Config/LevelOutput/Group/Groups_P44301_F44301015/LevelGroup_P44301_F44301015_G1.json",
      "DimensionFilter": {},
      "Name": "DefaultGroup",
      "ID": 1
    },
    {
      "GroupGUID": "9398819a-5fa5-4a40-ad38-69c25e60972c",
      "GroupPath": "Config/LevelOutput/Group/Groups_P44301_F44301015/LevelGroup_P44301_F44301015_G9.json",
      "DimensionFilter": {},
      "Name": "Pinball",
      "ID": 9
    },
    {
      "GroupGUID": "c7c4be64-fb7e-4ca7-84cd-cfae56ea4c96",
      "GroupPath": "Config/LevelOutput/Group/Groups_P44301_F44301015/LevelGroup_P44301_F44301015_G10.json",
      "DimensionFilter": {},
      "Name": "MainMission8020215_弹珠机",
      "ID": 10
    },
    {
      "GroupGUID": "a13aef8a-8448-4731-8cdc-7adae8de2392",
      "GroupPath": "Config/LevelOutput/Group/Groups_P44301_F44301015/LevelGroup_P44301_F44301015_G11.json",
      "DimensionFilter": {},
      "Name": "Airwall",
      "ID": 11
    },
    {
      "GroupGUID": "474df94f-82ca-4b24-930a-ddbe4fe0c887",
      "GroupPath": "Config/LevelOutput/Group/Groups_P44301_F44301015/LevelGroup_P44301_F44301015_G12.json",
      "Name": "BGM",
      "ID": 12
    },
    {
      "GroupGUID": "8437fdc7-cb42-4dcb-9521-65bbd5449f24",
      "GroupPath": "Config/LevelOutput/Group/Groups_P44301_F44301015/LevelGroup_P44301_F44301015_G13.json",
      "Name": "Sound",
      "ID": 13
    },
    {
      "GroupGUID": "77df0c5c-2f6f-4cdf-8efc-33ff9a8543a6",
      "GroupPath": "Config/LevelOutput/Group/Groups_P44301_F44301015/LevelGroup_P44301_F44301015_G14.json",
      "Name": "Sound-Reverb",
      "ID": 14
    }
  ],
  "DefaultEnviroProfile": "Stages/Outputs/Chapter03/EnviroProfile/Chap03_CloseView_MAZ_P103_DreamEdge_night_01.enviroProfile.asset",
  "StageData": "Stages/Outputs/Chapter03/Stages/Chap03_MAZ_P103_StageData/Chap03_MAZ_P103_StageData.stage",
  "CameraType": "Maze",
  "TimeOfDayEnviroProfileMap": {},
  "LayerToAreaMask": [
    8
  ],
  "BattleAreaList": [],
  "DimensionList": [
    {}
  ],
  "NavmapConfigPath": "Config/LevelOutput/Map/MapInfo_P20313_F20313001.json",
  "IsRestartLevelGraph": false
}