{
  "FloorID": 44301004,
  "FloorName": "FloorName_44301004",
  "StartGroupID": 1,
  "StartAnchorID": 1,
  "GroupList": [
    {
      "GroupGUID": "43e13b56-86fb-4082-bda1-227c1833522f",
      "GroupPath": "Config/LevelOutput/Group/Groups_P44301_F44301004/LevelGroup_P44301_F44301004_G1.json",
      "DimensionFilter": {},
      "Name": "DefaultGroup",
      "ID": 1
    },
    {
      "GroupGUID": "83fea462-ca70-4951-84cb-b2a8c5988c12",
      "GroupPath": "Config/LevelOutput/Group/Groups_P44301_F44301004/LevelGroup_P44301_F44301004_G2.json",
      "DimensionFilter": {},
      "Name": "DefaultGroup",
      "ID": 2
    },
    {
      "GroupGUID": "f6e2e0a6-4c4f-4b68-9b40-072126cbcc9f",
      "GroupPath": "Config/LevelOutput/Group/Groups_P44301_F44301004/LevelGroup_P44301_F44301004_G7.json",
      "DimensionFilter": {},
      "Name": "WolfGroup",
      "ID": 7
    },
    {
      "GroupGUID": "02b2939f-b8dd-4647-8c8f-24b2da31ab68",
      "GroupPath": "Config/LevelOutput/Group/Groups_P44301_F44301004/LevelGroup_P44301_F44301004_G8.json",
      "DimensionFilter": {},
      "Name": "WolfGroup",
      "ID": 8
    },
    {
      "GroupGUID": "aa4014bf-ec2b-4921-a930-144a961b09e2",
      "GroupPath": "Config/LevelOutput/Group/Groups_P44301_F44301004/LevelGroup_P44301_F44301004_G9.json",
      "DimensionFilter": {},
      "Name": "OrigamiBird_Normal",
      "ID": 9
    },
    {
      "GroupGUID": "b7bee69b-cdf3-4c10-8c7d-c24c52340245",
      "GroupPath": "Config/LevelOutput/Group/Groups_P44301_F44301004/LevelGroup_P44301_F44301004_G10.json",
      "DimensionFilter": {},
      "Name": "OrigamiBird_Normal",
      "ID": 10
    },
    {
      "GroupGUID": "e185d61b-3f8d-477c-830c-690613a68647",
      "GroupPath": "Config/LevelOutput/Group/Groups_P44301_F44301004/LevelGroup_P44301_F44301004_G11.json",
      "DimensionFilter": {},
      "Name": "OrigamiBird_Normal",
      "ID": 11
    },
    {
      "GroupGUID": "270706f7-6165-4ec2-800a-f8eb3cf280a2",
      "GroupPath": "Config/LevelOutput/Group/Groups_P44301_F44301004/LevelGroup_P44301_F44301004_G12.json",
      "DimensionFilter": {},
      "Name": "WolfMonster",
      "ID": 12
    },
    {
      "GroupGUID": "985effe0-19a8-4133-8f81-f67d53bf5679",
      "GroupPath": "Config/LevelOutput/Group/Groups_P44301_F44301004/LevelGroup_P44301_F44301004_G14.json",
      "DimensionFilter": {},
      "Name": "BGM",
      "ID": 14
    },
    {
      "GroupGUID": "9672a5e2-1965-46fd-b8d7-4210edbbc47b",
      "GroupPath": "Config/LevelOutput/Group/Groups_P44301_F44301004/LevelGroup_P44301_F44301004_G15.json",
      "Name": "Sound",
      "ID": 15
    },
    {
      "GroupGUID": "7df424a8-437d-4cbd-b5ac-2239c1e684c5",
      "GroupPath": "Config/LevelOutput/Group/Groups_P44301_F44301004/LevelGroup_P44301_F44301004_G16.json",
      "Name": "Sound-Reverb",
      "ID": 16
    },
    {
      "GroupGUID": "33489ac2-7e2c-4433-858e-53cf6b06f223",
      "GroupPath": "Config/LevelOutput/Group/Groups_P44301_F44301004/LevelGroup_P44301_F44301004_G17.json",
      "DimensionFilter": {},
      "Name": "3DMapInfo",
      "ID": 17
    },
    {
      "GroupGUID": "a6dae33f-a7f9-479f-9d6d-6faf9efb7782",
      "GroupPath": "Config/LevelOutput/Group/Groups_P44301_F44301004/LevelGroup_P44301_F44301004_G18.json",
      "Name": "Sound",
      "ID": 18
    },
    {
      "GroupGUID": "58809b99-7078-46c3-a86e-28cd2a7dbf94",
      "GroupPath": "Config/LevelOutput/Group/Groups_P44301_F44301004/LevelGroup_P44301_F44301004_G19.json",
      "Name": "Sound",
      "ID": 19
    },
    {
      "GroupGUID": "0a11771d-d668-48f4-8c45-c8bed66e7bad",
      "GroupPath": "Config/LevelOutput/Group/Groups_P44301_F44301004/LevelGroup_P44301_F44301004_G20.json",
      "Name": "Sound",
      "ID": 20
    },
    {
      "GroupGUID": "ab6d6d3d-f1f2-41be-9b96-e3f8afe185f3",
      "GroupPath": "Config/LevelOutput/Group/Groups_P44301_F44301004/LevelGroup_P44301_F44301004_G21.json",
      "Name": "Sound",
      "ID": 21
    },
    {
      "GroupGUID": "22edd09a-683d-4d42-94b4-aab847a04811",
      "GroupPath": "Config/LevelOutput/Group/Groups_P44301_F44301004/LevelGroup_P44301_F44301004_G22.json",
      "Name": "Sound",
      "ID": 22
    }
  ],
  "DefaultEnviroProfile": "Stages/Outputs/Chapter03/EnviroProfile/Chap03_CloseView_ADV_INT_P101_night_01.enviroProfile.asset",
  "StageData": "Stages/Outputs/Chapter03/Stages/Chap03_MAZ_P101_MainLine_01_StageData/Chap03_MAZ_P101_MainLine_01_StageData.stage",
  "CameraType": "Maze",
  "TimeOfDayEnviroProfileMap": {},
  "LayerToAreaMask": [
    32,
    16,
    8
  ],
  "FloorCustomData": {
    "SavedValues": [
      {
        "ID": 1,
        "Name": "IsWolf01",
        "AllowedValues": [
          0,
          1
        ],
        "MaxValue": 1
      }
    ]
  },
  "BattleAreaList": [],
  "DimensionList": [
    {}
  ],
  "CameraPrefabPath": "Level/Maze/Chapter03/Chap03_MAZ_P101_LevelArea.prefab",
  "NavmapConfigPath": "Config/LevelOutput/Map/MapInfo_P20311_F20311001.json",
  "IsRestartLevelGraph": false
}