{
  "FloorID": 44303001,
  "FloorName": "FloorName_44303001",
  "StartGroupID": 1,
  "StartAnchorID": 1,
  "GroupList": [
    {
      "GroupGUID": "64d7932e-7b82-469b-a479-f55cc256edef",
      "GroupPath": "Config/LevelOutput/Group/Groups_P44303_F44303001/LevelGroup_P44303_F44303001_G1.json",
      "DimensionFilter": {},
      "Name": "DefaultGroup",
      "ID": 1
    },
    {
      "GroupGUID": "715a12d5-4e7a-4604-b218-58780397f561",
      "GroupPath": "Config/LevelOutput/Group/Groups_P44303_F44303001/LevelGroup_P44303_F44303001_G4.json",
      "Name": "DefaultGroup",
      "ID": 4
    },
    {
      "GroupGUID": "250826a0-e062-44fa-87f7-fbac39be90f3",
      "GroupPath": "Config/LevelOutput/Group/Groups_P44303_F44303001/LevelGroup_P44303_F44303001_G5.json",
      "Name": "Default_BoundaryCamera_Client",
      "ID": 5
    },
    {
      "GroupGUID": "93b37e87-864d-4878-b2ef-84de0b5881e6",
      "GroupPath": "Config/LevelOutput/Group/Groups_P44303_F44303001/LevelGroup_P44303_F44303001_G6.json",
      "Name": "EdgeCamera",
      "ID": 6
    },
    {
      "GroupGUID": "9679f582-5ab4-472d-8e8c-2120326d7b74",
      "GroupPath": "Config/LevelOutput/Group/Groups_P44303_F44303001/LevelGroup_P44303_F44303001_G7.json",
      "Name": "Doors",
      "ID": 7
    },
    {
      "GroupGUID": "906d1d17-da1e-43a9-9a75-5a1333566502",
      "GroupPath": "Config/LevelOutput/Group/Groups_P44303_F44303001/LevelGroup_P44303_F44303001_G8.json",
      "Name": "DefaultPortal",
      "ID": 8
    },
    {
      "GroupGUID": "d37d6e3b-4422-4e44-ae87-6c966de1c55c",
      "GroupPath": "Config/LevelOutput/Group/Groups_P44303_F44303001/LevelGroup_P44303_F44303001_G9.json",
      "Name": "Elevator",
      "ID": 9
    },
    {
      "GroupGUID": "51f747d4-2a86-43e6-b3a3-7554808dea2e",
      "GroupPath": "Config/LevelOutput/Group/Groups_P44303_F44303001/LevelGroup_P44303_F44303001_G10.json",
      "Name": "BGM",
      "ID": 10
    },
    {
      "GroupGUID": "5ae1cd51-6f1c-4e72-88dc-bd921ccb2ce0",
      "GroupPath": "Config/LevelOutput/Group/Groups_P44303_F44303001/LevelGroup_P44303_F44303001_G11.json",
      "Name": "Sound",
      "ID": 11
    },
    {
      "GroupGUID": "a2aac917-4d96-4cfe-b034-de6b6d3cc49c",
      "GroupPath": "Config/LevelOutput/Group/Groups_P44303_F44303001/LevelGroup_P44303_F44303001_G12.json",
      "Name": "Sound-Reverb",
      "ID": 12
    },
    {
      "GroupGUID": "c2bcb63d-544a-4c30-b977-4ccc9aa251b9",
      "GroupPath": "Config/LevelOutput/Group/Groups_P44303_F44303001/LevelGroup_P44303_F44303001_G13.json",
      "DimensionFilter": {},
      "Name": "MainMission8021130_01",
      "ID": 13
    },
    {
      "GroupGUID": "f1c9b166-2946-4d91-afad-911f463ab290",
      "GroupPath": "Config/LevelOutput/Group/Groups_P44303_F44303001/LevelGroup_P44303_F44303001_G14.json",
      "DimensionFilter": {},
      "Name": "MainMission8021130_02",
      "ID": 14
    },
    {
      "GroupGUID": "0f8dc266-3bae-429f-8b1b-b0239cc2b771",
      "GroupPath": "Config/LevelOutput/Group/Groups_P44303_F44303001/LevelGroup_P44303_F44303001_G15.json",
      "DimensionFilter": {},
      "Name": "MainMission8021130_05Pre",
      "ID": 15
    },
    {
      "GroupGUID": "9c188cda-ddff-471d-9d01-36990e151792",
      "GroupPath": "Config/LevelOutput/Group/Groups_P44303_F44303001/LevelGroup_P44303_F44303001_G16.json",
      "DimensionFilter": {},
      "Name": "MainMission8021130_05",
      "ID": 16
    },
    {
      "GroupGUID": "de01bb9e-3304-403a-b960-6ad98b0f2db5",
      "GroupPath": "Config/LevelOutput/Group/Groups_P44303_F44303001/LevelGroup_P44303_F44303001_G17.json",
      "DimensionFilter": {},
      "Name": "MainMission8021130_03",
      "ID": 17
    },
    {
      "GroupGUID": "27c432a7-46d4-4d85-a93b-fb2aee175677",
      "GroupPath": "Config/LevelOutput/Group/Groups_P44303_F44303001/LevelGroup_P44303_F44303001_G18.json",
      "DimensionFilter": {},
      "Name": "MainMission8021130_04",
      "ID": 18
    },
    {
      "GroupGUID": "f4f9fcdc-3134-4505-a687-2f0dc5e1b6d1",
      "GroupPath": "Config/LevelOutput/Group/Groups_P44303_F44303001/LevelGroup_P44303_F44303001_G20.json",
      "DimensionFilter": {
        "FilterType": "All"
      },
      "Name": "Blocker",
      "ID": 20
    }
  ],
  "DefaultEnviroProfile": "Stages/Outputs/Chapter03/EnviroProfile/Chap03_CloseView_ADV_INT_P101_night_01.enviroProfile.asset",
  "StageData": "Stages/Outputs/Chapter03/Stages/Chap03_MAZ_P101_MainLine_01_StageData/Chap03_MAZ_P101_MainLine_01_StageData.stage",
  "CameraType": "Maze",
  "TimeOfDayEnviroProfileMap": {},
  "LayerToAreaMask": [
    32,
    16,
    8
  ],
  "FloorCustomData": {
    "ConstValues": [
      {
        "$type": "RPG.GameCore.FloorTargetAgentConfig",
        "ID": 1,
        "Name": "Connection01"
      },
      {
        "$type": "RPG.GameCore.FloorTargetAgentConfig",
        "ID": 2,
        "Name": "Connection02"
      },
      {
        "$type": "RPG.GameCore.FloorTargetAgentConfig",
        "ID": 3,
        "Name": "Connection03"
      },
      {
        "$type": "RPG.GameCore.FloorTargetAgentConfig",
        "ID": 4,
        "Name": "Connection04"
      },
      {
        "$type": "RPG.GameCore.FloorTargetAgentConfig",
        "ID": 5,
        "Name": "Connection05"
      },
      {
        "$type": "RPG.GameCore.FloorTargetAgentConfig",
        "ID": 6,
        "Name": "Connection06"
      },
      {
        "$type": "RPG.GameCore.FloorTargetAgentConfig",
        "ID": 7,
        "Name": "Connection07"
      },
      {
        "$type": "RPG.GameCore.FloorTargetAgentConfig",
        "ID": 12,
        "Name": "Connection08"
      },
      {
        "$type": "RPG.GameCore.FloorTargetAgentConfig",
        "ID": 13,
        "Name": "Connection09"
      },
      {
        "$type": "RPG.GameCore.FloorTargetAgentConfig",
        "ID": 14,
        "Name": "Connection10"
      },
      {
        "$type": "RPG.GameCore.FloorTargetAgentConfig",
        "ID": 15,
        "Name": "Connection11"
      },
      {
        "$type": "RPG.GameCore.FloorTargetAgentConfig",
        "ID": 16,
        "Name": "Connection12"
      },
      {
        "$type": "RPG.GameCore.FloorTargetAgentConfig",
        "ID": 17,
        "Name": "Connection13"
      },
      {
        "$type": "RPG.GameCore.FloorTargetAgentConfig",
        "ID": 18,
        "Name": "Connection14"
      },
      {
        "$type": "RPG.GameCore.FloorTargetAgentConfig",
        "ID": 19,
        "Name": "Connection15"
      },
      {
        "$type": "RPG.GameCore.FloorTargetAgentConfig",
        "ID": 20,
        "Name": "Connection16"
      },
      {
        "$type": "RPG.GameCore.FloorTargetAgentConfig",
        "ID": 21,
        "Name": "Connection17"
      }
    ]
  },
  "BattleAreaList": [],
  "DimensionList": [
    {}
  ],
  "CameraPrefabPath": "Level/Maze/Chapter03/Chap03_MAZ_P101_LevelArea.prefab",
  "NavmapConfigPath": "Config/LevelOutput/Map/MapInfo_P20311_F20311001.json",
  "RegionConfigPath": "Config/LevelOutput/Region/FloorRegion_P20311_F20311001.json",
  "IsRestartLevelGraph": false
}