{
  "FloorID": 44305002,
  "FloorName": "FloorName_44305002",
  "StartGroupID": 2,
  "StartAnchorID": 1,
  "GroupList": [
    {
      "GroupGUID": "5e97423f-02ac-4343-ab8f-af544de2efbb",
      "GroupPath": "Config/LevelOutput/Group/Groups_P44305_F44305002/LevelGroup_P44305_F44305002_G1.json",
      "DimensionFilter": {},
      "Name": "DefaultGroup",
      "ID": 1
    },
    {
      "GroupGUID": "c00edb70-84df-462f-bdaf-9ceb4cdcdb9b",
      "GroupPath": "Config/LevelOutput/Group/Groups_P44305_F44305002/LevelGroup_P44305_F44305002_G2.json",
      "DimensionFilter": {},
      "Name": "DefaultGroup",
      "ID": 2
    },
    {
      "GroupGUID": "766f484e-f692-4c15-9aaa-22f7db82d013",
      "GroupPath": "Config/LevelOutput/Group/Groups_P44305_F44305002/LevelGroup_P44305_F44305002_G18.json",
      "DimensionFilter": {
        "FilterType": "All"
      },
      "Name": "TakePhotos",
      "ID": 18
    },
    {
      "GroupGUID": "fb53bc11-e810-47a2-a607-7a714e4153d6",
      "GroupPath": "Config/LevelOutput/Group/Groups_P44305_F44305002/LevelGroup_P44305_F44305002_G19.json",
      "DimensionFilter": {
        "FilterType": "All"
      },
      "Name": "EnvProps",
      "ID": 19
    },
    {
      "GroupGUID": "61b3318e-3f5a-4c35-a689-b5de02acbe32",
      "GroupPath": "Config/LevelOutput/Group/Groups_P44305_F44305002/LevelGroup_P44305_F44305002_G48.json",
      "DimensionFilter": {
        "FilterType": "All"
      },
      "Name": "CheckPoint",
      "ID": 48
    },
    {
      "GroupGUID": "9723c86a-d3e3-4cc1-bfb9-6621c5e6d62a",
      "GroupPath": "Config/LevelOutput/Group/Groups_P44305_F44305002/LevelGroup_P44305_F44305002_G20.json",
      "DimensionFilter": {
        "FilterType": "All"
      },
      "Name": "1-0",
      "ID": 20
    },
    {
      "GroupGUID": "da2c1ef6-d17d-4ce1-a1de-e97b253742d7",
      "GroupPath": "Config/LevelOutput/Group/Groups_P44305_F44305002/LevelGroup_P44305_F44305002_G21.json",
      "DimensionFilter": {
        "FilterType": "All"
      },
      "Name": "1-1",
      "ID": 21
    },
    {
      "GroupGUID": "1c3dccad-d390-4ed9-b512-8d84cedfabe5",
      "GroupPath": "Config/LevelOutput/Group/Groups_P44305_F44305002/LevelGroup_P44305_F44305002_G22.json",
      "DimensionFilter": {
        "FilterType": "All"
      },
      "Name": "2-0",
      "ID": 22
    },
    {
      "GroupGUID": "84523257-b8b7-47b4-92af-8356151ec7c6",
      "GroupPath": "Config/LevelOutput/Group/Groups_P44305_F44305002/LevelGroup_P44305_F44305002_G23.json",
      "DimensionFilter": {
        "FilterType": "All"
      },
      "Name": "2-1",
      "ID": 23
    },
    {
      "GroupGUID": "22f72841-e4b0-4287-a7dd-c46eb38b8557",
      "GroupPath": "Config/LevelOutput/Group/Groups_P44305_F44305002/LevelGroup_P44305_F44305002_G38.json",
      "DimensionFilter": {},
      "Name": "MainMission8022125_2-2Monster",
      "ID": 38
    },
    {
      "GroupGUID": "7515ee21-95cc-46fb-b2d9-20a5faa6d34e",
      "GroupPath": "Config/LevelOutput/Group/Groups_P44305_F44305002/LevelGroup_P44305_F44305002_G24.json",
      "DimensionFilter": {
        "FilterType": "All"
      },
      "Name": "2-2",
      "ID": 24
    },
    {
      "GroupGUID": "8d61f395-9db9-4fd9-87fd-16f78bb47dd8",
      "GroupPath": "Config/LevelOutput/Group/Groups_P44305_F44305002/LevelGroup_P44305_F44305002_G25.json",
      "DimensionFilter": {
        "FilterType": "All"
      },
      "Name": "3-0",
      "ID": 25
    },
    {
      "GroupGUID": "850e56fe-a003-4fb2-a60f-ac5e4912e476",
      "GroupPath": "Config/LevelOutput/Group/Groups_P44305_F44305002/LevelGroup_P44305_F44305002_G47.json",
      "DimensionFilter": {},
      "Name": "MainMission8022125_Monster3-1",
      "ID": 47
    },
    {
      "GroupGUID": "cb8171f8-a077-4130-90db-d1ce73706215",
      "GroupPath": "Config/LevelOutput/Group/Groups_P44305_F44305002/LevelGroup_P44305_F44305002_G26.json",
      "DimensionFilter": {
        "FilterType": "All"
      },
      "Name": "3-1",
      "ID": 26
    },
    {
      "GroupGUID": "637f8dd4-b566-49c4-b153-a0926da63edf",
      "GroupPath": "Config/LevelOutput/Group/Groups_P44305_F44305002/LevelGroup_P44305_F44305002_G37.json",
      "DimensionFilter": {},
      "Name": "Tpl_MainMission8022125_OrigamiBird_Normal",
      "ID": 37
    },
    {
      "GroupGUID": "7cf29be9-fd15-4f06-a30f-2054ad5767b3",
      "GroupPath": "Config/LevelOutput/Group/Groups_P44305_F44305002/LevelGroup_P44305_F44305002_G44.json",
      "DimensionFilter": {},
      "Name": "MainMission8022125_OrigamiBird_Normal",
      "ID": 44
    },
    {
      "GroupGUID": "f84cad8d-b83f-4d1b-91ef-9103d2280068",
      "GroupPath": "Config/LevelOutput/Group/Groups_P44305_F44305002/LevelGroup_P44305_F44305002_G27.json",
      "DimensionFilter": {
        "FilterType": "All"
      },
      "Name": "3-2",
      "ID": 27
    },
    {
      "GroupGUID": "80dd1470-9b19-4a0f-909c-2f4be69cf329",
      "GroupPath": "Config/LevelOutput/Group/Groups_P44305_F44305002/LevelGroup_P44305_F44305002_G30.json",
      "DimensionFilter": {},
      "Name": "MainMission8022125_01",
      "ID": 30
    },
    {
      "GroupGUID": "2558ea20-3d5f-45d3-8950-b535b7df7366",
      "GroupPath": "Config/LevelOutput/Group/Groups_P44305_F44305002/LevelGroup_P44305_F44305002_G31.json",
      "DimensionFilter": {},
      "Name": "MainMission8022125_02",
      "ID": 31
    },
    {
      "GroupGUID": "a0232805-2a17-4d05-8fef-f4f24c73da08",
      "GroupPath": "Config/LevelOutput/Group/Groups_P44305_F44305002/LevelGroup_P44305_F44305002_G35.json",
      "DimensionFilter": {},
      "Name": "MainMission8022125_02_01",
      "ID": 35
    },
    {
      "GroupGUID": "79900735-b69f-42ca-8554-18b4e5a9b154",
      "GroupPath": "Config/LevelOutput/Group/Groups_P44305_F44305002/LevelGroup_P44305_F44305002_G32.json",
      "DimensionFilter": {},
      "Name": "MainMission8022125_03",
      "ID": 32
    },
    {
      "GroupGUID": "18828ef4-aae9-490d-859a-722887227239",
      "GroupPath": "Config/LevelOutput/Group/Groups_P44305_F44305002/LevelGroup_P44305_F44305002_G33.json",
      "DimensionFilter": {},
      "Name": "MainMission8022125_04",
      "ID": 33
    },
    {
      "GroupGUID": "8ce26edd-7d63-433e-a0b5-c244fa04a8ff",
      "GroupPath": "Config/LevelOutput/Group/Groups_P44305_F44305002/LevelGroup_P44305_F44305002_G34.json",
      "DimensionFilter": {},
      "Name": "MainMission8022125_05",
      "ID": 34
    },
    {
      "GroupGUID": "5b1275ea-6a7e-4ba5-99c9-e8539aaebdbe",
      "GroupPath": "Config/LevelOutput/Group/Groups_P44305_F44305002/LevelGroup_P44305_F44305002_G36.json",
      "DimensionFilter": {
        "FilterType": "All"
      },
      "Name": "Position",
      "ID": 36
    },
    {
      "GroupGUID": "1d1c431d-40ce-4fb5-8e4a-a98b4d7417b9",
      "GroupPath": "Config/LevelOutput/Group/Groups_P44305_F44305002/LevelGroup_P44305_F44305002_G39.json",
      "DimensionFilter": {},
      "Name": "MainMission8022125_Camera1-1",
      "ID": 39
    },
    {
      "GroupGUID": "ed4c8046-c92e-4a1a-9067-b4496cf8503a",
      "GroupPath": "Config/LevelOutput/Group/Groups_P44305_F44305002/LevelGroup_P44305_F44305002_G40.json",
      "DimensionFilter": {},
      "Name": "MainMission8022125_Camera2-1",
      "ID": 40
    },
    {
      "GroupGUID": "72fe032f-2912-47a6-bc79-71b05eaaf5e1",
      "GroupPath": "Config/LevelOutput/Group/Groups_P44305_F44305002/LevelGroup_P44305_F44305002_G41.json",
      "DimensionFilter": {},
      "Name": "MainMission8022125_Camera2-2",
      "ID": 41
    },
    {
      "GroupGUID": "415c9657-57fb-431b-b65b-f88ec9672649",
      "GroupPath": "Config/LevelOutput/Group/Groups_P44305_F44305002/LevelGroup_P44305_F44305002_G45.json",
      "DimensionFilter": {},
      "Name": "MainMission8022125_12",
      "ID": 45
    },
    {
      "GroupGUID": "8289dcb5-a913-409a-872a-f202afb8f193",
      "GroupPath": "Config/LevelOutput/Group/Groups_P44305_F44305002/LevelGroup_P44305_F44305002_G42.json",
      "DimensionFilter": {},
      "Name": "MainMission8022125_Camera3-1",
      "ID": 42
    },
    {
      "GroupGUID": "d90bb52e-05cd-4a00-848d-35215d11bd47",
      "GroupPath": "Config/LevelOutput/Group/Groups_P44305_F44305002/LevelGroup_P44305_F44305002_G46.json",
      "DimensionFilter": {},
      "Name": "MainMission8022125_11",
      "ID": 46
    },
    {
      "GroupGUID": "9cd47a49-bc02-4b57-8e54-e6c38549258f",
      "GroupPath": "Config/LevelOutput/Group/Groups_P44305_F44305002/LevelGroup_P44305_F44305002_G43.json",
      "DimensionFilter": {},
      "Name": "MainMission8022125_Camera3-2",
      "ID": 43
    },
    {
      "GroupGUID": "6e63d68a-391a-4c59-8ea2-fba00ae2993e",
      "GroupPath": "Config/LevelOutput/Group/Groups_P44305_F44305002/LevelGroup_P44305_F44305002_G49.json",
      "DimensionFilter": {},
      "Name": "MainMission8022125_07",
      "ID": 49
    },
    {
      "GroupGUID": "2b7517bf-150d-4765-828c-f3212eac18b0",
      "GroupPath": "Config/LevelOutput/Group/Groups_P44305_F44305002/LevelGroup_P44305_F44305002_G50.json",
      "DimensionFilter": {},
      "Name": "MainMission8022125_08",
      "ID": 50
    },
    {
      "GroupGUID": "c548af4b-4f61-4daf-8aab-d7decf78dbbc",
      "GroupPath": "Config/LevelOutput/Group/Groups_P44305_F44305002/LevelGroup_P44305_F44305002_G51.json",
      "DimensionFilter": {},
      "Name": "MainMission8022125_09",
      "ID": 51
    },
    {
      "GroupGUID": "4baf67f2-91ee-4d13-8a54-6af78d11ff51",
      "GroupPath": "Config/LevelOutput/Group/Groups_P44305_F44305002/LevelGroup_P44305_F44305002_G52.json",
      "DimensionFilter": {},
      "Name": "MainMission8022125_10",
      "ID": 52
    },
    {
      "GroupGUID": "cba23ef6-f447-43d8-b84f-cc1a49a34ade",
      "GroupPath": "Config/LevelOutput/Group/Groups_P44305_F44305002/LevelGroup_P44305_F44305002_G53.json",
      "DimensionFilter": {
        "FilterType": "All"
      },
      "Name": "Anchor",
      "ID": 53
    },
    {
      "GroupGUID": "bd9a0d1b-d8a1-41a2-99f3-087242fd38a3",
      "GroupPath": "Config/LevelOutput/Group/Groups_P44305_F44305002/LevelGroup_P44305_F44305002_G54.json",
      "DimensionFilter": {
        "FilterType": "All"
      },
      "Name": "Sound-Reverb",
      "ID": 54
    },
    {
      "GroupGUID": "0ee13fe0-2c7b-489f-9033-e4ef31a4c15e",
      "GroupPath": "Config/LevelOutput/Group/Groups_P44305_F44305002/LevelGroup_P44305_F44305002_G55.json",
      "DimensionFilter": {
        "FilterType": "All"
      },
      "Name": "BGM",
      "ID": 55
    },
    {
      "GroupGUID": "be6d89b9-31e8-4c0e-9bb5-fbd34f23d0cc",
      "GroupPath": "Config/LevelOutput/Group/Groups_P44305_F44305002/LevelGroup_P44305_F44305002_G56.json",
      "DimensionFilter": {
        "FilterType": "All"
      },
      "Name": "Sound",
      "ID": 56
    },
    {
      "GroupGUID": "3c3afc04-fc72-477e-bf3b-ab1042c15f7b",
      "GroupPath": "Config/LevelOutput/Group/Groups_P44305_F44305002/LevelGroup_P44305_F44305002_G61.json",
      "DimensionFilter": {
        "FilterType": "All"
      },
      "Name": "Screen",
      "ID": 61
    },
    {
      "GroupGUID": "c43bd0b7-9925-4719-b2d7-66b84714b87e",
      "GroupPath": "Config/LevelOutput/Group/Groups_P44305_F44305002/LevelGroup_P44305_F44305002_G62.json",
      "DimensionFilter": {
        "FilterType": "All"
      },
      "Name": "BAT_Prop",
      "ID": 62
    }
  ],
  "DefaultEnviroProfile": "Stages/Outputs/Chapter03/EnviroProfile/Chap03_CloseView_MAZ_P201_Night_01.enviroProfile.asset",
  "StageData": "Stages/Outputs/Chapter03/Stages/Chap03_MAZ_P201_StageData/Chap03_MAZ_P201_StageData.stage",
  "CameraType": "Maze",
  "TimeOfDayEnviroProfileMap": {},
  "LayerToAreaMask": [
    8,
    16
  ],
  "FloorCustomData": {
    "CustomValues": [
      {
        "$type": "RPG.GameCore.FloorCustomFloatConfig",
        "ID": 10004,
        "Name": "Movie_1"
      },
      {
        "$type": "RPG.GameCore.FloorCustomFloatConfig",
        "ID": 10005,
        "Name": "Movie_2"
      },
      {
        "$type": "RPG.GameCore.FloorCustomFloatConfig",
        "ID": 10006,
        "Name": "Movie_3"
      },
      {
        "$type": "RPG.GameCore.FloorCustomFloatConfig",
        "ID": 10007,
        "Name": "Clt_ScreenState"
      },
      {
        "$type": "RPG.GameCore.FloorCustomStringConfig",
        "DefaultValue": "Cartoon",
        "ID": 10009,
        "Name": "ScreenContent"
      }
    ],
    "SavedValues": [
      {
        "ID": 1,
        "Name": "ScriptPhase",
        "DefaultValue": 3,
        "AllowedValues": [
          0,
          1,
          2,
          3
        ],
        "MaxValue": 3
      },
      {
        "ID": 3,
        "Name": "Movie_1_1",
        "AllowedValues": [
          0,
          1
        ],
        "MaxValue": 1
      },
      {
        "ID": 4,
        "Name": "Movie_2_1",
        "AllowedValues": [
          0,
          1
        ],
        "MaxValue": 1
      },
      {
        "ID": 5,
        "Name": "Movie_2_2",
        "AllowedValues": [
          0,
          1
        ],
        "MaxValue": 1
      },
      {
        "ID": 6,
        "Name": "Movie_3_1",
        "AllowedValues": [
          0,
          1
        ],
        "MaxValue": 1
      },
      {
        "ID": 7,
        "Name": "Movie_3_2",
        "AllowedValues": [
          0,
          1
        ],
        "MaxValue": 1
      },
      {
        "ID": 8,
        "Name": "BirdFound",
        "AllowedValues": [
          0,
          1
        ],
        "MaxValue": 1
      },
      {
        "ID": 9,
        "Name": "Ending",
        "AllowedValues": [
          0,
          1
        ],
        "MaxValue": 1
      },
      {
        "ID": 10,
        "Name": "SceneStateByMainMission",
        "AllowedValues": [
          0,
          1
        ],
        "MaxValue": 1
      },
      {
        "ID": 11,
        "Name": "ScreenState",
        "AllowedValues": [
          0,
          1,
          2,
          3,
          4
        ],
        "MaxValue": 4
      }
    ]
  },
  "BattleAreaList": [],
  "DimensionList": [
    {}
  ],
  "NavmapConfigPath": "Config/LevelOutput/Map/MapInfo_P20321_F20321001.json"
}