{
  "FloorID": 44301002,
  "FloorName": "FloorName_44301002",
  "StartGroupID": 1,
  "StartAnchorID": 1,
  "GroupList": [
    {
      "GroupGUID": "e125efe7-be49-4fa0-b799-1b91ad129f38",
      "GroupPath": "Config/LevelOutput/Group/Groups_P44301_F44301002/LevelGroup_P44301_F44301002_G1.json",
      "DimensionFilter": {},
      "Name": "DefaultGroup",
      "ID": 1
    },
    {
      "GroupGUID": "d2b8c4a3-70c0-49f0-98c1-124f4234fc4d",
      "GroupPath": "Config/LevelOutput/Group/Groups_P44301_F44301002/LevelGroup_P44301_F44301002_G2.json",
      "DimensionFilter": {},
      "Name": "Blockade",
      "ID": 2
    },
    {
      "GroupGUID": "b700cc92-fa19-4392-8efd-e34ceeb3aa45",
      "GroupPath": "Config/LevelOutput/Group/Groups_P44301_F44301002/LevelGroup_P44301_F44301002_G3.json",
      "DimensionFilter": {},
      "Name": "Portal",
      "ID": 3
    },
    {
      "GroupGUID": "3c39e24b-5c0a-427f-a565-b34f12b31914",
      "GroupPath": "Config/LevelOutput/Group/Groups_P44301_F44301002/LevelGroup_P44301_F44301002_G4.json",
      "DimensionFilter": {},
      "Name": "Region0_P0_Gravity_Boards",
      "ID": 4
    },
    {
      "GroupGUID": "a614df90-994f-4513-a8df-c000d261536f",
      "GroupPath": "Config/LevelOutput/Group/Groups_P44301_F44301002/LevelGroup_P44301_F44301002_G6.json",
      "DimensionFilter": {},
      "Name": "Region0_P0_Bridges",
      "ID": 6
    },
    {
      "GroupGUID": "3e08807b-a503-4b11-94e8-bc5bdf541978",
      "GroupPath": "Config/LevelOutput/Group/Groups_P44301_F44301002/LevelGroup_P44301_F44301002_G7.json",
      "DimensionFilter": {},
      "Name": "Region0_Pose5_Charger",
      "ID": 7
    },
    {
      "GroupGUID": "f8895785-7fa3-4dde-b84c-016ae6021c67",
      "GroupPath": "Config/LevelOutput/Group/Groups_P44301_F44301002/LevelGroup_P44301_F44301002_G8.json",
      "DimensionFilter": {},
      "Name": "Default_Monster_Pose2",
      "ID": 8
    },
    {
      "GroupGUID": "b82000c9-4e17-4004-a3cc-129deb55db56",
      "GroupPath": "Config/LevelOutput/Group/Groups_P44301_F44301002/LevelGroup_P44301_F44301002_G9.json",
      "DimensionFilter": {},
      "Name": "Default_Monster_Pose1",
      "ID": 9
    },
    {
      "GroupGUID": "cb0e9a3a-8a8c-4f2d-9407-9b4e01ed72aa",
      "GroupPath": "Config/LevelOutput/Group/Groups_P44301_F44301002/LevelGroup_P44301_F44301002_G10.json",
      "DimensionFilter": {},
      "Name": "Default_Destructible_Pose2",
      "ID": 10
    },
    {
      "GroupGUID": "80f55c48-7c73-4c79-b6be-1c5d6aecff7d",
      "GroupPath": "Config/LevelOutput/Group/Groups_P44301_F44301002/LevelGroup_P44301_F44301002_G11.json",
      "DimensionFilter": {},
      "Name": "Default_Destructible_Pose1",
      "ID": 11
    },
    {
      "GroupGUID": "e5a0ca43-5303-4ca1-80e8-896be58e7e0d",
      "GroupPath": "Config/LevelOutput/Group/Groups_P44301_F44301002/LevelGroup_P44301_F44301002_G12.json",
      "DimensionFilter": {},
      "Name": "MainMission8020202_01",
      "ID": 12
    },
    {
      "GroupGUID": "39d110e2-f465-4846-8749-75f182774f85",
      "GroupPath": "Config/LevelOutput/Group/Groups_P44301_F44301002/LevelGroup_P44301_F44301002_G13.json",
      "Name": "BGM",
      "ID": 13
    },
    {
      "GroupGUID": "b403ba2c-4b4b-450c-916e-b92b24995367",
      "GroupPath": "Config/LevelOutput/Group/Groups_P44301_F44301002/LevelGroup_P44301_F44301002_G14.json",
      "Name": "Sound",
      "ID": 14
    },
    {
      "GroupGUID": "77560ff7-8866-4dc6-9f16-aa381b914c92",
      "GroupPath": "Config/LevelOutput/Group/Groups_P44301_F44301002/LevelGroup_P44301_F44301002_G15.json",
      "DimensionFilter": {},
      "Name": "MainMission8020202_哈努兄弟出现点",
      "ID": 15
    },
    {
      "GroupGUID": "53b57553-2b60-4460-b626-b59099779c42",
      "GroupPath": "Config/LevelOutput/Group/Groups_P44301_F44301002/LevelGroup_P44301_F44301002_G16.json",
      "DimensionFilter": {},
      "Name": "3DMapInfo",
      "ID": 16
    },
    {
      "GroupGUID": "ed3166d4-7377-4ce8-905b-fb2c7abcf536",
      "GroupPath": "Config/LevelOutput/Group/Groups_P44301_F44301002/LevelGroup_P44301_F44301002_G20.json",
      "DimensionFilter": {},
      "Name": "Saves",
      "ID": 20
    },
    {
      "GroupGUID": "a8ffb3d4-1e35-4bd1-84fc-45644df50be8",
      "GroupPath": "Config/LevelOutput/Group/Groups_P44301_F44301002/LevelGroup_P44301_F44301002_G22.json",
      "Name": "Sound",
      "ID": 22
    },
    {
      "GroupGUID": "34ebc720-b0af-466f-a361-3c214574bf50",
      "GroupPath": "Config/LevelOutput/Group/Groups_P44301_F44301002/LevelGroup_P44301_F44301002_G24.json",
      "Name": "Sound-Reverb",
      "ID": 24
    },
    {
      "GroupGUID": "eda1dffe-37a1-4955-8821-5121c67025e3",
      "GroupPath": "Config/LevelOutput/Group/Groups_P44301_F44301002/LevelGroup_P44301_F44301002_G25.json",
      "DimensionFilter": {},
      "Name": "Sound",
      "ID": 25
    },
    {
      "GroupGUID": "29faf62b-4032-40c5-bd1e-d8bd9cb967ef",
      "GroupPath": "Config/LevelOutput/Group/Groups_P44301_F44301002/LevelGroup_P44301_F44301002_G26.json",
      "Name": "Sound",
      "ID": 26
    },
    {
      "GroupGUID": "41920d00-1e8a-47da-91f9-607fd1363844",
      "GroupPath": "Config/LevelOutput/Group/Groups_P44301_F44301002/LevelGroup_P44301_F44301002_G27.json",
      "Name": "Sound",
      "ID": 27
    },
    {
      "GroupGUID": "e2075f86-e3ac-4627-8017-0ff1d00687ce",
      "GroupPath": "Config/LevelOutput/Group/Groups_P44301_F44301002/LevelGroup_P44301_F44301002_G28.json",
      "Name": "Sound",
      "ID": 28
    },
    {
      "GroupGUID": "5c3335e3-a154-4469-bd04-1ad3469a1d62",
      "GroupPath": "Config/LevelOutput/Group/Groups_P44301_F44301002/LevelGroup_P44301_F44301002_G29.json",
      "Name": "Sound",
      "ID": 29
    }
  ],
  "DefaultEnviroProfile": "Stages/Outputs/Chapter03/EnviroProfile/Chap03_CloseView_ADV_INT_P101_night_01.enviroProfile.asset",
  "StageData": "Stages/Outputs/Chapter03/Stages/Chap03_MAZ_P101_MainLine_01_StageData/Chap03_MAZ_P101_MainLine_01_StageData.stage",
  "CameraType": "Maze",
  "TimeOfDayEnviroProfileMap": {},
  "LayerToAreaMask": [
    32,
    16,
    8
  ],
  "FloorCustomData": {
    "CustomValues": [
      {
        "$type": "RPG.GameCore.FloorCustomBoolConfig",
        "ID": 10002,
        "Name": "Is_Frame_Interacted_01"
      }
    ]
  },
  "BattleAreaList": [],
  "DimensionList": [
    {}
  ],
  "CameraPrefabPath": "Level/Maze/Chapter03/Chap03_MAZ_P101_LevelArea.prefab",
  "LevelFeatureModules": [
    "RotatableRegion"
  ],
  "NavmapConfigPath": "Config/LevelOutput/Map/MapInfo_P20311_F20311001.json",
  "IsRestartLevelGraph": false
}