{
  "FloorID": 80000001,
  "FloorName": "FloorName_80000001",
  "StartGroupID": 3,
  "StartAnchorID": 1,
  "GroupList": [
    {
      "GroupGUID": "9c542636-94d0-4dec-9100-15bb2fc31cdf",
      "GroupPath": "Config/LevelOutput/Group/Groups_P80000_F80000001/LevelGroup_P80000_F80000001_G3.json",
      "Name": "DefaultGroup",
      "ID": 3
    },
    {
      "GroupGUID": "86b88d8c-b9f5-47ee-8b34-e56f0b756e02",
      "GroupPath": "Config/LevelOutput/Group/Groups_P80000_F80000001/LevelGroup_P80000_F80000001_G4.json",
      "Name": "TestRogueMission",
      "ID": 4
    },
    {
      "GroupGUID": "0f41167b-c7cf-445d-a250-9c135045686f",
      "GroupPath": "Config/LevelOutput/Group/Groups_P80000_F80000001/LevelGroup_P80000_F80000001_G6.json",
      "Name": "New Group",
      "ID": 6
    },
    {
      "GroupGUID": "eb2083bc-dd26-489c-9506-fb44f0445add",
      "GroupPath": "Config/LevelOutput/Group/Groups_P80000_F80000001/LevelGroup_P80000_F80000001_G7.json",
      "Name": "AirWall",
      "ID": 7
    },
    {
      "GroupGUID": "c7bbee07-c160-490b-8b84-84d2bd45e905",
      "GroupPath": "Config/LevelOutput/Group/Groups_P80000_F80000001/LevelGroup_P80000_F80000001_G30.json",
      "Name": "Sound",
      "ID": 30
    }
  ],
  "DefaultEnviroProfile": "Stages/Outputs/ChapterRogue/EnviroProfile/ChapRogue_CloseView_ADV_Area_FinalStage_Starry.enviroProfile.asset",
  "StageData": "Stages/Outputs/ChapterRogue/Stages/ChapRogue_MAZ_FinalRoom_01_StageData/ChapRogue_MAZ_FinalRoom_01_StageData.stage",
  "CameraType": "Maze",
  "MinimapVolumeData": {},
  "TimeOfDayEnviroProfileMap": {},
  "LayerToAreaMask": [
    1
  ],
  "IsRestartLevelGraph": false
}