{
  "FloorID": 80001002,
  "FloorName": "FloorName_80001002",
  "StartGroupID": 1,
  "StartAnchorID": 1,
  "GroupList": [
    {
      "GroupGUID": "8c674613-f249-4888-8b94-c061b21aa07b",
      "GroupPath": "Config/LevelOutput/Group/Groups_P80001_F80001002/LevelGroup_P80001_F80001002_G1.json",
      "Name": "New Group",
      "ID": 1
    },
    {
      "GroupGUID": "ff4fbe74-4949-4d96-a577-d0eae1001614",
      "GroupPath": "Config/LevelOutput/Group/Groups_P80001_F80001002/LevelGroup_P80001_F80001002_G19.json",
      "Name": "Rogue_Main_Boss",
      "ID": 19
    },
    {
      "GroupGUID": "e352fc21-f4c3-46eb-ae4c-4bcf3e72381c",
      "GroupPath": "Config/LevelOutput/Group/Groups_P80001_F80001002/LevelGroup_P80001_F80001002_G3.json",
      "Name": "Rogue_Monster",
      "ID": 3
    },
    {
      "GroupGUID": "2eb5424b-31d9-4046-adde-37ac14454531",
      "GroupPath": "Config/LevelOutput/Group/Groups_P80001_F80001002/LevelGroup_P80001_F80001002_G4.json",
      "Name": "Rogue_Monster_Waypoints",
      "ID": 4
    },
    {
      "GroupGUID": "dee18c46-6fa0-4352-80ab-37581002ec87",
      "GroupPath": "Config/LevelOutput/Group/Groups_P80001_F80001002/LevelGroup_P80001_F80001002_G16.json",
      "Name": "SmallRoom_NPC",
      "ID": 16
    },
    {
      "GroupGUID": "5f1cb0ef-48b4-459b-bd7f-429ff29ebd18",
      "GroupPath": "Config/LevelOutput/Group/Groups_P80001_F80001002/LevelGroup_P80001_F80001002_G18.json",
      "Name": "Rogue_Main_Boss",
      "ID": 18
    },
    {
      "GroupGUID": "0d6430c9-8db6-469b-9876-f3a0c96c78bb",
      "GroupPath": "Config/LevelOutput/Group/Groups_P80001_F80001002/LevelGroup_P80001_F80001002_G6.json",
      "Name": "Rogue_Monster_Waypoints",
      "ID": 6
    },
    {
      "GroupGUID": "01e78c3d-2d66-41aa-839f-18ff484f5eca",
      "GroupPath": "Config/LevelOutput/Group/Groups_P80001_F80001002/LevelGroup_P80001_F80001002_G7.json",
      "Name": "Rogue_Monster_Waypoints",
      "ID": 7
    },
    {
      "GroupGUID": "1770649d-0f91-4ac8-afeb-4b40ca883888",
      "GroupPath": "Config/LevelOutput/Group/Groups_P80001_F80001002/LevelGroup_P80001_F80001002_G29.json",
      "Name": "Rogue_BossRoom",
      "ID": 29
    },
    {
      "GroupGUID": "14cd57ba-60c8-482c-8526-c55a999fbc01",
      "GroupPath": "Config/LevelOutput/Group/Groups_P80001_F80001002/LevelGroup_P80001_F80001002_G21.json",
      "Name": "Rogue_Boss",
      "ID": 21
    },
    {
      "GroupGUID": "5451aa62-11e6-4dfa-a480-1999722cd9df",
      "GroupPath": "Config/LevelOutput/Group/Groups_P80001_F80001002/LevelGroup_P80001_F80001002_G2.json",
      "Name": "Rogue_Main_Boss",
      "ID": 2
    },
    {
      "GroupGUID": "8a0fd5b7-ffb9-452d-8b81-20df976db69f",
      "GroupPath": "Config/LevelOutput/Group/Groups_P80001_F80001002/LevelGroup_P80001_F80001002_G5.json",
      "Name": "Rogue_Main_Boss",
      "ID": 5
    },
    {
      "GroupGUID": "86ab6619-d62b-4fc0-abe1-571970b35f15",
      "GroupPath": "Config/LevelOutput/Group/Groups_P80001_F80001002/LevelGroup_P80001_F80001002_G8.json",
      "Name": "Rogue_NPC",
      "ID": 8
    },
    {
      "GroupGUID": "01a4b933-be39-41f6-8f4a-ee7136bf3f06",
      "GroupPath": "Config/LevelOutput/Group/Groups_P80001_F80001002/LevelGroup_P80001_F80001002_G9.json",
      "Name": "Rogue_Main_Boss",
      "ID": 9
    },
    {
      "GroupGUID": "2413aed5-6a5b-44e7-8544-8f8da4f817c7",
      "GroupPath": "Config/LevelOutput/Group/Groups_P80001_F80001002/LevelGroup_P80001_F80001002_G10.json",
      "Name": "Rogue_Monster_AddAvatar",
      "ID": 10
    },
    {
      "GroupGUID": "ff387a90-9c84-4e38-8b53-7e685a433dd9",
      "GroupPath": "Config/LevelOutput/Group/Groups_P80001_F80001002/LevelGroup_P80001_F80001002_G11.json",
      "Name": "Rogue_Monster_Waypoints",
      "ID": 11
    },
    {
      "GroupGUID": "7b1bdecf-11dc-4c12-9cf1-272f1aec42bf",
      "GroupPath": "Config/LevelOutput/Group/Groups_P80001_F80001002/LevelGroup_P80001_F80001002_G12.json",
      "Name": "Rogue_Main_Boss",
      "ID": 12
    },
    {
      "GroupGUID": "af3740a7-2206-4c84-b8a8-c018e58706d4",
      "GroupPath": "Config/LevelOutput/Group/Groups_P80001_F80001002/LevelGroup_P80001_F80001002_G13.json",
      "Name": "Rogue_Monster_Waypoints",
      "ID": 13
    },
    {
      "GroupGUID": "0c49201c-dfbe-4ec0-9c21-de2a7b49792c",
      "GroupPath": "Config/LevelOutput/Group/Groups_P80001_F80001002/LevelGroup_P80001_F80001002_G14.json",
      "Name": "Rogue_Monster_Waypoints",
      "ID": 14
    },
    {
      "GroupGUID": "3c0e601a-56bb-4318-a81b-3a52d96185c6",
      "GroupPath": "Config/LevelOutput/Group/Groups_P80001_F80001002/LevelGroup_P80001_F80001002_G15.json",
      "Name": "Rogue_NPC",
      "ID": 15
    },
    {
      "GroupGUID": "c8b9672d-e428-4f33-b1cb-efc6d254663d",
      "GroupPath": "Config/LevelOutput/Group/Groups_P80001_F80001002/LevelGroup_P80001_F80001002_G17.json",
      "Name": "TestMission",
      "ID": 17
    },
    {
      "GroupGUID": "3faa05ae-e39b-446a-9def-4d40a540b513",
      "GroupPath": "Config/LevelOutput/Group/Groups_P80001_F80001002/LevelGroup_P80001_F80001002_G22.json",
      "Name": "Mission4030002",
      "ID": 22
    },
    {
      "GroupGUID": "db188641-5ac3-46f4-97be-4f2d970a1b53",
      "GroupPath": "Config/LevelOutput/Group/Groups_P80001_F80001002/LevelGroup_P80001_F80001002_G23.json",
      "Name": "NewbeeMssion-S1-pre",
      "ID": 23
    },
    {
      "GroupGUID": "e3cf9fac-8fd3-49d6-806a-e712634f1f72",
      "GroupPath": "Config/LevelOutput/Group/Groups_P80001_F80001002/LevelGroup_P80001_F80001002_G25.json",
      "Name": "Tutorial",
      "ID": 25
    },
    {
      "GroupGUID": "100d178e-30e5-4a59-9959-dc085008e934",
      "GroupPath": "Config/LevelOutput/Group/Groups_P80001_F80001002/LevelGroup_P80001_F80001002_G27.json",
      "Name": "Sound",
      "ID": 27
    },
    {
      "GroupGUID": "4039aaf2-6f9a-436d-9d26-7e31590b8494",
      "GroupPath": "Config/LevelOutput/Group/Groups_P80001_F80001002/LevelGroup_P80001_F80001002_G31.json",
      "Name": "Rogue_StartRoom_Main",
      "ID": 31
    },
    {
      "GroupGUID": "61f86d96-4011-4f19-9db4-e81084b95924",
      "GroupPath": "Config/LevelOutput/Group/Groups_P80001_F80001002/LevelGroup_P80001_F80001002_G32.json",
      "Name": "Rogue_StartRoom_Monster",
      "ID": 32
    },
    {
      "GroupGUID": "dff1b1bf-dfb3-43c3-8974-cd34f3a81b87",
      "GroupPath": "Config/LevelOutput/Group/Groups_P80001_F80001002/LevelGroup_P80001_F80001002_G33.json",
      "Name": "Rogue_StartRoom_Monster_Patrol",
      "ID": 33
    },
    {
      "GroupGUID": "f6494490-7d83-4b7b-b6f5-4c77c43b098a",
      "GroupPath": "Config/LevelOutput/Group/Groups_P80001_F80001002/LevelGroup_P80001_F80001002_G34.json",
      "Name": "Rogue_RestRoom",
      "ID": 34
    },
    {
      "GroupGUID": "9c9a154b-cc49-4099-9079-2834a58bb6c1",
      "GroupPath": "Config/LevelOutput/Group/Groups_P80001_F80001002/LevelGroup_P80001_F80001002_G35.json",
      "Name": "Rogue_EliteRoom",
      "ID": 35
    },
    {
      "GroupGUID": "8e594fb3-f0c9-4082-800d-db9eef32c918",
      "GroupPath": "Config/LevelOutput/Group/Groups_P80001_F80001002/LevelGroup_P80001_F80001002_G36.json",
      "Name": "Mission4030003",
      "ID": 36
    },
    {
      "GroupGUID": "6438cf91-90b7-4f8a-b46d-3bb7557782bf",
      "GroupPath": "Config/LevelOutput/Group/Groups_P80001_F80001002/LevelGroup_P80001_F80001002_G37.json",
      "Name": "Door",
      "ID": 37
    }
  ],
  "DefaultEnviroProfile": "Stages/Outputs/Chapter00/EnviroProfile/Chap00_CloseView_MAZ_N201_01_Day.enviroProfile.asset",
  "StageData": "Stages/Outputs/Chapter00/Stages/Chap00_MAZ_N201_MainLine_01_StageData/Chap00_MAZ_N201_MainLine_01_StageData.stage",
  "CameraType": "Maze",
  "TimeOfDayEnviroProfileMap": {},
  "LayerToAreaMask": [
    1
  ],
  "BattleAreaList": [],
  "DimensionList": [
    {}
  ],
  "NavmapConfigPath": "Config/LevelOutput/Map/MapInfo_P80001_F80001002.json",
  "IsRestartLevelGraph": false
}