{
  "FloorID": 80001003,
  "FloorName": "FloorName_80001003",
  "StartGroupID": 1,
  "StartAnchorID": 1,
  "GroupList": [
    {
      "GroupGUID": "b52f9b81-ad63-4581-8a54-72b0607f5fc0",
      "GroupPath": "Config/LevelOutput/Group/Groups_P80001_F80001003/LevelGroup_P80001_F80001003_G1.json",
      "Name": "New Group",
      "ID": 1
    },
    {
      "GroupGUID": "148d09bc-e0e6-4b47-8071-e9e3f9cb977a",
      "GroupPath": "Config/LevelOutput/Group/Groups_P80001_F80001003/LevelGroup_P80001_F80001003_G2.json",
      "Name": "Rogue_Main_Boss",
      "ID": 2
    },
    {
      "GroupGUID": "e8e53515-ace9-4621-8812-3b1830b134a8",
      "GroupPath": "Config/LevelOutput/Group/Groups_P80001_F80001003/LevelGroup_P80001_F80001003_G3.json",
      "Name": "Rogue_Monster_AddAvatar",
      "ID": 3
    },
    {
      "GroupGUID": "aa0158cc-47be-4e8e-88d0-8ef892277516",
      "GroupPath": "Config/LevelOutput/Group/Groups_P80001_F80001003/LevelGroup_P80001_F80001003_G4.json",
      "Name": "Rogue_Monster_Waypoints",
      "ID": 4
    },
    {
      "GroupGUID": "874a2c71-22a3-47c7-8f34-be7f977ab6a7",
      "GroupPath": "Config/LevelOutput/Group/Groups_P80001_F80001003/LevelGroup_P80001_F80001003_G5.json",
      "Name": "Rogue_Main_Boss",
      "ID": 5
    },
    {
      "GroupGUID": "6933d6e0-7be2-49d8-9ff5-77d926c7b254",
      "GroupPath": "Config/LevelOutput/Group/Groups_P80001_F80001003/LevelGroup_P80001_F80001003_G6.json",
      "Name": "Rogue_Monster_Waypoints",
      "ID": 6
    },
    {
      "GroupGUID": "65504437-f2a6-42e6-9130-a88603c84a9b",
      "GroupPath": "Config/LevelOutput/Group/Groups_P80001_F80001003/LevelGroup_P80001_F80001003_G7.json",
      "Name": "Rogue_Monster_Waypoints",
      "ID": 7
    },
    {
      "GroupGUID": "41801e72-f01a-46ca-a8e3-cec69b200d3d",
      "GroupPath": "Config/LevelOutput/Group/Groups_P80001_F80001003/LevelGroup_P80001_F80001003_G8.json",
      "Name": "Rogue_NPC",
      "ID": 8
    },
    {
      "GroupGUID": "f8beee8d-8795-4011-b747-594d7a48b45c",
      "GroupPath": "Config/LevelOutput/Group/Groups_P80001_F80001003/LevelGroup_P80001_F80001003_G9.json",
      "Name": "SmallRoom_NPC",
      "ID": 9
    },
    {
      "GroupGUID": "dcb4be9d-51d6-411a-9ce5-e6405812f925",
      "GroupPath": "Config/LevelOutput/Group/Groups_P80001_F80001003/LevelGroup_P80001_F80001003_G10.json",
      "Name": "SmallRoom_Boss",
      "ID": 10
    },
    {
      "GroupGUID": "79f6ffd8-4b8e-4c8c-b732-aa7e0ba0f0e0",
      "GroupPath": "Config/LevelOutput/Group/Groups_P80001_F80001003/LevelGroup_P80001_F80001003_G11.json",
      "Name": "New Group",
      "ID": 11
    },
    {
      "GroupGUID": "1c85b48e-5ff5-418b-9f7b-fee7e385b482",
      "GroupPath": "Config/LevelOutput/Group/Groups_P80001_F80001003/LevelGroup_P80001_F80001003_G13.json",
      "Name": "NewBeeMission",
      "ID": 13
    },
    {
      "GroupGUID": "7502a50b-288a-41af-8dea-97ff971b8df8",
      "GroupPath": "Config/LevelOutput/Group/Groups_P80001_F80001003/LevelGroup_P80001_F80001003_G15.json",
      "Name": "Mission4030003",
      "ID": 15
    },
    {
      "GroupGUID": "077edbff-20e4-4b95-a3f3-c42afbdaaa55",
      "GroupPath": "Config/LevelOutput/Group/Groups_P80001_F80001003/LevelGroup_P80001_F80001003_G17.json",
      "Name": "Sound",
      "ID": 17
    },
    {
      "GroupGUID": "aa125d32-7919-4a30-9835-8924038241d3",
      "GroupPath": "Config/LevelOutput/Group/Groups_P80001_F80001003/LevelGroup_P80001_F80001003_G18.json",
      "Name": "Rogue_StartRoom_Main",
      "ID": 18
    },
    {
      "GroupGUID": "df647ef3-96cc-4930-9b5b-7ef05f03c2af",
      "GroupPath": "Config/LevelOutput/Group/Groups_P80001_F80001003/LevelGroup_P80001_F80001003_G19.json",
      "Name": "Rogue_StartRoom_Monster",
      "ID": 19
    },
    {
      "GroupGUID": "f056e157-ff8c-436e-a0d7-01df9ff6527c",
      "GroupPath": "Config/LevelOutput/Group/Groups_P80001_F80001003/LevelGroup_P80001_F80001003_G20.json",
      "Name": "Rogue_StartRoom_Monster_Patrol",
      "ID": 20
    },
    {
      "GroupGUID": "5cc1fdb9-d2db-4cf6-bc3c-a13fc9dd4234",
      "GroupPath": "Config/LevelOutput/Group/Groups_P80001_F80001003/LevelGroup_P80001_F80001003_G21.json",
      "Name": "Rogue_EventRoom",
      "ID": 21
    },
    {
      "GroupGUID": "656dfff7-014f-4443-8be2-08f9b4d6014d",
      "GroupPath": "Config/LevelOutput/Group/Groups_P80001_F80001003/LevelGroup_P80001_F80001003_G22.json",
      "Name": "Rogue_RestRoom",
      "ID": 22
    },
    {
      "GroupGUID": "8d03d39f-689d-474a-a0a4-44859de70a6a",
      "GroupPath": "Config/LevelOutput/Group/Groups_P80001_F80001003/LevelGroup_P80001_F80001003_G23.json",
      "Name": "Rogue_BossRoom",
      "ID": 23
    }
  ],
  "DefaultEnviroProfile": "Stages/Outputs/Chapter00/EnviroProfile/Chap00_CloseView_MAZ_N301_01_Day.enviroProfile.asset",
  "StageData": "Stages/Outputs/Chapter00/Stages/Chap00_MAZ_N301_MainLine_01_StageData/Chap00_MAZ_N301_MainLine_01_StageData.stage",
  "CameraType": "Maze",
  "TimeOfDayEnviroProfileMap": {},
  "LayerToAreaMask": [
    1
  ],
  "BattleAreaList": [],
  "DimensionList": [
    {}
  ],
  "NavmapConfigPath": "Config/LevelOutput/Map/MapInfo_P80001_F80001003.json",
  "IsRestartLevelGraph": false
}