{
  "FloorID": 80112001,
  "FloorName": "MazeText_Empty",
  "StartGroupID": 1,
  "StartAnchorID": 1,
  "GroupList": [
    {
      "GroupGUID": "3c091ab4-b1cc-4f62-9dea-57ee007473c3",
      "GroupPath": "Config/LevelOutput/Group/Groups_P80112_F80112001/LevelGroup_P80112_F80112001_G1.json",
      "Name": "Default",
      "ID": 1
    },
    {
      "GroupGUID": "22af2b00-0379-4cab-a272-0b5ba097bf32",
      "GroupPath": "Config/LevelOutput/Group/Groups_P80112_F80112001/LevelGroup_P80112_F80112001_G16.json",
      "Name": "CheckProp",
      "ID": 16
    },
    {
      "GroupGUID": "6d9e83fd-4187-4775-957c-f1459675281c",
      "GroupPath": "Config/LevelOutput/Group/Groups_P80112_F80112001/LevelGroup_P80112_F80112001_G2.json",
      "Name": "NPC",
      "ID": 2
    },
    {
      "GroupGUID": "d3a665da-e9f5-4e29-8b9e-dcbda99d4903",
      "GroupPath": "Config/LevelOutput/Group/Groups_P80112_F80112001/LevelGroup_P80112_F80112001_G3.json",
      "Name": "RogueProp",
      "ID": 3
    },
    {
      "GroupGUID": "d3171540-5a39-4ac2-9897-d9013d40a02b",
      "GroupPath": "Config/LevelOutput/Group/Groups_P80112_F80112001/LevelGroup_P80112_F80112001_G4.json",
      "Name": "Hint",
      "ID": 4
    },
    {
      "GroupGUID": "07f92aed-520c-42b8-99b2-5f82e2e8d06c",
      "GroupPath": "Config/LevelOutput/Group/Groups_P80112_F80112001/LevelGroup_P80112_F80112001_G5.json",
      "Name": "tutorial",
      "ID": 5
    },
    {
      "GroupGUID": "641db4cb-94eb-4ef8-ab7c-4a6ce9de22f6",
      "GroupPath": "Config/LevelOutput/Group/Groups_P80112_F80112001/LevelGroup_P80112_F80112001_G7.json",
      "Name": "NPC_Mission",
      "ID": 7
    },
    {
      "GroupGUID": "9d3f96ba-8a9a-4cc0-8bdb-6d52f9eb2fd2",
      "GroupPath": "Config/LevelOutput/Group/Groups_P80112_F80112001/LevelGroup_P80112_F80112001_G9.json",
      "Name": "Cam_Test",
      "ID": 9
    },
    {
      "GroupGUID": "f8f5bb1e-be04-4fba-b8f9-2b3e3e327e2b",
      "GroupPath": "Config/LevelOutput/Group/Groups_P80112_F80112001/LevelGroup_P80112_F80112001_G10.json",
      "Name": "sound",
      "ID": 10
    },
    {
      "GroupGUID": "d3462b5c-e390-4dcc-870f-2b3828426609",
      "GroupPath": "Config/LevelOutput/Group/Groups_P80112_F80112001/LevelGroup_P80112_F80112001_G11.json",
      "Name": "TestRogueMission",
      "ID": 11
    },
    {
      "GroupGUID": "de552e96-aa32-441a-aa2b-f24c105d4720",
      "GroupPath": "Config/LevelOutput/Group/Groups_P80112_F80112001/LevelGroup_P80112_F80112001_G12.json",
      "Name": "Mission4030003",
      "ID": 12
    },
    {
      "GroupGUID": "b76771a7-5b12-41a5-b53f-3d89a7d1d360",
      "GroupPath": "Config/LevelOutput/Group/Groups_P80112_F80112001/LevelGroup_P80112_F80112001_G13.json",
      "Name": "NewbeeMission",
      "ID": 13
    },
    {
      "GroupGUID": "29d9074a-0a29-4b4b-a962-b7df3e24d6d0",
      "GroupPath": "Config/LevelOutput/Group/Groups_P80112_F80112001/LevelGroup_P80112_F80112001_G14.json",
      "Name": "RogueMachine",
      "ID": 14
    },
    {
      "GroupGUID": "69df4fcb-f429-4179-a9ff-3a62b8b51184",
      "GroupPath": "Config/LevelOutput/Group/Groups_P80112_F80112001/LevelGroup_P80112_F80112001_G15.json",
      "Name": "RogueMachine",
      "ID": 15
    },
    {
      "GroupGUID": "c2728335-0c63-47e1-929e-f024d895a52a",
      "GroupPath": "Config/LevelOutput/Group/Groups_P80112_F80112001/LevelGroup_P80112_F80112001_G18.json",
      "Name": "S2Mission",
      "ID": 18
    },
    {
      "GroupGUID": "f33b13f6-a480-4957-a28b-1b94479b425c",
      "GroupPath": "Config/LevelOutput/Group/Groups_P80112_F80112001/LevelGroup_P80112_F80112001_G19.json",
      "Name": "RogueBetaToFinish",
      "ID": 19
    },
    {
      "GroupGUID": "9e82ee9b-4568-4996-97f5-e22824168ed1",
      "GroupPath": "Config/LevelOutput/Group/Groups_P80112_F80112001/LevelGroup_P80112_F80112001_G17.json",
      "Name": "MainMission2000702_",
      "ID": 17
    },
    {
      "GroupGUID": "24af6c41-9971-4c7e-b1a2-b4d54c4466c9",
      "GroupPath": "Config/LevelOutput/Group/Groups_P80112_F80112001/LevelGroup_P80112_F80112001_G25.json",
      "Name": "MainMission2000704_",
      "ID": 25
    },
    {
      "GroupGUID": "84176380-caad-4735-a493-9e38c251dbd3",
      "GroupPath": "Config/LevelOutput/Group/Groups_P80112_F80112001/LevelGroup_P80112_F80112001_G26.json",
      "Name": "RogueDLCEntance",
      "ID": 26
    },
    {
      "GroupGUID": "e9b1efd0-da01-44f5-999a-f43319e914c8",
      "GroupPath": "Config/LevelOutput/Group/Groups_P80112_F80112001/LevelGroup_P80112_F80112001_G27.json",
      "Name": "MainMission2000704_12",
      "ID": 27
    },
    {
      "GroupGUID": "e901ac40-c543-444d-b452-31f11313de8e",
      "GroupPath": "Config/LevelOutput/Group/Groups_P80112_F80112001/LevelGroup_P80112_F80112001_G29.json",
      "Name": "MainMission2001001_",
      "ID": 29
    },
    {
      "GroupGUID": "fce1815b-c0e1-417c-a26f-20ec04bf7491",
      "GroupPath": "Config/LevelOutput/Group/Groups_P80112_F80112001/LevelGroup_P80112_F80112001_G30.json",
      "Name": "MainMission8013101_801310107",
      "ID": 30
    },
    {
      "GroupGUID": "1ebae1db-b49a-4d90-afaf-3ab66d836827",
      "GroupPath": "Config/LevelOutput/Group/Groups_P80112_F80112001/LevelGroup_P80112_F80112001_G32.json",
      "Name": "MainMission8014161_1",
      "ID": 32
    },
    {
      "GroupGUID": "a2e56fe6-f329-4422-81a0-0879ae40fbab",
      "GroupPath": "Config/LevelOutput/Group/Groups_P80112_F80112001/LevelGroup_P80112_F80112001_G33.json",
      "Name": "MainMission8013104_1",
      "ID": 33
    },
    {
      "GroupGUID": "95ff6655-766e-410f-8392-88b7b55e4e53",
      "GroupPath": "Config/LevelOutput/Group/Groups_P80112_F80112001/LevelGroup_P80112_F80112001_G34.json",
      "Name": "MainMission8013101_1",
      "ID": 34
    },
    {
      "GroupGUID": "00bc7a77-9542-4fc1-b97e-81eea6805153",
      "GroupPath": "Config/LevelOutput/Group/Groups_P80112_F80112001/LevelGroup_P80112_F80112001_G35.json",
      "Name": "MainMission8013102_1",
      "ID": 35
    },
    {
      "GroupGUID": "f7552572-a4da-4ec0-a1a9-65e9fae5e9dc",
      "GroupPath": "Config/LevelOutput/Group/Groups_P80112_F80112001/LevelGroup_P80112_F80112001_G36.json",
      "Name": "MainMission8013105_1",
      "ID": 36
    },
    {
      "GroupGUID": "ee8ad08b-3d79-499f-9094-521e345e3647",
      "GroupPath": "Config/LevelOutput/Group/Groups_P80112_F80112001/LevelGroup_P80112_F80112001_G37.json",
      "Name": "MainMission8013106_1",
      "ID": 37
    },
    {
      "GroupGUID": "6b3bfc63-5195-46c6-a834-bd2706779708",
      "GroupPath": "Config/LevelOutput/Group/Groups_P80112_F80112001/LevelGroup_P80112_F80112001_G38.json",
      "Name": "MainMission8013107_1",
      "ID": 38
    },
    {
      "GroupGUID": "86b3ec32-c201-4d84-a885-f5f9b4418eb6",
      "GroupPath": "Config/LevelOutput/Group/Groups_P80112_F80112001/LevelGroup_P80112_F80112001_G40.json",
      "DimensionFilter": {},
      "Name": "MainMission8016101_1",
      "ID": 40
    },
    {
      "GroupGUID": "5880c427-9eb6-45c1-9834-94220a453fd8",
      "GroupPath": "Config/LevelOutput/Group/Groups_P80112_F80112001/LevelGroup_P80112_F80112001_G44.json",
      "DimensionFilter": {},
      "Name": "MainMission8016102_1",
      "ID": 44
    },
    {
      "GroupGUID": "49545b7e-64f5-4c00-9f1b-8a8e3850051c",
      "GroupPath": "Config/LevelOutput/Group/Groups_P80112_F80112001/LevelGroup_P80112_F80112001_G45.json",
      "DimensionFilter": {},
      "Name": "MainMission8016102_801610204",
      "ID": 45
    },
    {
      "GroupGUID": "43948356-c56b-4b7b-a3cb-619d3fb4d083",
      "GroupPath": "Config/LevelOutput/Group/Groups_P80112_F80112001/LevelGroup_P80112_F80112001_G46.json",
      "DimensionFilter": {},
      "Name": "MainMission8016103_1",
      "ID": 46
    },
    {
      "GroupGUID": "2ae49c17-62df-44e0-a215-93697d7378a3",
      "GroupPath": "Config/LevelOutput/Group/Groups_P80112_F80112001/LevelGroup_P80112_F80112001_G47.json",
      "DimensionFilter": {},
      "Name": "MainMission8016103_801610303",
      "ID": 47
    },
    {
      "GroupGUID": "5fccf26d-1d3a-427d-a73f-172122772a95",
      "GroupPath": "Config/LevelOutput/Group/Groups_P80112_F80112001/LevelGroup_P80112_F80112001_G48.json",
      "DimensionFilter": {},
      "Name": "MainMission2000901_01",
      "ID": 48
    },
    {
      "GroupGUID": "79adf19d-2e03-4267-a2a7-e5ede60d6183",
      "GroupPath": "Config/LevelOutput/Group/Groups_P80112_F80112001/LevelGroup_P80112_F80112001_G50.json",
      "DimensionFilter": {},
      "Name": "MainMission8016104_801610403",
      "ID": 50
    },
    {
      "GroupGUID": "8bd43b5e-75fb-4232-9d9a-f0e813d44b60",
      "GroupPath": "Config/LevelOutput/Group/Groups_P80112_F80112001/LevelGroup_P80112_F80112001_G51.json",
      "DimensionFilter": {},
      "Name": "MainMission8016105_801610501",
      "ID": 51
    },
    {
      "GroupGUID": "40d42f7e-dc31-43c0-9f0f-8bf48ea838d0",
      "GroupPath": "Config/LevelOutput/Group/Groups_P80112_F80112001/LevelGroup_P80112_F80112001_G52.json",
      "DimensionFilter": {},
      "Name": "MainMission2030301_New Group",
      "ID": 52
    }
  ],
  "DefaultEnviroProfile": "Stages/Outputs/Chapter00/EnviroProfile/Chap00_CloseView_INT_RogueLobby_01_Day.enviroProfile.asset",
  "StageData": "Stages/Outputs/Chapter00/Stages/Chap00_INT_RogueLobby_01_StageData/Chap00_INT_RogueLobby_01_StageData.stage",
  "MinimapVolumeData": {
    "Center": {
      "X": 0.919871,
      "Y": 0.042255,
      "Z": 0
    },
    "Size": {
      "X": 40,
      "Y": 40,
      "Z": 40
    },
    "SectionVertices": [],
    "Sections": [],
    "RoadMapSpriteDict": {},
    "ItemSpriteDict": {},
    "Scale": 5,
    "CompleteScale": 5
  },
  "TimeOfDayEnviroProfileMap": {},
  "LayerToAreaMask": [
    1
  ],
  "BattleAreaList": [],
  "DimensionList": [
    {}
  ],
  "EnableGroupStreaming": false,
  "EnableGroupSpaceConflict": false,
  "IsRestartLevelGraph": false
}