{
  "FloorID": 80207001,
  "FloorName": "MazeText_Empty",
  "StartGroupID": 1,
  "StartAnchorID": 1,
  "GroupList": [
    {
      "GroupGUID": "95696add-4e8b-4cad-aa32-8043c3760568",
      "GroupPath": "Config/LevelOutput/Group/Groups_P80207_F80207001/LevelGroup_P80207_F80207001_G1.json",
      "Name": "DefaultGroup",
      "ID": 1
    },
    {
      "GroupGUID": "6af79c0c-7e97-4322-bb46-acfd3c91b291",
      "GroupPath": "Config/LevelOutput/Group/Groups_P80207_F80207001/LevelGroup_P80207_F80207001_G2.json",
      "Name": "Default",
      "ID": 2
    },
    {
      "GroupGUID": "f1e99a2e-928b-407f-a556-91b2390ffa2d",
      "GroupPath": "Config/LevelOutput/Group/Groups_P80207_F80207001/LevelGroup_P80207_F80207001_G3.json",
      "Name": "Sound",
      "ID": 3
    },
    {
      "GroupGUID": "7b562632-1579-4cd7-ad47-7c295f6c0d98",
      "GroupPath": "Config/LevelOutput/Group/Groups_P80207_F80207001/LevelGroup_P80207_F80207001_G7.json",
      "Name": "New Group",
      "ID": 7
    },
    {
      "GroupGUID": "42e4ad1a-3c2d-4342-802d-858585b68e83",
      "GroupPath": "Config/LevelOutput/Group/Groups_P80207_F80207001/LevelGroup_P80207_F80207001_G8.json",
      "Name": "New Group",
      "ID": 8
    },
    {
      "GroupGUID": "0f319785-6d7d-47d9-b881-3f78ed996681",
      "GroupPath": "Config/LevelOutput/Group/Groups_P80207_F80207001/LevelGroup_P80207_F80207001_G9.json",
      "Name": "New Group",
      "ID": 9
    },
    {
      "GroupGUID": "33f3c6fa-ac86-4c58-9b78-373141aa2539",
      "GroupPath": "Config/LevelOutput/Group/Groups_P80207_F80207001/LevelGroup_P80207_F80207001_G121.json",
      "Name": "MainMission_RoadBlock",
      "ID": 121
    },
    {
      "GroupGUID": "2ae66650-183f-4daf-8ba9-9da489bc36be",
      "GroupPath": "Config/LevelOutput/Group/Groups_P80207_F80207001/LevelGroup_P80207_F80207001_G10.json",
      "Name": "RogueDLC130_Area",
      "ID": 10
    },
    {
      "GroupGUID": "c4262f7c-ea63-4af4-89d5-47319fb60c2d",
      "GroupPath": "Config/LevelOutput/Group/Groups_P80207_F80207001/LevelGroup_P80207_F80207001_G11.json",
      "Name": "RogueDLC130_BaseBoss",
      "ID": 11
    },
    {
      "GroupGUID": "2d6674d4-8e44-4205-9225-9c3482823727",
      "GroupPath": "Config/LevelOutput/Group/Groups_P80207_F80207001/LevelGroup_P80207_F80207001_G12.json",
      "Name": "RogueDLC130_Boss",
      "ID": 12
    },
    {
      "GroupGUID": "f396f981-b737-4aef-ba43-fbd4bf35aa06",
      "GroupPath": "Config/LevelOutput/Group/Groups_P80207_F80207001/LevelGroup_P80207_F80207001_G97.json",
      "Name": "RogueDLC130_TutorialBoss",
      "ID": 97
    },
    {
      "GroupGUID": "26395d3f-f80d-461d-abc2-b011169ef227",
      "GroupPath": "Config/LevelOutput/Group/Groups_P80207_F80207001/LevelGroup_P80207_F80207001_G52.json",
      "Name": "RogueDLC130_SwarmBoss",
      "ID": 52
    },
    {
      "GroupGUID": "6fdd5ec8-eb10-4017-a926-240429fc095e",
      "GroupPath": "Config/LevelOutput/Group/Groups_P80207_F80207001/LevelGroup_P80207_F80207001_G13.json",
      "Name": "RogueDLC130_Area",
      "ID": 13
    },
    {
      "GroupGUID": "dc8ff838-cabf-476a-bc14-4dfce54cb02a",
      "GroupPath": "Config/LevelOutput/Group/Groups_P80207_F80207001/LevelGroup_P80207_F80207001_G14.json",
      "Name": "RogueDLC130_BaseRest",
      "ID": 14
    },
    {
      "GroupGUID": "80bbcb98-dd91-4def-be2c-3db0e9b298b5",
      "GroupPath": "Config/LevelOutput/Group/Groups_P80207_F80207001/LevelGroup_P80207_F80207001_G15.json",
      "Name": "RogueDLC130_Rest",
      "ID": 15
    },
    {
      "GroupGUID": "238936bb-a5e3-4679-85d6-ed66d78300bf",
      "GroupPath": "Config/LevelOutput/Group/Groups_P80207_F80207001/LevelGroup_P80207_F80207001_G16.json",
      "Name": "RogueDLC130_Area",
      "ID": 16
    },
    {
      "GroupGUID": "d2759dbb-8004-49d7-8aca-7512ba821628",
      "GroupPath": "Config/LevelOutput/Group/Groups_P80207_F80207001/LevelGroup_P80207_F80207001_G17.json",
      "Name": "RogueDLC130_BaseCommon",
      "ID": 17
    },
    {
      "GroupGUID": "bca9eb55-32f6-44e2-a157-3a7a8684c161",
      "GroupPath": "Config/LevelOutput/Group/Groups_P80207_F80207001/LevelGroup_P80207_F80207001_G18.json",
      "Name": "RogueDLC130_MainMonster",
      "ID": 18
    },
    {
      "GroupGUID": "c96e24f2-5c17-4400-ab08-2fa47e921258",
      "GroupPath": "Config/LevelOutput/Group/Groups_P80207_F80207001/LevelGroup_P80207_F80207001_G19.json",
      "Name": "RogueDLC130_SubMonster",
      "ID": 19
    },
    {
      "GroupGUID": "f83d7e18-dd96-429b-b1a8-49d83cc169ae",
      "GroupPath": "Config/LevelOutput/Group/Groups_P80207_F80207001/LevelGroup_P80207_F80207001_G72.json",
      "Name": "RogueDLC130_BaseCommon",
      "ID": 72
    },
    {
      "GroupGUID": "79957e46-9a6c-4306-a8ff-338468aa4bba",
      "GroupPath": "Config/LevelOutput/Group/Groups_P80207_F80207001/LevelGroup_P80207_F80207001_G73.json",
      "Name": "RogueDLC130_Event",
      "ID": 73
    },
    {
      "GroupGUID": "b2d02d35-5d07-4dc6-8d0c-02b1c591d645",
      "GroupPath": "Config/LevelOutput/Group/Groups_P80207_F80207001/LevelGroup_P80207_F80207001_G135.json",
      "DimensionFilter": {},
      "Name": "RogueDLC130_Event",
      "ID": 135
    },
    {
      "GroupGUID": "e88b5f67-9148-43cd-975a-b946ace79e67",
      "GroupPath": "Config/LevelOutput/Group/Groups_P80207_F80207001/LevelGroup_P80207_F80207001_G136.json",
      "DimensionFilter": {},
      "Name": "RogueDLC130_Event",
      "ID": 136
    },
    {
      "GroupGUID": "3394252e-638e-44b4-9a71-5645cd2df321",
      "GroupPath": "Config/LevelOutput/Group/Groups_P80207_F80207001/LevelGroup_P80207_F80207001_G137.json",
      "DimensionFilter": {},
      "Name": "RogueDLC130_Event",
      "ID": 137
    },
    {
      "GroupGUID": "6c07d2b1-6e74-491f-93e7-45a82b5508c3",
      "GroupPath": "Config/LevelOutput/Group/Groups_P80207_F80207001/LevelGroup_P80207_F80207001_G138.json",
      "DimensionFilter": {},
      "Name": "RogueDLC130_Event",
      "ID": 138
    },
    {
      "GroupGUID": "4cbe74cd-c18e-4a55-9069-8ac8c98d24ff",
      "GroupPath": "Config/LevelOutput/Group/Groups_P80207_F80207001/LevelGroup_P80207_F80207001_G139.json",
      "DimensionFilter": {},
      "Name": "RogueDLC130_Event",
      "ID": 139
    },
    {
      "GroupGUID": "6bc30c9d-3433-48a1-b148-4bf4c1419f39",
      "GroupPath": "Config/LevelOutput/Group/Groups_P80207_F80207001/LevelGroup_P80207_F80207001_G74.json",
      "Name": "RogueDLC130_MainMonster",
      "ID": 74
    },
    {
      "GroupGUID": "93b79d06-6225-4c67-84ce-ff214bec1278",
      "GroupPath": "Config/LevelOutput/Group/Groups_P80207_F80207001/LevelGroup_P80207_F80207001_G20.json",
      "Name": "RogueDLC130_Area",
      "ID": 20
    },
    {
      "GroupGUID": "4ab1cc81-f574-42b5-afe6-512cdfe957de",
      "GroupPath": "Config/LevelOutput/Group/Groups_P80207_F80207001/LevelGroup_P80207_F80207001_G21.json",
      "Name": "RogueDLC130_BaseCommon",
      "ID": 21
    },
    {
      "GroupGUID": "440e66cc-633f-4ca8-a5aa-99af0948c4cd",
      "GroupPath": "Config/LevelOutput/Group/Groups_P80207_F80207001/LevelGroup_P80207_F80207001_G22.json",
      "Name": "RogueDLC130_MainMonster",
      "ID": 22
    },
    {
      "GroupGUID": "d8ade350-289a-4046-9341-ff20c5bbe5e5",
      "GroupPath": "Config/LevelOutput/Group/Groups_P80207_F80207001/LevelGroup_P80207_F80207001_G76.json",
      "Name": "RogueDLC130_Event",
      "ID": 76
    },
    {
      "GroupGUID": "bdf4dc29-5e99-49fe-8dfa-b17a91d375fb",
      "GroupPath": "Config/LevelOutput/Group/Groups_P80207_F80207001/LevelGroup_P80207_F80207001_G64.json",
      "Name": "RogueDLC130_BaseEmpty",
      "ID": 64
    },
    {
      "GroupGUID": "be287619-6f05-489a-826f-e6ce3012d522",
      "GroupPath": "Config/LevelOutput/Group/Groups_P80207_F80207001/LevelGroup_P80207_F80207001_G107.json",
      "Name": "RogueDLC130_Area",
      "ID": 107
    },
    {
      "GroupGUID": "ff582947-4ffb-4646-9626-b1e0acc80672",
      "GroupPath": "Config/LevelOutput/Group/Groups_P80207_F80207001/LevelGroup_P80207_F80207001_G108.json",
      "Name": "RogueDLC130_BaseCommon",
      "ID": 108
    },
    {
      "GroupGUID": "1964d5b3-3d0b-49e4-bd6d-83e3c72c23ad",
      "GroupPath": "Config/LevelOutput/Group/Groups_P80207_F80207001/LevelGroup_P80207_F80207001_G109.json",
      "Name": "RogueDLC130_MainMonster",
      "ID": 109
    },
    {
      "GroupGUID": "e93b0e3a-40f3-45dc-bd17-f7298b4332f8",
      "GroupPath": "Config/LevelOutput/Group/Groups_P80207_F80207001/LevelGroup_P80207_F80207001_G110.json",
      "Name": "RogueDLC130_SubMonster",
      "ID": 110
    },
    {
      "GroupGUID": "1ffddad5-8290-4e05-9176-414290d8936e",
      "GroupPath": "Config/LevelOutput/Group/Groups_P80207_F80207001/LevelGroup_P80207_F80207001_G111.json",
      "Name": "RogueDLC130_SubMonster",
      "ID": 111
    },
    {
      "GroupGUID": "d28d86c8-54b2-42bb-8364-72555768086f",
      "GroupPath": "Config/LevelOutput/Group/Groups_P80207_F80207001/LevelGroup_P80207_F80207001_G23.json",
      "Name": "RogueDLC130_Area",
      "ID": 23
    },
    {
      "GroupGUID": "c5836090-ea75-453f-b3de-9abb3e788945",
      "GroupPath": "Config/LevelOutput/Group/Groups_P80207_F80207001/LevelGroup_P80207_F80207001_G24.json",
      "Name": "RogueDLC130_BaseCommon",
      "ID": 24
    },
    {
      "GroupGUID": "063fac8d-7b83-4d64-992c-0ed9398153e2",
      "GroupPath": "Config/LevelOutput/Group/Groups_P80207_F80207001/LevelGroup_P80207_F80207001_G25.json",
      "Name": "RogueDLC130_MainMonster",
      "ID": 25
    },
    {
      "GroupGUID": "f7e62ef8-6c47-48a0-bff9-970564f64a1f",
      "GroupPath": "Config/LevelOutput/Group/Groups_P80207_F80207001/LevelGroup_P80207_F80207001_G57.json",
      "Name": "RogueDLC130_BaseShop",
      "ID": 57
    },
    {
      "GroupGUID": "da32638e-5474-4a68-b505-e8241cfa209b",
      "GroupPath": "Config/LevelOutput/Group/Groups_P80207_F80207001/LevelGroup_P80207_F80207001_G58.json",
      "Name": "RogueDLC130_Shop",
      "ID": 58
    },
    {
      "GroupGUID": "a8e29cda-aa13-44be-a340-57512e99cfa1",
      "GroupPath": "Config/LevelOutput/Group/Groups_P80207_F80207001/LevelGroup_P80207_F80207001_G95.json",
      "Name": "RogueDLC130_Shop",
      "ID": 95
    },
    {
      "GroupGUID": "11233ba8-59b2-49e9-899c-467673544936",
      "GroupPath": "Config/LevelOutput/Group/Groups_P80207_F80207001/LevelGroup_P80207_F80207001_G26.json",
      "Name": "RogueDLC130_Area",
      "ID": 26
    },
    {
      "GroupGUID": "8d267766-3ec8-4d26-91c3-cc9b0bda4b18",
      "GroupPath": "Config/LevelOutput/Group/Groups_P80207_F80207001/LevelGroup_P80207_F80207001_G27.json",
      "Name": "RogueDLC130_BaseCommon",
      "ID": 27
    },
    {
      "GroupGUID": "533a7bc5-ea67-474d-a470-b3912a76f831",
      "GroupPath": "Config/LevelOutput/Group/Groups_P80207_F80207001/LevelGroup_P80207_F80207001_G28.json",
      "Name": "RogueDLC130_MainMonster",
      "ID": 28
    },
    {
      "GroupGUID": "5e538563-3e53-425c-b725-4066d8f9066a",
      "GroupPath": "Config/LevelOutput/Group/Groups_P80207_F80207001/LevelGroup_P80207_F80207001_G79.json",
      "Name": "RogueDLC130_Event",
      "ID": 79
    },
    {
      "GroupGUID": "d64e16f2-1871-4c09-95ba-4135ac420aae",
      "GroupPath": "Config/LevelOutput/Group/Groups_P80207_F80207001/LevelGroup_P80207_F80207001_G29.json",
      "Name": "RogueDLC130_Area",
      "ID": 29
    },
    {
      "GroupGUID": "20d10f8d-75a9-4a79-83b8-999f8a757eca",
      "GroupPath": "Config/LevelOutput/Group/Groups_P80207_F80207001/LevelGroup_P80207_F80207001_G30.json",
      "Name": "RogueDLC130_BaseCommon",
      "ID": 30
    },
    {
      "GroupGUID": "d499ada3-6988-4fff-97fc-d8fd8d5db073",
      "GroupPath": "Config/LevelOutput/Group/Groups_P80207_F80207001/LevelGroup_P80207_F80207001_G31.json",
      "Name": "RogueDLC130_Event",
      "ID": 31
    },
    {
      "GroupGUID": "0083e8b1-501f-4825-ac57-d45affe6b1cd",
      "GroupPath": "Config/LevelOutput/Group/Groups_P80207_F80207001/LevelGroup_P80207_F80207001_G61.json",
      "Name": "RogueDLC130_BaseBoss",
      "ID": 61
    },
    {
      "GroupGUID": "07ee2252-ac55-4def-a67c-627b375521b4",
      "GroupPath": "Config/LevelOutput/Group/Groups_P80207_F80207001/LevelGroup_P80207_F80207001_G62.json",
      "Name": "RogueDLC130_Elite",
      "ID": 62
    },
    {
      "GroupGUID": "9f21a695-a018-4a1c-8377-4c783259f784",
      "GroupPath": "Config/LevelOutput/Group/Groups_P80207_F80207001/LevelGroup_P80207_F80207001_G89.json",
      "Name": "RogueDLC130_BaseEmpty",
      "ID": 89
    },
    {
      "GroupGUID": "e5b67c51-2c8b-426e-bfdb-fdebe29d98bd",
      "GroupPath": "Config/LevelOutput/Group/Groups_P80207_F80207001/LevelGroup_P80207_F80207001_G32.json",
      "Name": "RogueDLC130_Area",
      "ID": 32
    },
    {
      "GroupGUID": "a6539038-29fd-4c50-8f83-88e77c7e2ae5",
      "GroupPath": "Config/LevelOutput/Group/Groups_P80207_F80207001/LevelGroup_P80207_F80207001_G53.json",
      "Name": "RogueDLC130_BaseShop",
      "ID": 53
    },
    {
      "GroupGUID": "896177f4-b8f8-4c41-90fe-b8b5255b121f",
      "GroupPath": "Config/LevelOutput/Group/Groups_P80207_F80207001/LevelGroup_P80207_F80207001_G54.json",
      "Name": "RogueDLC130_Shop",
      "ID": 54
    },
    {
      "GroupGUID": "1d196bb0-782e-491f-94cd-37d2d487208b",
      "GroupPath": "Config/LevelOutput/Group/Groups_P80207_F80207001/LevelGroup_P80207_F80207001_G96.json",
      "Name": "RogueDLC130_Shop",
      "ID": 96
    },
    {
      "GroupGUID": "36fc903f-b1ce-4e51-9efb-82e6d7b86264",
      "GroupPath": "Config/LevelOutput/Group/Groups_P80207_F80207001/LevelGroup_P80207_F80207001_G33.json",
      "Name": "RogueDLC130_BaseCommon",
      "ID": 33
    },
    {
      "GroupGUID": "3f2ae945-fa08-4530-84df-562d566db9ca",
      "GroupPath": "Config/LevelOutput/Group/Groups_P80207_F80207001/LevelGroup_P80207_F80207001_G34.json",
      "Name": "RogueDLC130_Event",
      "ID": 34
    },
    {
      "GroupGUID": "3782e151-c907-482f-b0a7-0917d0d0f10c",
      "GroupPath": "Config/LevelOutput/Group/Groups_P80207_F80207001/LevelGroup_P80207_F80207001_G35.json",
      "Name": "RogueDLC130_Area",
      "ID": 35
    },
    {
      "GroupGUID": "0f5d883b-c356-4834-af71-11d7fd0b0aae",
      "GroupPath": "Config/LevelOutput/Group/Groups_P80207_F80207001/LevelGroup_P80207_F80207001_G36.json",
      "Name": "RogueDLC130_BaseCommon",
      "ID": 36
    },
    {
      "GroupGUID": "7c40fb32-0e42-4df3-9fc6-7ebd7db77fe1",
      "GroupPath": "Config/LevelOutput/Group/Groups_P80207_F80207001/LevelGroup_P80207_F80207001_G84.json",
      "Name": "RogueDLC130_MainMonster",
      "ID": 84
    },
    {
      "GroupGUID": "8c8c7f3d-0135-4ef1-b4e2-0576befb12c9",
      "GroupPath": "Config/LevelOutput/Group/Groups_P80207_F80207001/LevelGroup_P80207_F80207001_G37.json",
      "Name": "RogueDLC130_Event",
      "ID": 37
    },
    {
      "GroupGUID": "6f50601e-166d-45ae-8654-38e146177c81",
      "GroupPath": "Config/LevelOutput/Group/Groups_P80207_F80207001/LevelGroup_P80207_F80207001_G140.json",
      "Name": "RogueDLC130_Event",
      "ID": 140
    },
    {
      "GroupGUID": "77c51259-a55b-40d7-b8b9-086925c8e12c",
      "GroupPath": "Config/LevelOutput/Group/Groups_P80207_F80207001/LevelGroup_P80207_F80207001_G141.json",
      "Name": "RogueDLC130_Event",
      "ID": 141
    },
    {
      "GroupGUID": "fc273e47-6f3b-4fc5-bbf1-e6c67d2b1737",
      "GroupPath": "Config/LevelOutput/Group/Groups_P80207_F80207001/LevelGroup_P80207_F80207001_G142.json",
      "Name": "RogueDLC130_Event",
      "ID": 142
    },
    {
      "GroupGUID": "9fa4122a-a6eb-4bb9-b77e-b03cd23645db",
      "GroupPath": "Config/LevelOutput/Group/Groups_P80207_F80207001/LevelGroup_P80207_F80207001_G143.json",
      "Name": "RogueDLC130_Event",
      "ID": 143
    },
    {
      "GroupGUID": "d1c84398-9684-494b-98ea-466e181caa33",
      "GroupPath": "Config/LevelOutput/Group/Groups_P80207_F80207001/LevelGroup_P80207_F80207001_G144.json",
      "DimensionFilter": {},
      "Name": "RogueDLC130_Event",
      "ID": 144
    },
    {
      "GroupGUID": "b30178eb-b735-4446-b2ba-01977b59897f",
      "GroupPath": "Config/LevelOutput/Group/Groups_P80207_F80207001/LevelGroup_P80207_F80207001_G55.json",
      "Name": "RogueDLC130_BaseBoss",
      "ID": 55
    },
    {
      "GroupGUID": "46d6114b-f4d5-4028-99e9-811eeb17fe43",
      "GroupPath": "Config/LevelOutput/Group/Groups_P80207_F80207001/LevelGroup_P80207_F80207001_G56.json",
      "Name": "RogueDLC130_Elite",
      "ID": 56
    },
    {
      "GroupGUID": "db87a3bf-a414-4b1b-8e1e-0cde59bac7a9",
      "GroupPath": "Config/LevelOutput/Group/Groups_P80207_F80207001/LevelGroup_P80207_F80207001_G85.json",
      "Name": "RogueDLC130_BaseEmpty",
      "ID": 85
    },
    {
      "GroupGUID": "a54aee75-caba-4a29-b4e8-d7b6f8485fd9",
      "GroupPath": "Config/LevelOutput/Group/Groups_P80207_F80207001/LevelGroup_P80207_F80207001_G42.json",
      "Name": "RogueDLC130_Area",
      "ID": 42
    },
    {
      "GroupGUID": "985f6195-7bce-480a-85c9-a37ac565311a",
      "GroupPath": "Config/LevelOutput/Group/Groups_P80207_F80207001/LevelGroup_P80207_F80207001_G43.json",
      "Name": "RogueDLC130_BaseCommon",
      "ID": 43
    },
    {
      "GroupGUID": "c49467f0-a2b5-499b-928f-7228ab9a3825",
      "GroupPath": "Config/LevelOutput/Group/Groups_P80207_F80207001/LevelGroup_P80207_F80207001_G44.json",
      "Name": "RogueDLC130_MainMonster",
      "ID": 44
    },
    {
      "GroupGUID": "79d8615e-0521-4d64-a7a6-37c83175f143",
      "GroupPath": "Config/LevelOutput/Group/Groups_P80207_F80207001/LevelGroup_P80207_F80207001_G46.json",
      "Name": "RogueDLC130_SubMonster",
      "ID": 46
    },
    {
      "GroupGUID": "78e22695-54dd-4d8e-ab7c-86e22d3a9cd5",
      "GroupPath": "Config/LevelOutput/Group/Groups_P80207_F80207001/LevelGroup_P80207_F80207001_G45.json",
      "Name": "RogueDLC130_SubMonster",
      "ID": 45
    },
    {
      "GroupGUID": "b2a296d5-260b-4cf5-bd60-7daec4fa7a22",
      "GroupPath": "Config/LevelOutput/Group/Groups_P80207_F80207001/LevelGroup_P80207_F80207001_G94.json",
      "Name": "RogueBase_Common",
      "ID": 94
    },
    {
      "GroupGUID": "772fee98-21ef-4ee7-a531-913108c4a418",
      "GroupPath": "Config/LevelOutput/Group/Groups_P80207_F80207001/LevelGroup_P80207_F80207001_G93.json",
      "Name": "AdvPuman",
      "ID": 93
    },
    {
      "GroupGUID": "239ee216-cd5b-459b-8be7-67df8c22ebd7",
      "GroupPath": "Config/LevelOutput/Group/Groups_P80207_F80207001/LevelGroup_P80207_F80207001_G47.json",
      "Name": "RogueDLC130_Area",
      "ID": 47
    },
    {
      "GroupGUID": "063b6bc2-fe64-4483-8768-3d0500402c22",
      "GroupPath": "Config/LevelOutput/Group/Groups_P80207_F80207001/LevelGroup_P80207_F80207001_G48.json",
      "Name": "RogueDLC130_BaseCommon",
      "ID": 48
    },
    {
      "GroupGUID": "4659b5ca-a51c-4c87-b792-5adbd7777952",
      "GroupPath": "Config/LevelOutput/Group/Groups_P80207_F80207001/LevelGroup_P80207_F80207001_G49.json",
      "Name": "RogueDLC130_MainMonster",
      "ID": 49
    },
    {
      "GroupGUID": "fdcf8c3a-a724-45bc-894f-a9a91f076a54",
      "GroupPath": "Config/LevelOutput/Group/Groups_P80207_F80207001/LevelGroup_P80207_F80207001_G50.json",
      "Name": "RogueDLC130_SubMonster",
      "ID": 50
    },
    {
      "GroupGUID": "76023fe6-6e32-43ab-840a-d1db4683c10b",
      "GroupPath": "Config/LevelOutput/Group/Groups_P80207_F80207001/LevelGroup_P80207_F80207001_G51.json",
      "Name": "RogueDLC130_SubMonster",
      "ID": 51
    },
    {
      "GroupGUID": "46416ba9-f38e-4f77-bb97-db82b27057c5",
      "GroupPath": "Config/LevelOutput/Group/Groups_P80207_F80207001/LevelGroup_P80207_F80207001_G112.json",
      "Name": "RogueDLC130_Area",
      "ID": 112
    },
    {
      "GroupGUID": "d9eb221c-d7b7-44a5-acfe-7d9a12ff4a97",
      "GroupPath": "Config/LevelOutput/Group/Groups_P80207_F80207001/LevelGroup_P80207_F80207001_G113.json",
      "Name": "RogueDLC130_BaseCommon",
      "ID": 113
    },
    {
      "GroupGUID": "89b20d56-0ecc-463b-baee-e4a9a06eabf7",
      "GroupPath": "Config/LevelOutput/Group/Groups_P80207_F80207001/LevelGroup_P80207_F80207001_G114.json",
      "Name": "RogueDLC130_MainMonster",
      "ID": 114
    },
    {
      "GroupGUID": "9627a3eb-0779-489f-9916-ca4bc3994e62",
      "GroupPath": "Config/LevelOutput/Group/Groups_P80207_F80207001/LevelGroup_P80207_F80207001_G115.json",
      "Name": "RogueDLC130_SubMonster",
      "ID": 115
    },
    {
      "GroupGUID": "dd7532c5-002e-4ede-abbb-4c02ab2c530a",
      "GroupPath": "Config/LevelOutput/Group/Groups_P80207_F80207001/LevelGroup_P80207_F80207001_G116.json",
      "Name": "RogueDLC130_SubMonster",
      "ID": 116
    },
    {
      "GroupGUID": "9b1c42f7-453a-4a7d-b003-4f8a360ed382",
      "GroupPath": "Config/LevelOutput/Group/Groups_P80207_F80207001/LevelGroup_P80207_F80207001_G67.json",
      "Name": "RogueDLC130_Area",
      "ID": 67
    },
    {
      "GroupGUID": "ec87b045-5dfc-47ca-8baa-f512dd810168",
      "GroupPath": "Config/LevelOutput/Group/Groups_P80207_F80207001/LevelGroup_P80207_F80207001_G68.json",
      "Name": "RogueDLC130_BaseCommon",
      "ID": 68
    },
    {
      "GroupGUID": "5ef88092-f714-40c7-bcc2-6214aa6988c3",
      "GroupPath": "Config/LevelOutput/Group/Groups_P80207_F80207001/LevelGroup_P80207_F80207001_G66.json",
      "Name": "RogueDLC130_",
      "ID": 66
    },
    {
      "GroupGUID": "ecf6fd81-5b56-457f-a30f-354578d9d96f",
      "GroupPath": "Config/LevelOutput/Group/Groups_P80207_F80207001/LevelGroup_P80207_F80207001_G117.json",
      "Name": "RogueDLC130_Area",
      "ID": 117
    },
    {
      "GroupGUID": "a21aa02b-2794-40c2-b717-216bf6378770",
      "GroupPath": "Config/LevelOutput/Group/Groups_P80207_F80207001/LevelGroup_P80207_F80207001_G118.json",
      "Name": "RogueDLC130_BaseShop",
      "ID": 118
    },
    {
      "GroupGUID": "1d690c0a-5190-4b9a-801e-340cf0c9c878",
      "GroupPath": "Config/LevelOutput/Group/Groups_P80207_F80207001/LevelGroup_P80207_F80207001_G119.json",
      "Name": "RogueDLC130_Shopheita",
      "ID": 119
    },
    {
      "GroupGUID": "7b66d8f5-0688-4508-a117-9a4f0f6fd82e",
      "GroupPath": "Config/LevelOutput/Group/Groups_P80207_F80207001/LevelGroup_P80207_F80207001_G120.json",
      "Name": "RogueDLC130_Shopruosi",
      "ID": 120
    },
    {
      "GroupGUID": "f8dfd0b0-a5f4-4d7f-901d-7af50747ddaa",
      "GroupPath": "Config/LevelOutput/Group/Groups_P80207_F80207001/LevelGroup_P80207_F80207001_G77.json",
      "Name": "RogueDLC130_Area",
      "ID": 77
    },
    {
      "GroupGUID": "be41a45b-36f6-4346-a2bb-c38af59d2ca4",
      "GroupPath": "Config/LevelOutput/Group/Groups_P80207_F80207001/LevelGroup_P80207_F80207001_G78.json",
      "Name": "RogueDLC130_BaseCommon",
      "ID": 78
    },
    {
      "GroupGUID": "eaf30376-059e-4909-9984-522e68c79d42",
      "GroupPath": "Config/LevelOutput/Group/Groups_P80207_F80207001/LevelGroup_P80207_F80207001_G80.json",
      "Name": "RogueDLC130_MainMonster",
      "ID": 80
    },
    {
      "GroupGUID": "f8fc0031-cd75-421f-8c07-c4cd97a393a5",
      "GroupPath": "Config/LevelOutput/Group/Groups_P80207_F80207001/LevelGroup_P80207_F80207001_G83.json",
      "Name": "RogueDLC130_SubMonster",
      "ID": 83
    },
    {
      "GroupGUID": "946b59a3-c948-4cbe-96b3-90820d91d37f",
      "GroupPath": "Config/LevelOutput/Group/Groups_P80207_F80207001/LevelGroup_P80207_F80207001_G102.json",
      "Name": "RogueDLC130_Area",
      "ID": 102
    },
    {
      "GroupGUID": "e3ee68b9-07d9-4e43-a5da-96c94d65d054",
      "GroupPath": "Config/LevelOutput/Group/Groups_P80207_F80207001/LevelGroup_P80207_F80207001_G104.json",
      "Name": "RogueDLC130_BaseEmpty",
      "ID": 104
    },
    {
      "GroupGUID": "1d983d6e-758c-4ba7-b757-26e6424e28d4",
      "GroupPath": "Config/LevelOutput/Group/Groups_P80207_F80207001/LevelGroup_P80207_F80207001_G103.json",
      "Name": "RogueDLC130_BaseCommon",
      "ID": 103
    },
    {
      "GroupGUID": "87e97dfd-fa5d-47ba-86e2-b2526f166499",
      "GroupPath": "Config/LevelOutput/Group/Groups_P80207_F80207001/LevelGroup_P80207_F80207001_G105.json",
      "Name": "RogueDLC130_Event",
      "ID": 105
    },
    {
      "GroupGUID": "d7e2c326-fea0-4906-ba4e-54bff3423c49",
      "GroupPath": "Config/LevelOutput/Group/Groups_P80207_F80207001/LevelGroup_P80207_F80207001_G106.json",
      "Name": "RogueDLC130_MainMonster",
      "ID": 106
    },
    {
      "GroupGUID": "a1d13d08-0b75-49b2-8e19-6e1e9f059ca1",
      "GroupPath": "Config/LevelOutput/Group/Groups_P80207_F80207001/LevelGroup_P80207_F80207001_G124.json",
      "DimensionFilter": {},
      "Name": "RogueDLC160_Area",
      "ID": 124
    },
    {
      "GroupGUID": "5da5f540-9e85-4804-b867-e4b70c5a9642",
      "GroupPath": "Config/LevelOutput/Group/Groups_P80207_F80207001/LevelGroup_P80207_F80207001_G125.json",
      "DimensionFilter": {},
      "Name": "AdvRoulette",
      "ID": 125
    },
    {
      "GroupGUID": "2696f6e6-464d-4533-80b4-f58e6f987ce1",
      "GroupPath": "Config/LevelOutput/Group/Groups_P80207_F80207001/LevelGroup_P80207_F80207001_G126.json",
      "DimensionFilter": {},
      "Name": "RogueDLC160_AdvMonster",
      "ID": 126
    },
    {
      "GroupGUID": "94f729d4-a1a7-4f35-b29e-f2d315b38af8",
      "GroupPath": "Config/LevelOutput/Group/Groups_P80207_F80207001/LevelGroup_P80207_F80207001_G127.json",
      "DimensionFilter": {},
      "Name": "RogueDLC160_AdvMonster",
      "ID": 127
    },
    {
      "GroupGUID": "0b35564b-52bb-45ef-828a-620df94771fc",
      "GroupPath": "Config/LevelOutput/Group/Groups_P80207_F80207001/LevelGroup_P80207_F80207001_G128.json",
      "DimensionFilter": {},
      "Name": "RogueDLC160_AdvMonster",
      "ID": 128
    },
    {
      "GroupGUID": "f5e81fd6-1d2c-4b7e-8323-f3fb57f728fb",
      "GroupPath": "Config/LevelOutput/Group/Groups_P80207_F80207001/LevelGroup_P80207_F80207001_G129.json",
      "DimensionFilter": {},
      "Name": "RogueDLC160_AdvEvent",
      "ID": 129
    },
    {
      "GroupGUID": "18415339-41ca-4ebc-a6eb-c5cf9c7fb31a",
      "GroupPath": "Config/LevelOutput/Group/Groups_P80207_F80207001/LevelGroup_P80207_F80207001_G130.json",
      "DimensionFilter": {},
      "Name": "RogueDLC160_AdvEvent",
      "ID": 130
    },
    {
      "GroupGUID": "dd987028-9ea1-4ada-b872-1b42655f97a1",
      "GroupPath": "Config/LevelOutput/Group/Groups_P80207_F80207001/LevelGroup_P80207_F80207001_G131.json",
      "DimensionFilter": {},
      "Name": "RogueDLC160_AdvEvent",
      "ID": 131
    },
    {
      "GroupGUID": "3f4bd3c5-791a-4a8b-9d12-0fec139c8ad7",
      "GroupPath": "Config/LevelOutput/Group/Groups_P80207_F80207001/LevelGroup_P80207_F80207001_G132.json",
      "DimensionFilter": {},
      "Name": "RogueDLC160_AdvChest",
      "ID": 132
    },
    {
      "GroupGUID": "da155552-9114-49be-9fbe-398848a36b8b",
      "GroupPath": "Config/LevelOutput/Group/Groups_P80207_F80207001/LevelGroup_P80207_F80207001_G133.json",
      "DimensionFilter": {},
      "Name": "RogueDLC160_AdvChest",
      "ID": 133
    },
    {
      "GroupGUID": "6e53d2d9-35be-44a8-a0f2-fed474847b4b",
      "GroupPath": "Config/LevelOutput/Group/Groups_P80207_F80207001/LevelGroup_P80207_F80207001_G134.json",
      "DimensionFilter": {},
      "Name": "RogueDLC160_AdvChest",
      "ID": 134
    }
  ],
  "DefaultEnviroProfile": "Stages/Outputs/Chapter02/EnviroProfile/Chap02_CloseView_MAZ_X101_MainLine_01_Day.enviroProfile.asset",
  "StageData": "Stages/Outputs/Chapter02/Stages/Chap02_MAZ_X101_MainLine_01_StageData/Chap02_MAZ_X101_MainLine_01_StageData.stage",
  "CameraType": "Maze",
  "TimeOfDayEnviroProfileMap": {},
  "LayerToAreaMask": [
    8,
    16
  ],
  "BattleAreaList": [],
  "DimensionList": [
    {}
  ],
  "NavmapConfigPath": "Config/LevelOutput/Map/MapInfo_P80207_F80207001.json",
  "EnableGroupStreaming": false,
  "EnableGroupSpaceConflict": false,
  "IsRestartLevelGraph": false
}