{
  "FloorID": 80205001,
  "FloorName": "MazeText_Empty",
  "StartGroupID": 1,
  "StartAnchorID": 1,
  "GroupList": [
    {
      "GroupGUID": "4a79bbf1-a6c6-4106-bc7d-ca49e44adc32",
      "GroupPath": "Config/LevelOutput/Group/Groups_P80205_F80205001/LevelGroup_P80205_F80205001_G1.json",
      "Name": "DefaultGroup",
      "ID": 1
    },
    {
      "GroupGUID": "bef46702-dc5b-441a-b809-4466b8994435",
      "GroupPath": "Config/LevelOutput/Group/Groups_P80205_F80205001/LevelGroup_P80205_F80205001_G2.json",
      "Name": "DefaultData",
      "ID": 2
    },
    {
      "GroupGUID": "dcd6e732-7ba5-4cf4-bf6e-05c9a6be2a18",
      "GroupPath": "Config/LevelOutput/Group/Groups_P80205_F80205001/LevelGroup_P80205_F80205001_G3.json",
      "Name": "Sound",
      "ID": 3
    },
    {
      "GroupGUID": "90c8cda3-c53d-458a-92dc-2c9ed360c4aa",
      "GroupPath": "Config/LevelOutput/Group/Groups_P80205_F80205001/LevelGroup_P80205_F80205001_G4.json",
      "Name": "New Group",
      "ID": 4
    },
    {
      "GroupGUID": "54b37308-d81b-45f4-bce5-32c7f287a888",
      "GroupPath": "Config/LevelOutput/Group/Groups_P80205_F80205001/LevelGroup_P80205_F80205001_G5.json",
      "Name": "New Group",
      "ID": 5
    },
    {
      "GroupGUID": "52c7226d-9d75-4700-ae64-0494331ef98f",
      "GroupPath": "Config/LevelOutput/Group/Groups_P80205_F80205001/LevelGroup_P80205_F80205001_G6.json",
      "Name": "New Group",
      "ID": 6
    },
    {
      "GroupGUID": "0f24cb97-39e9-49b3-bc31-89b219cfd265",
      "GroupPath": "Config/LevelOutput/Group/Groups_P80205_F80205001/LevelGroup_P80205_F80205001_G7.json",
      "Name": "New Group",
      "ID": 7
    },
    {
      "GroupGUID": "9b59c69c-0028-40e1-a9e9-9e18204c04a2",
      "GroupPath": "Config/LevelOutput/Group/Groups_P80205_F80205001/LevelGroup_P80205_F80205001_G8.json",
      "Name": "New Group",
      "ID": 8
    },
    {
      "GroupGUID": "a9ce36dd-6465-4db9-8156-c10a79fe8895",
      "GroupPath": "Config/LevelOutput/Group/Groups_P80205_F80205001/LevelGroup_P80205_F80205001_G9.json",
      "Name": "New Group",
      "ID": 9
    },
    {
      "GroupGUID": "8424fe56-ddce-4c96-bf03-788e773f083e",
      "GroupPath": "Config/LevelOutput/Group/Groups_P80205_F80205001/LevelGroup_P80205_F80205001_G14.json",
      "Name": "RogueDLC130_Area",
      "ID": 14
    },
    {
      "GroupGUID": "1c7bd1f1-2ac9-4a31-b8b4-e02e0f67d452",
      "GroupPath": "Config/LevelOutput/Group/Groups_P80205_F80205001/LevelGroup_P80205_F80205001_G12.json",
      "Name": "RogueDLC130_BaseCommon",
      "ID": 12
    },
    {
      "GroupGUID": "89b40afc-d629-47c7-95ea-c2718a1bb339",
      "GroupPath": "Config/LevelOutput/Group/Groups_P80205_F80205001/LevelGroup_P80205_F80205001_G13.json",
      "Name": "RogueDLC130_Event",
      "ID": 13
    },
    {
      "GroupGUID": "36b5b502-dd60-44d2-b366-28ad70fc816e",
      "GroupPath": "Config/LevelOutput/Group/Groups_P80205_F80205001/LevelGroup_P80205_F80205001_G89.json",
      "Name": "RogueDLC130_MainMonster",
      "ID": 89
    },
    {
      "GroupGUID": "85908ff4-e9b5-4209-9810-0c9e09d3717d",
      "GroupPath": "Config/LevelOutput/Group/Groups_P80205_F80205001/LevelGroup_P80205_F80205001_G79.json",
      "Name": "RogueDLC130_BaseBoss",
      "ID": 79
    },
    {
      "GroupGUID": "02b9a27e-cc69-45f4-8f79-1c0e8f4338a0",
      "GroupPath": "Config/LevelOutput/Group/Groups_P80205_F80205001/LevelGroup_P80205_F80205001_G15.json",
      "Name": "RogueDLC130_Elite",
      "ID": 15
    },
    {
      "GroupGUID": "5f73f577-0111-4da7-b158-17656b975e4a",
      "GroupPath": "Config/LevelOutput/Group/Groups_P80205_F80205001/LevelGroup_P80205_F80205001_G70.json",
      "Name": "RogueDLC130_BaseShop",
      "ID": 70
    },
    {
      "GroupGUID": "9218d9cc-4774-42ae-98b6-a2fa23b57526",
      "GroupPath": "Config/LevelOutput/Group/Groups_P80205_F80205001/LevelGroup_P80205_F80205001_G71.json",
      "Name": "RogueDLC130_Shop",
      "ID": 71
    },
    {
      "GroupGUID": "1648e1b9-2e2b-4c07-acf6-8026ab4e61a4",
      "GroupPath": "Config/LevelOutput/Group/Groups_P80205_F80205001/LevelGroup_P80205_F80205001_G90.json",
      "Name": "RogueDLC130_Shop",
      "ID": 90
    },
    {
      "GroupGUID": "c53c4dfd-89a2-46c3-852e-3c67433661f3",
      "GroupPath": "Config/LevelOutput/Group/Groups_P80205_F80205001/LevelGroup_P80205_F80205001_G17.json",
      "Name": "RogueDLC130_BaseEmpty",
      "ID": 17
    },
    {
      "GroupGUID": "04c703ee-425d-49ea-8a08-3d5ac4c362ba",
      "GroupPath": "Config/LevelOutput/Group/Groups_P80205_F80205001/LevelGroup_P80205_F80205001_G18.json",
      "Name": "RogueDLC130_Area",
      "ID": 18
    },
    {
      "GroupGUID": "77826811-929b-4134-a435-63ae640da36e",
      "GroupPath": "Config/LevelOutput/Group/Groups_P80205_F80205001/LevelGroup_P80205_F80205001_G19.json",
      "Name": "RogueDLC130_BaseCommon",
      "ID": 19
    },
    {
      "GroupGUID": "5b4705e9-61e4-4727-95f1-368d1d10f5fc",
      "GroupPath": "Config/LevelOutput/Group/Groups_P80205_F80205001/LevelGroup_P80205_F80205001_G21.json",
      "Name": "RogueDLC130_MainMonster",
      "ID": 21
    },
    {
      "GroupGUID": "478228c0-6083-434e-ae8e-34c7d68f995c",
      "GroupPath": "Config/LevelOutput/Group/Groups_P80205_F80205001/LevelGroup_P80205_F80205001_G22.json",
      "Name": "RogueDLC130_SubMonster",
      "ID": 22
    },
    {
      "GroupGUID": "e2dd4eda-4c44-4fcc-9409-c88566998757",
      "GroupPath": "Config/LevelOutput/Group/Groups_P80205_F80205001/LevelGroup_P80205_F80205001_G73.json",
      "Name": "RogueDLC130_BaseBoss",
      "ID": 73
    },
    {
      "GroupGUID": "562a1a5a-786b-465d-bbb1-dca550e3aa5f",
      "GroupPath": "Config/LevelOutput/Group/Groups_P80205_F80205001/LevelGroup_P80205_F80205001_G23.json",
      "Name": "RogueDLC130_Elite",
      "ID": 23
    },
    {
      "GroupGUID": "fee9a441-d93d-4348-83c0-a4b3e26e4ade",
      "GroupPath": "Config/LevelOutput/Group/Groups_P80205_F80205001/LevelGroup_P80205_F80205001_G24.json",
      "Name": "RogueDLC130_BaseEmpty",
      "ID": 24
    },
    {
      "GroupGUID": "dad0503e-9872-4fee-845c-393836613039",
      "GroupPath": "Config/LevelOutput/Group/Groups_P80205_F80205001/LevelGroup_P80205_F80205001_G26.json",
      "Name": "RogueDLC130_BaseCommon",
      "ID": 26
    },
    {
      "GroupGUID": "37c928f5-ea07-4712-a987-dff66631e653",
      "GroupPath": "Config/LevelOutput/Group/Groups_P80205_F80205001/LevelGroup_P80205_F80205001_G20.json",
      "Name": "RogueDLC130_Event",
      "ID": 20
    },
    {
      "GroupGUID": "a5b60d9f-265b-4e5a-acf8-3f6f01f4f091",
      "GroupPath": "Config/LevelOutput/Group/Groups_P80205_F80205001/LevelGroup_P80205_F80205001_G107.json",
      "DimensionFilter": {},
      "Name": "RogueDLC130_Event",
      "ID": 107
    },
    {
      "GroupGUID": "d00612e7-54cf-48a1-b224-86065133b738",
      "GroupPath": "Config/LevelOutput/Group/Groups_P80205_F80205001/LevelGroup_P80205_F80205001_G108.json",
      "DimensionFilter": {},
      "Name": "RogueDLC130_Event",
      "ID": 108
    },
    {
      "GroupGUID": "c66fca07-b4a2-46b4-a899-6d26722141bc",
      "GroupPath": "Config/LevelOutput/Group/Groups_P80205_F80205001/LevelGroup_P80205_F80205001_G109.json",
      "DimensionFilter": {},
      "Name": "RogueDLC130_Event",
      "ID": 109
    },
    {
      "GroupGUID": "1110403a-7476-40f6-bc9b-6118125d697c",
      "GroupPath": "Config/LevelOutput/Group/Groups_P80205_F80205001/LevelGroup_P80205_F80205001_G110.json",
      "DimensionFilter": {},
      "Name": "RogueDLC130_Event",
      "ID": 110
    },
    {
      "GroupGUID": "060c8387-d440-474d-8366-2249a46d1033",
      "GroupPath": "Config/LevelOutput/Group/Groups_P80205_F80205001/LevelGroup_P80205_F80205001_G111.json",
      "DimensionFilter": {},
      "Name": "RogueDLC130_Event",
      "ID": 111
    },
    {
      "GroupGUID": "c60cc1e4-2ab0-4cf1-bbdc-868cce7cdc0d",
      "GroupPath": "Config/LevelOutput/Group/Groups_P80205_F80205001/LevelGroup_P80205_F80205001_G85.json",
      "Name": "RogueDLC130_MainMonster",
      "ID": 85
    },
    {
      "GroupGUID": "2bd2d86e-0a5c-465c-b309-372033343bb6",
      "GroupPath": "Config/LevelOutput/Group/Groups_P80205_F80205001/LevelGroup_P80205_F80205001_G32.json",
      "Name": "RogueDLC130_Area",
      "ID": 32
    },
    {
      "GroupGUID": "548b79d6-fc3a-477f-982a-bd989d0ac65c",
      "GroupPath": "Config/LevelOutput/Group/Groups_P80205_F80205001/LevelGroup_P80205_F80205001_G33.json",
      "Name": "RogueDLC130_BaseCommon",
      "ID": 33
    },
    {
      "GroupGUID": "0a5e360a-6eb6-4964-963d-5ffaf259afc0",
      "GroupPath": "Config/LevelOutput/Group/Groups_P80205_F80205001/LevelGroup_P80205_F80205001_G34.json",
      "Name": "RogueDLC130_MainMonster",
      "ID": 34
    },
    {
      "GroupGUID": "be6c776a-5ada-4cea-9d06-ed8ab8ae6fa5",
      "GroupPath": "Config/LevelOutput/Group/Groups_P80205_F80205001/LevelGroup_P80205_F80205001_G35.json",
      "Name": "RogueDLC130_Event",
      "ID": 35
    },
    {
      "GroupGUID": "9d803a9f-7818-4d69-a0eb-e1d371fc1faa",
      "GroupPath": "Config/LevelOutput/Group/Groups_P80205_F80205001/LevelGroup_P80205_F80205001_G112.json",
      "DimensionFilter": {},
      "Name": "RogueDLC130_Event",
      "ID": 112
    },
    {
      "GroupGUID": "05ce0c3f-b355-4ba4-b723-ba3edbb42444",
      "GroupPath": "Config/LevelOutput/Group/Groups_P80205_F80205001/LevelGroup_P80205_F80205001_G113.json",
      "DimensionFilter": {},
      "Name": "RogueDLC130_Event",
      "ID": 113
    },
    {
      "GroupGUID": "0ad3df63-0860-4a32-8719-71bdedc9ae26",
      "GroupPath": "Config/LevelOutput/Group/Groups_P80205_F80205001/LevelGroup_P80205_F80205001_G114.json",
      "DimensionFilter": {},
      "Name": "RogueDLC130_Event",
      "ID": 114
    },
    {
      "GroupGUID": "eb54c2cb-c78b-4c17-be46-7f14dcbaf22c",
      "GroupPath": "Config/LevelOutput/Group/Groups_P80205_F80205001/LevelGroup_P80205_F80205001_G115.json",
      "DimensionFilter": {},
      "Name": "RogueDLC130_Event",
      "ID": 115
    },
    {
      "GroupGUID": "6dcfeec1-0127-43fc-ac37-cdcec67f902e",
      "GroupPath": "Config/LevelOutput/Group/Groups_P80205_F80205001/LevelGroup_P80205_F80205001_G116.json",
      "DimensionFilter": {},
      "Name": "RogueDLC130_Event",
      "ID": 116
    },
    {
      "GroupGUID": "2b9594e0-8b0e-422b-a7be-4833f25ccb38",
      "GroupPath": "Config/LevelOutput/Group/Groups_P80205_F80205001/LevelGroup_P80205_F80205001_G36.json",
      "Name": "RogueDLC130_BaseEmpty",
      "ID": 36
    },
    {
      "GroupGUID": "512b9462-902e-4579-97f5-5056a1325bec",
      "GroupPath": "Config/LevelOutput/Group/Groups_P80205_F80205001/LevelGroup_P80205_F80205001_G80.json",
      "Name": "RogueDLC130_BaseBoss",
      "ID": 80
    },
    {
      "GroupGUID": "2e3056b7-7000-4273-894a-c6ae19308819",
      "GroupPath": "Config/LevelOutput/Group/Groups_P80205_F80205001/LevelGroup_P80205_F80205001_G38.json",
      "Name": "RogueDLC130_Elite",
      "ID": 38
    },
    {
      "GroupGUID": "42970a95-ec79-43f9-9199-728db3209230",
      "GroupPath": "Config/LevelOutput/Group/Groups_P80205_F80205001/LevelGroup_P80205_F80205001_G39.json",
      "Name": "RogueDLC130_Area",
      "ID": 39
    },
    {
      "GroupGUID": "e59033bb-3b38-436c-a4b5-9eb4f9c07a96",
      "GroupPath": "Config/LevelOutput/Group/Groups_P80205_F80205001/LevelGroup_P80205_F80205001_G40.json",
      "Name": "RogueDLC130_BaseCommon",
      "ID": 40
    },
    {
      "GroupGUID": "5c04f0ed-6c43-4fa6-9415-f83d02ff26ca",
      "GroupPath": "Config/LevelOutput/Group/Groups_P80205_F80205001/LevelGroup_P80205_F80205001_G82.json",
      "Name": "RogueDLC130_Event",
      "ID": 82
    },
    {
      "GroupGUID": "c41bc3f1-3c60-48ae-98d8-3874466661e9",
      "GroupPath": "Config/LevelOutput/Group/Groups_P80205_F80205001/LevelGroup_P80205_F80205001_G41.json",
      "Name": "RogueDLC130_MainMonster",
      "ID": 41
    },
    {
      "GroupGUID": "9967f93c-7143-4b12-85d9-aff325cbbed4",
      "GroupPath": "Config/LevelOutput/Group/Groups_P80205_F80205001/LevelGroup_P80205_F80205001_G81.json",
      "Name": "RogueDLC130_BaseCommon",
      "ID": 81
    },
    {
      "GroupGUID": "1afea319-66f8-4a12-9f23-fcf75522058e",
      "GroupPath": "Config/LevelOutput/Group/Groups_P80205_F80205001/LevelGroup_P80205_F80205001_G83.json",
      "Name": "RogueDLC130_MainMonster",
      "ID": 83
    },
    {
      "GroupGUID": "023e055f-8971-49df-9fbd-ab3e2e4f7e58",
      "GroupPath": "Config/LevelOutput/Group/Groups_P80205_F80205001/LevelGroup_P80205_F80205001_G84.json",
      "Name": "RogueDLC130_SubMonster",
      "ID": 84
    },
    {
      "GroupGUID": "4b765d31-44ea-4f9f-90ea-9cb584703ab5",
      "GroupPath": "Config/LevelOutput/Group/Groups_P80205_F80205001/LevelGroup_P80205_F80205001_G44.json",
      "Name": "RogueDLC130_Area",
      "ID": 44
    },
    {
      "GroupGUID": "beb42eab-a304-45ab-acac-e4569bd81943",
      "GroupPath": "Config/LevelOutput/Group/Groups_P80205_F80205001/LevelGroup_P80205_F80205001_G45.json",
      "Name": "RogueDLC130_BaseBoss",
      "ID": 45
    },
    {
      "GroupGUID": "bff6dabb-e7ab-4989-a323-89c6fca2ebfa",
      "GroupPath": "Config/LevelOutput/Group/Groups_P80205_F80205001/LevelGroup_P80205_F80205001_G46.json",
      "Name": "RogueDLC130_Boss",
      "ID": 46
    },
    {
      "GroupGUID": "760cfd11-fcc8-4e41-9a96-82f713b4f55b",
      "GroupPath": "Config/LevelOutput/Group/Groups_P80205_F80205001/LevelGroup_P80205_F80205001_G65.json",
      "Name": "RogueDLC130_SwarmBoss",
      "ID": 65
    },
    {
      "GroupGUID": "055e2845-d67c-4491-af82-8b1c189c6b9a",
      "GroupPath": "Config/LevelOutput/Group/Groups_P80205_F80205001/LevelGroup_P80205_F80205001_G48.json",
      "Name": "RogueDLC130_Area",
      "ID": 48
    },
    {
      "GroupGUID": "a811bed5-1cad-4faa-82f1-b183754d933d",
      "GroupPath": "Config/LevelOutput/Group/Groups_P80205_F80205001/LevelGroup_P80205_F80205001_G49.json",
      "Name": "RogueDLC130_BaseRest",
      "ID": 49
    },
    {
      "GroupGUID": "cc444c74-944a-4e9a-8035-de647bd58340",
      "GroupPath": "Config/LevelOutput/Group/Groups_P80205_F80205001/LevelGroup_P80205_F80205001_G50.json",
      "Name": "RogueDLC130_Rest",
      "ID": 50
    },
    {
      "GroupGUID": "bb5c4125-79ea-4071-96a8-17be8f2967cf",
      "GroupPath": "Config/LevelOutput/Group/Groups_P80205_F80205001/LevelGroup_P80205_F80205001_G53.json",
      "Name": "RogueDLC130_Area",
      "ID": 53
    },
    {
      "GroupGUID": "b5b19de9-4c61-4eda-a692-ea1eab59c8bb",
      "GroupPath": "Config/LevelOutput/Group/Groups_P80205_F80205001/LevelGroup_P80205_F80205001_G54.json",
      "Name": "RogueDLC130_BaseCommon",
      "ID": 54
    },
    {
      "GroupGUID": "4e04312d-079a-4847-a5d5-43ca92dd0621",
      "GroupPath": "Config/LevelOutput/Group/Groups_P80205_F80205001/LevelGroup_P80205_F80205001_G55.json",
      "Name": "RogueDLC130_MainMonster",
      "ID": 55
    },
    {
      "GroupGUID": "3031b5c3-57a6-43e6-ad5f-041cc287f2bd",
      "GroupPath": "Config/LevelOutput/Group/Groups_P80205_F80205001/LevelGroup_P80205_F80205001_G56.json",
      "Name": "RogueDLC130_SubMonster",
      "ID": 56
    },
    {
      "GroupGUID": "6e88538d-5b8a-40fb-a5a2-2c8ea6e8968c",
      "GroupPath": "Config/LevelOutput/Group/Groups_P80205_F80205001/LevelGroup_P80205_F80205001_G57.json",
      "Name": "RogueDLC130_SubMonster",
      "ID": 57
    },
    {
      "GroupGUID": "54990766-9129-4126-beb3-bd37525d73a7",
      "GroupPath": "Config/LevelOutput/Group/Groups_P80205_F80205001/LevelGroup_P80205_F80205001_G93.json",
      "Name": "RogueDLC130_BaseCommon",
      "ID": 93
    },
    {
      "GroupGUID": "258cdcc3-2d1d-452b-832b-537d3fe8eb4f",
      "GroupPath": "Config/LevelOutput/Group/Groups_P80205_F80205001/LevelGroup_P80205_F80205001_G94.json",
      "Name": "RogueDLC130_MainMonster",
      "ID": 94
    },
    {
      "GroupGUID": "52a90932-a205-4918-8cd2-cbd6a97f118f",
      "GroupPath": "Config/LevelOutput/Group/Groups_P80205_F80205001/LevelGroup_P80205_F80205001_G95.json",
      "Name": "RogueDLC130_SubMonster",
      "ID": 95
    },
    {
      "GroupGUID": "493e5a9b-79bb-4742-b546-a589ee2722b5",
      "GroupPath": "Config/LevelOutput/Group/Groups_P80205_F80205001/LevelGroup_P80205_F80205001_G96.json",
      "Name": "RogueDLC130_SubMonster",
      "ID": 96
    },
    {
      "GroupGUID": "f832f53d-667d-4185-b4e1-df8be605941a",
      "GroupPath": "Config/LevelOutput/Group/Groups_P80205_F80205001/LevelGroup_P80205_F80205001_G58.json",
      "Name": "RogueDLC130_Area",
      "ID": 58
    },
    {
      "GroupGUID": "f2d7b084-5a43-47c6-b961-23d3a7b1d6d2",
      "GroupPath": "Config/LevelOutput/Group/Groups_P80205_F80205001/LevelGroup_P80205_F80205001_G59.json",
      "Name": "RogueDLC130_BaseCommon",
      "ID": 59
    },
    {
      "GroupGUID": "2bd5ae5e-794a-4924-b83c-31dddb0f58f4",
      "GroupPath": "Config/LevelOutput/Group/Groups_P80205_F80205001/LevelGroup_P80205_F80205001_G62.json",
      "Name": "RogueDLC130_MainMonster",
      "ID": 62
    },
    {
      "GroupGUID": "e7ab886e-e271-4f8d-a8ab-6f0d14758ebd",
      "GroupPath": "Config/LevelOutput/Group/Groups_P80205_F80205001/LevelGroup_P80205_F80205001_G63.json",
      "Name": "RogueDLC130_SubMonster",
      "ID": 63
    },
    {
      "GroupGUID": "c3255e29-1df8-4b44-bfcd-7f55b01e3c78",
      "GroupPath": "Config/LevelOutput/Group/Groups_P80205_F80205001/LevelGroup_P80205_F80205001_G64.json",
      "Name": "RogueDLC130_SubMonster",
      "ID": 64
    },
    {
      "GroupGUID": "a77bb17d-1cf5-47a3-bc77-994fcc9210bf",
      "GroupPath": "Config/LevelOutput/Group/Groups_P80205_F80205001/LevelGroup_P80205_F80205001_G86.json",
      "Name": "RogueDLC130_BaseCommon",
      "ID": 86
    },
    {
      "GroupGUID": "83aede90-e62e-4c15-841c-7714f966e4ba",
      "GroupPath": "Config/LevelOutput/Group/Groups_P80205_F80205001/LevelGroup_P80205_F80205001_G87.json",
      "Name": "RogueDLC130_Event",
      "ID": 87
    },
    {
      "GroupGUID": "e26e77f0-355a-4b67-8be0-14299b759ddd",
      "GroupPath": "Config/LevelOutput/Group/Groups_P80205_F80205001/LevelGroup_P80205_F80205001_G88.json",
      "Name": "RogueDLC130_MainMonster",
      "ID": 88
    },
    {
      "GroupGUID": "5c8c2742-c2a0-4a84-ba59-dabd7167d9df",
      "GroupPath": "Config/LevelOutput/Group/Groups_P80205_F80205001/LevelGroup_P80205_F80205001_G66.json",
      "Name": "RogueDLC130_Area",
      "ID": 66
    },
    {
      "GroupGUID": "1d765fa3-934b-4615-980b-5a4946e3d55f",
      "GroupPath": "Config/LevelOutput/Group/Groups_P80205_F80205001/LevelGroup_P80205_F80205001_G67.json",
      "Name": "RogueDLC130_BaseBoss",
      "ID": 67
    },
    {
      "GroupGUID": "058895e7-bca8-4be0-81b0-f3e12e9d08e1",
      "GroupPath": "Config/LevelOutput/Group/Groups_P80205_F80205001/LevelGroup_P80205_F80205001_G68.json",
      "Name": "RogueDLC130_Boss",
      "ID": 68
    },
    {
      "GroupGUID": "4deb08eb-ee16-4679-877a-16f51abf88d0",
      "GroupPath": "Config/LevelOutput/Group/Groups_P80205_F80205001/LevelGroup_P80205_F80205001_G69.json",
      "Name": "RogueDLC130_SwarmBoss",
      "ID": 69
    },
    {
      "GroupGUID": "f6a31dd1-d440-45ae-a545-166487ea0a90",
      "GroupPath": "Config/LevelOutput/Group/Groups_P80205_F80205001/LevelGroup_P80205_F80205001_G72.json",
      "Name": "RogueDLC130_Area",
      "ID": 72
    },
    {
      "GroupGUID": "3207df06-3793-4422-8282-525089ff3852",
      "GroupPath": "Config/LevelOutput/Group/Groups_P80205_F80205001/LevelGroup_P80205_F80205001_G51.json",
      "Name": "RogueDLC130_BaseShop",
      "ID": 51
    },
    {
      "GroupGUID": "ca1db412-e19e-41a8-bfb3-8641c99202ef",
      "GroupPath": "Config/LevelOutput/Group/Groups_P80205_F80205001/LevelGroup_P80205_F80205001_G52.json",
      "Name": "RogueDLC130_Shop",
      "ID": 52
    },
    {
      "GroupGUID": "533a84a2-1513-4362-8329-ed8a824dbca1",
      "GroupPath": "Config/LevelOutput/Group/Groups_P80205_F80205001/LevelGroup_P80205_F80205001_G91.json",
      "Name": "RogueDLC130_Shop",
      "ID": 91
    },
    {
      "GroupGUID": "cf65d2ee-db40-4d97-80a0-1ee39ebb087f",
      "GroupPath": "Config/LevelOutput/Group/Groups_P80205_F80205001/LevelGroup_P80205_F80205001_G102.json",
      "Name": "RogueDLC130_Area",
      "ID": 102
    },
    {
      "GroupGUID": "f5254828-370f-49d5-8a4a-db05aa753892",
      "GroupPath": "Config/LevelOutput/Group/Groups_P80205_F80205001/LevelGroup_P80205_F80205001_G103.json",
      "Name": "RogueDLC130_BaseCommon",
      "ID": 103
    },
    {
      "GroupGUID": "9adb6a9d-d5c3-48bd-894e-cc008a77d108",
      "GroupPath": "Config/LevelOutput/Group/Groups_P80205_F80205001/LevelGroup_P80205_F80205001_G104.json",
      "Name": "RogueDLC130_MainMonster",
      "ID": 104
    },
    {
      "GroupGUID": "52bc6e7a-346a-472c-8166-b24f8cc497d5",
      "GroupPath": "Config/LevelOutput/Group/Groups_P80205_F80205001/LevelGroup_P80205_F80205001_G105.json",
      "Name": "RogueDLC130_SubMonster",
      "ID": 105
    },
    {
      "GroupGUID": "6d41ebfe-4957-4502-a452-20190aeb9d78",
      "GroupPath": "Config/LevelOutput/Group/Groups_P80205_F80205001/LevelGroup_P80205_F80205001_G106.json",
      "Name": "RogueDLC130_SubMonster",
      "ID": 106
    }
  ],
  "DefaultEnviroProfile": "Stages/Outputs/Chapter01/EnviroProfile/Chap01_CloseView_ADV_Area_M301_01_Foggy.enviroProfile.asset",
  "StageData": "Stages/Outputs/Chapter01/Stages/Chap01_MAZ_M301_MainLine_01_StageData/Chap01_MAZ_M301_MainLine_01_StageData.stage",
  "CameraType": "Maze",
  "TimeOfDayEnviroProfileMap": {},
  "LayerToAreaMask": [
    1
  ],
  "BattleAreaList": [],
  "DimensionList": [
    {}
  ],
  "NavmapConfigPath": "Config/LevelOutput/Map/MapInfo_P80205_F80205001.json",
  "EnableGroupStreaming": false,
  "EnableGroupSpaceConflict": false,
  "IsRestartLevelGraph": false
}