{
  "FloorID": 80206001,
  "FloorName": "MazeText_Empty",
  "StartGroupID": 1,
  "StartAnchorID": 1,
  "GroupList": [
    {
      "GroupGUID": "a16c4f19-608d-4470-a15e-15202a6f1ed0",
      "GroupPath": "Config/LevelOutput/Group/Groups_P80206_F80206001/LevelGroup_P80206_F80206001_G1.json",
      "Name": "DefaultGroup",
      "ID": 1
    },
    {
      "GroupGUID": "677215a0-61ab-4f50-96de-489924eba036",
      "GroupPath": "Config/LevelOutput/Group/Groups_P80206_F80206001/LevelGroup_P80206_F80206001_G4.json",
      "Name": "New Group",
      "ID": 4
    },
    {
      "GroupGUID": "43441c40-8345-40d8-a121-82376d7a1a20",
      "GroupPath": "Config/LevelOutput/Group/Groups_P80206_F80206001/LevelGroup_P80206_F80206001_G5.json",
      "Name": "New Group",
      "ID": 5
    },
    {
      "GroupGUID": "cc8b2989-a775-4282-9fec-7b812232002e",
      "GroupPath": "Config/LevelOutput/Group/Groups_P80206_F80206001/LevelGroup_P80206_F80206001_G6.json",
      "Name": "New Group",
      "ID": 6
    },
    {
      "GroupGUID": "089f8103-7266-493c-a801-7026224e3370",
      "GroupPath": "Config/LevelOutput/Group/Groups_P80206_F80206001/LevelGroup_P80206_F80206001_G7.json",
      "Name": "New Group",
      "ID": 7
    },
    {
      "GroupGUID": "7456cef3-ff6d-41bf-b5f8-a8bb7d10e8f9",
      "GroupPath": "Config/LevelOutput/Group/Groups_P80206_F80206001/LevelGroup_P80206_F80206001_G8.json",
      "Name": "New Group",
      "ID": 8
    },
    {
      "GroupGUID": "c55117e6-6a3c-4d24-b469-d59b8ff3f11a",
      "GroupPath": "Config/LevelOutput/Group/Groups_P80206_F80206001/LevelGroup_P80206_F80206001_G9.json",
      "Name": "New Group",
      "ID": 9
    },
    {
      "GroupGUID": "bc33c4ed-50f0-4dd1-954f-25b78582770f",
      "GroupPath": "Config/LevelOutput/Group/Groups_P80206_F80206001/LevelGroup_P80206_F80206001_G10.json",
      "Name": "Public01",
      "ID": 10
    },
    {
      "GroupGUID": "f6849c6d-f099-42b8-b051-0ade9863917e",
      "GroupPath": "Config/LevelOutput/Group/Groups_P80206_F80206001/LevelGroup_P80206_F80206001_G11.json",
      "Name": "Sound",
      "ID": 11
    },
    {
      "GroupGUID": "e0002e5f-c94d-434d-8f00-f0d5ac8d627a",
      "GroupPath": "Config/LevelOutput/Group/Groups_P80206_F80206001/LevelGroup_P80206_F80206001_G15.json",
      "Name": "RogueDLC130_Area",
      "ID": 15
    },
    {
      "GroupGUID": "e02b1793-4095-4621-8199-d56faf532db4",
      "GroupPath": "Config/LevelOutput/Group/Groups_P80206_F80206001/LevelGroup_P80206_F80206001_G16.json",
      "Name": "RogueDLC130_BaseBoss",
      "ID": 16
    },
    {
      "GroupGUID": "6ca01f67-fe8b-4662-9ba3-c68f2a6aaff0",
      "GroupPath": "Config/LevelOutput/Group/Groups_P80206_F80206001/LevelGroup_P80206_F80206001_G17.json",
      "Name": "RogueDLC130_Boss",
      "ID": 17
    },
    {
      "GroupGUID": "e5f0b412-c3e7-45c1-b206-864348378bec",
      "GroupPath": "Config/LevelOutput/Group/Groups_P80206_F80206001/LevelGroup_P80206_F80206001_G19.json",
      "Name": "RogueDLC130_SwarmBoss",
      "ID": 19
    },
    {
      "GroupGUID": "5d05cd07-97db-4c44-a4f5-c1f0a337ae78",
      "GroupPath": "Config/LevelOutput/Group/Groups_P80206_F80206001/LevelGroup_P80206_F80206001_G25.json",
      "Name": "RogueDLC130_Area",
      "ID": 25
    },
    {
      "GroupGUID": "d23f2cf4-9e3b-41ff-a564-8e9c7192665f",
      "GroupPath": "Config/LevelOutput/Group/Groups_P80206_F80206001/LevelGroup_P80206_F80206001_G26.json",
      "Name": "RogueDLC130_BaseCommon",
      "ID": 26
    },
    {
      "GroupGUID": "4f43ddbe-0d72-474a-b6b5-9be575e6bee1",
      "GroupPath": "Config/LevelOutput/Group/Groups_P80206_F80206001/LevelGroup_P80206_F80206001_G35.json",
      "Name": "RogueDLC130_Event",
      "ID": 35
    },
    {
      "GroupGUID": "90d239fc-c176-4319-b7be-9cdeca80fcb8",
      "GroupPath": "Config/LevelOutput/Group/Groups_P80206_F80206001/LevelGroup_P80206_F80206001_G27.json",
      "Name": "RogueDLC130_MainMonster",
      "ID": 27
    },
    {
      "GroupGUID": "cddf9da3-92f9-45c8-8e4d-af4f2ed51796",
      "GroupPath": "Config/LevelOutput/Group/Groups_P80206_F80206001/LevelGroup_P80206_F80206001_G28.json",
      "Name": "RogueDLC130_SubMonster",
      "ID": 28
    },
    {
      "GroupGUID": "64176b95-6410-4055-bcef-f9d4f47026a0",
      "GroupPath": "Config/LevelOutput/Group/Groups_P80206_F80206001/LevelGroup_P80206_F80206001_G70.json",
      "Name": "RogueDLC130_BaseCommon",
      "ID": 70
    },
    {
      "GroupGUID": "a638083f-4516-44e9-8e05-8e927c52a02f",
      "GroupPath": "Config/LevelOutput/Group/Groups_P80206_F80206001/LevelGroup_P80206_F80206001_G69.json",
      "Name": "RogueDLC130_MainMonster",
      "ID": 69
    },
    {
      "GroupGUID": "7f6d89c4-c6f1-45ca-90e7-dce4bca90f47",
      "GroupPath": "Config/LevelOutput/Group/Groups_P80206_F80206001/LevelGroup_P80206_F80206001_G36.json",
      "Name": "RogueDLC130_BaseEmpty",
      "ID": 36
    },
    {
      "GroupGUID": "b522a7b8-55b2-403a-b06b-1f3b1d17274b",
      "GroupPath": "Config/LevelOutput/Group/Groups_P80206_F80206001/LevelGroup_P80206_F80206001_G30.json",
      "Name": "RogueDLC130_Area",
      "ID": 30
    },
    {
      "GroupGUID": "2f1f8483-4503-4473-a49f-eee15f6f665f",
      "GroupPath": "Config/LevelOutput/Group/Groups_P80206_F80206001/LevelGroup_P80206_F80206001_G31.json",
      "Name": "RogueDLC130_BaseCommon",
      "ID": 31
    },
    {
      "GroupGUID": "1b856bbe-e717-4b5a-afc8-33d723cc6ff5",
      "GroupPath": "Config/LevelOutput/Group/Groups_P80206_F80206001/LevelGroup_P80206_F80206001_G34.json",
      "Name": "RogueDLC130_MainMonster",
      "ID": 34
    },
    {
      "GroupGUID": "bfca4815-ebb5-4900-98f8-bfc376ba8a68",
      "GroupPath": "Config/LevelOutput/Group/Groups_P80206_F80206001/LevelGroup_P80206_F80206001_G33.json",
      "Name": "RogueDLC130_SubMonster",
      "ID": 33
    },
    {
      "GroupGUID": "35ba53d0-ef99-4c83-a90b-e425dff35d1c",
      "GroupPath": "Config/LevelOutput/Group/Groups_P80206_F80206001/LevelGroup_P80206_F80206001_G32.json",
      "Name": "RogueDLC130_SubMonster",
      "ID": 32
    },
    {
      "GroupGUID": "d42c4f50-27fd-4411-93c7-44e9fb5751db",
      "GroupPath": "Config/LevelOutput/Group/Groups_P80206_F80206001/LevelGroup_P80206_F80206001_G37.json",
      "Name": "RogueDLC130_Area",
      "ID": 37
    },
    {
      "GroupGUID": "866c3507-0f7f-4fe3-b87e-801dca5b68fb",
      "GroupPath": "Config/LevelOutput/Group/Groups_P80206_F80206001/LevelGroup_P80206_F80206001_G38.json",
      "Name": "RogueDLC130_BaseCommon",
      "ID": 38
    },
    {
      "GroupGUID": "cfe2717f-dfc0-4ab4-a0e4-0653f35efa2b",
      "GroupPath": "Config/LevelOutput/Group/Groups_P80206_F80206001/LevelGroup_P80206_F80206001_G39.json",
      "Name": "RogueDLC130_Event",
      "ID": 39
    },
    {
      "GroupGUID": "3d12d087-1bae-46a9-ad3d-96c309cafe2c",
      "GroupPath": "Config/LevelOutput/Group/Groups_P80206_F80206001/LevelGroup_P80206_F80206001_G92.json",
      "DimensionFilter": {},
      "Name": "RogueDLC130_Event",
      "ID": 92
    },
    {
      "GroupGUID": "2e3ebf9a-4e30-435c-9975-3a4e68b6d8ec",
      "GroupPath": "Config/LevelOutput/Group/Groups_P80206_F80206001/LevelGroup_P80206_F80206001_G93.json",
      "DimensionFilter": {},
      "Name": "RogueDLC130_Event",
      "ID": 93
    },
    {
      "GroupGUID": "10478aa1-abc1-4030-a3e0-9f3280bdbd7e",
      "GroupPath": "Config/LevelOutput/Group/Groups_P80206_F80206001/LevelGroup_P80206_F80206001_G94.json",
      "DimensionFilter": {},
      "Name": "RogueDLC130_Event",
      "ID": 94
    },
    {
      "GroupGUID": "9645bf40-1e64-46dd-a192-05f1d48a5903",
      "GroupPath": "Config/LevelOutput/Group/Groups_P80206_F80206001/LevelGroup_P80206_F80206001_G95.json",
      "DimensionFilter": {},
      "Name": "RogueDLC130_Event",
      "ID": 95
    },
    {
      "GroupGUID": "78bc5e85-bcb1-4bd1-8b51-ccdfe247f2d0",
      "GroupPath": "Config/LevelOutput/Group/Groups_P80206_F80206001/LevelGroup_P80206_F80206001_G96.json",
      "DimensionFilter": {},
      "Name": "RogueDLC130_Event",
      "ID": 96
    },
    {
      "GroupGUID": "c0566208-1be8-4cd5-a1ff-d9fdf2943209",
      "GroupPath": "Config/LevelOutput/Group/Groups_P80206_F80206001/LevelGroup_P80206_F80206001_G40.json",
      "Name": "RogueDLC130_MainMonster",
      "ID": 40
    },
    {
      "GroupGUID": "dfa26d89-cacf-4fd7-a9bf-de671334e2bd",
      "GroupPath": "Config/LevelOutput/Group/Groups_P80206_F80206001/LevelGroup_P80206_F80206001_G66.json",
      "Name": "RogueDLC130_BaseBoss",
      "ID": 66
    },
    {
      "GroupGUID": "0e9e8cd4-bace-4467-93ec-0fed5edbe582",
      "GroupPath": "Config/LevelOutput/Group/Groups_P80206_F80206001/LevelGroup_P80206_F80206001_G41.json",
      "Name": "RogueDLC130_Elite",
      "ID": 41
    },
    {
      "GroupGUID": "0499e1ce-5fce-4434-9591-729702a41920",
      "GroupPath": "Config/LevelOutput/Group/Groups_P80206_F80206001/LevelGroup_P80206_F80206001_G64.json",
      "Name": "RogueDLC130_BaseShop",
      "ID": 64
    },
    {
      "GroupGUID": "7e4e0591-08c0-435f-8dfa-1c952a66838a",
      "GroupPath": "Config/LevelOutput/Group/Groups_P80206_F80206001/LevelGroup_P80206_F80206001_G65.json",
      "Name": "RogueDLC130_Shop",
      "ID": 65
    },
    {
      "GroupGUID": "054ac3f8-cd0c-4871-93ba-c9207f6d38cf",
      "GroupPath": "Config/LevelOutput/Group/Groups_P80206_F80206001/LevelGroup_P80206_F80206001_G82.json",
      "Name": "RogueDLC130_Shop",
      "ID": 82
    },
    {
      "GroupGUID": "7104396b-a859-4d88-87c1-b58c09d3cde8",
      "GroupPath": "Config/LevelOutput/Group/Groups_P80206_F80206001/LevelGroup_P80206_F80206001_G43.json",
      "Name": "RogueDLC130_Area",
      "ID": 43
    },
    {
      "GroupGUID": "915b79f2-72d1-4dec-8e62-ff8ff191f0ff",
      "GroupPath": "Config/LevelOutput/Group/Groups_P80206_F80206001/LevelGroup_P80206_F80206001_G44.json",
      "Name": "RogueDLC130_BaseCommon",
      "ID": 44
    },
    {
      "GroupGUID": "85002d26-e01f-48ca-874b-3b2a49df6e2e",
      "GroupPath": "Config/LevelOutput/Group/Groups_P80206_F80206001/LevelGroup_P80206_F80206001_G45.json",
      "Name": "RogueDLC130_MainMonster",
      "ID": 45
    },
    {
      "GroupGUID": "d52cf5b7-b58a-4f20-a575-281854594bc8",
      "GroupPath": "Config/LevelOutput/Group/Groups_P80206_F80206001/LevelGroup_P80206_F80206001_G67.json",
      "Name": "RogueDLC130_BaseBoss",
      "ID": 67
    },
    {
      "GroupGUID": "f1adebd1-cd02-4d91-b3b0-51189696bb69",
      "GroupPath": "Config/LevelOutput/Group/Groups_P80206_F80206001/LevelGroup_P80206_F80206001_G46.json",
      "Name": "RogueDLC130_Elite",
      "ID": 46
    },
    {
      "GroupGUID": "3a2a6cf5-cfc7-489a-8638-3550332c49d6",
      "GroupPath": "Config/LevelOutput/Group/Groups_P80206_F80206001/LevelGroup_P80206_F80206001_G48.json",
      "Name": "RogueDLC130_BaseEmpty",
      "ID": 48
    },
    {
      "GroupGUID": "988a7ca9-921d-49f2-9dd8-8694ca9e2e9e",
      "GroupPath": "Config/LevelOutput/Group/Groups_P80206_F80206001/LevelGroup_P80206_F80206001_G49.json",
      "Name": "RogueDLC130_Area",
      "ID": 49
    },
    {
      "GroupGUID": "436d2765-7430-4d6c-9346-5b99a60f0383",
      "GroupPath": "Config/LevelOutput/Group/Groups_P80206_F80206001/LevelGroup_P80206_F80206001_G50.json",
      "Name": "RogueDLC130_BaseRest",
      "ID": 50
    },
    {
      "GroupGUID": "d5453f0e-0d69-4e6b-91df-3b34fe4f734a",
      "GroupPath": "Config/LevelOutput/Group/Groups_P80206_F80206001/LevelGroup_P80206_F80206001_G51.json",
      "Name": "RogueDLC130_Rest",
      "ID": 51
    },
    {
      "GroupGUID": "a3d6ebb0-823e-4b98-8b18-7d3fd32c66f8",
      "GroupPath": "Config/LevelOutput/Group/Groups_P80206_F80206001/LevelGroup_P80206_F80206001_G54.json",
      "Name": "RogueDLC130_Area",
      "ID": 54
    },
    {
      "GroupGUID": "2a1c0ac2-78d7-4f7d-85b6-6c1b3091abe2",
      "GroupPath": "Config/LevelOutput/Group/Groups_P80206_F80206001/LevelGroup_P80206_F80206001_G55.json",
      "Name": "RogueDLC130_BaseCommon",
      "ID": 55
    },
    {
      "GroupGUID": "68caf898-8e9d-445e-945a-65487e9363c9",
      "GroupPath": "Config/LevelOutput/Group/Groups_P80206_F80206001/LevelGroup_P80206_F80206001_G57.json",
      "Name": "RogueDLC130_Event",
      "ID": 57
    },
    {
      "GroupGUID": "18519c85-7edf-4276-b42b-2776e9567adc",
      "GroupPath": "Config/LevelOutput/Group/Groups_P80206_F80206001/LevelGroup_P80206_F80206001_G87.json",
      "DimensionFilter": {},
      "Name": "RogueDLC130_Event",
      "ID": 87
    },
    {
      "GroupGUID": "8c8809d0-e831-412a-bc9d-47ced83c40f0",
      "GroupPath": "Config/LevelOutput/Group/Groups_P80206_F80206001/LevelGroup_P80206_F80206001_G88.json",
      "DimensionFilter": {},
      "Name": "RogueDLC130_Event",
      "ID": 88
    },
    {
      "GroupGUID": "bd57dae7-a780-43ab-b710-b0d7b832bef3",
      "GroupPath": "Config/LevelOutput/Group/Groups_P80206_F80206001/LevelGroup_P80206_F80206001_G89.json",
      "DimensionFilter": {},
      "Name": "RogueDLC130_Event",
      "ID": 89
    },
    {
      "GroupGUID": "80147bf7-bc3f-4bac-98ca-9cc06d63a5bc",
      "GroupPath": "Config/LevelOutput/Group/Groups_P80206_F80206001/LevelGroup_P80206_F80206001_G90.json",
      "DimensionFilter": {},
      "Name": "RogueDLC130_Event",
      "ID": 90
    },
    {
      "GroupGUID": "57bfb0ab-3b09-46aa-aa4c-e1d3520697f3",
      "GroupPath": "Config/LevelOutput/Group/Groups_P80206_F80206001/LevelGroup_P80206_F80206001_G91.json",
      "DimensionFilter": {},
      "Name": "RogueDLC130_Event",
      "ID": 91
    },
    {
      "GroupGUID": "a59a1730-0114-4a10-bf90-42f346723465",
      "GroupPath": "Config/LevelOutput/Group/Groups_P80206_F80206001/LevelGroup_P80206_F80206001_G80.json",
      "Name": "RogueDLC130_BaseCommon",
      "ID": 80
    },
    {
      "GroupGUID": "9db90247-04f2-4489-8cf4-744bc3628c92",
      "GroupPath": "Config/LevelOutput/Group/Groups_P80206_F80206001/LevelGroup_P80206_F80206001_G81.json",
      "Name": "RogueDLC130_MainMonster",
      "ID": 81
    },
    {
      "GroupGUID": "d811eb73-ac2c-4c66-9324-2f79ff47bfe3",
      "GroupPath": "Config/LevelOutput/Group/Groups_P80206_F80206001/LevelGroup_P80206_F80206001_G68.json",
      "Name": "RogueDLC130_BaseBoss",
      "ID": 68
    },
    {
      "GroupGUID": "ee6ad4f0-9f65-403f-9882-3c650db73976",
      "GroupPath": "Config/LevelOutput/Group/Groups_P80206_F80206001/LevelGroup_P80206_F80206001_G56.json",
      "Name": "RogueDLC130_Elite",
      "ID": 56
    },
    {
      "GroupGUID": "5a2334c3-8517-4782-ad73-80f61c407ace",
      "GroupPath": "Config/LevelOutput/Group/Groups_P80206_F80206001/LevelGroup_P80206_F80206001_G52.json",
      "Name": "RogueDLC130_BaseShop",
      "ID": 52
    },
    {
      "GroupGUID": "59099d9d-4e60-4288-b4e8-6e23e71a40f1",
      "GroupPath": "Config/LevelOutput/Group/Groups_P80206_F80206001/LevelGroup_P80206_F80206001_G53.json",
      "Name": "RogueDLC130_Shop",
      "ID": 53
    },
    {
      "GroupGUID": "da2d59a4-b7f8-4e54-8dd1-6a3dc18dc8ce",
      "GroupPath": "Config/LevelOutput/Group/Groups_P80206_F80206001/LevelGroup_P80206_F80206001_G83.json",
      "Name": "RogueDLC130_Shop",
      "ID": 83
    },
    {
      "GroupGUID": "cf17ba85-4477-4525-b263-78f1f07f8a5f",
      "GroupPath": "Config/LevelOutput/Group/Groups_P80206_F80206001/LevelGroup_P80206_F80206001_G58.json",
      "Name": "RogueDLC130_BaseEmpty",
      "ID": 58
    },
    {
      "GroupGUID": "5757a3cb-2210-49aa-ad33-c05635a7acd4",
      "GroupPath": "Config/LevelOutput/Group/Groups_P80206_F80206001/LevelGroup_P80206_F80206001_G59.json",
      "Name": "RogueDLC130_Area",
      "ID": 59
    },
    {
      "GroupGUID": "40f2f836-4592-4db1-9351-4ed4f836de3e",
      "GroupPath": "Config/LevelOutput/Group/Groups_P80206_F80206001/LevelGroup_P80206_F80206001_G60.json",
      "Name": "RogueDLC130_BaseCommon",
      "ID": 60
    },
    {
      "GroupGUID": "ec4b0a81-55f9-4aa5-98b3-a309663e47aa",
      "GroupPath": "Config/LevelOutput/Group/Groups_P80206_F80206001/LevelGroup_P80206_F80206001_G61.json",
      "Name": "RogueDLC130_MainMonster",
      "ID": 61
    },
    {
      "GroupGUID": "3f7d15ef-6fe6-4cfe-9126-dbe7a1b41b7f",
      "GroupPath": "Config/LevelOutput/Group/Groups_P80206_F80206001/LevelGroup_P80206_F80206001_G62.json",
      "Name": "RogueDLC130_SubMonster",
      "ID": 62
    },
    {
      "GroupGUID": "a11814b9-1172-4655-a5c2-9e0d10f4abae",
      "GroupPath": "Config/LevelOutput/Group/Groups_P80206_F80206001/LevelGroup_P80206_F80206001_G63.json",
      "Name": "RogueDLC130_SubMonster",
      "ID": 63
    },
    {
      "GroupGUID": "b76e1b23-5ec6-4673-be2c-c38921bb500f",
      "GroupPath": "Config/LevelOutput/Group/Groups_P80206_F80206001/LevelGroup_P80206_F80206001_G85.json",
      "Name": "RogueDLC130_BaseBoss",
      "ID": 85
    },
    {
      "GroupGUID": "43cf9366-6204-4cc5-92b1-fafc399bb56a",
      "GroupPath": "Config/LevelOutput/Group/Groups_P80206_F80206001/LevelGroup_P80206_F80206001_G86.json",
      "Name": "RogueDLC130_Elite",
      "ID": 86
    },
    {
      "GroupGUID": "b75d7e1b-ca3e-4bfd-a03f-1997996a4034",
      "GroupPath": "Config/LevelOutput/Group/Groups_P80206_F80206001/LevelGroup_P80206_F80206001_G71.json",
      "Name": "RogueDLC130_Area",
      "ID": 71
    },
    {
      "GroupGUID": "d8625a54-63d2-4914-a598-fcf638489bb3",
      "GroupPath": "Config/LevelOutput/Group/Groups_P80206_F80206001/LevelGroup_P80206_F80206001_G72.json",
      "Name": "RogueDLC130_BaseCommon",
      "ID": 72
    },
    {
      "GroupGUID": "e0bb8c13-b428-4b05-b9f5-9a33e9a6ef1b",
      "GroupPath": "Config/LevelOutput/Group/Groups_P80206_F80206001/LevelGroup_P80206_F80206001_G73.json",
      "Name": "RogueDLC130_Event",
      "ID": 73
    },
    {
      "GroupGUID": "8efec1f4-7028-4548-a391-071bd45270c4",
      "GroupPath": "Config/LevelOutput/Group/Groups_P80206_F80206001/LevelGroup_P80206_F80206001_G74.json",
      "Name": "RogueDLC130_MainMonster",
      "ID": 74
    },
    {
      "GroupGUID": "ffed0b57-ba9a-443a-a6fe-fc4852931a1c",
      "GroupPath": "Config/LevelOutput/Group/Groups_P80206_F80206001/LevelGroup_P80206_F80206001_G84.json",
      "Name": "RogueDLC130_BaseEmpty",
      "ID": 84
    },
    {
      "GroupGUID": "3a69c6ac-705c-4f8a-b343-638c74467cdd",
      "GroupPath": "Config/LevelOutput/Group/Groups_P80206_F80206001/LevelGroup_P80206_F80206001_G75.json",
      "Name": "RogueDLC130_Area",
      "ID": 75
    },
    {
      "GroupGUID": "e9c2b89c-cbe7-4758-a655-8fc7d105f425",
      "GroupPath": "Config/LevelOutput/Group/Groups_P80206_F80206001/LevelGroup_P80206_F80206001_G76.json",
      "Name": "RogueDLC130_BaseCommon",
      "ID": 76
    },
    {
      "GroupGUID": "f5723491-5aea-4310-b7e1-fa288afe6000",
      "GroupPath": "Config/LevelOutput/Group/Groups_P80206_F80206001/LevelGroup_P80206_F80206001_G77.json",
      "Name": "RogueDLC130_Event",
      "ID": 77
    },
    {
      "GroupGUID": "182c9097-15cf-43a6-881a-a2897d30e5f8",
      "GroupPath": "Config/LevelOutput/Group/Groups_P80206_F80206001/LevelGroup_P80206_F80206001_G78.json",
      "Name": "RogueDLC130_MainMonster",
      "ID": 78
    },
    {
      "GroupGUID": "91ba36c7-ede0-4466-9244-da0a4c88a00a",
      "GroupPath": "Config/LevelOutput/Group/Groups_P80206_F80206001/LevelGroup_P80206_F80206001_G79.json",
      "Name": "RogueDLC130_SubMonster",
      "ID": 79
    }
  ],
  "DefaultEnviroProfile": "Stages/Outputs/Chapter01/EnviroProfile/Chap01_CloseView_ADV_Area_M101_01_Day.enviroProfile.asset",
  "StageData": "Stages/Outputs/Chapter01/Stages/Chap01_MAZ_M101_MainLine_01_StageData/Chap01_MAZ_M101_MainLine_01_StageData.stage",
  "CameraType": "Maze",
  "TimeOfDayEnviroProfileMap": {},
  "LayerToAreaMask": [
    1
  ],
  "BattleAreaList": [],
  "DimensionList": [
    {}
  ],
  "NavmapConfigPath": "Config/LevelOutput/Map/MapInfo_P80206_F80206001.json",
  "EnableGroupStreaming": false,
  "EnableGroupSpaceConflict": false,
  "IsRestartLevelGraph": false
}