{
  "FloorID": 80204001,
  "FloorName": "MazeText_Empty",
  "StartGroupID": 1,
  "StartAnchorID": 1,
  "GroupList": [
    {
      "GroupGUID": "0ab3a125-4688-445b-90c4-7317d93d008d",
      "GroupPath": "Config/LevelOutput/Group/Groups_P80204_F80204001/LevelGroup_P80204_F80204001_G1.json",
      "Name": "DefaultGroup",
      "ID": 1
    },
    {
      "GroupGUID": "78ec68ed-fbba-45a6-8fe9-edb8c9ac5a75",
      "GroupPath": "Config/LevelOutput/Group/Groups_P80204_F80204001/LevelGroup_P80204_F80204001_G2.json",
      "Name": "DefaultData",
      "ID": 2
    },
    {
      "GroupGUID": "2130484c-eb97-410c-a452-a76579ba93ca",
      "GroupPath": "Config/LevelOutput/Group/Groups_P80204_F80204001/LevelGroup_P80204_F80204001_G3.json",
      "Name": "Sound",
      "ID": 3
    },
    {
      "GroupGUID": "3c6ea610-6177-4c6b-8e1b-bb54372916f6",
      "GroupPath": "Config/LevelOutput/Group/Groups_P80204_F80204001/LevelGroup_P80204_F80204001_G4.json",
      "Name": "New Group",
      "ID": 4
    },
    {
      "GroupGUID": "296cd4a5-be3a-4883-9bad-1181c800622b",
      "GroupPath": "Config/LevelOutput/Group/Groups_P80204_F80204001/LevelGroup_P80204_F80204001_G5.json",
      "Name": "New Group",
      "ID": 5
    },
    {
      "GroupGUID": "d9bf3ec1-d3a2-4d09-a6a1-159fd51382db",
      "GroupPath": "Config/LevelOutput/Group/Groups_P80204_F80204001/LevelGroup_P80204_F80204001_G6.json",
      "Name": "New Group",
      "ID": 6
    },
    {
      "GroupGUID": "c994694d-ccb8-42c4-8240-58c74f72713c",
      "GroupPath": "Config/LevelOutput/Group/Groups_P80204_F80204001/LevelGroup_P80204_F80204001_G7.json",
      "Name": "New Group",
      "ID": 7
    },
    {
      "GroupGUID": "aa0f3107-af19-4fa2-986e-39f661b20cb3",
      "GroupPath": "Config/LevelOutput/Group/Groups_P80204_F80204001/LevelGroup_P80204_F80204001_G8.json",
      "Name": "New Group",
      "ID": 8
    },
    {
      "GroupGUID": "9c5e76fa-dc0e-4d12-916f-31dd5217f9d5",
      "GroupPath": "Config/LevelOutput/Group/Groups_P80204_F80204001/LevelGroup_P80204_F80204001_G9.json",
      "Name": "New Group",
      "ID": 9
    },
    {
      "GroupGUID": "77373427-e8a3-4e12-93b0-2d6da35852d6",
      "GroupPath": "Config/LevelOutput/Group/Groups_P80204_F80204001/LevelGroup_P80204_F80204001_G21.json",
      "Name": "RogueDLC130_Area",
      "ID": 21
    },
    {
      "GroupGUID": "0104c5d7-b3e4-48b0-baf1-2d60377663fe",
      "GroupPath": "Config/LevelOutput/Group/Groups_P80204_F80204001/LevelGroup_P80204_F80204001_G11.json",
      "Name": "RogueDLC130_BaseRest",
      "ID": 11
    },
    {
      "GroupGUID": "c585553d-a14b-4723-94c1-ac54f923d51b",
      "GroupPath": "Config/LevelOutput/Group/Groups_P80204_F80204001/LevelGroup_P80204_F80204001_G12.json",
      "Name": "RogueDLC130_Rest",
      "ID": 12
    },
    {
      "GroupGUID": "00cfe48b-f9c2-4d09-8dd1-deef11a59b3b",
      "GroupPath": "Config/LevelOutput/Group/Groups_P80204_F80204001/LevelGroup_P80204_F80204001_G20.json",
      "Name": "RogueDLC130_Area",
      "ID": 20
    },
    {
      "GroupGUID": "bb45b1c3-3c68-4bf8-ace2-60217f34784a",
      "GroupPath": "Config/LevelOutput/Group/Groups_P80204_F80204001/LevelGroup_P80204_F80204001_G13.json",
      "Name": "RogueDLC130_BaseCommon",
      "ID": 13
    },
    {
      "GroupGUID": "d54c0753-f49f-43d5-854b-9dd3b242dfd3",
      "GroupPath": "Config/LevelOutput/Group/Groups_P80204_F80204001/LevelGroup_P80204_F80204001_G14.json",
      "Name": "RogueDLC130_Event",
      "ID": 14
    },
    {
      "GroupGUID": "e216368c-0b18-4791-bbba-b5632a308a39",
      "GroupPath": "Config/LevelOutput/Group/Groups_P80204_F80204001/LevelGroup_P80204_F80204001_G92.json",
      "DimensionFilter": {},
      "Name": "RogueDLC130_Event",
      "ID": 92
    },
    {
      "GroupGUID": "34fb1405-f234-44b0-86a9-a82fe7d9fc90",
      "GroupPath": "Config/LevelOutput/Group/Groups_P80204_F80204001/LevelGroup_P80204_F80204001_G93.json",
      "DimensionFilter": {},
      "Name": "RogueDLC130_Event",
      "ID": 93
    },
    {
      "GroupGUID": "81357cee-0dbc-47dd-a704-c6fbcd32a8fc",
      "GroupPath": "Config/LevelOutput/Group/Groups_P80204_F80204001/LevelGroup_P80204_F80204001_G94.json",
      "DimensionFilter": {},
      "Name": "RogueDLC130_Event",
      "ID": 94
    },
    {
      "GroupGUID": "49bc2aa5-dd29-4529-b505-93de6c3f1ef5",
      "GroupPath": "Config/LevelOutput/Group/Groups_P80204_F80204001/LevelGroup_P80204_F80204001_G95.json",
      "DimensionFilter": {},
      "Name": "RogueDLC130_Event",
      "ID": 95
    },
    {
      "GroupGUID": "c588c9d2-3c63-44b3-875e-bddb46301974",
      "GroupPath": "Config/LevelOutput/Group/Groups_P80204_F80204001/LevelGroup_P80204_F80204001_G96.json",
      "DimensionFilter": {},
      "Name": "RogueDLC130_Event",
      "ID": 96
    },
    {
      "GroupGUID": "93f02279-caf9-44b2-891e-b6c7e1ece881",
      "GroupPath": "Config/LevelOutput/Group/Groups_P80204_F80204001/LevelGroup_P80204_F80204001_G75.json",
      "Name": "RogueDLC130_MainMonster",
      "ID": 75
    },
    {
      "GroupGUID": "8a19e741-8446-4d13-a761-b7f9ee9ccf11",
      "GroupPath": "Config/LevelOutput/Group/Groups_P80204_F80204001/LevelGroup_P80204_F80204001_G58.json",
      "Name": "RogueDLC130_BaseBoss",
      "ID": 58
    },
    {
      "GroupGUID": "5396abe6-ab78-452c-8099-c103180dfd03",
      "GroupPath": "Config/LevelOutput/Group/Groups_P80204_F80204001/LevelGroup_P80204_F80204001_G59.json",
      "Name": "RogueDLC130_Elite",
      "ID": 59
    },
    {
      "GroupGUID": "7881f153-1359-431c-bd75-69ad45f28db2",
      "GroupPath": "Config/LevelOutput/Group/Groups_P80204_F80204001/LevelGroup_P80204_F80204001_G17.json",
      "Name": "RogueDLC130_Area",
      "ID": 17
    },
    {
      "GroupGUID": "6841486c-36eb-4bed-a5d3-10e42b83db98",
      "GroupPath": "Config/LevelOutput/Group/Groups_P80204_F80204001/LevelGroup_P80204_F80204001_G15.json",
      "Name": "RogueDLC130_BaseCommon",
      "ID": 15
    },
    {
      "GroupGUID": "cd8199c3-85d3-4737-b89f-8fdcac2878a0",
      "GroupPath": "Config/LevelOutput/Group/Groups_P80204_F80204001/LevelGroup_P80204_F80204001_G66.json",
      "Name": "RogueDLC130_Event",
      "ID": 66
    },
    {
      "GroupGUID": "1d92f52d-5153-4ca8-9823-6517f028b975",
      "GroupPath": "Config/LevelOutput/Group/Groups_P80204_F80204001/LevelGroup_P80204_F80204001_G16.json",
      "Name": "RogueDLC130_MainMonster",
      "ID": 16
    },
    {
      "GroupGUID": "6668ee10-82ed-4315-b4f5-9a13d91c5287",
      "GroupPath": "Config/LevelOutput/Group/Groups_P80204_F80204001/LevelGroup_P80204_F80204001_G65.json",
      "Name": "RogueDLC130_BaseCommon",
      "ID": 65
    },
    {
      "GroupGUID": "490c2650-d48a-4f7e-9ce1-090ff50eaacc",
      "GroupPath": "Config/LevelOutput/Group/Groups_P80204_F80204001/LevelGroup_P80204_F80204001_G67.json",
      "Name": "RogueDLC130_MainMonster",
      "ID": 67
    },
    {
      "GroupGUID": "1ad70031-ce5b-477e-90ba-67a866bd80fd",
      "GroupPath": "Config/LevelOutput/Group/Groups_P80204_F80204001/LevelGroup_P80204_F80204001_G68.json",
      "Name": "RogueDLC130_SubMonster",
      "ID": 68
    },
    {
      "GroupGUID": "66c47e2f-8695-4db9-81db-e3cd8fb85cb5",
      "GroupPath": "Config/LevelOutput/Group/Groups_P80204_F80204001/LevelGroup_P80204_F80204001_G22.json",
      "Name": "RogueDLC130_Area",
      "ID": 22
    },
    {
      "GroupGUID": "90f8d260-15c4-4848-8587-081e00eabcad",
      "GroupPath": "Config/LevelOutput/Group/Groups_P80204_F80204001/LevelGroup_P80204_F80204001_G23.json",
      "Name": "RogueDLC130_BaseCommon",
      "ID": 23
    },
    {
      "GroupGUID": "3cffcd90-50cd-4a01-adf0-1bdb2b7f030d",
      "GroupPath": "Config/LevelOutput/Group/Groups_P80204_F80204001/LevelGroup_P80204_F80204001_G24.json",
      "Name": "RogueDLC130_Event",
      "ID": 24
    },
    {
      "GroupGUID": "9e30b684-1ce1-4588-9e5d-c36c7008fd7f",
      "GroupPath": "Config/LevelOutput/Group/Groups_P80204_F80204001/LevelGroup_P80204_F80204001_G69.json",
      "Name": "RogueDLC130_MainMonster",
      "ID": 69
    },
    {
      "GroupGUID": "b8e60e57-faba-4b9c-a274-a7c96dc3b692",
      "GroupPath": "Config/LevelOutput/Group/Groups_P80204_F80204001/LevelGroup_P80204_F80204001_G81.json",
      "Name": "RogueDLC130_Area",
      "ID": 81
    },
    {
      "GroupGUID": "3218c4b1-6dfc-4b73-a5e3-eebce65a22e3",
      "GroupPath": "Config/LevelOutput/Group/Groups_P80204_F80204001/LevelGroup_P80204_F80204001_G82.json",
      "Name": "RogueDLC130_BaseCommon",
      "ID": 82
    },
    {
      "GroupGUID": "9c2241cc-79f4-4ca3-952a-6af17faa2808",
      "GroupPath": "Config/LevelOutput/Group/Groups_P80204_F80204001/LevelGroup_P80204_F80204001_G83.json",
      "Name": "RogueDLC130_Event",
      "ID": 83
    },
    {
      "GroupGUID": "8359ef2c-444c-4426-910d-de07e0e89c30",
      "GroupPath": "Config/LevelOutput/Group/Groups_P80204_F80204001/LevelGroup_P80204_F80204001_G84.json",
      "Name": "RogueDLC130_MainMonster",
      "ID": 84
    },
    {
      "GroupGUID": "e03c3284-ab2c-4d92-92b8-5f72dd196cdf",
      "GroupPath": "Config/LevelOutput/Group/Groups_P80204_F80204001/LevelGroup_P80204_F80204001_G31.json",
      "Name": "RogueDLC130_Area",
      "ID": 31
    },
    {
      "GroupGUID": "3f3aaad1-f880-40af-a48b-6f2c21f8da02",
      "GroupPath": "Config/LevelOutput/Group/Groups_P80204_F80204001/LevelGroup_P80204_F80204001_G32.json",
      "Name": "RogueDLC130_BaseBoss",
      "ID": 32
    },
    {
      "GroupGUID": "c7344d9c-3670-453e-980b-0422dc08caa2",
      "GroupPath": "Config/LevelOutput/Group/Groups_P80204_F80204001/LevelGroup_P80204_F80204001_G33.json",
      "Name": "RogueDLC130_Boss",
      "ID": 33
    },
    {
      "GroupGUID": "7010dc9c-9a9b-45f4-8bb1-af2aa5c64953",
      "GroupPath": "Config/LevelOutput/Group/Groups_P80204_F80204001/LevelGroup_P80204_F80204001_G57.json",
      "Name": "RogueDLC130_SwarmBoss",
      "ID": 57
    },
    {
      "GroupGUID": "5b4b727f-c924-4f72-a098-0f9eb1b633af",
      "GroupPath": "Config/LevelOutput/Group/Groups_P80204_F80204001/LevelGroup_P80204_F80204001_G34.json",
      "Name": "RogueDLC130_Area",
      "ID": 34
    },
    {
      "GroupGUID": "d04f1806-15ac-4e8c-9664-5512cc271650",
      "GroupPath": "Config/LevelOutput/Group/Groups_P80204_F80204001/LevelGroup_P80204_F80204001_G35.json",
      "Name": "RogueDLC130_BaseCommon",
      "ID": 35
    },
    {
      "GroupGUID": "1cc87b7a-6da7-4c6b-acf4-0732c671da29",
      "GroupPath": "Config/LevelOutput/Group/Groups_P80204_F80204001/LevelGroup_P80204_F80204001_G36.json",
      "Name": "RogueDLC130_MainMonster",
      "ID": 36
    },
    {
      "GroupGUID": "9d37c03d-e8d7-4275-b6c0-c328d6113274",
      "GroupPath": "Config/LevelOutput/Group/Groups_P80204_F80204001/LevelGroup_P80204_F80204001_G37.json",
      "Name": "RogueDLC130_SubMonster",
      "ID": 37
    },
    {
      "GroupGUID": "ca803f81-1db5-41e1-8dfd-7f05354010da",
      "GroupPath": "Config/LevelOutput/Group/Groups_P80204_F80204001/LevelGroup_P80204_F80204001_G70.json",
      "Name": "RogueDLC130_BaseCommon",
      "ID": 70
    },
    {
      "GroupGUID": "11f206cd-d6c8-48be-95d5-7763971c139c",
      "GroupPath": "Config/LevelOutput/Group/Groups_P80204_F80204001/LevelGroup_P80204_F80204001_G71.json",
      "Name": "RogueDLC130_Event",
      "ID": 71
    },
    {
      "GroupGUID": "0001c1be-3d37-4600-a6f5-f29192a6bf87",
      "GroupPath": "Config/LevelOutput/Group/Groups_P80204_F80204001/LevelGroup_P80204_F80204001_G72.json",
      "Name": "RogueDLC130_MainMonster",
      "ID": 72
    },
    {
      "GroupGUID": "e8b076d0-1a99-4777-9b6c-1be5d289e0f9",
      "GroupPath": "Config/LevelOutput/Group/Groups_P80204_F80204001/LevelGroup_P80204_F80204001_G38.json",
      "Name": "RogueDLC130_Area",
      "ID": 38
    },
    {
      "GroupGUID": "9b6a4b97-9172-4db7-8d93-f3812e8b2a6e",
      "GroupPath": "Config/LevelOutput/Group/Groups_P80204_F80204001/LevelGroup_P80204_F80204001_G39.json",
      "Name": "RogueDLC130_BaseCommon",
      "ID": 39
    },
    {
      "GroupGUID": "674ea0c9-ddb9-476e-9307-abdb4ab13450",
      "GroupPath": "Config/LevelOutput/Group/Groups_P80204_F80204001/LevelGroup_P80204_F80204001_G40.json",
      "Name": "RogueDLC130_MainMonster",
      "ID": 40
    },
    {
      "GroupGUID": "230ff737-1074-4379-a4a4-ee252d1ed13f",
      "GroupPath": "Config/LevelOutput/Group/Groups_P80204_F80204001/LevelGroup_P80204_F80204001_G41.json",
      "Name": "RogueDLC130_SubMonster",
      "ID": 41
    },
    {
      "GroupGUID": "a3f16a7c-d096-4d4f-8a4a-b7d3dafd872d",
      "GroupPath": "Config/LevelOutput/Group/Groups_P80204_F80204001/LevelGroup_P80204_F80204001_G42.json",
      "Name": "RogueDLC130_SubMonster",
      "ID": 42
    },
    {
      "GroupGUID": "4ce4825d-9f14-4a23-b051-f2b8a42448b0",
      "GroupPath": "Config/LevelOutput/Group/Groups_P80204_F80204001/LevelGroup_P80204_F80204001_G43.json",
      "Name": "RogueDLC130_Area",
      "ID": 43
    },
    {
      "GroupGUID": "7e58d450-f670-4287-bc03-7f00005cbf7c",
      "GroupPath": "Config/LevelOutput/Group/Groups_P80204_F80204001/LevelGroup_P80204_F80204001_G76.json",
      "Name": "RogueDLC130_BaseEmpty",
      "ID": 76
    },
    {
      "GroupGUID": "cb9f8367-4183-4e64-9c8a-40926225ce2c",
      "GroupPath": "Config/LevelOutput/Group/Groups_P80204_F80204001/LevelGroup_P80204_F80204001_G44.json",
      "Name": "RogueDLC130_BaseCommon",
      "ID": 44
    },
    {
      "GroupGUID": "7d93c7c0-610a-440e-acf1-0bfd19d3be4e",
      "GroupPath": "Config/LevelOutput/Group/Groups_P80204_F80204001/LevelGroup_P80204_F80204001_G45.json",
      "Name": "RogueDLC130_Event",
      "ID": 45
    },
    {
      "GroupGUID": "07cc631d-f110-4564-abb0-74f283eb821c",
      "GroupPath": "Config/LevelOutput/Group/Groups_P80204_F80204001/LevelGroup_P80204_F80204001_G97.json",
      "DimensionFilter": {},
      "Name": "RogueDLC130_Event",
      "ID": 97
    },
    {
      "GroupGUID": "3586bcc9-cf42-497b-adc2-4d511ae4c23b",
      "GroupPath": "Config/LevelOutput/Group/Groups_P80204_F80204001/LevelGroup_P80204_F80204001_G98.json",
      "DimensionFilter": {},
      "Name": "RogueDLC130_Event",
      "ID": 98
    },
    {
      "GroupGUID": "7b518edf-c525-4244-856b-442bd15523ed",
      "GroupPath": "Config/LevelOutput/Group/Groups_P80204_F80204001/LevelGroup_P80204_F80204001_G99.json",
      "DimensionFilter": {},
      "Name": "RogueDLC130_Event",
      "ID": 99
    },
    {
      "GroupGUID": "5c573e77-5315-4085-9077-e12cdb462d8d",
      "GroupPath": "Config/LevelOutput/Group/Groups_P80204_F80204001/LevelGroup_P80204_F80204001_G100.json",
      "DimensionFilter": {},
      "Name": "RogueDLC130_Event",
      "ID": 100
    },
    {
      "GroupGUID": "57ff0e04-5bb1-4ab9-93b8-9c63c9c625da",
      "GroupPath": "Config/LevelOutput/Group/Groups_P80204_F80204001/LevelGroup_P80204_F80204001_G101.json",
      "DimensionFilter": {},
      "Name": "RogueDLC130_Event",
      "ID": 101
    },
    {
      "GroupGUID": "0b9d07ce-bffb-4bf6-9bd8-4c23525f259c",
      "GroupPath": "Config/LevelOutput/Group/Groups_P80204_F80204001/LevelGroup_P80204_F80204001_G62.json",
      "Name": "RogueDLC130_BaseShop",
      "ID": 62
    },
    {
      "GroupGUID": "9a92bed7-afed-4660-9ff5-ebc560a99858",
      "GroupPath": "Config/LevelOutput/Group/Groups_P80204_F80204001/LevelGroup_P80204_F80204001_G63.json",
      "Name": "RogueDLC130_Shop",
      "ID": 63
    },
    {
      "GroupGUID": "c9b18a91-d5b0-42ad-bcd0-d4206f1df441",
      "GroupPath": "Config/LevelOutput/Group/Groups_P80204_F80204001/LevelGroup_P80204_F80204001_G77.json",
      "Name": "RogueDLC130_Shop",
      "ID": 77
    },
    {
      "GroupGUID": "bc89b0a2-d697-4722-b916-75d711aa5cce",
      "GroupPath": "Config/LevelOutput/Group/Groups_P80204_F80204001/LevelGroup_P80204_F80204001_G60.json",
      "Name": "RogueDLC130_BaseBoss",
      "ID": 60
    },
    {
      "GroupGUID": "a6524021-5b7e-4e7e-b9f7-bce610a744f6",
      "GroupPath": "Config/LevelOutput/Group/Groups_P80204_F80204001/LevelGroup_P80204_F80204001_G61.json",
      "Name": "RogueDLC130_Elite",
      "ID": 61
    },
    {
      "GroupGUID": "509fc1bf-8df3-4fd3-ba59-092bbd0cd11e",
      "GroupPath": "Config/LevelOutput/Group/Groups_P80204_F80204001/LevelGroup_P80204_F80204001_G46.json",
      "Name": "RogueDLC130_Area",
      "ID": 46
    },
    {
      "GroupGUID": "3080462d-015f-4b85-a8dc-afb9fbcd73dd",
      "GroupPath": "Config/LevelOutput/Group/Groups_P80204_F80204001/LevelGroup_P80204_F80204001_G47.json",
      "Name": "RogueDLC130_BaseCommon",
      "ID": 47
    },
    {
      "GroupGUID": "4435f2ed-1ae7-4b47-84aa-cfef02dd899e",
      "GroupPath": "Config/LevelOutput/Group/Groups_P80204_F80204001/LevelGroup_P80204_F80204001_G48.json",
      "Name": "RogueDLC130_MainMonster",
      "ID": 48
    },
    {
      "GroupGUID": "cc62536c-0d0b-4186-9f36-38b26c8c4a80",
      "GroupPath": "Config/LevelOutput/Group/Groups_P80204_F80204001/LevelGroup_P80204_F80204001_G49.json",
      "Name": "RogueDLC130_SubMonster",
      "ID": 49
    },
    {
      "GroupGUID": "8e6ecc04-74f0-469b-b382-6362874484d5",
      "GroupPath": "Config/LevelOutput/Group/Groups_P80204_F80204001/LevelGroup_P80204_F80204001_G50.json",
      "Name": "RogueDLC130_SubMonster",
      "ID": 50
    },
    {
      "GroupGUID": "d44dbca4-0952-461a-80f6-d67aaaadc505",
      "GroupPath": "Config/LevelOutput/Group/Groups_P80204_F80204001/LevelGroup_P80204_F80204001_G51.json",
      "Name": "RogueDLC130_Area",
      "ID": 51
    },
    {
      "GroupGUID": "a3d01454-ccd7-4d2e-b3f7-30c365ed7505",
      "GroupPath": "Config/LevelOutput/Group/Groups_P80204_F80204001/LevelGroup_P80204_F80204001_G52.json",
      "Name": "RogueDLC130_BaseCommon",
      "ID": 52
    },
    {
      "GroupGUID": "e8081a7b-bb05-4ed3-b5ed-6e1d68f547cb",
      "GroupPath": "Config/LevelOutput/Group/Groups_P80204_F80204001/LevelGroup_P80204_F80204001_G53.json",
      "Name": "RogueDLC130_MainMonster",
      "ID": 53
    },
    {
      "GroupGUID": "6a3430fb-d531-4636-bd81-fb1fb6c5243a",
      "GroupPath": "Config/LevelOutput/Group/Groups_P80204_F80204001/LevelGroup_P80204_F80204001_G73.json",
      "Name": "RogueDLC130_BaseCommon",
      "ID": 73
    },
    {
      "GroupGUID": "3070edcf-57bd-4701-b0fe-600a6089dcf3",
      "GroupPath": "Config/LevelOutput/Group/Groups_P80204_F80204001/LevelGroup_P80204_F80204001_G79.json",
      "Name": "RogueDLC130_MainMonster",
      "ID": 79
    },
    {
      "GroupGUID": "4f90f386-4e22-49ec-b248-24aee3d29e7f",
      "GroupPath": "Config/LevelOutput/Group/Groups_P80204_F80204001/LevelGroup_P80204_F80204001_G80.json",
      "Name": "RogueDLC130_SubMonster",
      "ID": 80
    },
    {
      "GroupGUID": "3c265cf2-56e8-4be6-84ff-5a248585917e",
      "GroupPath": "Config/LevelOutput/Group/Groups_P80204_F80204001/LevelGroup_P80204_F80204001_G74.json",
      "Name": "RogueDLC130_BaseEmpty",
      "ID": 74
    },
    {
      "GroupGUID": "670924f9-76a0-4c66-a8f5-25e85ab748ba",
      "GroupPath": "Config/LevelOutput/Group/Groups_P80204_F80204001/LevelGroup_P80204_F80204001_G54.json",
      "Name": "RogueDLC130_Area",
      "ID": 54
    },
    {
      "GroupGUID": "6e8dae70-2c8e-4fa5-9db2-f69414e2fd8a",
      "GroupPath": "Config/LevelOutput/Group/Groups_P80204_F80204001/LevelGroup_P80204_F80204001_G55.json",
      "Name": "RogueDLC130_BaseShop",
      "ID": 55
    },
    {
      "GroupGUID": "e98b9e16-65e6-4882-8b02-0c8ef762dbc5",
      "GroupPath": "Config/LevelOutput/Group/Groups_P80204_F80204001/LevelGroup_P80204_F80204001_G56.json",
      "Name": "RogueDLC130_Shop",
      "ID": 56
    },
    {
      "GroupGUID": "9d335fbc-9d96-4078-9a2c-84841612aab0",
      "GroupPath": "Config/LevelOutput/Group/Groups_P80204_F80204001/LevelGroup_P80204_F80204001_G78.json",
      "Name": "RogueDLC130_Shop",
      "ID": 78
    },
    {
      "GroupGUID": "af63fa8d-a5b1-4966-a297-6b7d70303a11",
      "GroupPath": "Config/LevelOutput/Group/Groups_P80204_F80204001/LevelGroup_P80204_F80204001_G64.json",
      "Name": "RogueDLC130_BaseEmpty",
      "ID": 64
    },
    {
      "GroupGUID": "891487f2-4b91-45a9-a631-1dfd2383e7d2",
      "GroupPath": "Config/LevelOutput/Group/Groups_P80204_F80204001/LevelGroup_P80204_F80204001_G88.json",
      "Name": "RogueDLC130_BaseCommon",
      "ID": 88
    },
    {
      "GroupGUID": "af12f443-26c4-44cd-8a27-a84403177a0b",
      "GroupPath": "Config/LevelOutput/Group/Groups_P80204_F80204001/LevelGroup_P80204_F80204001_G89.json",
      "Name": "RogueDLC130_MainMonster",
      "ID": 89
    },
    {
      "GroupGUID": "ea91ca3f-2bbe-4572-9f3e-b1e4d7160666",
      "GroupPath": "Config/LevelOutput/Group/Groups_P80204_F80204001/LevelGroup_P80204_F80204001_G90.json",
      "Name": "RogueDLC130_SubMonster",
      "ID": 90
    }
  ],
  "DefaultEnviroProfile": "Stages/Outputs/Chapter01/EnviroProfile/Chap01_CloseView_ADV_Area_M202_01_Night.enviroProfile.asset",
  "StageData": "Stages/Outputs/Chapter01/Stages/Chap01_MAZ_M202_MainLine_01_StageData/Chap01_MAZ_M202_MainLine_01_StageData.stage",
  "CameraType": "Maze",
  "TimeOfDayEnviroProfileMap": {},
  "LayerToAreaMask": [
    8,
    16
  ],
  "BattleAreaList": [],
  "DimensionList": [
    {}
  ],
  "NavmapConfigPath": "Config/LevelOutput/Map/MapInfo_P80204_F80204001.json",
  "EnableGroupStreaming": false,
  "EnableGroupSpaceConflict": false,
  "IsRestartLevelGraph": false
}