{
  "FloorID": 80200008,
  "FloorName": "MazeText_Empty",
  "StartGroupID": 1,
  "StartAnchorID": 1,
  "GroupList": [
    {
      "GroupGUID": "3c24da2c-4d84-409f-bd3a-8564c41df159",
      "GroupPath": "Config/LevelOutput/Group/Groups_P80200_F80200008/LevelGroup_P80200_F80200008_G1.json",
      "DimensionFilter": {},
      "Name": "DefaultGroup",
      "ID": 1
    },
    {
      "GroupGUID": "a82e77dd-e403-4bb1-be21-fc5f660b3a90",
      "GroupPath": "Config/LevelOutput/Group/Groups_P80200_F80200008/LevelGroup_P80200_F80200008_G2.json",
      "DimensionFilter": {},
      "Name": "RogueArea",
      "ID": 2
    },
    {
      "GroupGUID": "10266a68-386a-4ac2-b4d0-19adfa26514f",
      "GroupPath": "Config/LevelOutput/Group/Groups_P80200_F80200008/LevelGroup_P80200_F80200008_G3.json",
      "DimensionFilter": {},
      "Name": "RogueBase_Common",
      "ID": 3
    },
    {
      "GroupGUID": "03975ab6-310a-44a6-81a2-0dce0026af7f",
      "GroupPath": "Config/LevelOutput/Group/Groups_P80200_F80200008/LevelGroup_P80200_F80200008_G4.json",
      "DimensionFilter": {},
      "Name": "AdvDes",
      "ID": 4
    },
    {
      "GroupGUID": "2586fc85-fe8c-4d7c-9be2-0fa13b117134",
      "GroupPath": "Config/LevelOutput/Group/Groups_P80200_F80200008/LevelGroup_P80200_F80200008_G5.json",
      "DimensionFilter": {},
      "Name": "Sound",
      "ID": 5
    }
  ],
  "DefaultEnviroProfile": "Stages/Outputs/Chapter02/EnviroProfile/Chap02_CloseView_MAZ_X201_MainLine_01_Night.enviroProfile.asset",
  "StageData": "Stages/Outputs/Chapter02/Stages/Chap02_MAZ_X201_MainLine_01_StageData/Chap02_MAZ_X201_MainLine_01_StageData.stage",
  "CameraType": "Maze",
  "TimeOfDayEnviroProfileMap": {},
  "LayerToAreaMask": [
    1
  ],
  "BattleAreaList": [],
  "DimensionList": [
    {}
  ],
  "EnableGroupStreaming": false,
  "EnableGroupSpaceConflict": false,
  "IsRestartLevelGraph": false
}