{
  "FloorID": 80203001,
  "FloorName": "MazeText_Empty",
  "StartGroupID": 1,
  "StartAnchorID": 1,
  "GroupList": [
    {
      "GroupGUID": "3a4ff9d9-cc7e-4fe3-8871-ee88283c70b1",
      "GroupPath": "Config/LevelOutput/Group/Groups_P80203_F80203001/LevelGroup_P80203_F80203001_G1.json",
      "Name": "DefaultGroup",
      "ID": 1
    },
    {
      "GroupGUID": "7858de24-4007-48c3-a96d-64f030259edc",
      "GroupPath": "Config/LevelOutput/Group/Groups_P80203_F80203001/LevelGroup_P80203_F80203001_G2.json",
      "Name": "DefaultData",
      "ID": 2
    },
    {
      "GroupGUID": "fc8dd16e-1627-477c-a438-5b2faf031851",
      "GroupPath": "Config/LevelOutput/Group/Groups_P80203_F80203001/LevelGroup_P80203_F80203001_G74.json",
      "Name": "Sound",
      "ID": 74
    },
    {
      "GroupGUID": "408b2092-ef17-472b-b479-daae271fbbfd",
      "GroupPath": "Config/LevelOutput/Group/Groups_P80203_F80203001/LevelGroup_P80203_F80203001_G3.json",
      "Name": "Sound",
      "ID": 3
    },
    {
      "GroupGUID": "8fe571bf-6391-4143-a3ae-3cba81740554",
      "GroupPath": "Config/LevelOutput/Group/Groups_P80203_F80203001/LevelGroup_P80203_F80203001_G4.json",
      "Name": "New Group",
      "ID": 4
    },
    {
      "GroupGUID": "71a6e41c-e678-4d74-a423-4d1561be721a",
      "GroupPath": "Config/LevelOutput/Group/Groups_P80203_F80203001/LevelGroup_P80203_F80203001_G5.json",
      "Name": "New Group",
      "ID": 5
    },
    {
      "GroupGUID": "1092fe58-3c29-4069-a330-50d70d2c9528",
      "GroupPath": "Config/LevelOutput/Group/Groups_P80203_F80203001/LevelGroup_P80203_F80203001_G6.json",
      "Name": "New Group",
      "ID": 6
    },
    {
      "GroupGUID": "6a81de65-164e-40ec-98e3-72f845623614",
      "GroupPath": "Config/LevelOutput/Group/Groups_P80203_F80203001/LevelGroup_P80203_F80203001_G7.json",
      "Name": "New Group",
      "ID": 7
    },
    {
      "GroupGUID": "0d42a1f9-12b9-4ace-864d-5b838ebb60e2",
      "GroupPath": "Config/LevelOutput/Group/Groups_P80203_F80203001/LevelGroup_P80203_F80203001_G8.json",
      "Name": "New Group",
      "ID": 8
    },
    {
      "GroupGUID": "5116500b-d149-4fba-b869-81fe15b4ac01",
      "GroupPath": "Config/LevelOutput/Group/Groups_P80203_F80203001/LevelGroup_P80203_F80203001_G9.json",
      "Name": "New Group",
      "ID": 9
    },
    {
      "GroupGUID": "8e1dcbe2-9423-4034-a1ed-0fe4ba546d1e",
      "GroupPath": "Config/LevelOutput/Group/Groups_P80203_F80203001/LevelGroup_P80203_F80203001_G10.json",
      "Name": "RogueDLC130_Area",
      "ID": 10
    },
    {
      "GroupGUID": "60e25615-0a3a-47ce-9232-0fbf0e805454",
      "GroupPath": "Config/LevelOutput/Group/Groups_P80203_F80203001/LevelGroup_P80203_F80203001_G11.json",
      "Name": "RogueDLC130_BaseBoss",
      "ID": 11
    },
    {
      "GroupGUID": "f048c89a-f27a-4a29-a18f-c44807a877e9",
      "GroupPath": "Config/LevelOutput/Group/Groups_P80203_F80203001/LevelGroup_P80203_F80203001_G12.json",
      "Name": "RogueDLC130_Boss",
      "ID": 12
    },
    {
      "GroupGUID": "7fd7af8d-a2d7-4845-b7ca-5e82394a9acc",
      "GroupPath": "Config/LevelOutput/Group/Groups_P80203_F80203001/LevelGroup_P80203_F80203001_G13.json",
      "Name": "RogueDLC130_SwarmBoss",
      "ID": 13
    },
    {
      "GroupGUID": "d29f5a0a-c62e-417a-8c5d-b7cb2edac934",
      "GroupPath": "Config/LevelOutput/Group/Groups_P80203_F80203001/LevelGroup_P80203_F80203001_G14.json",
      "Name": "RogueDLC130_Area",
      "ID": 14
    },
    {
      "GroupGUID": "2e67a291-e61b-44ae-8539-3b41a1cd4370",
      "GroupPath": "Config/LevelOutput/Group/Groups_P80203_F80203001/LevelGroup_P80203_F80203001_G15.json",
      "Name": "RogueDLC130_BaseRest",
      "ID": 15
    },
    {
      "GroupGUID": "1a52c0f8-d22e-4353-bf7a-409f71b6a377",
      "GroupPath": "Config/LevelOutput/Group/Groups_P80203_F80203001/LevelGroup_P80203_F80203001_G16.json",
      "Name": "RogueDLC130_Rest",
      "ID": 16
    },
    {
      "GroupGUID": "03fe486f-84b8-4b19-8aa3-6d5a905c93b6",
      "GroupPath": "Config/LevelOutput/Group/Groups_P80203_F80203001/LevelGroup_P80203_F80203001_G17.json",
      "Name": "RogueDLC130_Area",
      "ID": 17
    },
    {
      "GroupGUID": "283ff501-eddf-4da0-a834-dedf95f1a5c8",
      "GroupPath": "Config/LevelOutput/Group/Groups_P80203_F80203001/LevelGroup_P80203_F80203001_G18.json",
      "Name": "RogueDLC130_BaseShop",
      "ID": 18
    },
    {
      "GroupGUID": "0c7b730d-caa7-4833-9785-5dc462adfe7e",
      "GroupPath": "Config/LevelOutput/Group/Groups_P80203_F80203001/LevelGroup_P80203_F80203001_G19.json",
      "Name": "RogueDLC130_Shop",
      "ID": 19
    },
    {
      "GroupGUID": "bec65587-9e02-4f1f-b9d0-6e484acdba5f",
      "GroupPath": "Config/LevelOutput/Group/Groups_P80203_F80203001/LevelGroup_P80203_F80203001_G65.json",
      "Name": "RogueDLC130_Shop",
      "ID": 65
    },
    {
      "GroupGUID": "3baea6d6-202b-4340-96ec-7d1d59066c59",
      "GroupPath": "Config/LevelOutput/Group/Groups_P80203_F80203001/LevelGroup_P80203_F80203001_G20.json",
      "Name": "RogueDLC130_Area",
      "ID": 20
    },
    {
      "GroupGUID": "19765744-55de-43ce-8e07-9367ae206253",
      "GroupPath": "Config/LevelOutput/Group/Groups_P80203_F80203001/LevelGroup_P80203_F80203001_G21.json",
      "Name": "RogueDLC130_BaseCommon",
      "ID": 21
    },
    {
      "GroupGUID": "edb0854c-d314-4978-b255-d666ecac9f0f",
      "GroupPath": "Config/LevelOutput/Group/Groups_P80203_F80203001/LevelGroup_P80203_F80203001_G22.json",
      "Name": "RogueDLC130_Event",
      "ID": 22
    },
    {
      "GroupGUID": "75571b66-6108-4865-8da4-fd20d78de1b4",
      "GroupPath": "Config/LevelOutput/Group/Groups_P80203_F80203001/LevelGroup_P80203_F80203001_G23.json",
      "Name": "RogueDLC130_MainMonster",
      "ID": 23
    },
    {
      "GroupGUID": "db8a353f-deb4-48d9-b686-4a93a2026c0c",
      "GroupPath": "Config/LevelOutput/Group/Groups_P80203_F80203001/LevelGroup_P80203_F80203001_G53.json",
      "Name": "RogueDLC130_BaseCommon",
      "ID": 53
    },
    {
      "GroupGUID": "9ee8ffcd-ef76-4904-a86f-f9eb5fe13d7e",
      "GroupPath": "Config/LevelOutput/Group/Groups_P80203_F80203001/LevelGroup_P80203_F80203001_G54.json",
      "Name": "RogueDLC130_MainMonster",
      "ID": 54
    },
    {
      "GroupGUID": "083c5d9a-a8cf-4480-8365-ff0612cdbb56",
      "GroupPath": "Config/LevelOutput/Group/Groups_P80203_F80203001/LevelGroup_P80203_F80203001_G55.json",
      "Name": "RogueDLC130_SubMonster",
      "ID": 55
    },
    {
      "GroupGUID": "c91040f2-4524-4b08-91d0-c668bf12c8e8",
      "GroupPath": "Config/LevelOutput/Group/Groups_P80203_F80203001/LevelGroup_P80203_F80203001_G24.json",
      "Name": "RogueDLC130_BaseEmpty",
      "ID": 24
    },
    {
      "GroupGUID": "789e3285-7603-49b6-a116-f357e2d5ac02",
      "GroupPath": "Config/LevelOutput/Group/Groups_P80203_F80203001/LevelGroup_P80203_F80203001_G25.json",
      "Name": "RogueDLC130_BaseBoss",
      "ID": 25
    },
    {
      "GroupGUID": "da5892f0-0fd1-40ae-b407-b3429556f2fe",
      "GroupPath": "Config/LevelOutput/Group/Groups_P80203_F80203001/LevelGroup_P80203_F80203001_G26.json",
      "Name": "RogueDLC130_Elite",
      "ID": 26
    },
    {
      "GroupGUID": "fd6de29d-73b0-43a4-85f0-25066449fbaa",
      "GroupPath": "Config/LevelOutput/Group/Groups_P80203_F80203001/LevelGroup_P80203_F80203001_G27.json",
      "Name": "RogueDLC130_Area",
      "ID": 27
    },
    {
      "GroupGUID": "131377bb-401b-41c1-8b30-6b94da0b7364",
      "GroupPath": "Config/LevelOutput/Group/Groups_P80203_F80203001/LevelGroup_P80203_F80203001_G28.json",
      "Name": "RogueDLC130_BaseCommon",
      "ID": 28
    },
    {
      "GroupGUID": "9635b536-9cd8-4ea1-b146-9c85b8ee59b5",
      "GroupPath": "Config/LevelOutput/Group/Groups_P80203_F80203001/LevelGroup_P80203_F80203001_G29.json",
      "Name": "RogueDLC130_Event",
      "ID": 29
    },
    {
      "GroupGUID": "4bc300d1-d3bd-440f-a371-6dce9bcf6406",
      "GroupPath": "Config/LevelOutput/Group/Groups_P80203_F80203001/LevelGroup_P80203_F80203001_G31.json",
      "Name": "RogueDLC130_MainMonster",
      "ID": 31
    },
    {
      "GroupGUID": "94e563c4-1744-4c6c-928a-c23934f4ea3c",
      "GroupPath": "Config/LevelOutput/Group/Groups_P80203_F80203001/LevelGroup_P80203_F80203001_G32.json",
      "Name": "RogueDLC130_SubMonster",
      "ID": 32
    },
    {
      "GroupGUID": "ed12feb1-f7c6-4f02-899e-80792832b480",
      "GroupPath": "Config/LevelOutput/Group/Groups_P80203_F80203001/LevelGroup_P80203_F80203001_G56.json",
      "Name": "RogueDLC130_BaseCommon",
      "ID": 56
    },
    {
      "GroupGUID": "176ae381-1359-4bfa-90b0-c70426ea8e69",
      "GroupPath": "Config/LevelOutput/Group/Groups_P80203_F80203001/LevelGroup_P80203_F80203001_G57.json",
      "Name": "RogueDLC130_Event",
      "ID": 57
    },
    {
      "GroupGUID": "5c60ed65-804a-4fdd-be06-6ce6eabe7acd",
      "GroupPath": "Config/LevelOutput/Group/Groups_P80203_F80203001/LevelGroup_P80203_F80203001_G58.json",
      "Name": "RogueDLC130_MainMonster",
      "ID": 58
    },
    {
      "GroupGUID": "5c4cf42c-dca3-43b0-9fd6-af9d20dd998d",
      "GroupPath": "Config/LevelOutput/Group/Groups_P80203_F80203001/LevelGroup_P80203_F80203001_G33.json",
      "Name": "RogueDLC130_BaseEmpty",
      "ID": 33
    },
    {
      "GroupGUID": "87f76d33-f444-4af2-a6af-33d237f5d819",
      "GroupPath": "Config/LevelOutput/Group/Groups_P80203_F80203001/LevelGroup_P80203_F80203001_G34.json",
      "Name": "RogueDLC130_BaseBoss",
      "ID": 34
    },
    {
      "GroupGUID": "452928f1-cfe6-466b-bc6a-d22d6cb32ad3",
      "GroupPath": "Config/LevelOutput/Group/Groups_P80203_F80203001/LevelGroup_P80203_F80203001_G35.json",
      "Name": "RogueDLC130_Elite",
      "ID": 35
    },
    {
      "GroupGUID": "466a3eac-0499-4381-8205-cbcc70994a32",
      "GroupPath": "Config/LevelOutput/Group/Groups_P80203_F80203001/LevelGroup_P80203_F80203001_G63.json",
      "Name": "RogueBase_Common",
      "ID": 63
    },
    {
      "GroupGUID": "4560ffca-5cc7-4ed4-8c6a-1d78fbf11970",
      "GroupPath": "Config/LevelOutput/Group/Groups_P80203_F80203001/LevelGroup_P80203_F80203001_G64.json",
      "Name": "AdvPuman",
      "ID": 64
    },
    {
      "GroupGUID": "6d581126-24e9-4061-90b1-ca231172466e",
      "GroupPath": "Config/LevelOutput/Group/Groups_P80203_F80203001/LevelGroup_P80203_F80203001_G36.json",
      "Name": "RogueDLC130_Area",
      "ID": 36
    },
    {
      "GroupGUID": "05e70d97-d300-4e98-a788-e32d50091257",
      "GroupPath": "Config/LevelOutput/Group/Groups_P80203_F80203001/LevelGroup_P80203_F80203001_G37.json",
      "Name": "RogueDLC130_BaseCommon",
      "ID": 37
    },
    {
      "GroupGUID": "5af2a107-0a79-4c81-8778-e1f9fbcab9b9",
      "GroupPath": "Config/LevelOutput/Group/Groups_P80203_F80203001/LevelGroup_P80203_F80203001_G38.json",
      "Name": "RogueDLC130_Event",
      "ID": 38
    },
    {
      "GroupGUID": "b1f01e13-8453-403b-96cb-7dc3e9218f6b",
      "GroupPath": "Config/LevelOutput/Group/Groups_P80203_F80203001/LevelGroup_P80203_F80203001_G30.json",
      "Name": "RogueDLC130_MainMonster",
      "ID": 30
    },
    {
      "GroupGUID": "b83dd646-8a64-4a5a-b5a7-7f3d050dd717",
      "GroupPath": "Config/LevelOutput/Group/Groups_P80203_F80203001/LevelGroup_P80203_F80203001_G59.json",
      "Name": "RogueDLC130_BaseCommon",
      "ID": 59
    },
    {
      "GroupGUID": "6006fa31-4e95-4e8f-bb10-aa727edc2934",
      "GroupPath": "Config/LevelOutput/Group/Groups_P80203_F80203001/LevelGroup_P80203_F80203001_G60.json",
      "Name": "RogueDLC130_Event",
      "ID": 60
    },
    {
      "GroupGUID": "65f6c53e-3143-4d29-ade5-349a760ea8a2",
      "GroupPath": "Config/LevelOutput/Group/Groups_P80203_F80203001/LevelGroup_P80203_F80203001_G61.json",
      "Name": "RogueDLC130_MainMonster",
      "ID": 61
    },
    {
      "GroupGUID": "e8237833-90a5-4775-88c6-f775d1b7e264",
      "GroupPath": "Config/LevelOutput/Group/Groups_P80203_F80203001/LevelGroup_P80203_F80203001_G39.json",
      "Name": "RogueDLC130_BaseEmpty",
      "ID": 39
    },
    {
      "GroupGUID": "3208ec3d-1d04-4ae0-8485-58d0a47e76ff",
      "GroupPath": "Config/LevelOutput/Group/Groups_P80203_F80203001/LevelGroup_P80203_F80203001_G40.json",
      "Name": "RogueDLC130_Area",
      "ID": 40
    },
    {
      "GroupGUID": "2eaa183f-0987-43b0-aea0-0f379e6929e3",
      "GroupPath": "Config/LevelOutput/Group/Groups_P80203_F80203001/LevelGroup_P80203_F80203001_G41.json",
      "Name": "RogueDLC130_BaseCommon",
      "ID": 41
    },
    {
      "GroupGUID": "35bfe84e-5be5-4751-9362-247ee3d49c87",
      "GroupPath": "Config/LevelOutput/Group/Groups_P80203_F80203001/LevelGroup_P80203_F80203001_G42.json",
      "Name": "RogueDLC130_MainMonster",
      "ID": 42
    },
    {
      "GroupGUID": "605c665a-10e1-42a1-9c18-309ac04f8ebb",
      "GroupPath": "Config/LevelOutput/Group/Groups_P80203_F80203001/LevelGroup_P80203_F80203001_G43.json",
      "Name": "RogueDLC130_SubMonster",
      "ID": 43
    },
    {
      "GroupGUID": "8229cf84-057b-4b31-a452-d1a004f3930a",
      "GroupPath": "Config/LevelOutput/Group/Groups_P80203_F80203001/LevelGroup_P80203_F80203001_G44.json",
      "Name": "RogueDLC130_SubMonster",
      "ID": 44
    },
    {
      "GroupGUID": "dba1ede9-86a7-433a-b663-676dcf70cae3",
      "GroupPath": "Config/LevelOutput/Group/Groups_P80203_F80203001/LevelGroup_P80203_F80203001_G45.json",
      "Name": "RogueDLC130_Area",
      "ID": 45
    },
    {
      "GroupGUID": "9b7fce0d-f910-4114-b3aa-37be83e67404",
      "GroupPath": "Config/LevelOutput/Group/Groups_P80203_F80203001/LevelGroup_P80203_F80203001_G46.json",
      "Name": "RogueDLC130_BaseCommon",
      "ID": 46
    },
    {
      "GroupGUID": "33185f2f-a0a2-402a-9923-983a3e4edd5e",
      "GroupPath": "Config/LevelOutput/Group/Groups_P80203_F80203001/LevelGroup_P80203_F80203001_G47.json",
      "Name": "RogueDLC130_MainMonster",
      "ID": 47
    },
    {
      "GroupGUID": "43278475-8c3c-46e3-9f09-4cb5b43abfc4",
      "GroupPath": "Config/LevelOutput/Group/Groups_P80203_F80203001/LevelGroup_P80203_F80203001_G48.json",
      "Name": "RogueDLC130_SubMonster",
      "ID": 48
    },
    {
      "GroupGUID": "8b86c377-570b-48db-a784-9ad9241f8f8d",
      "GroupPath": "Config/LevelOutput/Group/Groups_P80203_F80203001/LevelGroup_P80203_F80203001_G49.json",
      "Name": "RogueDLC130_SubMonster",
      "ID": 49
    },
    {
      "GroupGUID": "b1f50198-4248-41d1-9bdc-f5eef9123902",
      "GroupPath": "Config/LevelOutput/Group/Groups_P80203_F80203001/LevelGroup_P80203_F80203001_G50.json",
      "Name": "RogueDLC130_Area",
      "ID": 50
    },
    {
      "GroupGUID": "b526b6de-b3fc-461e-8f15-5205e4977444",
      "GroupPath": "Config/LevelOutput/Group/Groups_P80203_F80203001/LevelGroup_P80203_F80203001_G51.json",
      "Name": "RogueDLC130_BaseShop",
      "ID": 51
    },
    {
      "GroupGUID": "d5e540f5-c007-462e-9644-d948a3017064",
      "GroupPath": "Config/LevelOutput/Group/Groups_P80203_F80203001/LevelGroup_P80203_F80203001_G52.json",
      "Name": "RogueDLC130_Shop",
      "ID": 52
    },
    {
      "GroupGUID": "36dfbe0d-026f-454d-9453-a5bb889d9c3b",
      "GroupPath": "Config/LevelOutput/Group/Groups_P80203_F80203001/LevelGroup_P80203_F80203001_G66.json",
      "Name": "RogueDLC130_Shop",
      "ID": 66
    },
    {
      "GroupGUID": "a6d21638-1c8a-4a10-bbc2-9a42395cdcbe",
      "GroupPath": "Config/LevelOutput/Group/Groups_P80203_F80203001/LevelGroup_P80203_F80203001_G71.json",
      "Name": "RogueDLC130_BaseCommon",
      "ID": 71
    },
    {
      "GroupGUID": "85da8192-b7f8-4d4e-9023-0b2c11924108",
      "GroupPath": "Config/LevelOutput/Group/Groups_P80203_F80203001/LevelGroup_P80203_F80203001_G72.json",
      "Name": "RogueDLC130_Event",
      "ID": 72
    },
    {
      "GroupGUID": "80218fe8-8b51-4a0b-a7c8-8f1c5703176a",
      "GroupPath": "Config/LevelOutput/Group/Groups_P80203_F80203001/LevelGroup_P80203_F80203001_G80.json",
      "DimensionFilter": {},
      "Name": "RogueDLC130_Event",
      "ID": 80
    },
    {
      "GroupGUID": "ae3109a6-dd54-4a5e-aba2-3fcc3dfe3d3f",
      "GroupPath": "Config/LevelOutput/Group/Groups_P80203_F80203001/LevelGroup_P80203_F80203001_G81.json",
      "DimensionFilter": {},
      "Name": "RogueDLC130_Event",
      "ID": 81
    },
    {
      "GroupGUID": "d55c8ca2-5779-48e6-97f7-2e81ab126b8d",
      "GroupPath": "Config/LevelOutput/Group/Groups_P80203_F80203001/LevelGroup_P80203_F80203001_G82.json",
      "DimensionFilter": {},
      "Name": "RogueDLC130_Event",
      "ID": 82
    },
    {
      "GroupGUID": "c7226875-6bb8-4280-b49e-2e93e8ac977c",
      "GroupPath": "Config/LevelOutput/Group/Groups_P80203_F80203001/LevelGroup_P80203_F80203001_G83.json",
      "DimensionFilter": {},
      "Name": "RogueDLC130_Event",
      "ID": 83
    },
    {
      "GroupGUID": "4b1973a0-c115-4f44-8ea7-11d81f40ffcc",
      "GroupPath": "Config/LevelOutput/Group/Groups_P80203_F80203001/LevelGroup_P80203_F80203001_G84.json",
      "DimensionFilter": {},
      "Name": "RogueDLC130_Event",
      "ID": 84
    },
    {
      "GroupGUID": "fcc133c5-ec08-404c-a270-a67c64332370",
      "GroupPath": "Config/LevelOutput/Group/Groups_P80203_F80203001/LevelGroup_P80203_F80203001_G67.json",
      "Name": "RogueDLC130_Area",
      "ID": 67
    },
    {
      "GroupGUID": "74235def-9c7e-46ed-bb02-e349e1464364",
      "GroupPath": "Config/LevelOutput/Group/Groups_P80203_F80203001/LevelGroup_P80203_F80203001_G68.json",
      "Name": "RogueDLC130_BaseCommon",
      "ID": 68
    },
    {
      "GroupGUID": "13e27d96-7e6a-46f1-8d3e-d2fcd0f7dbf9",
      "GroupPath": "Config/LevelOutput/Group/Groups_P80203_F80203001/LevelGroup_P80203_F80203001_G69.json",
      "Name": "RogueDLC130_Event",
      "ID": 69
    },
    {
      "GroupGUID": "f5244a57-ad32-400e-a101-65d3784ae1e6",
      "GroupPath": "Config/LevelOutput/Group/Groups_P80203_F80203001/LevelGroup_P80203_F80203001_G75.json",
      "DimensionFilter": {},
      "Name": "RogueDLC130_Event",
      "ID": 75
    },
    {
      "GroupGUID": "eade250c-da78-4861-bb16-fba0a402778f",
      "GroupPath": "Config/LevelOutput/Group/Groups_P80203_F80203001/LevelGroup_P80203_F80203001_G76.json",
      "DimensionFilter": {},
      "Name": "RogueDLC130_Event",
      "ID": 76
    },
    {
      "GroupGUID": "674aec36-81ae-4a75-8efd-0d7012bfa193",
      "GroupPath": "Config/LevelOutput/Group/Groups_P80203_F80203001/LevelGroup_P80203_F80203001_G77.json",
      "DimensionFilter": {},
      "Name": "RogueDLC130_Event",
      "ID": 77
    },
    {
      "GroupGUID": "57dea8ab-c796-4df9-80f5-1a2686162148",
      "GroupPath": "Config/LevelOutput/Group/Groups_P80203_F80203001/LevelGroup_P80203_F80203001_G78.json",
      "DimensionFilter": {},
      "Name": "RogueDLC130_Event",
      "ID": 78
    },
    {
      "GroupGUID": "82ed4936-900f-4508-8b22-423b967fb18a",
      "GroupPath": "Config/LevelOutput/Group/Groups_P80203_F80203001/LevelGroup_P80203_F80203001_G79.json",
      "DimensionFilter": {},
      "Name": "RogueDLC130_Event",
      "ID": 79
    },
    {
      "GroupGUID": "a1cf2efa-ca6a-4fb6-9657-a8e69eda104a",
      "GroupPath": "Config/LevelOutput/Group/Groups_P80203_F80203001/LevelGroup_P80203_F80203001_G70.json",
      "Name": "RogueDLC130_MainMonster",
      "ID": 70
    }
  ],
  "DefaultEnviroProfile": "Stages/Outputs/Chapter01/EnviroProfile/Chap01_CloseView_ADV_Area_M201_01_Night.enviroProfile.asset",
  "StageData": "Stages/Outputs/Chapter01/Stages/Chap01_MAZ_M201_MainLine_01_StageData/Chap01_MAZ_M201_MainLine_01_StageData.stage",
  "CameraType": "Maze",
  "TimeOfDayEnviroProfileMap": {},
  "LayerToAreaMask": [
    1
  ],
  "BattleAreaList": [],
  "DimensionList": [
    {}
  ],
  "NavmapConfigPath": "Config/LevelOutput/Map/MapInfo_P80203_F80203001.json",
  "EnableGroupStreaming": false,
  "EnableGroupSpaceConflict": false,
  "IsRestartLevelGraph": false
}