{
  "FloorID": 80200007,
  "FloorName": "FloorName_80200007",
  "StartGroupID": 1,
  "StartAnchorID": 1,
  "GroupList": [
    {
      "GroupGUID": "f5a17f58-8838-45bf-a0f9-d28bc9c610c2",
      "GroupPath": "Config/LevelOutput/Group/Groups_P80200_F80200007/LevelGroup_P80200_F80200007_G1.json",
      "Name": "DefaultGroup",
      "ID": 1
    },
    {
      "GroupGUID": "25a7d3a0-8b23-47a0-8ff3-0110ecfdb24e",
      "GroupPath": "Config/LevelOutput/Group/Groups_P80200_F80200007/LevelGroup_P80200_F80200007_G2.json",
      "Name": "RogueArea",
      "ID": 2
    },
    {
      "GroupGUID": "bf62dff2-b1c8-42b6-adea-391f352df6b3",
      "GroupPath": "Config/LevelOutput/Group/Groups_P80200_F80200007/LevelGroup_P80200_F80200007_G3.json",
      "Name": "RogueBase_Common",
      "ID": 3
    },
    {
      "GroupGUID": "24d08e2c-66ab-47a7-aaed-17e20687dbde",
      "GroupPath": "Config/LevelOutput/Group/Groups_P80200_F80200007/LevelGroup_P80200_F80200007_G4.json",
      "Name": "AdvDes",
      "ID": 4
    },
    {
      "GroupGUID": "36acb769-f722-4b18-bcfd-56500d02b340",
      "GroupPath": "Config/LevelOutput/Group/Groups_P80200_F80200007/LevelGroup_P80200_F80200007_G5.json",
      "Name": "fog_sound",
      "ID": 5
    },
    {
      "GroupGUID": "30828a81-9162-4891-acd7-147a2b27a992",
      "GroupPath": "Config/LevelOutput/Group/Groups_P80200_F80200007/LevelGroup_P80200_F80200007_G6.json",
      "Name": "Sound",
      "ID": 6
    }
  ],
  "DefaultEnviroProfile": "Stages/Outputs/Chapter02/EnviroProfile/Chap02_CloseView_MAZ_X301_MainLine_01_Day.enviroProfile.asset",
  "StageData": "Stages/Outputs/Chapter02/Stages/Chap02_MAZ_X301_MainLine_01_StageData/Chap02_MAZ_X301_MainLine_01_StageData.stage",
  "CameraType": "Maze",
  "TimeOfDayEnviroProfileMap": {},
  "LayerToAreaMask": [
    8,
    16
  ],
  "BattleAreaList": [],
  "DimensionList": [
    {}
  ],
  "NavmapConfigPath": "Config/LevelOutput/Map/MapInfo_P80200_F80200007.json",
  "IsRestartLevelGraph": false
}