{
  "FloorID": 80200006,
  "FloorName": "MazeText_Empty",
  "StartGroupID": 2,
  "StartAnchorID": 1,
  "GroupList": [
    {
      "GroupGUID": "62cf2cbd-0c22-4896-b958-e5a5b55c75c7",
      "GroupPath": "Config/LevelOutput/Group/Groups_P80200_F80200006/LevelGroup_P80200_F80200006_G2.json",
      "Name": "DefaultGroup",
      "ID": 2
    },
    {
      "GroupGUID": "a15a9cca-4d46-4c30-9ee9-7cd9b28beb40",
      "GroupPath": "Config/LevelOutput/Group/Groups_P80200_F80200006/LevelGroup_P80200_F80200006_G3.json",
      "Name": "RogueArea",
      "ID": 3
    },
    {
      "GroupGUID": "3592df20-0496-4953-b953-c85017d08a14",
      "GroupPath": "Config/LevelOutput/Group/Groups_P80200_F80200006/LevelGroup_P80200_F80200006_G4.json",
      "Name": "RogueBase_Common",
      "ID": 4
    },
    {
      "GroupGUID": "4110a2ac-1b79-40d0-9e0d-dbc1696810fd",
      "GroupPath": "Config/LevelOutput/Group/Groups_P80200_F80200006/LevelGroup_P80200_F80200006_G5.json",
      "Name": "AdvDes",
      "ID": 5
    },
    {
      "GroupGUID": "cb869988-34ce-428e-a4c3-65b33c7b2703",
      "GroupPath": "Config/LevelOutput/Group/Groups_P80200_F80200006/LevelGroup_P80200_F80200006_G6.json",
      "Name": "Sound",
      "ID": 6
    }
  ],
  "DefaultEnviroProfile": "Stages/Outputs/Chapter01/EnviroProfile/Chap01_CloseView_ADV_Area_M201_01_Night.enviroProfile.asset",
  "StageData": "Stages/Outputs/Chapter01/Stages/Chap01_MAZ_M201_MainLine_01_StageData/Chap01_MAZ_M201_MainLine_01_StageData.stage",
  "CameraType": "Maze",
  "TimeOfDayEnviroProfileMap": {},
  "LayerToAreaMask": [
    1
  ],
  "BattleAreaList": [],
  "DimensionList": [
    {}
  ],
  "NavmapConfigPath": "Config/LevelOutput/Map/MapInfo_P80200_F80200006.json",
  "EnableGroupStreaming": false,
  "EnableGroupSpaceConflict": false,
  "IsRestartLevelGraph": false
}