{
  "FloorID": 80200002,
  "FloorName": "MazeText_Empty",
  "StartGroupID": 5,
  "StartAnchorID": 1,
  "GroupList": [
    {
      "GroupGUID": "a21dbba2-f898-4ed8-97dd-785fe1381e01",
      "GroupPath": "Config/LevelOutput/Group/Groups_P80200_F80200002/LevelGroup_P80200_F80200002_G4.json",
      "Name": "RogueArea",
      "ID": 4
    },
    {
      "GroupGUID": "fdbd6c87-9012-42af-87e0-e311fac5b0db",
      "GroupPath": "Config/LevelOutput/Group/Groups_P80200_F80200002/LevelGroup_P80200_F80200002_G5.json",
      "Name": "RogueBase_Common",
      "ID": 5
    },
    {
      "GroupGUID": "0944d8b7-c98d-461d-a2bf-f22db55be536",
      "GroupPath": "Config/LevelOutput/Group/Groups_P80200_F80200002/LevelGroup_P80200_F80200002_G6.json",
      "Name": "AdvDes",
      "ID": 6
    }
  ],
  "DefaultEnviroProfile": "Stages/Outputs/Chapter00/EnviroProfile/Chap00_CloseView_MAZ_N301_01_Day.enviroProfile.asset",
  "StageData": "Stages/Outputs/Chapter00/Stages/Chap00_MAZ_N301_MainLine_01_StageData/Chap00_MAZ_N301_MainLine_01_StageData.stage",
  "CameraType": "Maze",
  "MinimapVolumeData": {
    "Center": {
      "X": 2.9,
      "Y": 0,
      "Z": -105.4
    },
    "Size": {
      "X": 356.8566,
      "Y": 102.6,
      "Z": 314.8
    },
    "SectionVertices": [
      {
        "X": -135.0719,
        "Y": -54.02288
      },
      {
        "X": -94.73148,
        "Y": -54.13227
      },
      {
        "X": -94.73148,
        "Y": -79.9492
      },
      {
        "X": -135.0719,
        "Y": -80.0339
      },
      {
        "X": -45.59603,
        "Y": -54.13227
      },
      {
        "X": -45.69099,
        "Y": -74.03135
      },
      {
        "X": -94.73148,
        "Y": -71.62117
      },
      {
        "X": -63.36706,
        "Y": -74.03135
      },
      {
        "X": -63.50132,
        "Y": -97.0217
      },
      {
        "X": -45.59603,
        "Y": -97.0217
      },
      {
        "X": -45.59603,
        "Y": -82.03122
      },
      {
        "X": -21.01118,
        "Y": -86.70338
      },
      {
        "X": -21.01118,
        "Y": -109.0462
      },
      {
        "X": -41.01561,
        "Y": -86.61164
      },
      {
        "X": -28.10714,
        "Y": -109.0973
      },
      {
        "X": -34.76958,
        "Y": -97.0217
      },
      {
        "X": -28.10714,
        "Y": -104.1005
      },
      {
        "X": -20.6119,
        "Y": -137.8291
      },
      {
        "X": 16.44789,
        "Y": -137.8291
      },
      {
        "X": -21.01118,
        "Y": -53.35593
      },
      {
        "X": 33.93678,
        "Y": -53.29947
      },
      {
        "X": 33.93678,
        "Y": -109.0973
      },
      {
        "X": 7.287038,
        "Y": -12.49207
      },
      {
        "X": 7.287038,
        "Y": -53.29947
      },
      {
        "X": -156.359,
        "Y": 19.5709
      },
      {
        "X": -122.3985,
        "Y": 19.675
      },
      {
        "X": -122.3985,
        "Y": -4.0017
      },
      {
        "X": -156.359,
        "Y": -4.164024
      },
      {
        "X": -121.0644,
        "Y": 19.675
      },
      {
        "X": -94.71708,
        "Y": 19.675
      },
      {
        "X": -94.71708,
        "Y": -6.336016
      },
      {
        "X": -121.0644,
        "Y": 2.334335
      },
      {
        "X": -94.73148,
        "Y": 19.5709
      },
      {
        "X": -61.00291,
        "Y": 19.5709
      },
      {
        "X": -61.03249,
        "Y": -6.336016
      },
      {
        "X": -89.31824,
        "Y": 19.5709
      },
      {
        "X": -89.31824,
        "Y": 59.9619
      },
      {
        "X": -66.83254,
        "Y": 59.9619
      },
      {
        "X": -66.83254,
        "Y": 19.5709
      },
      {
        "X": -61.00291,
        "Y": 15.82328
      },
      {
        "X": -44.76323,
        "Y": 15.82328
      },
      {
        "X": -44.76323,
        "Y": 26.23335
      },
      {
        "X": -44.76323,
        "Y": 2.498403
      },
      {
        "X": -44.76323,
        "Y": -11.65925
      },
      {
        "X": -7.670744,
        "Y": 53.6894
      },
      {
        "X": 6.003205,
        "Y": 53.6894
      },
      {
        "X": -11.00585,
        "Y": 53.6894
      },
      {
        "X": 22.01171,
        "Y": 39.68346
      },
      {
        "X": 22.01171,
        "Y": 53.6894
      },
      {
        "X": 37.68671,
        "Y": 39.68346
      },
      {
        "X": 37.6844,
        "Y": -12.49207
      },
      {
        "X": 37.6844,
        "Y": 15.82328
      },
      {
        "X": 37.6844,
        "Y": 3.331204
      },
      {
        "X": 69.74734,
        "Y": 15.82328
      },
      {
        "X": 69.74734,
        "Y": 3.331204
      },
      {
        "X": 69.74734,
        "Y": 22.4857
      },
      {
        "X": 119.2992,
        "Y": 22.4857
      },
      {
        "X": 119.2992,
        "Y": -2.914822
      },
      {
        "X": 69.74734,
        "Y": -2.914822
      },
      {
        "X": 16.44789,
        "Y": -109.0973
      },
      {
        "X": -23.11032,
        "Y": 26.23335
      },
      {
        "X": -23.11032,
        "Y": -11.65925
      },
      {
        "X": -11.03465,
        "Y": 30.81375
      },
      {
        "X": 14.36588,
        "Y": 30.81375
      },
      {
        "X": 14.36588,
        "Y": -12.49207
      },
      {
        "X": -20.6119,
        "Y": -12.49207
      },
      {
        "X": -31.02196,
        "Y": 30.81375
      },
      {
        "X": 26.85794,
        "Y": 30.81375
      },
      {
        "X": 26.85794,
        "Y": -18.7381
      },
      {
        "X": -31.02196,
        "Y": -19.1545
      }
    ],
    "Atlas": "UI/Atlas/AtlasFiles/Minimap/Minimap_20131001.spriteatlas",
    "Sections": [
      {
        "ID": 1,
        "MapLayerID": 1,
        "Sprite": "UI/Atlas/AtlasRoot/Minimap/Minimap_20131001/MinimapSection_20131001_1.png",
        "Indices": [
          1,
          4,
          5,
          7,
          6
        ],
        "UIPosition": {
          "X": 250,
          "Y": 249
        },
        "Center": {
          "X": -178.4283,
          "Y": 157.4
        },
        "Triangles": [
          {
            "X": 0.32243,
            "Y": 0.264831
          },
          {
            "X": 0.371963,
            "Y": 0.264831
          },
          {
            "X": 0.372229,
            "Y": 0.328042
          },
          {
            "X": 0.32243,
            "Y": 0.264831
          },
          {
            "X": 0.372229,
            "Y": 0.328042
          },
          {
            "X": 0.234539,
            "Y": 0.328042
          },
          {
            "X": 0.234539,
            "Y": 0.328042
          },
          {
            "X": 0.234539,
            "Y": 0.272487
          },
          {
            "X": 0.32243,
            "Y": 0.264831
          }
        ],
        "Pivot": {
          "X": 0,
          "Y": 1
        }
      },
      {
        "ID": 2,
        "MapLayerID": 1,
        "Sprite": "UI/Atlas/AtlasRoot/Minimap/Minimap_20131001/MinimapSection_20131001_2.png",
        "Indices": [
          5,
          10,
          9,
          8,
          7
        ],
        "UIPosition": {
          "X": 344,
          "Y": 180
        },
        "Center": {
          "X": -178.4283,
          "Y": 157.4
        },
        "Triangles": [
          {
            "X": 0.322054,
            "Y": 0.191799
          },
          {
            "X": 0.372229,
            "Y": 0.191799
          },
          {
            "X": 0.372229,
            "Y": 0.239418
          },
          {
            "X": 0.32243,
            "Y": 0.264831
          },
          {
            "X": 0.322054,
            "Y": 0.191799
          },
          {
            "X": 0.372229,
            "Y": 0.239418
          },
          {
            "X": 0.371963,
            "Y": 0.264831
          },
          {
            "X": 0.32243,
            "Y": 0.264831
          },
          {
            "X": 0.372229,
            "Y": 0.239418
          }
        ],
        "Pivot": {
          "X": 0,
          "Y": 1
        }
      },
      {
        "ID": 3,
        "MapLayerID": 1,
        "Sprite": "UI/Atlas/AtlasRoot/Minimap/Minimap_20131001/MinimapSection_20131001_3.png",
        "Indices": [
          9,
          15,
          16,
          14,
          12,
          11,
          13,
          10
        ],
        "UIPosition": {
          "X": 397,
          "Y": 144
        },
        "Center": {
          "X": -178.4283,
          "Y": 157.4
        },
        "Triangles": [
          {
            "X": 0.421237,
            "Y": 0.169312
          },
          {
            "X": 0.421237,
            "Y": 0.153439
          },
          {
            "X": 0.441122,
            "Y": 0.153602
          },
          {
            "X": 0.441122,
            "Y": 0.153602
          },
          {
            "X": 0.441122,
            "Y": 0.224576
          },
          {
            "X": 0.385064,
            "Y": 0.224868
          },
          {
            "X": 0.372229,
            "Y": 0.239418
          },
          {
            "X": 0.372229,
            "Y": 0.191799
          },
          {
            "X": 0.402567,
            "Y": 0.191799
          },
          {
            "X": 0.402567,
            "Y": 0.191799
          },
          {
            "X": 0.421237,
            "Y": 0.169312
          },
          {
            "X": 0.441122,
            "Y": 0.153602
          },
          {
            "X": 0.402567,
            "Y": 0.191799
          },
          {
            "X": 0.441122,
            "Y": 0.153602
          },
          {
            "X": 0.385064,
            "Y": 0.224868
          },
          {
            "X": 0.372229,
            "Y": 0.239418
          },
          {
            "X": 0.402567,
            "Y": 0.191799
          },
          {
            "X": 0.385064,
            "Y": 0.224868
          }
        ],
        "Pivot": {
          "X": 0,
          "Y": 1
        }
      },
      {
        "MapLayerID": 1,
        "Sprite": "UI/Atlas/AtlasRoot/Minimap/Minimap_20131001/MinimapSection_20131001_0.png",
        "Indices": [
          0,
          1,
          2,
          3
        ],
        "UIPosition": {
          "X": 129,
          "Y": 231
        },
        "Center": {
          "X": -178.4283,
          "Y": 157.4
        },
        "Triangles": [
          {
            "X": 0.234539,
            "Y": 0.328042
          },
          {
            "X": 0.121495,
            "Y": 0.32839
          },
          {
            "X": 0.121495,
            "Y": 0.245763
          },
          {
            "X": 0.234539,
            "Y": 0.328042
          },
          {
            "X": 0.121495,
            "Y": 0.245763
          },
          {
            "X": 0.234539,
            "Y": 0.246032
          }
        ],
        "Pivot": {
          "X": 0,
          "Y": 1
        }
      },
      {
        "ID": 7,
        "MapLayerID": 1,
        "Sprite": "UI/Atlas/AtlasRoot/Minimap/Minimap_20131001/MinimapSection_20131001_7.png",
        "Indices": [
          24,
          25,
          28,
          31,
          26,
          27
        ],
        "UIPosition": {
          "X": 65,
          "Y": 459
        },
        "Triangles": [
          {
            "X": 0.061844,
            "Y": 0.562169
          },
          {
            "X": 0.061844,
            "Y": 0.486773
          },
          {
            "X": 0.157009,
            "Y": 0.487288
          },
          {
            "X": 0.157009,
            "Y": 0.5625
          },
          {
            "X": 0.061844,
            "Y": 0.562169
          },
          {
            "X": 0.157009,
            "Y": 0.487288
          },
          {
            "X": 0.157009,
            "Y": 0.5625
          },
          {
            "X": 0.157009,
            "Y": 0.487288
          },
          {
            "X": 0.160748,
            "Y": 0.507415
          },
          {
            "X": 0.157009,
            "Y": 0.5625
          },
          {
            "X": 0.160748,
            "Y": 0.507415
          },
          {
            "X": 0.160748,
            "Y": 0.5625
          }
        ]
      },
      {
        "ID": 8,
        "MapLayerID": 1,
        "Sprite": "UI/Atlas/AtlasRoot/Minimap/Minimap_20131001/MinimapSection_20131001_8.png",
        "Indices": [
          28,
          29,
          30,
          31
        ],
        "UIPosition": {
          "X": 171,
          "Y": 452
        },
        "Triangles": [
          {
            "X": 0.160748,
            "Y": 0.507415
          },
          {
            "X": 0.234579,
            "Y": 0.479873
          },
          {
            "X": 0.234579,
            "Y": 0.5625
          },
          {
            "X": 0.160748,
            "Y": 0.5625
          },
          {
            "X": 0.160748,
            "Y": 0.507415
          },
          {
            "X": 0.234579,
            "Y": 0.5625
          }
        ]
      },
      {
        "ID": 11,
        "MapLayerID": 1,
        "Sprite": "UI/Atlas/AtlasRoot/Minimap/Minimap_20131001/MinimapSection_20131001_11.png",
        "IsRect": true,
        "Indices": [
          35,
          36,
          37,
          38
        ],
        "UIPosition": {
          "X": 266,
          "Y": 530
        },
        "Triangles": [
          {
            "X": 0.249708,
            "Y": 0.562169
          },
          {
            "X": 0.312719,
            "Y": 0.562169
          },
          {
            "X": 0.312719,
            "Y": 0.690476
          },
          {
            "X": 0.249708,
            "Y": 0.562169
          },
          {
            "X": 0.312719,
            "Y": 0.690476
          },
          {
            "X": 0.249708,
            "Y": 0.690476
          }
        ]
      },
      {
        "ID": 9,
        "MapLayerID": 1,
        "Sprite": "UI/Atlas/AtlasRoot/Minimap/Minimap_20131001/MinimapSection_20131001_9.png",
        "Indices": [
          29,
          32,
          33,
          39,
          34,
          30
        ],
        "UIPosition": {
          "X": 250,
          "Y": 452
        },
        "Triangles": [
          {
            "X": 0.234579,
            "Y": 0.479873
          },
          {
            "X": 0.328972,
            "Y": 0.479873
          },
          {
            "X": 0.329055,
            "Y": 0.550265
          },
          {
            "X": 0.234579,
            "Y": 0.479873
          },
          {
            "X": 0.329055,
            "Y": 0.550265
          },
          {
            "X": 0.329055,
            "Y": 0.562169
          },
          {
            "X": 0.234579,
            "Y": 0.5625
          },
          {
            "X": 0.234579,
            "Y": 0.479873
          },
          {
            "X": 0.329055,
            "Y": 0.562169
          },
          {
            "X": 0.234579,
            "Y": 0.5625
          },
          {
            "X": 0.329055,
            "Y": 0.562169
          },
          {
            "X": 0.234539,
            "Y": 0.562169
          }
        ]
      },
      {
        "ID": 18,
        "MapLayerID": 1,
        "Sprite": "UI/Atlas/AtlasRoot/Minimap/Minimap_20131001/MinimapSection_20131001_18.png",
        "IsRect": true,
        "Indices": [
          51,
          53,
          54,
          52
        ],
        "UIPosition": {
          "X": 647,
          "Y": 481
        },
        "Center": {
          "X": -178.4283,
          "Y": 157.4
        },
        "Triangles": [
          {
            "X": 0.605601,
            "Y": 0.550265
          },
          {
            "X": 0.605601,
            "Y": 0.510582
          },
          {
            "X": 0.695449,
            "Y": 0.510582
          },
          {
            "X": 0.605601,
            "Y": 0.550265
          },
          {
            "X": 0.695449,
            "Y": 0.510582
          },
          {
            "X": 0.695449,
            "Y": 0.550265
          }
        ],
        "Pivot": {
          "X": 0,
          "Y": 1
        }
      },
      {
        "ID": 19,
        "MapLayerID": 1,
        "Sprite": "UI/Atlas/AtlasRoot/Minimap/Minimap_20131001/MinimapSection_20131001_19.png",
        "IsRect": true,
        "Indices": [
          55,
          56,
          57,
          58
        ],
        "UIPosition": {
          "X": 743,
          "Y": 462
        },
        "InitialHidden": false,
        "Center": {
          "X": -178.4283,
          "Y": 157.4
        },
        "Triangles": [
          {
            "X": 0.695449,
            "Y": 0.571429
          },
          {
            "X": 0.695449,
            "Y": 0.490741
          },
          {
            "X": 0.834306,
            "Y": 0.490741
          },
          {
            "X": 0.695449,
            "Y": 0.571429
          },
          {
            "X": 0.834306,
            "Y": 0.490741
          },
          {
            "X": 0.834306,
            "Y": 0.571429
          }
        ],
        "Pivot": {
          "X": 0,
          "Y": 1
        }
      },
      {
        "ID": 5,
        "MapLayerID": 1,
        "Sprite": "UI/Atlas/AtlasRoot/Minimap/Minimap_20131001/MinimapSection_20131001_5.png",
        "Indices": [
          19,
          23,
          20,
          21,
          59,
          12
        ],
        "UIPosition": {
          "X": 471,
          "Y": 144
        },
        "Center": {
          "X": -178.4283,
          "Y": 157.4
        },
        "Triangles": [
          {
            "X": 0.441122,
            "Y": 0.330509
          },
          {
            "X": 0.441122,
            "Y": 0.153602
          },
          {
            "X": 0.546091,
            "Y": 0.153439
          },
          {
            "X": 0.595099,
            "Y": 0.153439
          },
          {
            "X": 0.595099,
            "Y": 0.330688
          },
          {
            "X": 0.52042,
            "Y": 0.330688
          },
          {
            "X": 0.52042,
            "Y": 0.330688
          },
          {
            "X": 0.441122,
            "Y": 0.330509
          },
          {
            "X": 0.546091,
            "Y": 0.153439
          },
          {
            "X": 0.52042,
            "Y": 0.330688
          },
          {
            "X": 0.546091,
            "Y": 0.153439
          },
          {
            "X": 0.595099,
            "Y": 0.153439
          }
        ],
        "Pivot": {
          "X": 0,
          "Y": 1
        }
      },
      {
        "ID": 4,
        "MapLayerID": 1,
        "Sprite": "UI/Atlas/AtlasRoot/Minimap/Minimap_20131001/MinimapSection_20131001_4.png",
        "Indices": [
          12,
          59,
          18,
          17
        ],
        "UIPosition": {
          "X": 471,
          "Y": 58
        },
        "Center": {
          "X": -178.4283,
          "Y": 157.4
        },
        "Triangles": [
          {
            "X": 0.546091,
            "Y": 0.153439
          },
          {
            "X": 0.441122,
            "Y": 0.153602
          },
          {
            "X": 0.44224,
            "Y": 0.062169
          },
          {
            "X": 0.546091,
            "Y": 0.153439
          },
          {
            "X": 0.44224,
            "Y": 0.062169
          },
          {
            "X": 0.546091,
            "Y": 0.062169
          }
        ],
        "Pivot": {
          "X": 0,
          "Y": 1
        }
      },
      {
        "ID": 6,
        "MapLayerID": 1,
        "Sprite": "UI/Atlas/AtlasRoot/Minimap/Minimap_20131001/MinimapSection_20131001_6.png",
        "Indices": [
          34,
          39,
          40,
          41,
          60,
          61,
          43,
          42
        ],
        "UIPosition": {
          "X": 351,
          "Y": 436
        },
        "Center": {
          "X": -178.4283,
          "Y": 157.4
        },
        "Triangles": [
          {
            "X": 0.329055,
            "Y": 0.550265
          },
          {
            "X": 0.328972,
            "Y": 0.479873
          },
          {
            "X": 0.374562,
            "Y": 0.507937
          },
          {
            "X": 0.374562,
            "Y": 0.550265
          },
          {
            "X": 0.329055,
            "Y": 0.550265
          },
          {
            "X": 0.374562,
            "Y": 0.507937
          },
          {
            "X": 0.374562,
            "Y": 0.507937
          },
          {
            "X": 0.374562,
            "Y": 0.462963
          },
          {
            "X": 0.435239,
            "Y": 0.462963
          },
          {
            "X": 0.374562,
            "Y": 0.507937
          },
          {
            "X": 0.435239,
            "Y": 0.462963
          },
          {
            "X": 0.435239,
            "Y": 0.583333
          },
          {
            "X": 0.374562,
            "Y": 0.507937
          },
          {
            "X": 0.435239,
            "Y": 0.583333
          },
          {
            "X": 0.374562,
            "Y": 0.583333
          },
          {
            "X": 0.374562,
            "Y": 0.550265
          },
          {
            "X": 0.374562,
            "Y": 0.507937
          },
          {
            "X": 0.374562,
            "Y": 0.583333
          }
        ],
        "Pivot": {
          "X": 0,
          "Y": 1
        }
      },
      {
        "ID": 10,
        "MapLayerID": 1,
        "Sprite": "UI/Atlas/AtlasRoot/Minimap/Minimap_20131001/MinimapSection_20131001_10.png",
        "Indices": [
          48,
          47,
          63,
          62,
          46
        ],
        "UIPosition": {
          "X": 501,
          "Y": 563
        },
        "Center": {
          "X": -178.4283,
          "Y": 157.4
        },
        "Triangles": [
          {
            "X": 0.469159,
            "Y": 0.670551
          },
          {
            "X": 0.469078,
            "Y": 0.597884
          },
          {
            "X": 0.540257,
            "Y": 0.597884
          },
          {
            "X": 0.561682,
            "Y": 0.670551
          },
          {
            "X": 0.469159,
            "Y": 0.670551
          },
          {
            "X": 0.540257,
            "Y": 0.597884
          },
          {
            "X": 0.561682,
            "Y": 0.670551
          },
          {
            "X": 0.540257,
            "Y": 0.597884
          },
          {
            "X": 0.561682,
            "Y": 0.626059
          }
        ],
        "Pivot": {
          "X": 0,
          "Y": 1
        }
      },
      {
        "ID": 16,
        "MapLayerID": 1,
        "Sprite": "UI/Atlas/AtlasRoot/Minimap/Minimap_20131001/MinimapSection_20131001_16.png",
        "Indices": [
          47,
          49,
          51,
          50,
          64,
          63
        ],
        "UIPosition": {
          "X": 577,
          "Y": 434
        },
        "Center": {
          "X": -178.4283,
          "Y": 157.4
        },
        "Triangles": [
          {
            "X": 0.540257,
            "Y": 0.460317
          },
          {
            "X": 0.605601,
            "Y": 0.460317
          },
          {
            "X": 0.605601,
            "Y": 0.550265
          },
          {
            "X": 0.540257,
            "Y": 0.597884
          },
          {
            "X": 0.540257,
            "Y": 0.460317
          },
          {
            "X": 0.605601,
            "Y": 0.550265
          },
          {
            "X": 0.540257,
            "Y": 0.597884
          },
          {
            "X": 0.605601,
            "Y": 0.550265
          },
          {
            "X": 0.605608,
            "Y": 0.626059
          },
          {
            "X": 0.561682,
            "Y": 0.626059
          },
          {
            "X": 0.540257,
            "Y": 0.597884
          },
          {
            "X": 0.605608,
            "Y": 0.626059
          }
        ],
        "Pivot": {
          "X": 0,
          "Y": 1
        }
      },
      {
        "ID": 17,
        "MapLayerID": 1,
        "Sprite": "UI/Atlas/AtlasRoot/Minimap/Minimap_20131001/MinimapSection_20131001_17.png",
        "Indices": [
          19,
          65,
          22,
          23
        ],
        "UIPosition": {
          "X": 471,
          "Y": 311
        },
        "Center": {
          "X": -178.4283,
          "Y": 157.4
        },
        "Triangles": [
          {
            "X": 0.44224,
            "Y": 0.460317
          },
          {
            "X": 0.441122,
            "Y": 0.330509
          },
          {
            "X": 0.52042,
            "Y": 0.330688
          },
          {
            "X": 0.44224,
            "Y": 0.460317
          },
          {
            "X": 0.52042,
            "Y": 0.330688
          },
          {
            "X": 0.52042,
            "Y": 0.460317
          }
        ],
        "Pivot": {
          "X": 0,
          "Y": 1
        }
      },
      {
        "ID": 20,
        "MapLayerID": 1,
        "Sprite": "UI/Atlas/AtlasRoot/Minimap/Minimap_20131001/MinimapSection_20131001_20.png",
        "Indices": [
          66,
          67,
          68,
          69
        ],
        "UIPosition": {
          "X": 441,
          "Y": 414
        },
        "Type": "RoadItem",
        "Center": {
          "X": -2.212708,
          "Y": 10.41722
        },
        "GroupID": 6,
        "PropID": 300006,
        "Triangles": [
          {
            "X": 0.413069,
            "Y": 0.597884
          },
          {
            "X": 0.413069,
            "Y": 0.439153
          },
          {
            "X": 0.575263,
            "Y": 0.440476
          },
          {
            "X": 0.413069,
            "Y": 0.597884
          },
          {
            "X": 0.575263,
            "Y": 0.440476
          },
          {
            "X": 0.575263,
            "Y": 0.597884
          }
        ],
        "Pivot": {
          "X": 0.493799,
          "Y": 0.533092
        }
      }
    ],
    "BackgroundMapSprite": "SpriteOutput/MapPics/Minimap/Minimap_Chap01_MAZ_M301_BackGround.png",
    "RoadMapSpriteDict": {
      "1": "SpriteOutput/MapPics/Minimap/Minimap_Chap01_MAZ_M301_Road.png"
    },
    "ItemSpriteDict": {
      "1": "SpriteOutput/MapPics/Minimap/Minimap_Chap01_MAZ_M301_Road_Bridge.png"
    }
  },
  "TimeOfDayEnviroProfileMap": {},
  "LayerToAreaMask": [
    1
  ],
  "IsRestartLevelGraph": false
}