{
  "FloorID": 80200001,
  "FloorName": "MazeText_Empty",
  "StartGroupID": 1,
  "StartAnchorID": 1,
  "GroupList": [
    {
      "GroupGUID": "7913e807-0717-420f-953a-d5a9e8fc8583",
      "GroupPath": "Config/LevelOutput/Group/Groups_P80200_F80200001/LevelGroup_P80200_F80200001_G1.json",
      "Name": "DefaultGroup",
      "ID": 1
    },
    {
      "GroupGUID": "5b3dd771-a146-4b90-911b-3f0c6bcd6376",
      "GroupPath": "Config/LevelOutput/Group/Groups_P80200_F80200001/LevelGroup_P80200_F80200001_G25.json",
      "Name": "Default",
      "ID": 25
    },
    {
      "GroupGUID": "1d67656a-78aa-4324-b073-fce11c24f361",
      "GroupPath": "Config/LevelOutput/Group/Groups_P80200_F80200001/LevelGroup_P80200_F80200001_G26.json",
      "Name": "Sound",
      "ID": 26
    },
    {
      "GroupGUID": "d4d79341-b0de-4db6-90da-140ec7b632ae",
      "GroupPath": "Config/LevelOutput/Group/Groups_P80200_F80200001/LevelGroup_P80200_F80200001_G27.json",
      "Name": "MainMission_RoadBlock",
      "ID": 27
    },
    {
      "GroupGUID": "ba31b37d-28d7-4024-b1e1-8b426753f1eb",
      "GroupPath": "Config/LevelOutput/Group/Groups_P80200_F80200001/LevelGroup_P80200_F80200001_G28.json",
      "Name": "PolymerSceneProp",
      "ID": 28
    },
    {
      "GroupGUID": "897f992a-936a-498f-8fbf-9101f9891bc6",
      "GroupPath": "Config/LevelOutput/Group/Groups_P80200_F80200001/LevelGroup_P80200_F80200001_G30.json",
      "Name": "RogueDLC130_Area",
      "ID": 30
    },
    {
      "GroupGUID": "87a9ed4e-ab4e-4613-b231-578a1b25b43d",
      "GroupPath": "Config/LevelOutput/Group/Groups_P80200_F80200001/LevelGroup_P80200_F80200001_G31.json",
      "Name": "RogueDLC130_BaseBoss",
      "ID": 31
    },
    {
      "GroupGUID": "261c79d2-ddd7-465e-aea7-f28e86555175",
      "GroupPath": "Config/LevelOutput/Group/Groups_P80200_F80200001/LevelGroup_P80200_F80200001_G32.json",
      "Name": "RogueDLC130_Boss",
      "ID": 32
    },
    {
      "GroupGUID": "2d2f780a-820a-498f-a9c6-480a020ba046",
      "GroupPath": "Config/LevelOutput/Group/Groups_P80200_F80200001/LevelGroup_P80200_F80200001_G46.json",
      "Name": "RogueDLC130_Area",
      "ID": 46
    },
    {
      "GroupGUID": "13af3a42-80e9-4b27-82dd-b57763f63858",
      "GroupPath": "Config/LevelOutput/Group/Groups_P80200_F80200001/LevelGroup_P80200_F80200001_G47.json",
      "Name": "RogueDLC130_BaseBoss",
      "ID": 47
    },
    {
      "GroupGUID": "f0215564-f4c9-4b57-88e6-23c84f26aadd",
      "GroupPath": "Config/LevelOutput/Group/Groups_P80200_F80200001/LevelGroup_P80200_F80200001_G48.json",
      "Name": "RogueDLC130_Elite",
      "ID": 48
    },
    {
      "GroupGUID": "21fe0035-0aeb-463d-914f-e3a636441a51",
      "GroupPath": "Config/LevelOutput/Group/Groups_P80200_F80200001/LevelGroup_P80200_F80200001_G39.json",
      "Name": "RogueDLC130_Area",
      "ID": 39
    },
    {
      "GroupGUID": "3564a72a-3119-4f42-928b-f1743b98e287",
      "GroupPath": "Config/LevelOutput/Group/Groups_P80200_F80200001/LevelGroup_P80200_F80200001_G40.json",
      "Name": "RogueDLC130_BaseCommon",
      "ID": 40
    },
    {
      "GroupGUID": "5a04fbcd-3dab-4378-aaf5-58887e02167d",
      "GroupPath": "Config/LevelOutput/Group/Groups_P80200_F80200001/LevelGroup_P80200_F80200001_G41.json",
      "Name": "RogueDLC130_MainMonster",
      "ID": 41
    },
    {
      "GroupGUID": "1c732b4f-ac1a-4561-8c48-1614d4c03d23",
      "GroupPath": "Config/LevelOutput/Group/Groups_P80200_F80200001/LevelGroup_P80200_F80200001_G42.json",
      "Name": "RogueDLC130_SubMonster",
      "ID": 42
    },
    {
      "GroupGUID": "6f315398-f53c-481a-981d-2ca80cc0f469",
      "GroupPath": "Config/LevelOutput/Group/Groups_P80200_F80200001/LevelGroup_P80200_F80200001_G49.json",
      "Name": "RogueDLC130_BaseEmpty",
      "ID": 49
    },
    {
      "GroupGUID": "81144d47-db19-4622-9397-a0947fb9ac87",
      "GroupPath": "Config/LevelOutput/Group/Groups_P80200_F80200001/LevelGroup_P80200_F80200001_G36.json",
      "Name": "RogueDLC130_Area",
      "ID": 36
    },
    {
      "GroupGUID": "3450199e-b396-4633-9599-f4ede068a633",
      "GroupPath": "Config/LevelOutput/Group/Groups_P80200_F80200001/LevelGroup_P80200_F80200001_G37.json",
      "Name": "RogueDLC130_BaseCommon",
      "ID": 37
    },
    {
      "GroupGUID": "44f654f9-8193-4a49-8df2-ec337b5833ee",
      "GroupPath": "Config/LevelOutput/Group/Groups_P80200_F80200001/LevelGroup_P80200_F80200001_G38.json",
      "Name": "RogueDLC130_MainMonster",
      "ID": 38
    },
    {
      "GroupGUID": "a344d66c-00c8-45a5-98fd-29bfc5d20191",
      "GroupPath": "Config/LevelOutput/Group/Groups_P80200_F80200001/LevelGroup_P80200_F80200001_G33.json",
      "Name": "RogueDLC130_Area",
      "ID": 33
    },
    {
      "GroupGUID": "b01e82c6-258e-4c1a-8a85-a67df3d18862",
      "GroupPath": "Config/LevelOutput/Group/Groups_P80200_F80200001/LevelGroup_P80200_F80200001_G34.json",
      "Name": "RogueDLC130_BaseCommon",
      "ID": 34
    },
    {
      "GroupGUID": "68b75a93-8da7-4c8d-89b3-3a20f77b2bb2",
      "GroupPath": "Config/LevelOutput/Group/Groups_P80200_F80200001/LevelGroup_P80200_F80200001_G35.json",
      "Name": "RogueDLC130_Event",
      "ID": 35
    },
    {
      "GroupGUID": "bbc7222b-e6b3-490c-9cb0-f2f6208fbaba",
      "GroupPath": "Config/LevelOutput/Group/Groups_P80200_F80200001/LevelGroup_P80200_F80200001_G43.json",
      "Name": "RogueDLC130_Area",
      "ID": 43
    },
    {
      "GroupGUID": "32e591f7-d0d1-4a2a-8385-2ab410007055",
      "GroupPath": "Config/LevelOutput/Group/Groups_P80200_F80200001/LevelGroup_P80200_F80200001_G44.json",
      "Name": "RogueDLC130_BaseCommon",
      "ID": 44
    },
    {
      "GroupGUID": "7bd54971-9bff-40f4-92c9-7fc59c5d984d",
      "GroupPath": "Config/LevelOutput/Group/Groups_P80200_F80200001/LevelGroup_P80200_F80200001_G45.json",
      "Name": "RogueDLC130_Event",
      "ID": 45
    }
  ],
  "DefaultEnviroProfile": "Stages/Outputs/Chapter02/EnviroProfile/Chap02_CloseView_MAZ_X101_MainLine_01_Day.enviroProfile.asset",
  "StageData": "Stages/Outputs/Chapter02/Stages/Chap02_MAZ_X101_MainLine_01_StageData/Chap02_MAZ_X101_MainLine_01_StageData.stage",
  "CameraType": "Maze",
  "TimeOfDayEnviroProfileMap": {},
  "LayerToAreaMask": [
    8,
    16
  ],
  "NavmapConfigPath": "Config/LevelOutput/Map/MapInfo_P20211_F20211001.json",
  "IsRestartLevelGraph": false
}