{
  "FloorID": 80201001,
  "FloorName": "FloorName_80201001",
  "StartGroupID": 1,
  "StartAnchorID": 1,
  "GroupList": [
    {
      "GroupGUID": "448bd08e-93ec-4731-9077-c877c8c71b58",
      "GroupPath": "Config/LevelOutput/Group/Groups_P80201_F80201001/LevelGroup_P80201_F80201001_G1.json",
      "Name": "DefaultGroup",
      "ID": 1
    },
    {
      "GroupGUID": "e709c587-5539-42a1-8a2a-f51e4e82ba4a",
      "GroupPath": "Config/LevelOutput/Group/Groups_P80201_F80201001/LevelGroup_P80201_F80201001_G2.json",
      "Name": "DefaultGroup",
      "ID": 2
    },
    {
      "GroupGUID": "dfc27a67-34e9-433e-9203-c9b536a54071",
      "GroupPath": "Config/LevelOutput/Group/Groups_P80201_F80201001/LevelGroup_P80201_F80201001_G3.json",
      "Name": "Sound",
      "ID": 3
    },
    {
      "GroupGUID": "b13c6b0e-15b4-4f2a-bcf0-b0dc41f363a2",
      "GroupPath": "Config/LevelOutput/Group/Groups_P80201_F80201001/LevelGroup_P80201_F80201001_G4.json",
      "Name": "MainMission_RoadBlock",
      "ID": 4
    },
    {
      "GroupGUID": "d53ae80d-8ba1-4dad-9fed-df230e1bb592",
      "GroupPath": "Config/LevelOutput/Group/Groups_P80201_F80201001/LevelGroup_P80201_F80201001_G5.json",
      "Name": "MainMission_RoadBlock",
      "ID": 5
    },
    {
      "GroupGUID": "f5291642-0fba-425e-9cfe-e4c09f29ef82",
      "GroupPath": "Config/LevelOutput/Group/Groups_P80201_F80201001/LevelGroup_P80201_F80201001_G6.json",
      "Name": "Elevator",
      "ID": 6
    },
    {
      "GroupGUID": "44bbf648-0743-40ff-9c55-2f2c8157c695",
      "GroupPath": "Config/LevelOutput/Group/Groups_P80201_F80201001/LevelGroup_P80201_F80201001_G7.json",
      "Name": "Door",
      "ID": 7
    },
    {
      "GroupGUID": "bcdbfdc2-d4a1-433e-99f7-83d1357526d7",
      "GroupPath": "Config/LevelOutput/Group/Groups_P80201_F80201001/LevelGroup_P80201_F80201001_G8.json",
      "Name": "FlipBridge",
      "ID": 8
    },
    {
      "GroupGUID": "3f4cb9c4-b382-4b7b-b6ce-ebc6c08a69f4",
      "GroupPath": "Config/LevelOutput/Group/Groups_P80201_F80201001/LevelGroup_P80201_F80201001_G9.json",
      "Name": "RogueDLC130_Area",
      "ID": 9
    },
    {
      "GroupGUID": "9d4b3cdf-f0c2-4e50-998a-b60052fa39f0",
      "GroupPath": "Config/LevelOutput/Group/Groups_P80201_F80201001/LevelGroup_P80201_F80201001_G12.json",
      "Name": "RogueDLC130_BaseRest",
      "ID": 12
    },
    {
      "GroupGUID": "682e73b0-a4a2-4d8c-a4b3-fa63ef8eec4b",
      "GroupPath": "Config/LevelOutput/Group/Groups_P80201_F80201001/LevelGroup_P80201_F80201001_G13.json",
      "Name": "RogueDLC130_Rest",
      "ID": 13
    },
    {
      "GroupGUID": "a99ca06a-c1a0-4efc-a8e6-b13506e42b8b",
      "GroupPath": "Config/LevelOutput/Group/Groups_P80201_F80201001/LevelGroup_P80201_F80201001_G15.json",
      "Name": "RogueDLC130_Area",
      "ID": 15
    },
    {
      "GroupGUID": "50fa461e-e2f0-40ee-81db-0d8bc85a8755",
      "GroupPath": "Config/LevelOutput/Group/Groups_P80201_F80201001/LevelGroup_P80201_F80201001_G16.json",
      "Name": "RogueDLC130_BaseCommon",
      "ID": 16
    },
    {
      "GroupGUID": "fbea07cb-607a-422a-9aad-f3ff03aac4f1",
      "GroupPath": "Config/LevelOutput/Group/Groups_P80201_F80201001/LevelGroup_P80201_F80201001_G18.json",
      "Name": "RogueDLC130_Event",
      "ID": 18
    },
    {
      "GroupGUID": "c7692257-dfa0-4418-ac4b-69e34bdc8709",
      "GroupPath": "Config/LevelOutput/Group/Groups_P80201_F80201001/LevelGroup_P80201_F80201001_G124.json",
      "DimensionFilter": {},
      "Name": "RogueDLC130_DecisionEvent",
      "ID": 124
    },
    {
      "GroupGUID": "2fc20d02-2831-43da-9d3c-688a144cea16",
      "GroupPath": "Config/LevelOutput/Group/Groups_P80201_F80201001/LevelGroup_P80201_F80201001_G125.json",
      "DimensionFilter": {},
      "Name": "RogueDLC130_DecisionEvent",
      "ID": 125
    },
    {
      "GroupGUID": "19560d4b-0d8d-48c2-a575-46769a89c205",
      "GroupPath": "Config/LevelOutput/Group/Groups_P80201_F80201001/LevelGroup_P80201_F80201001_G126.json",
      "DimensionFilter": {},
      "Name": "RogueDLC130_DecisionEvent",
      "ID": 126
    },
    {
      "GroupGUID": "ef4034c1-2c09-4b08-8895-f967f8a82e33",
      "GroupPath": "Config/LevelOutput/Group/Groups_P80201_F80201001/LevelGroup_P80201_F80201001_G116.json",
      "Name": "RogueDLC130_MainMonster",
      "ID": 116
    },
    {
      "GroupGUID": "ab7c2894-b2a5-4430-835c-aee489e62e75",
      "GroupPath": "Config/LevelOutput/Group/Groups_P80201_F80201001/LevelGroup_P80201_F80201001_G19.json",
      "Name": "RogueDLC130_BaseEmpty",
      "ID": 19
    },
    {
      "GroupGUID": "cc5ed5e8-fc51-422b-8f44-f35daf85b06e",
      "GroupPath": "Config/LevelOutput/Group/Groups_P80201_F80201001/LevelGroup_P80201_F80201001_G23.json",
      "Name": "RogueDLC130_Area",
      "ID": 23
    },
    {
      "GroupGUID": "2b6d9912-aae0-49f5-be81-e3ee1ef6589d",
      "GroupPath": "Config/LevelOutput/Group/Groups_P80201_F80201001/LevelGroup_P80201_F80201001_G24.json",
      "Name": "RogueDLC130_BaseCommon",
      "ID": 24
    },
    {
      "GroupGUID": "de0749f1-9f7c-4e86-925f-16a40a1355a7",
      "GroupPath": "Config/LevelOutput/Group/Groups_P80201_F80201001/LevelGroup_P80201_F80201001_G25.json",
      "Name": "RogueDLC130_MainMonster",
      "ID": 25
    },
    {
      "GroupGUID": "b77707af-0291-4eab-abfb-9421dcd08f47",
      "GroupPath": "Config/LevelOutput/Group/Groups_P80201_F80201001/LevelGroup_P80201_F80201001_G30.json",
      "Name": "RogueDLC130_Area",
      "ID": 30
    },
    {
      "GroupGUID": "d18a7eb4-4c56-4a37-8d6c-9c7317f8d83a",
      "GroupPath": "Config/LevelOutput/Group/Groups_P80201_F80201001/LevelGroup_P80201_F80201001_G31.json",
      "Name": "RogueDLC130_BaseBoss",
      "ID": 31
    },
    {
      "GroupGUID": "9174a1b8-02df-4f2a-a5f0-1bbb9ccfb0c1",
      "GroupPath": "Config/LevelOutput/Group/Groups_P80201_F80201001/LevelGroup_P80201_F80201001_G95.json",
      "Name": "RogueDLC130_SwarmBoss",
      "ID": 95
    },
    {
      "GroupGUID": "13214930-1cab-4134-b2ea-877f6310032f",
      "GroupPath": "Config/LevelOutput/Group/Groups_P80201_F80201001/LevelGroup_P80201_F80201001_G32.json",
      "Name": "RogueDLC130_Boss",
      "ID": 32
    },
    {
      "GroupGUID": "dca34ac8-d4e3-4150-abe8-f76c831b3dbb",
      "GroupPath": "Config/LevelOutput/Group/Groups_P80201_F80201001/LevelGroup_P80201_F80201001_G33.json",
      "Name": "RogueDLC130_Area",
      "ID": 33
    },
    {
      "GroupGUID": "3c628cad-f4aa-48ee-b940-b35d246e6900",
      "GroupPath": "Config/LevelOutput/Group/Groups_P80201_F80201001/LevelGroup_P80201_F80201001_G34.json",
      "Name": "RogueDLC130_BaseShop",
      "ID": 34
    },
    {
      "GroupGUID": "f0c7ce86-b5f3-4aa1-9d9d-34aff31fecfc",
      "GroupPath": "Config/LevelOutput/Group/Groups_P80201_F80201001/LevelGroup_P80201_F80201001_G35.json",
      "Name": "RogueDLC130_Shop",
      "ID": 35
    },
    {
      "GroupGUID": "26533c72-324b-4db5-b6b4-475b3c3a4d0c",
      "GroupPath": "Config/LevelOutput/Group/Groups_P80201_F80201001/LevelGroup_P80201_F80201001_G117.json",
      "Name": "RogueDLC130_Shop",
      "ID": 117
    },
    {
      "GroupGUID": "043f9082-45e6-4c63-b52b-4c9c96266b89",
      "GroupPath": "Config/LevelOutput/Group/Groups_P80201_F80201001/LevelGroup_P80201_F80201001_G36.json",
      "Name": "RogueDLC130_Area",
      "ID": 36
    },
    {
      "GroupGUID": "489b743b-b227-4cc0-92ab-323cbe97d309",
      "GroupPath": "Config/LevelOutput/Group/Groups_P80201_F80201001/LevelGroup_P80201_F80201001_G37.json",
      "Name": "RogueDLC130_BaseCommon",
      "ID": 37
    },
    {
      "GroupGUID": "cf06d2a9-9b47-457a-aadd-c5a9cfef56d0",
      "GroupPath": "Config/LevelOutput/Group/Groups_P80201_F80201001/LevelGroup_P80201_F80201001_G38.json",
      "Name": "RogueDLC130_MainMonster",
      "ID": 38
    },
    {
      "GroupGUID": "811f36fd-980e-4e7b-9d47-6b6a74d64216",
      "GroupPath": "Config/LevelOutput/Group/Groups_P80201_F80201001/LevelGroup_P80201_F80201001_G39.json",
      "Name": "RogueDLC130_SubMonster",
      "ID": 39
    },
    {
      "GroupGUID": "5a5dd29d-6776-41fa-974c-4c6d9b294ce9",
      "GroupPath": "Config/LevelOutput/Group/Groups_P80201_F80201001/LevelGroup_P80201_F80201001_G40.json",
      "Name": "RogueDLC130_SubMonster",
      "ID": 40
    },
    {
      "GroupGUID": "ba6f03b1-e579-4bc3-8482-ce448d0d0be3",
      "GroupPath": "Config/LevelOutput/Group/Groups_P80201_F80201001/LevelGroup_P80201_F80201001_G108.json",
      "Name": "RogueDLC130_BaseCommon",
      "ID": 108
    },
    {
      "GroupGUID": "f2bfefc8-dc42-4d75-9638-4f7e82d1eef6",
      "GroupPath": "Config/LevelOutput/Group/Groups_P80201_F80201001/LevelGroup_P80201_F80201001_G109.json",
      "Name": "RogueDLC130_MainMonster",
      "ID": 109
    },
    {
      "GroupGUID": "069a9ec1-7f98-446b-bccd-d03cff34cb73",
      "GroupPath": "Config/LevelOutput/Group/Groups_P80201_F80201001/LevelGroup_P80201_F80201001_G110.json",
      "Name": "RogueDLC130_SubMonster",
      "ID": 110
    },
    {
      "GroupGUID": "b42617bc-8a92-4468-942d-fbb438f2fd5f",
      "GroupPath": "Config/LevelOutput/Group/Groups_P80201_F80201001/LevelGroup_P80201_F80201001_G46.json",
      "Name": "RogueDLC130_Area",
      "ID": 46
    },
    {
      "GroupGUID": "3b5dee83-a269-4c93-9133-5402e212de23",
      "GroupPath": "Config/LevelOutput/Group/Groups_P80201_F80201001/LevelGroup_P80201_F80201001_G47.json",
      "Name": "RogueDLC130_BaseCommon",
      "ID": 47
    },
    {
      "GroupGUID": "b99621bd-6a35-479f-bcc1-beb207ab44e9",
      "GroupPath": "Config/LevelOutput/Group/Groups_P80201_F80201001/LevelGroup_P80201_F80201001_G48.json",
      "Name": "RogueDLC130_MainMonster",
      "ID": 48
    },
    {
      "GroupGUID": "23d0b517-60ea-46ab-a068-2ffbc8402f50",
      "GroupPath": "Config/LevelOutput/Group/Groups_P80201_F80201001/LevelGroup_P80201_F80201001_G49.json",
      "Name": "RogueDLC130_SubMonster",
      "ID": 49
    },
    {
      "GroupGUID": "e06267cc-b199-4d0c-9bea-9e6c89a8db9f",
      "GroupPath": "Config/LevelOutput/Group/Groups_P80201_F80201001/LevelGroup_P80201_F80201001_G50.json",
      "Name": "RogueDLC130_SubMonster",
      "ID": 50
    },
    {
      "GroupGUID": "ff731117-9e10-482e-9a0b-926ec2e5cc01",
      "GroupPath": "Config/LevelOutput/Group/Groups_P80201_F80201001/LevelGroup_P80201_F80201001_G112.json",
      "Name": "RogueDLC130_BaseCommon",
      "ID": 112
    },
    {
      "GroupGUID": "5789d1d5-7aff-4d27-aee4-9b55b5276d4e",
      "GroupPath": "Config/LevelOutput/Group/Groups_P80201_F80201001/LevelGroup_P80201_F80201001_G113.json",
      "Name": "RogueDLC130_Event",
      "ID": 113
    },
    {
      "GroupGUID": "db9ec41c-053f-474b-8391-2f42d601e6d9",
      "GroupPath": "Config/LevelOutput/Group/Groups_P80201_F80201001/LevelGroup_P80201_F80201001_G114.json",
      "Name": "RogueDLC130_MainMonster",
      "ID": 114
    },
    {
      "GroupGUID": "ef424086-04b7-499a-bfc6-525a33b4416a",
      "GroupPath": "Config/LevelOutput/Group/Groups_P80201_F80201001/LevelGroup_P80201_F80201001_G68.json",
      "Name": "RogueDLC130_Area",
      "ID": 68
    },
    {
      "GroupGUID": "0e64eb25-241d-4a3f-8dce-667fa0ffe0e9",
      "GroupPath": "Config/LevelOutput/Group/Groups_P80201_F80201001/LevelGroup_P80201_F80201001_G69.json",
      "Name": "RogueDLC130_BaseCommon",
      "ID": 69
    },
    {
      "GroupGUID": "161c5e30-b8e1-4e08-a4c6-7a2a24c219fa",
      "GroupPath": "Config/LevelOutput/Group/Groups_P80201_F80201001/LevelGroup_P80201_F80201001_G70.json",
      "Name": "RogueDLC130_Event",
      "ID": 70
    },
    {
      "GroupGUID": "fc79baec-5256-4fc0-b836-8540838815c8",
      "GroupPath": "Config/LevelOutput/Group/Groups_P80201_F80201001/LevelGroup_P80201_F80201001_G132.json",
      "DimensionFilter": {},
      "Name": "RogueDLC130_Event",
      "ID": 132
    },
    {
      "GroupGUID": "0d0f5cb8-dc71-4eeb-9144-4be045098a8d",
      "GroupPath": "Config/LevelOutput/Group/Groups_P80201_F80201001/LevelGroup_P80201_F80201001_G133.json",
      "DimensionFilter": {},
      "Name": "RogueDLC130_Event",
      "ID": 133
    },
    {
      "GroupGUID": "ff6df594-e820-4ed4-9c5e-e8e69899d7ef",
      "GroupPath": "Config/LevelOutput/Group/Groups_P80201_F80201001/LevelGroup_P80201_F80201001_G71.json",
      "Name": "RogueDLC130_MainMonster",
      "ID": 71
    },
    {
      "GroupGUID": "68a0d441-7686-41ed-bdf6-2c10ad2d9c34",
      "GroupPath": "Config/LevelOutput/Group/Groups_P80201_F80201001/LevelGroup_P80201_F80201001_G72.json",
      "Name": "RogueDLC130_BaseEmpty",
      "ID": 72
    },
    {
      "GroupGUID": "4cb2b2ff-164e-419d-91ee-be699cc28289",
      "GroupPath": "Config/LevelOutput/Group/Groups_P80201_F80201001/LevelGroup_P80201_F80201001_G73.json",
      "Name": "RogueDLC130_BaseCommon",
      "ID": 73
    },
    {
      "GroupGUID": "36e23ed5-58c0-406f-bda9-63b1844dcde0",
      "GroupPath": "Config/LevelOutput/Group/Groups_P80201_F80201001/LevelGroup_P80201_F80201001_G97.json",
      "Name": "RogueDLC130_MainMonster",
      "ID": 97
    },
    {
      "GroupGUID": "48735ae7-64bb-46d7-a254-61e3cdf54c55",
      "GroupPath": "Config/LevelOutput/Group/Groups_P80201_F80201001/LevelGroup_P80201_F80201001_G98.json",
      "Name": "RogueDLC130_SubMonster",
      "ID": 98
    },
    {
      "GroupGUID": "ee10c9c5-b8a7-4778-a260-89c79804311b",
      "GroupPath": "Config/LevelOutput/Group/Groups_P80201_F80201001/LevelGroup_P80201_F80201001_G79.json",
      "Name": "RogueDLC130_Area",
      "ID": 79
    },
    {
      "GroupGUID": "b444c5bd-3d2d-482e-8614-b6600b4d43b6",
      "GroupPath": "Config/LevelOutput/Group/Groups_P80201_F80201001/LevelGroup_P80201_F80201001_G80.json",
      "Name": "RogueDLC130_BaseCommon",
      "ID": 80
    },
    {
      "GroupGUID": "f2b93df8-b4df-4145-b2c3-bc95230a59cf",
      "GroupPath": "Config/LevelOutput/Group/Groups_P80201_F80201001/LevelGroup_P80201_F80201001_G81.json",
      "Name": "RogueDLC130_Event",
      "ID": 81
    },
    {
      "GroupGUID": "135c57b2-5828-44c9-8d98-f965a5851897",
      "GroupPath": "Config/LevelOutput/Group/Groups_P80201_F80201001/LevelGroup_P80201_F80201001_G127.json",
      "DimensionFilter": {},
      "Name": "RogueDLC130_DecisionEvent",
      "ID": 127
    },
    {
      "GroupGUID": "ed0f7dc5-2287-4cb7-9c6f-fd6ae21cdab0",
      "GroupPath": "Config/LevelOutput/Group/Groups_P80201_F80201001/LevelGroup_P80201_F80201001_G128.json",
      "DimensionFilter": {},
      "Name": "RogueDLC130_DecisionEvent",
      "ID": 128
    },
    {
      "GroupGUID": "80d8e6fd-84c1-4423-ad74-2879110a84ca",
      "GroupPath": "Config/LevelOutput/Group/Groups_P80201_F80201001/LevelGroup_P80201_F80201001_G129.json",
      "DimensionFilter": {},
      "Name": "RogueDLC130_DecisionEvent",
      "ID": 129
    },
    {
      "GroupGUID": "a343b857-01f9-4bc4-a091-07854f742cbf",
      "GroupPath": "Config/LevelOutput/Group/Groups_P80201_F80201001/LevelGroup_P80201_F80201001_G82.json",
      "Name": "RogueDLC130_MainMonster",
      "ID": 82
    },
    {
      "GroupGUID": "1bc52830-bd0d-4f25-8e5a-cae8e25d0595",
      "GroupPath": "Config/LevelOutput/Group/Groups_P80201_F80201001/LevelGroup_P80201_F80201001_G84.json",
      "Name": "RogueDLC130_BaseEmpty",
      "ID": 84
    },
    {
      "GroupGUID": "d10d4a1f-1219-4e68-8dcb-cc2ce890bcdf",
      "GroupPath": "Config/LevelOutput/Group/Groups_P80201_F80201001/LevelGroup_P80201_F80201001_G85.json",
      "Name": "RogueDLC130_BaseBoss",
      "ID": 85
    },
    {
      "GroupGUID": "0dafcd43-421c-4f38-8944-93f93bfd49ff",
      "GroupPath": "Config/LevelOutput/Group/Groups_P80201_F80201001/LevelGroup_P80201_F80201001_G86.json",
      "Name": "RogueDLC130_Elite",
      "ID": 86
    },
    {
      "GroupGUID": "794e4746-010f-4626-987e-705e66d4d483",
      "GroupPath": "Config/LevelOutput/Group/Groups_P80201_F80201001/LevelGroup_P80201_F80201001_G87.json",
      "Name": "RogueDLC130_Area",
      "ID": 87
    },
    {
      "GroupGUID": "3513dd76-696e-4ccc-bdb7-353add47bdd4",
      "GroupPath": "Config/LevelOutput/Group/Groups_P80201_F80201001/LevelGroup_P80201_F80201001_G88.json",
      "Name": "RogueDLC130_BaseCommon",
      "ID": 88
    },
    {
      "GroupGUID": "f01662ae-44aa-4bfc-adff-5787957f64d7",
      "GroupPath": "Config/LevelOutput/Group/Groups_P80201_F80201001/LevelGroup_P80201_F80201001_G89.json",
      "Name": "RogueDLC130_Event",
      "ID": 89
    },
    {
      "GroupGUID": "22670828-c910-4447-b2e8-c52e6cf5d1b1",
      "GroupPath": "Config/LevelOutput/Group/Groups_P80201_F80201001/LevelGroup_P80201_F80201001_G130.json",
      "DimensionFilter": {},
      "Name": "RogueDLC130_DoubleEvent",
      "ID": 130
    },
    {
      "GroupGUID": "7f643aee-e7ee-45bd-bdfe-a14c17a8fe81",
      "GroupPath": "Config/LevelOutput/Group/Groups_P80201_F80201001/LevelGroup_P80201_F80201001_G131.json",
      "DimensionFilter": {},
      "Name": "RogueDLC130_DoubleEvent",
      "ID": 131
    },
    {
      "GroupGUID": "30f3d862-50b7-4e22-aa71-06804106a5fc",
      "GroupPath": "Config/LevelOutput/Group/Groups_P80201_F80201001/LevelGroup_P80201_F80201001_G90.json",
      "Name": "RogueDLC130_MainMonster",
      "ID": 90
    },
    {
      "GroupGUID": "57f17182-7f38-4fcf-b1c7-f0548120a005",
      "GroupPath": "Config/LevelOutput/Group/Groups_P80201_F80201001/LevelGroup_P80201_F80201001_G92.json",
      "Name": "RogueDLC130_BaseEmpty",
      "ID": 92
    },
    {
      "GroupGUID": "cd3a458c-0e54-46ca-a7e4-c843187a401c",
      "GroupPath": "Config/LevelOutput/Group/Groups_P80201_F80201001/LevelGroup_P80201_F80201001_G93.json",
      "Name": "RogueDLC130_BaseBoss",
      "ID": 93
    },
    {
      "GroupGUID": "104157ed-8ca4-444f-9395-322a46380033",
      "GroupPath": "Config/LevelOutput/Group/Groups_P80201_F80201001/LevelGroup_P80201_F80201001_G94.json",
      "Name": "RogueDLC130_Elite",
      "ID": 94
    },
    {
      "GroupGUID": "68e2ddb4-15c1-4816-ae86-dbf6b247fbce",
      "GroupPath": "Config/LevelOutput/Group/Groups_P80201_F80201001/LevelGroup_P80201_F80201001_G99.json",
      "Name": "RogueDLC130_Area",
      "ID": 99
    },
    {
      "GroupGUID": "da100d88-4bea-4565-8cc8-fc33721be72b",
      "GroupPath": "Config/LevelOutput/Group/Groups_P80201_F80201001/LevelGroup_P80201_F80201001_G100.json",
      "Name": "RogueDLC130_BaseShop",
      "ID": 100
    },
    {
      "GroupGUID": "a2477076-3323-4894-8d69-01472576f0de",
      "GroupPath": "Config/LevelOutput/Group/Groups_P80201_F80201001/LevelGroup_P80201_F80201001_G101.json",
      "Name": "RogueDLC130_Shop",
      "ID": 101
    },
    {
      "GroupGUID": "e3fd90a2-c869-4151-89cf-e3e131c78766",
      "GroupPath": "Config/LevelOutput/Group/Groups_P80201_F80201001/LevelGroup_P80201_F80201001_G118.json",
      "Name": "RogueDLC130_Shop",
      "ID": 118
    },
    {
      "GroupGUID": "7f0b8ceb-8964-4f92-afa5-d1ede8f3950c",
      "GroupPath": "Config/LevelOutput/Group/Groups_P80201_F80201001/LevelGroup_P80201_F80201001_G120.json",
      "Name": "RogueDLC130_Area",
      "ID": 120
    },
    {
      "GroupGUID": "8785f30d-9c94-4cc3-8b70-25e8fd244688",
      "GroupPath": "Config/LevelOutput/Group/Groups_P80201_F80201001/LevelGroup_P80201_F80201001_G121.json",
      "Name": "RogueDLC130_BaseCommon",
      "ID": 121
    },
    {
      "GroupGUID": "a1f6a46d-86a6-4dec-81f4-85e0636897a7",
      "GroupPath": "Config/LevelOutput/Group/Groups_P80201_F80201001/LevelGroup_P80201_F80201001_G122.json",
      "Name": "RogueDLC130_Event",
      "ID": 122
    }
  ],
  "DefaultEnviroProfile": "Stages/Outputs/Chapter00/EnviroProfile/Chap00_CloseView_MAZ_N201_01_Day.enviroProfile.asset",
  "StageData": "Stages/Outputs/Chapter00/Stages/Chap00_MAZ_N201_MainLine_01_StageData/Chap00_MAZ_N201_MainLine_01_StageData.stage",
  "CameraType": "Maze",
  "TimeOfDayEnviroProfileMap": {},
  "LayerToAreaMask": [
    8,
    16,
    32
  ],
  "BattleAreaList": [],
  "DimensionList": [
    {}
  ],
  "NavmapConfigPath": "Config/LevelOutput/Map/MapInfo_P80201_F80201001.json",
  "EnableGroupStreaming": false,
  "EnableGroupSpaceConflict": false,
  "IsRestartLevelGraph": false
}