{
  "FloorID": 80209001,
  "FloorName": "MazeText_Empty",
  "StartGroupID": 1,
  "StartAnchorID": 1,
  "GroupList": [
    {
      "GroupGUID": "ced6d00d-3ab3-4e2b-bb87-e3a8f1f8c03a",
      "GroupPath": "Config/LevelOutput/Group/Groups_P80209_F80209001/LevelGroup_P80209_F80209001_G1.json",
      "Name": "DefaultGroup",
      "ID": 1
    },
    {
      "GroupGUID": "7498c939-ffa5-43ff-88f7-b492877f7a77",
      "GroupPath": "Config/LevelOutput/Group/Groups_P80209_F80209001/LevelGroup_P80209_F80209001_G20.json",
      "Name": "DefaultGroup",
      "ID": 20
    },
    {
      "GroupGUID": "e87287fc-6875-47f7-a56b-b97d1406c8dd",
      "GroupPath": "Config/LevelOutput/Group/Groups_P80209_F80209001/LevelGroup_P80209_F80209001_G21.json",
      "Name": "BATProp",
      "ID": 21
    },
    {
      "GroupGUID": "c2e0c450-f660-4433-99fe-3c3ebc64281b",
      "GroupPath": "Config/LevelOutput/Group/Groups_P80209_F80209001/LevelGroup_P80209_F80209001_G22.json",
      "Name": "BATBossProp",
      "ID": 22
    },
    {
      "GroupGUID": "32c4f56f-ebf4-4515-b901-60c8891b98b2",
      "GroupPath": "Config/LevelOutput/Group/Groups_P80209_F80209001/LevelGroup_P80209_F80209001_G23.json",
      "Name": "JianMu",
      "ID": 23
    },
    {
      "GroupGUID": "d94cc1ae-d97f-4c90-a607-701ac5d8b3f4",
      "GroupPath": "Config/LevelOutput/Group/Groups_P80209_F80209001/LevelGroup_P80209_F80209001_G24.json",
      "Name": "Sound",
      "ID": 24
    },
    {
      "GroupGUID": "e2e0df51-6225-4abb-8c3b-1d5e39c348a9",
      "GroupPath": "Config/LevelOutput/Group/Groups_P80209_F80209001/LevelGroup_P80209_F80209001_G26.json",
      "Name": "JianMu",
      "ID": 26
    },
    {
      "GroupGUID": "80913dbb-17ef-4d59-bf80-44c91473a8c0",
      "GroupPath": "Config/LevelOutput/Group/Groups_P80209_F80209001/LevelGroup_P80209_F80209001_G27.json",
      "Name": "MainMission_RoadBlock",
      "ID": 27
    },
    {
      "GroupGUID": "55517170-e573-4bdb-ada6-f4ca63905245",
      "GroupPath": "Config/LevelOutput/Group/Groups_P80209_F80209001/LevelGroup_P80209_F80209001_G28.json",
      "Name": "New Group",
      "ID": 28
    },
    {
      "GroupGUID": "6ce33eb5-054d-4bc6-b697-1e6b1015d839",
      "GroupPath": "Config/LevelOutput/Group/Groups_P80209_F80209001/LevelGroup_P80209_F80209001_G29.json",
      "Name": "RogueDLC130_Area",
      "ID": 29
    },
    {
      "GroupGUID": "5eb8de5e-6823-4f96-a4cd-cfec6157b29b",
      "GroupPath": "Config/LevelOutput/Group/Groups_P80209_F80209001/LevelGroup_P80209_F80209001_G30.json",
      "Name": "RogueDLC130_BaseBoss",
      "ID": 30
    },
    {
      "GroupGUID": "ceb432e2-ea69-40ae-868e-562cb9cab131",
      "GroupPath": "Config/LevelOutput/Group/Groups_P80209_F80209001/LevelGroup_P80209_F80209001_G31.json",
      "Name": "RogueDLC130_Boss",
      "ID": 31
    },
    {
      "GroupGUID": "d0386522-5132-4b25-add6-64b6c479417a",
      "GroupPath": "Config/LevelOutput/Group/Groups_P80209_F80209001/LevelGroup_P80209_F80209001_G32.json",
      "Name": "RogueDLC130_SwarmBoss",
      "ID": 32
    },
    {
      "GroupGUID": "6c695114-ecda-475f-b0b2-b1e6dcd7c188",
      "GroupPath": "Config/LevelOutput/Group/Groups_P80209_F80209001/LevelGroup_P80209_F80209001_G33.json",
      "Name": "RogueDLC130_Area",
      "ID": 33
    },
    {
      "GroupGUID": "b6adb44d-16e3-406a-8265-cc6f1c53933b",
      "GroupPath": "Config/LevelOutput/Group/Groups_P80209_F80209001/LevelGroup_P80209_F80209001_G34.json",
      "Name": "RogueDLC130_BaseRest",
      "ID": 34
    },
    {
      "GroupGUID": "82ccfe6d-d291-4ac0-93d7-01a7424bd812",
      "GroupPath": "Config/LevelOutput/Group/Groups_P80209_F80209001/LevelGroup_P80209_F80209001_G35.json",
      "Name": "RogueDLC130_Rest",
      "ID": 35
    },
    {
      "GroupGUID": "4d71a73f-1686-40e1-9d8e-9108e4a046c2",
      "GroupPath": "Config/LevelOutput/Group/Groups_P80209_F80209001/LevelGroup_P80209_F80209001_G37.json",
      "Name": "RogueDLC130_Area",
      "ID": 37
    },
    {
      "GroupGUID": "3237790e-0ae8-4222-b338-15c4398ed8c8",
      "GroupPath": "Config/LevelOutput/Group/Groups_P80209_F80209001/LevelGroup_P80209_F80209001_G38.json",
      "Name": "RogueDLC130_BaseShop",
      "ID": 38
    },
    {
      "GroupGUID": "5fc9e7e3-aad6-444a-b3d2-36313ae6b665",
      "GroupPath": "Config/LevelOutput/Group/Groups_P80209_F80209001/LevelGroup_P80209_F80209001_G39.json",
      "Name": "RogueDLC130_Shop",
      "ID": 39
    },
    {
      "GroupGUID": "50373efb-9b7f-49da-878c-a53cafa095ba",
      "GroupPath": "Config/LevelOutput/Group/Groups_P80209_F80209001/LevelGroup_P80209_F80209001_G92.json",
      "Name": "RogueDLC130_Shop",
      "ID": 92
    },
    {
      "GroupGUID": "2f9ff6fb-63ab-4f02-befe-9c26ba855806",
      "GroupPath": "Config/LevelOutput/Group/Groups_P80209_F80209001/LevelGroup_P80209_F80209001_G40.json",
      "Name": "RogueDLC130_Area",
      "ID": 40
    },
    {
      "GroupGUID": "cb714709-786f-4fb4-92b7-1470f17e0ef7",
      "GroupPath": "Config/LevelOutput/Group/Groups_P80209_F80209001/LevelGroup_P80209_F80209001_G41.json",
      "Name": "RogueDLC130_BaseShop",
      "ID": 41
    },
    {
      "GroupGUID": "3045448f-0979-4ff1-a90d-11ce50204624",
      "GroupPath": "Config/LevelOutput/Group/Groups_P80209_F80209001/LevelGroup_P80209_F80209001_G42.json",
      "Name": "RogueDLC130_Shop",
      "ID": 42
    },
    {
      "GroupGUID": "632114b1-c087-4850-a07c-1d9058fb5863",
      "GroupPath": "Config/LevelOutput/Group/Groups_P80209_F80209001/LevelGroup_P80209_F80209001_G93.json",
      "Name": "RogueDLC130_Shop",
      "ID": 93
    },
    {
      "GroupGUID": "a3dbb185-8f98-4fd2-9858-bf35a1757905",
      "GroupPath": "Config/LevelOutput/Group/Groups_P80209_F80209001/LevelGroup_P80209_F80209001_G97.json",
      "Name": "RogueDLC130_Area",
      "ID": 97
    },
    {
      "GroupGUID": "21c7e577-a01c-4aef-a191-7f44b6f68f1e",
      "GroupPath": "Config/LevelOutput/Group/Groups_P80209_F80209001/LevelGroup_P80209_F80209001_G98.json",
      "Name": "RogueDLC130_BaseShop",
      "ID": 98
    },
    {
      "GroupGUID": "03949c54-a3e3-4eec-99e0-870ab96674f5",
      "GroupPath": "Config/LevelOutput/Group/Groups_P80209_F80209001/LevelGroup_P80209_F80209001_G101.json",
      "Name": "RogueDLC130_Shopheita",
      "ID": 101
    },
    {
      "GroupGUID": "b33a7b0c-82ea-4fe6-ae09-3bf731f6bd90",
      "GroupPath": "Config/LevelOutput/Group/Groups_P80209_F80209001/LevelGroup_P80209_F80209001_G100.json",
      "Name": "RogueDLC130_Shopruosi",
      "ID": 100
    },
    {
      "GroupGUID": "96e1c67f-9ea7-4818-9f22-c137d641e0fc",
      "GroupPath": "Config/LevelOutput/Group/Groups_P80209_F80209001/LevelGroup_P80209_F80209001_G43.json",
      "Name": "RogueDLC130_Area",
      "ID": 43
    },
    {
      "GroupGUID": "00ef217f-625b-4a51-b9dc-4709a7e58d32",
      "GroupPath": "Config/LevelOutput/Group/Groups_P80209_F80209001/LevelGroup_P80209_F80209001_G44.json",
      "Name": "RogueDLC130_BaseBoss",
      "ID": 44
    },
    {
      "GroupGUID": "cc08b822-e96a-47c6-a6d1-6fb422a579c0",
      "GroupPath": "Config/LevelOutput/Group/Groups_P80209_F80209001/LevelGroup_P80209_F80209001_G45.json",
      "Name": "RogueDLC130_Elite",
      "ID": 45
    },
    {
      "GroupGUID": "22b4b9de-44f4-41e7-8f42-1d5f80d6f4f9",
      "GroupPath": "Config/LevelOutput/Group/Groups_P80209_F80209001/LevelGroup_P80209_F80209001_G47.json",
      "Name": "RogueDLC130_BaseCommon",
      "ID": 47
    },
    {
      "GroupGUID": "41634a5d-041f-41e7-85b1-f1ef6f537a32",
      "GroupPath": "Config/LevelOutput/Group/Groups_P80209_F80209001/LevelGroup_P80209_F80209001_G46.json",
      "Name": "RogueDLC130_Event",
      "ID": 46
    },
    {
      "GroupGUID": "a806c510-b983-43fb-b85c-f2e3bc9bd94b",
      "GroupPath": "Config/LevelOutput/Group/Groups_P80209_F80209001/LevelGroup_P80209_F80209001_G48.json",
      "Name": "RogueDLC130_BaseCommon",
      "ID": 48
    },
    {
      "GroupGUID": "85b5118f-2a8b-409a-a1cd-14e5f33bd3fe",
      "GroupPath": "Config/LevelOutput/Group/Groups_P80209_F80209001/LevelGroup_P80209_F80209001_G50.json",
      "Name": "RogueDLC130_MainMonster",
      "ID": 50
    },
    {
      "GroupGUID": "b384a50e-4088-444e-a5b5-aea123370e3a",
      "GroupPath": "Config/LevelOutput/Group/Groups_P80209_F80209001/LevelGroup_P80209_F80209001_G51.json",
      "Name": "RogueDLC130_SubMonster",
      "ID": 51
    },
    {
      "GroupGUID": "f5a78102-44d0-48bf-b1bd-47b265a14f9e",
      "GroupPath": "Config/LevelOutput/Group/Groups_P80209_F80209001/LevelGroup_P80209_F80209001_G49.json",
      "Name": "RogueDLC130_BaseEmpty",
      "ID": 49
    },
    {
      "GroupGUID": "46e8589f-1e66-409f-9c46-ce83bc374de3",
      "GroupPath": "Config/LevelOutput/Group/Groups_P80209_F80209001/LevelGroup_P80209_F80209001_G52.json",
      "Name": "RogueDLC130_Area",
      "ID": 52
    },
    {
      "GroupGUID": "d2484638-577a-424b-8bef-956bb8dc8652",
      "GroupPath": "Config/LevelOutput/Group/Groups_P80209_F80209001/LevelGroup_P80209_F80209001_G55.json",
      "Name": "RogueDLC130_BaseCommon",
      "ID": 55
    },
    {
      "GroupGUID": "968322fd-a914-4765-addc-ef58b44c3d34",
      "GroupPath": "Config/LevelOutput/Group/Groups_P80209_F80209001/LevelGroup_P80209_F80209001_G56.json",
      "Name": "RogueDLC130_Event",
      "ID": 56
    },
    {
      "GroupGUID": "eeec3f88-8b64-451e-a410-9f34501cd53d",
      "GroupPath": "Config/LevelOutput/Group/Groups_P80209_F80209001/LevelGroup_P80209_F80209001_G102.json",
      "DimensionFilter": {},
      "Name": "RogueDLC130_Event",
      "ID": 102
    },
    {
      "GroupGUID": "4f4db5c8-2764-4f18-a833-f8801adbc81f",
      "GroupPath": "Config/LevelOutput/Group/Groups_P80209_F80209001/LevelGroup_P80209_F80209001_G103.json",
      "DimensionFilter": {},
      "Name": "RogueDLC130_Event",
      "ID": 103
    },
    {
      "GroupGUID": "003e6571-e6f8-4ae8-9d81-f4074ecfb098",
      "GroupPath": "Config/LevelOutput/Group/Groups_P80209_F80209001/LevelGroup_P80209_F80209001_G104.json",
      "DimensionFilter": {},
      "Name": "RogueDLC130_Event",
      "ID": 104
    },
    {
      "GroupGUID": "f015a26b-39bc-4c15-aab1-4b68ca4507e3",
      "GroupPath": "Config/LevelOutput/Group/Groups_P80209_F80209001/LevelGroup_P80209_F80209001_G105.json",
      "DimensionFilter": {},
      "Name": "RogueDLC130_Event",
      "ID": 105
    },
    {
      "GroupGUID": "e7475000-2991-46c6-8658-0f131bcece5d",
      "GroupPath": "Config/LevelOutput/Group/Groups_P80209_F80209001/LevelGroup_P80209_F80209001_G106.json",
      "DimensionFilter": {},
      "Name": "RogueDLC130_Event",
      "ID": 106
    },
    {
      "GroupGUID": "52d07a56-681e-4c68-972c-9ed43f61c896",
      "GroupPath": "Config/LevelOutput/Group/Groups_P80209_F80209001/LevelGroup_P80209_F80209001_G54.json",
      "Name": "RogueDLC130_MainMonster",
      "ID": 54
    },
    {
      "GroupGUID": "59b2e4ea-c684-4221-8aef-5fda2b30ec8c",
      "GroupPath": "Config/LevelOutput/Group/Groups_P80209_F80209001/LevelGroup_P80209_F80209001_G57.json",
      "Name": "RogueDLC130_BaseCommon",
      "ID": 57
    },
    {
      "GroupGUID": "b7c1d277-176d-4c99-abeb-993509b79e9c",
      "GroupPath": "Config/LevelOutput/Group/Groups_P80209_F80209001/LevelGroup_P80209_F80209001_G58.json",
      "Name": "RogueDLC130_MainMonster",
      "ID": 58
    },
    {
      "GroupGUID": "616e0780-b444-4779-8452-3194331a9244",
      "GroupPath": "Config/LevelOutput/Group/Groups_P80209_F80209001/LevelGroup_P80209_F80209001_G59.json",
      "Name": "RogueDLC130_SubMonster",
      "ID": 59
    },
    {
      "GroupGUID": "5b3e0a46-43a4-451e-9ab8-08183b989892",
      "GroupPath": "Config/LevelOutput/Group/Groups_P80209_F80209001/LevelGroup_P80209_F80209001_G60.json",
      "Name": "RogueDLC130_BaseEmpty",
      "ID": 60
    },
    {
      "GroupGUID": "f06f0e49-e259-4ce8-8675-b823a16d31cb",
      "GroupPath": "Config/LevelOutput/Group/Groups_P80209_F80209001/LevelGroup_P80209_F80209001_G62.json",
      "Name": "RogueDLC130_Area",
      "ID": 62
    },
    {
      "GroupGUID": "d8c40c92-24c1-47e2-a945-a93c0504e96d",
      "GroupPath": "Config/LevelOutput/Group/Groups_P80209_F80209001/LevelGroup_P80209_F80209001_G63.json",
      "Name": "RogueDLC130_BaseBoss",
      "ID": 63
    },
    {
      "GroupGUID": "7dbb51b5-e89d-4d50-b01b-09aa28ec2470",
      "GroupPath": "Config/LevelOutput/Group/Groups_P80209_F80209001/LevelGroup_P80209_F80209001_G65.json",
      "Name": "RogueDLC130_Elite",
      "ID": 65
    },
    {
      "GroupGUID": "68074bd8-7170-42c2-8820-af2bbfb0ea61",
      "GroupPath": "Config/LevelOutput/Group/Groups_P80209_F80209001/LevelGroup_P80209_F80209001_G64.json",
      "Name": "RogueDLC130_BaseEmpty",
      "ID": 64
    },
    {
      "GroupGUID": "f92042c1-bf82-4d24-a89d-6073adbc4d53",
      "GroupPath": "Config/LevelOutput/Group/Groups_P80209_F80209001/LevelGroup_P80209_F80209001_G69.json",
      "Name": "RogueDLC130_Area",
      "ID": 69
    },
    {
      "GroupGUID": "2774d8f0-8468-4afa-84b7-b1f49c6499a3",
      "GroupPath": "Config/LevelOutput/Group/Groups_P80209_F80209001/LevelGroup_P80209_F80209001_G70.json",
      "Name": "RogueDLC130_BaseCommon",
      "ID": 70
    },
    {
      "GroupGUID": "f9294497-b7f0-4752-8744-8cb8c486c631",
      "GroupPath": "Config/LevelOutput/Group/Groups_P80209_F80209001/LevelGroup_P80209_F80209001_G73.json",
      "Name": "RogueDLC130_MainMonster",
      "ID": 73
    },
    {
      "GroupGUID": "5e7b6c2f-c2af-475e-9f2b-ec7ce3a99269",
      "GroupPath": "Config/LevelOutput/Group/Groups_P80209_F80209001/LevelGroup_P80209_F80209001_G72.json",
      "Name": "RogueDLC130_Event",
      "ID": 72
    },
    {
      "GroupGUID": "318a9363-0c52-4c9e-b3a8-ec5e2d450d77",
      "GroupPath": "Config/LevelOutput/Group/Groups_P80209_F80209001/LevelGroup_P80209_F80209001_G107.json",
      "Name": "RogueDLC130_Event",
      "ID": 107
    },
    {
      "GroupGUID": "73d5842e-d989-4b53-90db-34efa99028fe",
      "GroupPath": "Config/LevelOutput/Group/Groups_P80209_F80209001/LevelGroup_P80209_F80209001_G108.json",
      "Name": "RogueDLC130_Event",
      "ID": 108
    },
    {
      "GroupGUID": "e75e56eb-24ce-4332-9392-e0e655b79c84",
      "GroupPath": "Config/LevelOutput/Group/Groups_P80209_F80209001/LevelGroup_P80209_F80209001_G109.json",
      "Name": "RogueDLC130_Event",
      "ID": 109
    },
    {
      "GroupGUID": "cc5fbbf0-8b24-4ea5-ac4b-16f2c1203c26",
      "GroupPath": "Config/LevelOutput/Group/Groups_P80209_F80209001/LevelGroup_P80209_F80209001_G110.json",
      "Name": "RogueDLC130_Event",
      "ID": 110
    },
    {
      "GroupGUID": "e699f3f2-e322-4b0b-a61e-c161ec198fe4",
      "GroupPath": "Config/LevelOutput/Group/Groups_P80209_F80209001/LevelGroup_P80209_F80209001_G111.json",
      "DimensionFilter": {},
      "Name": "RogueDLC130_Event",
      "ID": 111
    },
    {
      "GroupGUID": "2d322182-42f6-4453-b2cc-0a2803e3072e",
      "GroupPath": "Config/LevelOutput/Group/Groups_P80209_F80209001/LevelGroup_P80209_F80209001_G71.json",
      "Name": "RogueDLC130_BaseEmpty",
      "ID": 71
    },
    {
      "GroupGUID": "e44fa978-07de-4b15-9b21-41c6a960a978",
      "GroupPath": "Config/LevelOutput/Group/Groups_P80209_F80209001/LevelGroup_P80209_F80209001_G74.json",
      "Name": "RogueDLC130_Area",
      "ID": 74
    },
    {
      "GroupGUID": "669e3026-f5d0-4309-9383-6013509b74f0",
      "GroupPath": "Config/LevelOutput/Group/Groups_P80209_F80209001/LevelGroup_P80209_F80209001_G75.json",
      "Name": "RogueDLC130_BaseCommon",
      "ID": 75
    },
    {
      "GroupGUID": "3d6f2cc7-eeac-451c-9b05-5282b415a25f",
      "GroupPath": "Config/LevelOutput/Group/Groups_P80209_F80209001/LevelGroup_P80209_F80209001_G76.json",
      "Name": "RogueDLC130_MainMonster",
      "ID": 76
    },
    {
      "GroupGUID": "a8a9b666-4ad5-425a-9da0-9cf96f6460da",
      "GroupPath": "Config/LevelOutput/Group/Groups_P80209_F80209001/LevelGroup_P80209_F80209001_G77.json",
      "Name": "RogueDLC130_SubMonster",
      "ID": 77
    },
    {
      "GroupGUID": "8efb072e-9464-41dc-85d2-e4f8ab6c75d4",
      "GroupPath": "Config/LevelOutput/Group/Groups_P80209_F80209001/LevelGroup_P80209_F80209001_G78.json",
      "Name": "RogueDLC130_SubMonster",
      "ID": 78
    },
    {
      "GroupGUID": "004a3469-2ada-49fa-ab8f-17a1aa16088f",
      "GroupPath": "Config/LevelOutput/Group/Groups_P80209_F80209001/LevelGroup_P80209_F80209001_G79.json",
      "Name": "RogueDLC130_Area",
      "ID": 79
    },
    {
      "GroupGUID": "d1dfbf36-e3d2-46fd-990a-995fb34318fe",
      "GroupPath": "Config/LevelOutput/Group/Groups_P80209_F80209001/LevelGroup_P80209_F80209001_G80.json",
      "Name": "RogueDLC130_BaseCommon",
      "ID": 80
    },
    {
      "GroupGUID": "e713dc90-f8d0-4937-b7f3-20e74383a786",
      "GroupPath": "Config/LevelOutput/Group/Groups_P80209_F80209001/LevelGroup_P80209_F80209001_G81.json",
      "Name": "RogueDLC130_MainMonster",
      "ID": 81
    },
    {
      "GroupGUID": "63171b90-acc1-4c0e-9cca-25307f8dd039",
      "GroupPath": "Config/LevelOutput/Group/Groups_P80209_F80209001/LevelGroup_P80209_F80209001_G82.json",
      "Name": "RogueDLC130_SubMonster",
      "ID": 82
    },
    {
      "GroupGUID": "51419063-270a-4b9a-a8a1-7b31352f51fe",
      "GroupPath": "Config/LevelOutput/Group/Groups_P80209_F80209001/LevelGroup_P80209_F80209001_G83.json",
      "Name": "RogueDLC130_SubMonster",
      "ID": 83
    },
    {
      "GroupGUID": "588efdb6-e4ee-4f9d-8c5e-06ac83d4e531",
      "GroupPath": "Config/LevelOutput/Group/Groups_P80209_F80209001/LevelGroup_P80209_F80209001_G84.json",
      "Name": "RogueDLC130_Area",
      "ID": 84
    },
    {
      "GroupGUID": "d6a2c897-d422-48db-af9b-7427b23f1c20",
      "GroupPath": "Config/LevelOutput/Group/Groups_P80209_F80209001/LevelGroup_P80209_F80209001_G85.json",
      "Name": "RogueDLC130_BaseCommon",
      "ID": 85
    },
    {
      "GroupGUID": "28c81336-eb4c-43d7-a80f-ac37485ef822",
      "GroupPath": "Config/LevelOutput/Group/Groups_P80209_F80209001/LevelGroup_P80209_F80209001_G86.json",
      "Name": "RogueDLC130_Event",
      "ID": 86
    },
    {
      "GroupGUID": "95ea2ffa-3837-47c1-b4cc-dece8c3d9b19",
      "GroupPath": "Config/LevelOutput/Group/Groups_P80209_F80209001/LevelGroup_P80209_F80209001_G87.json",
      "Name": "RogueDLC130_MainMonster",
      "ID": 87
    },
    {
      "GroupGUID": "c1a46482-42b7-44dd-83b1-e9b332ccbe54",
      "GroupPath": "Config/LevelOutput/Group/Groups_P80209_F80209001/LevelGroup_P80209_F80209001_G88.json",
      "Name": "RogueDLC130_Area",
      "ID": 88
    },
    {
      "GroupGUID": "e1ca8f11-c0d4-47bf-a259-c458dc328c47",
      "GroupPath": "Config/LevelOutput/Group/Groups_P80209_F80209001/LevelGroup_P80209_F80209001_G89.json",
      "Name": "RogueDLC130_BaseCommon",
      "ID": 89
    },
    {
      "GroupGUID": "51d82195-cc34-4a48-9eb6-24968a4188af",
      "GroupPath": "Config/LevelOutput/Group/Groups_P80209_F80209001/LevelGroup_P80209_F80209001_G90.json",
      "Name": "RogueDLC130_Event",
      "ID": 90
    },
    {
      "GroupGUID": "4940d1aa-e4d5-455b-927f-25e0daa061e1",
      "GroupPath": "Config/LevelOutput/Group/Groups_P80209_F80209001/LevelGroup_P80209_F80209001_G91.json",
      "Name": "RogueDLC130_MainMonster",
      "ID": 91
    },
    {
      "GroupGUID": "93005fe4-d5ab-4fcb-aa8d-95468a8a8415",
      "GroupPath": "Config/LevelOutput/Group/Groups_P80209_F80209001/LevelGroup_P80209_F80209001_G94.json",
      "Name": "RogueDLC130_Area",
      "ID": 94
    },
    {
      "GroupGUID": "2a2f0745-e8d0-46e3-9f15-a6965f42f2c8",
      "GroupPath": "Config/LevelOutput/Group/Groups_P80209_F80209001/LevelGroup_P80209_F80209001_G95.json",
      "Name": "RogueDLC130_BaseCommon",
      "ID": 95
    },
    {
      "GroupGUID": "522a8f2e-2fef-469b-a65a-75b688a1baa7",
      "GroupPath": "Config/LevelOutput/Group/Groups_P80209_F80209001/LevelGroup_P80209_F80209001_G96.json",
      "Name": "RogueDLC130_MainMonster",
      "ID": 96
    }
  ],
  "DefaultEnviroProfile": "Stages/Outputs/Chapter02/EnviroProfile/Chap02_CloseView_MAZ_X202_MainLine_01_Night.enviroProfile.asset",
  "StageData": "Stages/Outputs/Chapter02/Stages/Chap02_MAZ_X202_MainLine_01_StageData/Chap02_MAZ_X202_MainLine_01_StageData.stage",
  "CameraType": "Maze",
  "TimeOfDayEnviroProfileMap": {},
  "LayerToAreaMask": [
    1
  ],
  "BattleAreaList": [],
  "DimensionList": [
    {}
  ],
  "NavmapConfigPath": "Config/LevelOutput/Map/MapInfo_P80209_F80209001.json",
  "EnableGroupStreaming": false,
  "EnableGroupSpaceConflict": false,
  "IsRestartLevelGraph": false
}