{
  "FloorID": 80208001,
  "FloorName": "MazeText_Empty",
  "StartGroupID": 1,
  "StartAnchorID": 1,
  "GroupList": [
    {
      "GroupGUID": "481cbd35-3f82-4afa-b32d-b9e7386e4039",
      "GroupPath": "Config/LevelOutput/Group/Groups_P80208_F80208001/LevelGroup_P80208_F80208001_G1.json",
      "Name": "DefaultGroup",
      "ID": 1
    },
    {
      "GroupGUID": "08cf98bf-bf4e-4d7f-b0b9-9344295b7ee4",
      "GroupPath": "Config/LevelOutput/Group/Groups_P80208_F80208001/LevelGroup_P80208_F80208001_G2.json",
      "Name": "Defalut_Group",
      "ID": 2
    },
    {
      "GroupGUID": "7b67999a-83a4-44d6-9c1c-84bdf85c8e6f",
      "GroupPath": "Config/LevelOutput/Group/Groups_P80208_F80208001/LevelGroup_P80208_F80208001_G3.json",
      "Name": "Sound",
      "ID": 3
    },
    {
      "GroupGUID": "b0bd5b14-8d9c-4550-9cb9-6b60437f325c",
      "GroupPath": "Config/LevelOutput/Group/Groups_P80208_F80208001/LevelGroup_P80208_F80208001_G4.json",
      "Name": "New Group",
      "ID": 4
    },
    {
      "GroupGUID": "4f008e96-8f16-4770-8043-9a7a4df4b3e3",
      "GroupPath": "Config/LevelOutput/Group/Groups_P80208_F80208001/LevelGroup_P80208_F80208001_G5.json",
      "Name": "New Group",
      "ID": 5
    },
    {
      "GroupGUID": "58c879dc-be42-4f2c-aec7-34f0e9aff3a5",
      "GroupPath": "Config/LevelOutput/Group/Groups_P80208_F80208001/LevelGroup_P80208_F80208001_G6.json",
      "Name": "New Group",
      "ID": 6
    },
    {
      "GroupGUID": "1aaf63a0-0637-461a-8e22-53764ddf22e9",
      "GroupPath": "Config/LevelOutput/Group/Groups_P80208_F80208001/LevelGroup_P80208_F80208001_G7.json",
      "Name": "New Group",
      "ID": 7
    },
    {
      "GroupGUID": "2f8e8560-a2c0-4ebb-b8df-8d92bd1623d2",
      "GroupPath": "Config/LevelOutput/Group/Groups_P80208_F80208001/LevelGroup_P80208_F80208001_G8.json",
      "Name": "New Group",
      "ID": 8
    },
    {
      "GroupGUID": "ecd63ee3-43b3-415b-ace0-7eb7bb682fff",
      "GroupPath": "Config/LevelOutput/Group/Groups_P80208_F80208001/LevelGroup_P80208_F80208001_G9.json",
      "Name": "New Group",
      "ID": 9
    },
    {
      "GroupGUID": "e1d63761-4995-4a49-b663-2814304bb6f2",
      "GroupPath": "Config/LevelOutput/Group/Groups_P80208_F80208001/LevelGroup_P80208_F80208001_G13.json",
      "Name": "RogueDLC130_Area",
      "ID": 13
    },
    {
      "GroupGUID": "f5607ebb-5d5b-4916-afcc-ba5927d7faef",
      "GroupPath": "Config/LevelOutput/Group/Groups_P80208_F80208001/LevelGroup_P80208_F80208001_G14.json",
      "Name": "RogueDLC130_BaseRest",
      "ID": 14
    },
    {
      "GroupGUID": "5ecdc4b9-e6ad-4c9a-8973-a45601f83439",
      "GroupPath": "Config/LevelOutput/Group/Groups_P80208_F80208001/LevelGroup_P80208_F80208001_G15.json",
      "Name": "RogueDLC130_Rest",
      "ID": 15
    },
    {
      "GroupGUID": "6420ba57-285e-41a7-946c-c341855186d6",
      "GroupPath": "Config/LevelOutput/Group/Groups_P80208_F80208001/LevelGroup_P80208_F80208001_G16.json",
      "Name": "RogueDLC130_Area",
      "ID": 16
    },
    {
      "GroupGUID": "d682114a-41c1-4481-940e-45af39c47240",
      "GroupPath": "Config/LevelOutput/Group/Groups_P80208_F80208001/LevelGroup_P80208_F80208001_G17.json",
      "Name": "RogueDLC130_BaseBoss",
      "ID": 17
    },
    {
      "GroupGUID": "0ec0a9e9-854b-4d43-9667-56712ab5d0fe",
      "GroupPath": "Config/LevelOutput/Group/Groups_P80208_F80208001/LevelGroup_P80208_F80208001_G18.json",
      "Name": "RogueDLC130_Boss",
      "ID": 18
    },
    {
      "GroupGUID": "cc3b3d28-992f-4ba9-b925-8828cacefbb1",
      "GroupPath": "Config/LevelOutput/Group/Groups_P80208_F80208001/LevelGroup_P80208_F80208001_G19.json",
      "Name": "RogueDLC130_SwarmBoss",
      "ID": 19
    },
    {
      "GroupGUID": "7d1b5b3a-eddb-4a4d-bddd-76978effed0e",
      "GroupPath": "Config/LevelOutput/Group/Groups_P80208_F80208001/LevelGroup_P80208_F80208001_G20.json",
      "Name": "RogueDLC130_Area",
      "ID": 20
    },
    {
      "GroupGUID": "a3426f28-a8f2-46fa-b363-a7c696889738",
      "GroupPath": "Config/LevelOutput/Group/Groups_P80208_F80208001/LevelGroup_P80208_F80208001_G21.json",
      "Name": "RogueDLC130_BaseCommon",
      "ID": 21
    },
    {
      "GroupGUID": "156515c3-abab-4888-9945-710501dc9601",
      "GroupPath": "Config/LevelOutput/Group/Groups_P80208_F80208001/LevelGroup_P80208_F80208001_G22.json",
      "Name": "RogueDLC130_MainMonster",
      "ID": 22
    },
    {
      "GroupGUID": "4d37adca-761b-4257-9435-03fb7346e85e",
      "GroupPath": "Config/LevelOutput/Group/Groups_P80208_F80208001/LevelGroup_P80208_F80208001_G23.json",
      "Name": "RogueDLC130_SubMonster",
      "ID": 23
    },
    {
      "GroupGUID": "9d535f88-b00d-4715-a842-020e0c5a2c20",
      "GroupPath": "Config/LevelOutput/Group/Groups_P80208_F80208001/LevelGroup_P80208_F80208001_G24.json",
      "Name": "RogueDLC130_SubMonster",
      "ID": 24
    },
    {
      "GroupGUID": "5483ac6d-dec7-4631-a8a8-db4fe05fec30",
      "GroupPath": "Config/LevelOutput/Group/Groups_P80208_F80208001/LevelGroup_P80208_F80208001_G25.json",
      "Name": "RogueDLC130_Area",
      "ID": 25
    },
    {
      "GroupGUID": "c5a1ae8a-3718-4cea-bccc-c914a49e4d06",
      "GroupPath": "Config/LevelOutput/Group/Groups_P80208_F80208001/LevelGroup_P80208_F80208001_G26.json",
      "Name": "RogueDLC130_BaseCommon",
      "ID": 26
    },
    {
      "GroupGUID": "f5d82f1e-5d49-497d-9700-a386e9e360b0",
      "GroupPath": "Config/LevelOutput/Group/Groups_P80208_F80208001/LevelGroup_P80208_F80208001_G27.json",
      "Name": "RogueDLC130_MainMonster",
      "ID": 27
    },
    {
      "GroupGUID": "fec6f3a0-84e8-470a-b19f-ebeae3d702a6",
      "GroupPath": "Config/LevelOutput/Group/Groups_P80208_F80208001/LevelGroup_P80208_F80208001_G58.json",
      "Name": "RogueDLC130_BaseCommon",
      "ID": 58
    },
    {
      "GroupGUID": "ea922086-e8f6-4948-bc85-9485d84f18f2",
      "GroupPath": "Config/LevelOutput/Group/Groups_P80208_F80208001/LevelGroup_P80208_F80208001_G59.json",
      "Name": "RogueDLC130_Event",
      "ID": 59
    },
    {
      "GroupGUID": "b9ba25e3-e6c0-406e-80d0-876b379d63d5",
      "GroupPath": "Config/LevelOutput/Group/Groups_P80208_F80208001/LevelGroup_P80208_F80208001_G72.json",
      "Name": "RogueDLC130_BaseEmpty",
      "ID": 72
    },
    {
      "GroupGUID": "5ac4c542-ad99-45b1-9ede-22b195c335fd",
      "GroupPath": "Config/LevelOutput/Group/Groups_P80208_F80208001/LevelGroup_P80208_F80208001_G28.json",
      "Name": "RogueDLC130_Area",
      "ID": 28
    },
    {
      "GroupGUID": "4ea6d5c8-d071-4616-adae-976083b1a616",
      "GroupPath": "Config/LevelOutput/Group/Groups_P80208_F80208001/LevelGroup_P80208_F80208001_G29.json",
      "Name": "RogueDLC130_BaseCommon",
      "ID": 29
    },
    {
      "GroupGUID": "a8fe881c-ce44-4a36-9807-025adf443514",
      "GroupPath": "Config/LevelOutput/Group/Groups_P80208_F80208001/LevelGroup_P80208_F80208001_G30.json",
      "Name": "RogueDLC130_MainMonster",
      "ID": 30
    },
    {
      "GroupGUID": "c60fd090-ff4e-438f-b58d-b4073f2117fa",
      "GroupPath": "Config/LevelOutput/Group/Groups_P80208_F80208001/LevelGroup_P80208_F80208001_G60.json",
      "Name": "RogueDLC130_BaseCommon",
      "ID": 60
    },
    {
      "GroupGUID": "81158217-4e54-496d-9cad-43ee9739df31",
      "GroupPath": "Config/LevelOutput/Group/Groups_P80208_F80208001/LevelGroup_P80208_F80208001_G61.json",
      "Name": "RogueDLC130_Event",
      "ID": 61
    },
    {
      "GroupGUID": "7a65b5e4-94ba-40e3-afa1-d033553dc4fb",
      "GroupPath": "Config/LevelOutput/Group/Groups_P80208_F80208001/LevelGroup_P80208_F80208001_G57.json",
      "Name": "RogueDLC130_BaseEmpty",
      "ID": 57
    },
    {
      "GroupGUID": "d1f01ada-2e05-43f6-b5ac-d2f31973c305",
      "GroupPath": "Config/LevelOutput/Group/Groups_P80208_F80208001/LevelGroup_P80208_F80208001_G31.json",
      "Name": "RogueDLC130_Area",
      "ID": 31
    },
    {
      "GroupGUID": "a5e0d158-af60-42df-b82a-1dba775acd7e",
      "GroupPath": "Config/LevelOutput/Group/Groups_P80208_F80208001/LevelGroup_P80208_F80208001_G32.json",
      "Name": "RogueDLC130_BaseCommon",
      "ID": 32
    },
    {
      "GroupGUID": "47286fd6-8e16-43cc-891e-4f6cd4ebaad5",
      "GroupPath": "Config/LevelOutput/Group/Groups_P80208_F80208001/LevelGroup_P80208_F80208001_G33.json",
      "Name": "RogueDLC130_MainMonster",
      "ID": 33
    },
    {
      "GroupGUID": "b319b1b5-e9e5-436f-8b90-80c9633d8ea9",
      "GroupPath": "Config/LevelOutput/Group/Groups_P80208_F80208001/LevelGroup_P80208_F80208001_G34.json",
      "Name": "RogueDLC130_SubMonster",
      "ID": 34
    },
    {
      "GroupGUID": "b1b896d8-12fe-4b45-bf49-f6e748b9056e",
      "GroupPath": "Config/LevelOutput/Group/Groups_P80208_F80208001/LevelGroup_P80208_F80208001_G55.json",
      "Name": "RogueDLC130_BaseShop",
      "ID": 55
    },
    {
      "GroupGUID": "ce9b1274-1e68-469f-8f3e-ff2673bf81dc",
      "GroupPath": "Config/LevelOutput/Group/Groups_P80208_F80208001/LevelGroup_P80208_F80208001_G56.json",
      "Name": "RogueDLC130_Shop",
      "ID": 56
    },
    {
      "GroupGUID": "53ba53a9-b564-4190-95fe-6843d3825110",
      "GroupPath": "Config/LevelOutput/Group/Groups_P80208_F80208001/LevelGroup_P80208_F80208001_G75.json",
      "Name": "RogueDLC130_Shop",
      "ID": 75
    },
    {
      "GroupGUID": "6834a6e3-a52e-45dd-9586-1ee9d29f5964",
      "GroupPath": "Config/LevelOutput/Group/Groups_P80208_F80208001/LevelGroup_P80208_F80208001_G35.json",
      "Name": "RogueDLC130_Area",
      "ID": 35
    },
    {
      "GroupGUID": "2ad9e187-934e-4cb1-b590-d4fd3d885f80",
      "GroupPath": "Config/LevelOutput/Group/Groups_P80208_F80208001/LevelGroup_P80208_F80208001_G36.json",
      "Name": "RogueDLC130_BaseCommon",
      "ID": 36
    },
    {
      "GroupGUID": "c0807ff9-e9d3-43f4-87ce-2057a3bb9db0",
      "GroupPath": "Config/LevelOutput/Group/Groups_P80208_F80208001/LevelGroup_P80208_F80208001_G37.json",
      "Name": "RogueDLC130_MainMonster",
      "ID": 37
    },
    {
      "GroupGUID": "228b019a-75da-4b17-8ac2-f1800216c93c",
      "GroupPath": "Config/LevelOutput/Group/Groups_P80208_F80208001/LevelGroup_P80208_F80208001_G38.json",
      "Name": "RogueDLC130_SubMonster",
      "ID": 38
    },
    {
      "GroupGUID": "18f7340f-85a1-411a-8f39-d65fac8094c8",
      "GroupPath": "Config/LevelOutput/Group/Groups_P80208_F80208001/LevelGroup_P80208_F80208001_G39.json",
      "Name": "RogueDLC130_SubMonster",
      "ID": 39
    },
    {
      "GroupGUID": "e6091e38-77f4-48e0-a9ae-80f57a62fa26",
      "GroupPath": "Config/LevelOutput/Group/Groups_P80208_F80208001/LevelGroup_P80208_F80208001_G81.json",
      "Name": "RogueDLC130_BaseCommon",
      "ID": 81
    },
    {
      "GroupGUID": "af5d97bf-8a6d-4179-9fc8-c06017e7497c",
      "GroupPath": "Config/LevelOutput/Group/Groups_P80208_F80208001/LevelGroup_P80208_F80208001_G82.json",
      "Name": "RogueDLC130_MainMonster",
      "ID": 82
    },
    {
      "GroupGUID": "6f1c6de8-ea92-459e-b9dc-fab5940f59a2",
      "GroupPath": "Config/LevelOutput/Group/Groups_P80208_F80208001/LevelGroup_P80208_F80208001_G83.json",
      "Name": "RogueDLC130_SubMonster",
      "ID": 83
    },
    {
      "GroupGUID": "e3c7d66a-49e1-488d-9b7d-205ca53dd19d",
      "GroupPath": "Config/LevelOutput/Group/Groups_P80208_F80208001/LevelGroup_P80208_F80208001_G84.json",
      "Name": "RogueDLC130_SubMonster",
      "ID": 84
    },
    {
      "GroupGUID": "0a65e264-cb6a-4fe6-bb1d-392ab19721a2",
      "GroupPath": "Config/LevelOutput/Group/Groups_P80208_F80208001/LevelGroup_P80208_F80208001_G42.json",
      "Name": "RogueDLC130_Area",
      "ID": 42
    },
    {
      "GroupGUID": "9b26eace-0aeb-4f66-9d59-b4dfd400de8d",
      "GroupPath": "Config/LevelOutput/Group/Groups_P80208_F80208001/LevelGroup_P80208_F80208001_G43.json",
      "Name": "RogueDLC130_BaseCommon",
      "ID": 43
    },
    {
      "GroupGUID": "e20af360-98f6-40d3-a309-7f8348d67f3a",
      "GroupPath": "Config/LevelOutput/Group/Groups_P80208_F80208001/LevelGroup_P80208_F80208001_G44.json",
      "Name": "RogueDLC130_Event",
      "ID": 44
    },
    {
      "GroupGUID": "e2d04417-e5c2-4b00-99bd-bb4de462a4cf",
      "GroupPath": "Config/LevelOutput/Group/Groups_P80208_F80208001/LevelGroup_P80208_F80208001_G62.json",
      "Name": "RogueDLC130_BaseCommon",
      "ID": 62
    },
    {
      "GroupGUID": "b2352261-f178-484e-99d0-cde3b4515412",
      "GroupPath": "Config/LevelOutput/Group/Groups_P80208_F80208001/LevelGroup_P80208_F80208001_G63.json",
      "Name": "RogueDLC130_MainMonster",
      "ID": 63
    },
    {
      "GroupGUID": "14aad4ff-950a-4888-8693-72c43370ed66",
      "GroupPath": "Config/LevelOutput/Group/Groups_P80208_F80208001/LevelGroup_P80208_F80208001_G45.json",
      "Name": "RogueDLC130_Area",
      "ID": 45
    },
    {
      "GroupGUID": "9c177fd2-ebbf-4678-b1ea-45b9e1933e8e",
      "GroupPath": "Config/LevelOutput/Group/Groups_P80208_F80208001/LevelGroup_P80208_F80208001_G46.json",
      "Name": "RogueDLC130_BaseCommon",
      "ID": 46
    },
    {
      "GroupGUID": "5a8f00fa-82c2-43ab-86ee-60be6114a663",
      "GroupPath": "Config/LevelOutput/Group/Groups_P80208_F80208001/LevelGroup_P80208_F80208001_G47.json",
      "Name": "RogueDLC130_Event",
      "ID": 47
    },
    {
      "GroupGUID": "64512a62-c39f-4560-93d6-4415d164c3ce",
      "GroupPath": "Config/LevelOutput/Group/Groups_P80208_F80208001/LevelGroup_P80208_F80208001_G90.json",
      "Name": "RogueDLC130_Event",
      "ID": 90
    },
    {
      "GroupGUID": "a76c55cc-11f0-40d3-9859-43b053824ebb",
      "GroupPath": "Config/LevelOutput/Group/Groups_P80208_F80208001/LevelGroup_P80208_F80208001_G91.json",
      "Name": "RogueDLC130_Event",
      "ID": 91
    },
    {
      "GroupGUID": "00a395cb-1f4a-4bb9-b48f-38465de4bfbd",
      "GroupPath": "Config/LevelOutput/Group/Groups_P80208_F80208001/LevelGroup_P80208_F80208001_G92.json",
      "Name": "RogueDLC130_Event",
      "ID": 92
    },
    {
      "GroupGUID": "48d6c378-37f2-4c7b-adf7-3cbd8251ffb8",
      "GroupPath": "Config/LevelOutput/Group/Groups_P80208_F80208001/LevelGroup_P80208_F80208001_G93.json",
      "Name": "RogueDLC130_Event",
      "ID": 93
    },
    {
      "GroupGUID": "fb2cb825-591e-412c-8b5e-b2451d8825dc",
      "GroupPath": "Config/LevelOutput/Group/Groups_P80208_F80208001/LevelGroup_P80208_F80208001_G94.json",
      "DimensionFilter": {},
      "Name": "RogueDLC130_Event",
      "ID": 94
    },
    {
      "GroupGUID": "638fcb69-a976-44f9-b963-db47909eecc5",
      "GroupPath": "Config/LevelOutput/Group/Groups_P80208_F80208001/LevelGroup_P80208_F80208001_G65.json",
      "Name": "RogueDLC130_BaseCommon",
      "ID": 65
    },
    {
      "GroupGUID": "7cb06c74-b06c-4e4f-9931-058e09bafa99",
      "GroupPath": "Config/LevelOutput/Group/Groups_P80208_F80208001/LevelGroup_P80208_F80208001_G66.json",
      "Name": "RogueDLC130_MainMonster",
      "ID": 66
    },
    {
      "GroupGUID": "e5b32b42-f905-4619-84c1-effbfc0d960f",
      "GroupPath": "Config/LevelOutput/Group/Groups_P80208_F80208001/LevelGroup_P80208_F80208001_G51.json",
      "Name": "RogueDLC130_BaseBoss",
      "ID": 51
    },
    {
      "GroupGUID": "0a5c92de-eb03-4d02-8be8-fba2d9542e57",
      "GroupPath": "Config/LevelOutput/Group/Groups_P80208_F80208001/LevelGroup_P80208_F80208001_G52.json",
      "Name": "RogueDLC130_Elite",
      "ID": 52
    },
    {
      "GroupGUID": "f07db6ce-c6ac-4f2c-ae57-f0278129b0e1",
      "GroupPath": "Config/LevelOutput/Group/Groups_P80208_F80208001/LevelGroup_P80208_F80208001_G40.json",
      "Name": "RogueDLC130_BaseShop",
      "ID": 40
    },
    {
      "GroupGUID": "094d6514-4141-4130-85ef-5ce2b0aee008",
      "GroupPath": "Config/LevelOutput/Group/Groups_P80208_F80208001/LevelGroup_P80208_F80208001_G41.json",
      "Name": "RogueDLC130_Shop",
      "ID": 41
    },
    {
      "GroupGUID": "ea5d9d8f-21fe-4c31-8c91-1eba0c957aa3",
      "GroupPath": "Config/LevelOutput/Group/Groups_P80208_F80208001/LevelGroup_P80208_F80208001_G76.json",
      "Name": "RogueDLC130_Shop",
      "ID": 76
    },
    {
      "GroupGUID": "f21b772c-5d3b-4b84-928e-4406baa8926a",
      "GroupPath": "Config/LevelOutput/Group/Groups_P80208_F80208001/LevelGroup_P80208_F80208001_G48.json",
      "Name": "RogueDLC130_Area",
      "ID": 48
    },
    {
      "GroupGUID": "78f92979-2cde-46cc-bb58-6dc4ec3638da",
      "GroupPath": "Config/LevelOutput/Group/Groups_P80208_F80208001/LevelGroup_P80208_F80208001_G49.json",
      "Name": "RogueDLC130_BaseCommon",
      "ID": 49
    },
    {
      "GroupGUID": "957110bd-62a1-42b3-9341-9b3aa59dade1",
      "GroupPath": "Config/LevelOutput/Group/Groups_P80208_F80208001/LevelGroup_P80208_F80208001_G50.json",
      "Name": "RogueDLC130_Event",
      "ID": 50
    },
    {
      "GroupGUID": "d162b471-e294-40cb-b3cc-e50e9904f6e4",
      "GroupPath": "Config/LevelOutput/Group/Groups_P80208_F80208001/LevelGroup_P80208_F80208001_G85.json",
      "DimensionFilter": {},
      "Name": "RogueDLC130_Event",
      "ID": 85
    },
    {
      "GroupGUID": "02b39872-5d6a-46d7-a525-8a7d71501b83",
      "GroupPath": "Config/LevelOutput/Group/Groups_P80208_F80208001/LevelGroup_P80208_F80208001_G86.json",
      "DimensionFilter": {},
      "Name": "RogueDLC130_Event",
      "ID": 86
    },
    {
      "GroupGUID": "5533e6a2-8103-48be-89e7-bf0bcfd0fd23",
      "GroupPath": "Config/LevelOutput/Group/Groups_P80208_F80208001/LevelGroup_P80208_F80208001_G87.json",
      "DimensionFilter": {},
      "Name": "RogueDLC130_Event",
      "ID": 87
    },
    {
      "GroupGUID": "89a8a17d-00d4-42f1-848e-52870e0d6148",
      "GroupPath": "Config/LevelOutput/Group/Groups_P80208_F80208001/LevelGroup_P80208_F80208001_G88.json",
      "DimensionFilter": {},
      "Name": "RogueDLC130_Event",
      "ID": 88
    },
    {
      "GroupGUID": "0f596f11-caac-4330-b457-a300a3631dae",
      "GroupPath": "Config/LevelOutput/Group/Groups_P80208_F80208001/LevelGroup_P80208_F80208001_G89.json",
      "DimensionFilter": {},
      "Name": "RogueDLC130_Event",
      "ID": 89
    },
    {
      "GroupGUID": "df94c7b8-4ab7-47c8-91df-2d462901e4c4",
      "GroupPath": "Config/LevelOutput/Group/Groups_P80208_F80208001/LevelGroup_P80208_F80208001_G53.json",
      "Name": "RogueDLC130_BaseBoss",
      "ID": 53
    },
    {
      "GroupGUID": "994b9a2a-d09f-43e6-86db-1c2e275ffdef",
      "GroupPath": "Config/LevelOutput/Group/Groups_P80208_F80208001/LevelGroup_P80208_F80208001_G54.json",
      "Name": "RogueDLC130_Elite",
      "ID": 54
    },
    {
      "GroupGUID": "8268782c-ffd1-4b2f-90a3-a51c064f0fc4",
      "GroupPath": "Config/LevelOutput/Group/Groups_P80208_F80208001/LevelGroup_P80208_F80208001_G67.json",
      "Name": "RogueDLC130_Area",
      "ID": 67
    },
    {
      "GroupGUID": "0f90c51d-ea10-4f6e-9898-e44ec99ff315",
      "GroupPath": "Config/LevelOutput/Group/Groups_P80208_F80208001/LevelGroup_P80208_F80208001_G68.json",
      "Name": "RogueDLC130_BaseCommon",
      "ID": 68
    },
    {
      "GroupGUID": "88aee177-1b3b-48ae-b24a-10beacf3b7a0",
      "GroupPath": "Config/LevelOutput/Group/Groups_P80208_F80208001/LevelGroup_P80208_F80208001_G70.json",
      "Name": "RogueDLC130_MainMonster",
      "ID": 70
    },
    {
      "GroupGUID": "9b236178-74c6-4f90-8373-a449a9ce920b",
      "GroupPath": "Config/LevelOutput/Group/Groups_P80208_F80208001/LevelGroup_P80208_F80208001_G71.json",
      "Name": "RogueDLC130_SubMonster",
      "ID": 71
    },
    {
      "GroupGUID": "050cad35-45a9-485c-aa62-87e47c5e9370",
      "GroupPath": "Config/LevelOutput/Group/Groups_P80208_F80208001/LevelGroup_P80208_F80208001_G69.json",
      "Name": "RogueDLC130_BaseEmpty",
      "ID": 69
    },
    {
      "GroupGUID": "b0060361-2640-4db5-ad40-7bcb985670f9",
      "GroupPath": "Config/LevelOutput/Group/Groups_P80208_F80208001/LevelGroup_P80208_F80208001_G73.json",
      "Name": "RogueDLC130_BaseCommon",
      "ID": 73
    },
    {
      "GroupGUID": "e9f9425b-b9c2-4975-a541-0c8ce1c0e2c4",
      "GroupPath": "Config/LevelOutput/Group/Groups_P80208_F80208001/LevelGroup_P80208_F80208001_G74.json",
      "Name": "RogueDLC130_MainMonster",
      "ID": 74
    },
    {
      "GroupGUID": "6b5d177c-6596-4508-a696-793f7bdda8cb",
      "GroupPath": "Config/LevelOutput/Group/Groups_P80208_F80208001/LevelGroup_P80208_F80208001_G77.json",
      "Name": "RogueDLC130_Area",
      "ID": 77
    },
    {
      "GroupGUID": "ddc3b5ae-aa60-494b-8435-aa0993eb7e98",
      "GroupPath": "Config/LevelOutput/Group/Groups_P80208_F80208001/LevelGroup_P80208_F80208001_G78.json",
      "Name": "RogueDLC130_BaseCommon",
      "ID": 78
    },
    {
      "GroupGUID": "8393ffbb-e7bd-4749-af7e-b5e4e77b7cfa",
      "GroupPath": "Config/LevelOutput/Group/Groups_P80208_F80208001/LevelGroup_P80208_F80208001_G79.json",
      "Name": "RogueDLC130_MainMonster",
      "ID": 79
    },
    {
      "GroupGUID": "d5f1a82b-9df4-4e7e-b109-2f6754a46085",
      "GroupPath": "Config/LevelOutput/Group/Groups_P80208_F80208001/LevelGroup_P80208_F80208001_G80.json",
      "Name": "RogueDLC130_SubMonster",
      "ID": 80
    }
  ],
  "DefaultEnviroProfile": "Stages/Outputs/Chapter02/EnviroProfile/Chap02_CloseView_MAZ_X102_MainLine_01_Day.enviroProfile.asset",
  "StageData": "Stages/Outputs/Chapter02/Stages/Chap02_MAZ_X102_MainLine_01_StageData/Chap02_MAZ_X102_MainLine_01_StageData.stage",
  "CameraType": "Maze",
  "TimeOfDayEnviroProfileMap": {},
  "LayerToAreaMask": [
    8,
    16
  ],
  "BattleAreaList": [],
  "DimensionList": [
    {}
  ],
  "NavmapConfigPath": "Config/LevelOutput/Map/MapInfo_P80208_F80208001.json",
  "EnableGroupStreaming": false,
  "EnableGroupSpaceConflict": false,
  "IsRestartLevelGraph": false
}