{
  "FloorID": 80200005,
  "FloorName": "MazeText_Empty",
  "StartGroupID": 3,
  "StartAnchorID": 1,
  "GroupList": [
    {
      "GroupGUID": "a2d961cd-b0bd-4a69-9487-6cd10318cd6b",
      "GroupPath": "Config/LevelOutput/Group/Groups_P80200_F80200005/LevelGroup_P80200_F80200005_G3.json",
      "Name": "DefaultGroup",
      "ID": 3
    },
    {
      "GroupGUID": "5ac45512-821e-47fc-b986-c9f3a81b7da2",
      "GroupPath": "Config/LevelOutput/Group/Groups_P80200_F80200005/LevelGroup_P80200_F80200005_G4.json",
      "Name": "RogueArea",
      "ID": 4
    },
    {
      "GroupGUID": "a608671a-30be-44fb-91b3-435c864dc4e2",
      "GroupPath": "Config/LevelOutput/Group/Groups_P80200_F80200005/LevelGroup_P80200_F80200005_G5.json",
      "Name": "RogueBase_Common",
      "ID": 5
    },
    {
      "GroupGUID": "7b8dd159-0fdc-4eb4-a46a-d750d0e6f35a",
      "GroupPath": "Config/LevelOutput/Group/Groups_P80200_F80200005/LevelGroup_P80200_F80200005_G6.json",
      "Name": "AdvDes",
      "ID": 6
    },
    {
      "GroupGUID": "23ba278c-a61f-4131-9f35-f147a858c7b6",
      "GroupPath": "Config/LevelOutput/Group/Groups_P80200_F80200005/LevelGroup_P80200_F80200005_G7.json",
      "Name": "Sound",
      "ID": 7
    }
  ],
  "DefaultEnviroProfile": "Stages/Outputs/Chapter00/EnviroProfile/Chap00_CloseView_MAZ_N201_01_Day.enviroProfile.asset",
  "StageData": "Stages/Outputs/Chapter00/Stages/Chap00_MAZ_N201_MainLine_01_StageData/Chap00_MAZ_N201_MainLine_01_StageData.stage",
  "CameraType": "Maze",
  "TimeOfDayEnviroProfileMap": {},
  "LayerToAreaMask": [
    8,
    16,
    32
  ],
  "BattleAreaList": [],
  "DimensionList": [
    {}
  ],
  "NavmapConfigPath": "Config/LevelOutput/Map/MapInfo_P80200_F80200005.json",
  "IsRestartLevelGraph": false
}