{
  "FloorID": 80210001,
  "FloorName": "MazeText_Empty",
  "StartGroupID": 1,
  "StartAnchorID": 1,
  "GroupList": [
    {
      "GroupGUID": "f9a97ecf-e1ff-47d5-8a3c-00b870607209",
      "GroupPath": "Config/LevelOutput/Group/Groups_P80210_F80210001/LevelGroup_P80210_F80210001_G1.json",
      "Name": "DefaultGroup",
      "ID": 1
    },
    {
      "GroupGUID": "e855e79d-948b-4596-b0c9-14ff5f72b7f8",
      "GroupPath": "Config/LevelOutput/Group/Groups_P80210_F80210001/LevelGroup_P80210_F80210001_G2.json",
      "Name": "Default",
      "ID": 2
    },
    {
      "GroupGUID": "c5ebd9ca-0002-408f-b110-3fc7119fe983",
      "GroupPath": "Config/LevelOutput/Group/Groups_P80210_F80210001/LevelGroup_P80210_F80210001_G3.json",
      "Name": "Sound",
      "ID": 3
    },
    {
      "GroupGUID": "c1178d9f-2072-4845-9c68-5bb8f2ced13c",
      "GroupPath": "Config/LevelOutput/Group/Groups_P80210_F80210001/LevelGroup_P80210_F80210001_G4.json",
      "Name": "RogueArea",
      "ID": 4
    },
    {
      "GroupGUID": "c694f7be-1f4a-44e6-bf38-069406a53e2c",
      "GroupPath": "Config/LevelOutput/Group/Groups_P80210_F80210001/LevelGroup_P80210_F80210001_G5.json",
      "Name": "RogueBase_Boss",
      "ID": 5
    },
    {
      "GroupGUID": "f5065eaf-53ae-4072-baf0-abca024e1724",
      "GroupPath": "Config/LevelOutput/Group/Groups_P80210_F80210001/LevelGroup_P80210_F80210001_G6.json",
      "Name": "RogueRoom_Boss",
      "ID": 6
    },
    {
      "GroupGUID": "d65ca546-ef39-4df4-bbcd-967f03889240",
      "GroupPath": "Config/LevelOutput/Group/Groups_P80210_F80210001/LevelGroup_P80210_F80210001_G46.json",
      "Name": "RogueRoom_SwarmBoss",
      "ID": 46
    },
    {
      "GroupGUID": "70c3e728-8ad5-4e85-a5b8-6632afdd69ef",
      "GroupPath": "Config/LevelOutput/Group/Groups_P80210_F80210001/LevelGroup_P80210_F80210001_G7.json",
      "Name": "RogueArea",
      "ID": 7
    },
    {
      "GroupGUID": "3413427c-7cc0-4a72-a4dd-af74fff93729",
      "GroupPath": "Config/LevelOutput/Group/Groups_P80210_F80210001/LevelGroup_P80210_F80210001_G8.json",
      "Name": "RogueBase_Common",
      "ID": 8
    },
    {
      "GroupGUID": "d14e2b95-6dad-4db5-89be-f7fc667c9d4b",
      "GroupPath": "Config/LevelOutput/Group/Groups_P80210_F80210001/LevelGroup_P80210_F80210001_G9.json",
      "Name": "RogueRoom_MainMonster",
      "ID": 9
    },
    {
      "GroupGUID": "7defeb8a-0d56-4276-8507-0b72325eb34b",
      "GroupPath": "Config/LevelOutput/Group/Groups_P80210_F80210001/LevelGroup_P80210_F80210001_G12.json",
      "Name": "RogueArea",
      "ID": 12
    },
    {
      "GroupGUID": "9d3e2310-1330-4320-9ba3-3dc17ae5bd3f",
      "GroupPath": "Config/LevelOutput/Group/Groups_P80210_F80210001/LevelGroup_P80210_F80210001_G13.json",
      "Name": "RogueBase_Common",
      "ID": 13
    },
    {
      "GroupGUID": "727624c9-8409-4110-ab3b-58d9b9a64d6c",
      "GroupPath": "Config/LevelOutput/Group/Groups_P80210_F80210001/LevelGroup_P80210_F80210001_G14.json",
      "Name": "RogueRoom_MainMonster",
      "ID": 14
    },
    {
      "GroupGUID": "c428855a-720b-4ccd-b156-a6f6640c8336",
      "GroupPath": "Config/LevelOutput/Group/Groups_P80210_F80210001/LevelGroup_P80210_F80210001_G15.json",
      "Name": "RogueArea",
      "ID": 15
    },
    {
      "GroupGUID": "e0859c42-3c9d-4c68-b4a4-1d06bb3ebc2b",
      "GroupPath": "Config/LevelOutput/Group/Groups_P80210_F80210001/LevelGroup_P80210_F80210001_G16.json",
      "Name": "RogueBase_Common",
      "ID": 16
    },
    {
      "GroupGUID": "769f7080-2f47-49f2-b5c2-bd9990ac8195",
      "GroupPath": "Config/LevelOutput/Group/Groups_P80210_F80210001/LevelGroup_P80210_F80210001_G17.json",
      "Name": "RogueRoom_Event",
      "ID": 17
    },
    {
      "GroupGUID": "e911d639-924f-414d-8ee3-bad45e782997",
      "GroupPath": "Config/LevelOutput/Group/Groups_P80210_F80210001/LevelGroup_P80210_F80210001_G105.json",
      "DimensionFilter": {},
      "Name": "RogueDLC130_Event",
      "ID": 105
    },
    {
      "GroupGUID": "a2b8c5cb-e5e8-408a-b3d6-e34b92488635",
      "GroupPath": "Config/LevelOutput/Group/Groups_P80210_F80210001/LevelGroup_P80210_F80210001_G106.json",
      "DimensionFilter": {},
      "Name": "RogueDLC130_Event",
      "ID": 106
    },
    {
      "GroupGUID": "8755d601-9e15-4889-a9ee-958b1d696ba4",
      "GroupPath": "Config/LevelOutput/Group/Groups_P80210_F80210001/LevelGroup_P80210_F80210001_G107.json",
      "DimensionFilter": {},
      "Name": "RogueDLC130_Event",
      "ID": 107
    },
    {
      "GroupGUID": "6093cc0b-d765-4963-bb99-a163cfca4635",
      "GroupPath": "Config/LevelOutput/Group/Groups_P80210_F80210001/LevelGroup_P80210_F80210001_G108.json",
      "DimensionFilter": {},
      "Name": "RogueDLC130_Event",
      "ID": 108
    },
    {
      "GroupGUID": "0cf02f68-fdc5-44e9-9ede-0650edaff7c6",
      "GroupPath": "Config/LevelOutput/Group/Groups_P80210_F80210001/LevelGroup_P80210_F80210001_G109.json",
      "DimensionFilter": {},
      "Name": "RogueDLC130_Event",
      "ID": 109
    },
    {
      "GroupGUID": "1bcf4806-10f2-4542-be03-132674af8531",
      "GroupPath": "Config/LevelOutput/Group/Groups_P80210_F80210001/LevelGroup_P80210_F80210001_G81.json",
      "Name": "RogueDLC130_MainMonster",
      "ID": 81
    },
    {
      "GroupGUID": "7849b522-c5f2-4cc0-a9e1-981fecae08cc",
      "GroupPath": "Config/LevelOutput/Group/Groups_P80210_F80210001/LevelGroup_P80210_F80210001_G82.json",
      "Name": "RogueDLC130_SubMonster",
      "ID": 82
    },
    {
      "GroupGUID": "f4c169e3-936c-4099-ad27-bc7d422afeb8",
      "GroupPath": "Config/LevelOutput/Group/Groups_P80210_F80210001/LevelGroup_P80210_F80210001_G20.json",
      "Name": "RogueBase_Common",
      "ID": 20
    },
    {
      "GroupGUID": "8df272e1-ed9b-4999-a536-4d8d6cc34d15",
      "GroupPath": "Config/LevelOutput/Group/Groups_P80210_F80210001/LevelGroup_P80210_F80210001_G21.json",
      "Name": "RogueRoom_MainMonster",
      "ID": 21
    },
    {
      "GroupGUID": "0b557d51-9328-4113-83a2-300a1a5307c8",
      "GroupPath": "Config/LevelOutput/Group/Groups_P80210_F80210001/LevelGroup_P80210_F80210001_G51.json",
      "Name": "RogueArea",
      "ID": 51
    },
    {
      "GroupGUID": "a4da8ce2-fddc-4176-8953-d74c3950dce6",
      "GroupPath": "Config/LevelOutput/Group/Groups_P80210_F80210001/LevelGroup_P80210_F80210001_G18.json",
      "Name": "RogueBase_Single",
      "ID": 18
    },
    {
      "GroupGUID": "074ff98f-68c5-4932-9446-a8315a6869bf",
      "GroupPath": "Config/LevelOutput/Group/Groups_P80210_F80210001/LevelGroup_P80210_F80210001_G19.json",
      "Name": "Rogue_RestRoom",
      "ID": 19
    },
    {
      "GroupGUID": "e95c5a51-b315-48b3-8205-0f539b2f00ee",
      "GroupPath": "Config/LevelOutput/Group/Groups_P80210_F80210001/LevelGroup_P80210_F80210001_G23.json",
      "Name": "RogueArea",
      "ID": 23
    },
    {
      "GroupGUID": "9700c0fa-9df7-4eca-8e35-19d204f23998",
      "GroupPath": "Config/LevelOutput/Group/Groups_P80210_F80210001/LevelGroup_P80210_F80210001_G24.json",
      "Name": "RogueBase_Common",
      "ID": 24
    },
    {
      "GroupGUID": "79d1e048-1fda-4ec9-9e0b-94052f248709",
      "GroupPath": "Config/LevelOutput/Group/Groups_P80210_F80210001/LevelGroup_P80210_F80210001_G25.json",
      "Name": "RogueRoom_MainMonster",
      "ID": 25
    },
    {
      "GroupGUID": "20a8218a-8d4d-44af-ab84-6be11ead3555",
      "GroupPath": "Config/LevelOutput/Group/Groups_P80210_F80210001/LevelGroup_P80210_F80210001_G56.json",
      "Name": "RogueDLC130_SubMonster",
      "ID": 56
    },
    {
      "GroupGUID": "49022582-b84d-49c2-99d3-e2b02e1541eb",
      "GroupPath": "Config/LevelOutput/Group/Groups_P80210_F80210001/LevelGroup_P80210_F80210001_G57.json",
      "Name": "RogueDLC130_SubMonster",
      "ID": 57
    },
    {
      "GroupGUID": "54dd9274-4b6e-43f6-a877-69ffc432dec7",
      "GroupPath": "Config/LevelOutput/Group/Groups_P80210_F80210001/LevelGroup_P80210_F80210001_G49.json",
      "Name": "RogueBase_Common",
      "ID": 49
    },
    {
      "GroupGUID": "8c7aaecb-700a-445f-93f3-c7ff66ff9f1f",
      "GroupPath": "Config/LevelOutput/Group/Groups_P80210_F80210001/LevelGroup_P80210_F80210001_G47.json",
      "Name": "AdvPuman",
      "ID": 47
    },
    {
      "GroupGUID": "a85cffa4-3942-459f-b68c-1c6875c3fbcd",
      "GroupPath": "Config/LevelOutput/Group/Groups_P80210_F80210001/LevelGroup_P80210_F80210001_G26.json",
      "Name": "RogueArea",
      "ID": 26
    },
    {
      "GroupGUID": "7202e59e-3865-42d8-9af6-3e86afc73e9f",
      "GroupPath": "Config/LevelOutput/Group/Groups_P80210_F80210001/LevelGroup_P80210_F80210001_G27.json",
      "Name": "RogueBase_Common",
      "ID": 27
    },
    {
      "GroupGUID": "7dc04d75-73ee-47ee-a279-ad953c3f8554",
      "GroupPath": "Config/LevelOutput/Group/Groups_P80210_F80210001/LevelGroup_P80210_F80210001_G28.json",
      "Name": "RogueRoom_Event",
      "ID": 28
    },
    {
      "GroupGUID": "1a6ff748-1ca1-4534-9eb2-6cd7134c4616",
      "GroupPath": "Config/LevelOutput/Group/Groups_P80210_F80210001/LevelGroup_P80210_F80210001_G100.json",
      "DimensionFilter": {},
      "Name": "RogueDLC130_Event",
      "ID": 100
    },
    {
      "GroupGUID": "647a1cb7-2021-432d-9732-c692b63bc77d",
      "GroupPath": "Config/LevelOutput/Group/Groups_P80210_F80210001/LevelGroup_P80210_F80210001_G101.json",
      "DimensionFilter": {},
      "Name": "RogueDLC130_Event",
      "ID": 101
    },
    {
      "GroupGUID": "44ff6804-1236-4125-b7f4-277c5e8f73cf",
      "GroupPath": "Config/LevelOutput/Group/Groups_P80210_F80210001/LevelGroup_P80210_F80210001_G102.json",
      "DimensionFilter": {},
      "Name": "RogueDLC130_Event",
      "ID": 102
    },
    {
      "GroupGUID": "89f310fd-4c8b-4c20-a83d-03f3b340bb87",
      "GroupPath": "Config/LevelOutput/Group/Groups_P80210_F80210001/LevelGroup_P80210_F80210001_G103.json",
      "DimensionFilter": {},
      "Name": "RogueDLC130_Event",
      "ID": 103
    },
    {
      "GroupGUID": "07318cb7-88a9-4564-ae42-28769436fb95",
      "GroupPath": "Config/LevelOutput/Group/Groups_P80210_F80210001/LevelGroup_P80210_F80210001_G104.json",
      "DimensionFilter": {},
      "Name": "RogueDLC130_Event",
      "ID": 104
    },
    {
      "GroupGUID": "107d30db-d084-4f85-ad03-2668935cf528",
      "GroupPath": "Config/LevelOutput/Group/Groups_P80210_F80210001/LevelGroup_P80210_F80210001_G29.json",
      "Name": "RogueArea",
      "ID": 29
    },
    {
      "GroupGUID": "b3b94cef-d011-4625-a5dd-035ec64e5bbd",
      "GroupPath": "Config/LevelOutput/Group/Groups_P80210_F80210001/LevelGroup_P80210_F80210001_G30.json",
      "Name": "RogueBase_Common",
      "ID": 30
    },
    {
      "GroupGUID": "208e73eb-e65e-4fbc-ba57-32ef24671589",
      "GroupPath": "Config/LevelOutput/Group/Groups_P80210_F80210001/LevelGroup_P80210_F80210001_G31.json",
      "Name": "RogueRoom_Event",
      "ID": 31
    },
    {
      "GroupGUID": "82c205ac-a473-4567-9c47-9b57a0696df0",
      "GroupPath": "Config/LevelOutput/Group/Groups_P80210_F80210001/LevelGroup_P80210_F80210001_G32.json",
      "Name": "RogueArea",
      "ID": 32
    },
    {
      "GroupGUID": "e7f59aca-b9bc-4607-b9ad-42d7968b0798",
      "GroupPath": "Config/LevelOutput/Group/Groups_P80210_F80210001/LevelGroup_P80210_F80210001_G33.json",
      "Name": "RogueBase_Shop",
      "ID": 33
    },
    {
      "GroupGUID": "762d145a-ce89-4914-bd89-0c5daae48e80",
      "GroupPath": "Config/LevelOutput/Group/Groups_P80210_F80210001/LevelGroup_P80210_F80210001_G58.json",
      "Name": "RogueDLC130_Shopheita",
      "ID": 58
    },
    {
      "GroupGUID": "a11d0a42-9ca1-44ca-9563-96065e42b9f0",
      "GroupPath": "Config/LevelOutput/Group/Groups_P80210_F80210001/LevelGroup_P80210_F80210001_G59.json",
      "Name": "RogueDLC130_Shopruosi",
      "ID": 59
    },
    {
      "GroupGUID": "278c78be-88ef-4f73-a896-5626c4773f0a",
      "GroupPath": "Config/LevelOutput/Group/Groups_P80210_F80210001/LevelGroup_P80210_F80210001_G37.json",
      "Name": "RogueArea",
      "ID": 37
    },
    {
      "GroupGUID": "8de6ad62-7842-4a2b-b70e-f755f7ce478c",
      "GroupPath": "Config/LevelOutput/Group/Groups_P80210_F80210001/LevelGroup_P80210_F80210001_G60.json",
      "Name": "RogueDLC130_BaseBoss",
      "ID": 60
    },
    {
      "GroupGUID": "c9f0b09d-fb46-472e-9b2e-3ef13d1d7cf3",
      "GroupPath": "Config/LevelOutput/Group/Groups_P80210_F80210001/LevelGroup_P80210_F80210001_G62.json",
      "Name": "RogueDLC130_Elite",
      "ID": 62
    },
    {
      "GroupGUID": "6137e56b-04ca-4b15-b1bd-87f405bff9cb",
      "GroupPath": "Config/LevelOutput/Group/Groups_P80210_F80210001/LevelGroup_P80210_F80210001_G61.json",
      "Name": "RogueDLC130_BaseCommon",
      "ID": 61
    },
    {
      "GroupGUID": "030a59f8-b2fa-407d-9126-94a170e96b5e",
      "GroupPath": "Config/LevelOutput/Group/Groups_P80210_F80210001/LevelGroup_P80210_F80210001_G63.json",
      "Name": "RogueDLC130_Event",
      "ID": 63
    },
    {
      "GroupGUID": "b6acfa74-d629-4700-856a-79360b10233f",
      "GroupPath": "Config/LevelOutput/Group/Groups_P80210_F80210001/LevelGroup_P80210_F80210001_G68.json",
      "Name": "RogueDLC130_Area",
      "ID": 68
    },
    {
      "GroupGUID": "a3a4fb6e-f6f9-40fa-ae11-e3c0134d38ce",
      "GroupPath": "Config/LevelOutput/Group/Groups_P80210_F80210001/LevelGroup_P80210_F80210001_G69.json",
      "Name": "RogueDLC130_BaseShop",
      "ID": 69
    },
    {
      "GroupGUID": "f20e7b99-6934-4149-aace-bd0d10240be4",
      "GroupPath": "Config/LevelOutput/Group/Groups_P80210_F80210001/LevelGroup_P80210_F80210001_G70.json",
      "Name": "RogueDLC130_Shopheita",
      "ID": 70
    },
    {
      "GroupGUID": "6b375a04-1b71-4167-9562-300fc560b75a",
      "GroupPath": "Config/LevelOutput/Group/Groups_P80210_F80210001/LevelGroup_P80210_F80210001_G71.json",
      "Name": "RogueDLC130_Shopruosi",
      "ID": 71
    },
    {
      "GroupGUID": "28020e66-b190-422c-9ad5-1d33db6699bc",
      "GroupPath": "Config/LevelOutput/Group/Groups_P80210_F80210001/LevelGroup_P80210_F80210001_G72.json",
      "Name": "RogueDLC130_Area",
      "ID": 72
    },
    {
      "GroupGUID": "98aab33a-8d78-44cf-9065-f27388ea9409",
      "GroupPath": "Config/LevelOutput/Group/Groups_P80210_F80210001/LevelGroup_P80210_F80210001_G74.json",
      "Name": "RogueDLC130_BaseEmpty",
      "ID": 74
    },
    {
      "GroupGUID": "9b457c44-55eb-4c0f-9bbd-c51b141b01c2",
      "GroupPath": "Config/LevelOutput/Group/Groups_P80210_F80210001/LevelGroup_P80210_F80210001_G73.json",
      "Name": "RogueDLC130_BaseBoss",
      "ID": 73
    },
    {
      "GroupGUID": "ae3ef321-0ce0-425b-bc6c-975ba6ab296c",
      "GroupPath": "Config/LevelOutput/Group/Groups_P80210_F80210001/LevelGroup_P80210_F80210001_G75.json",
      "Name": "RogueDLC130_Elite",
      "ID": 75
    },
    {
      "GroupGUID": "a9b6ed2d-8c80-48ba-8c4b-d2b0e2c701c3",
      "GroupPath": "Config/LevelOutput/Group/Groups_P80210_F80210001/LevelGroup_P80210_F80210001_G76.json",
      "Name": "RogueDLC130_Area",
      "ID": 76
    },
    {
      "GroupGUID": "b91d92fc-c276-40ef-961a-b7be826dfa9f",
      "GroupPath": "Config/LevelOutput/Group/Groups_P80210_F80210001/LevelGroup_P80210_F80210001_G77.json",
      "Name": "RogueDLC130_BaseCommon",
      "ID": 77
    },
    {
      "GroupGUID": "c1866065-f526-49a5-98b1-a8c9994afae9",
      "GroupPath": "Config/LevelOutput/Group/Groups_P80210_F80210001/LevelGroup_P80210_F80210001_G78.json",
      "Name": "RogueDLC130_MainMonster",
      "ID": 78
    },
    {
      "GroupGUID": "51c5e2aa-1c17-4805-ba4e-c1754e0ce6c4",
      "GroupPath": "Config/LevelOutput/Group/Groups_P80210_F80210001/LevelGroup_P80210_F80210001_G79.json",
      "Name": "RogueDLC130_SubMonster",
      "ID": 79
    },
    {
      "GroupGUID": "8c3311a6-2d97-445f-b82e-20e4786e1c46",
      "GroupPath": "Config/LevelOutput/Group/Groups_P80210_F80210001/LevelGroup_P80210_F80210001_G80.json",
      "Name": "RogueDLC130_SubMonster",
      "ID": 80
    },
    {
      "GroupGUID": "88ab6095-c644-445a-8e6b-85c342e1ef84",
      "GroupPath": "Config/LevelOutput/Group/Groups_P80210_F80210001/LevelGroup_P80210_F80210001_G87.json",
      "Name": "RogueDLC130_Area",
      "ID": 87
    },
    {
      "GroupGUID": "4a373465-f355-43e7-8bce-3f7eb6934beb",
      "GroupPath": "Config/LevelOutput/Group/Groups_P80210_F80210001/LevelGroup_P80210_F80210001_G88.json",
      "Name": "RogueDLC130_BaseCommon",
      "ID": 88
    },
    {
      "GroupGUID": "e7241cba-1754-4934-ab23-735eca350a3c",
      "GroupPath": "Config/LevelOutput/Group/Groups_P80210_F80210001/LevelGroup_P80210_F80210001_G90.json",
      "Name": "RogueDLC130_MainMonster",
      "ID": 90
    },
    {
      "GroupGUID": "bbb70b9e-473b-4988-bf8f-991ac6438cb2",
      "GroupPath": "Config/LevelOutput/Group/Groups_P80210_F80210001/LevelGroup_P80210_F80210001_G91.json",
      "Name": "RogueDLC130_SubMonster",
      "ID": 91
    },
    {
      "GroupGUID": "93bdd69c-a1c8-4a7d-b356-c22003830ae4",
      "GroupPath": "Config/LevelOutput/Group/Groups_P80210_F80210001/LevelGroup_P80210_F80210001_G89.json",
      "Name": "RogueDLC130_BaseEmpty",
      "ID": 89
    },
    {
      "GroupGUID": "372a67bd-1b49-4d4a-860b-c7d5c039d98e",
      "GroupPath": "Config/LevelOutput/Group/Groups_P80210_F80210001/LevelGroup_P80210_F80210001_G92.json",
      "Name": "RogueDLC130_Area",
      "ID": 92
    },
    {
      "GroupGUID": "4ca98571-8b2e-4ca3-b450-2ec9da0d92ba",
      "GroupPath": "Config/LevelOutput/Group/Groups_P80210_F80210001/LevelGroup_P80210_F80210001_G93.json",
      "Name": "RogueDLC130_BaseCommon",
      "ID": 93
    },
    {
      "GroupGUID": "7b430a01-c7a0-4b6f-8cf3-cc4db2411952",
      "GroupPath": "Config/LevelOutput/Group/Groups_P80210_F80210001/LevelGroup_P80210_F80210001_G95.json",
      "Name": "RogueDLC130_Event",
      "ID": 95
    },
    {
      "GroupGUID": "83a9efb0-99ff-484a-88da-4e83d5fcc42c",
      "GroupPath": "Config/LevelOutput/Group/Groups_P80210_F80210001/LevelGroup_P80210_F80210001_G96.json",
      "Name": "RogueDLC130_MainMonster",
      "ID": 96
    },
    {
      "GroupGUID": "bebf40f3-9226-47c2-bf34-65421c14451c",
      "GroupPath": "Config/LevelOutput/Group/Groups_P80210_F80210001/LevelGroup_P80210_F80210001_G94.json",
      "Name": "RogueDLC130_BaseEmpty",
      "ID": 94
    },
    {
      "GroupGUID": "d165be58-f5d7-4d92-ba21-fc4c16d8288d",
      "GroupPath": "Config/LevelOutput/Group/Groups_P80210_F80210001/LevelGroup_P80210_F80210001_G97.json",
      "Name": "RogueDLC130_Area",
      "ID": 97
    },
    {
      "GroupGUID": "8bbc84fb-adf0-4d67-af6c-294bbf60f3f8",
      "GroupPath": "Config/LevelOutput/Group/Groups_P80210_F80210001/LevelGroup_P80210_F80210001_G98.json",
      "Name": "RogueDLC130_BaseCommon",
      "ID": 98
    },
    {
      "GroupGUID": "4f65c677-8dc5-4078-9ccd-cbde66f27e6d",
      "GroupPath": "Config/LevelOutput/Group/Groups_P80210_F80210001/LevelGroup_P80210_F80210001_G99.json",
      "Name": "RogueDLC130_MainMonster",
      "ID": 99
    }
  ],
  "DefaultEnviroProfile": "Stages/Outputs/Chapter02/EnviroProfile/Chap02_CloseView_MAZ_X302_MainLine_01_Day.enviroProfile.asset",
  "StageData": "Stages/Outputs/Chapter02/Stages/Chap02_MAZ_X302_MainLine_01_StageData/Chap02_MAZ_X302_MainLine_01_StageData.stage",
  "CameraType": "Maze",
  "TimeOfDayEnviroProfileMap": {},
  "LayerToAreaMask": [
    1
  ],
  "BattleAreaList": [],
  "DimensionList": [
    {}
  ],
  "NavmapConfigPath": "Config/LevelOutput/Map/MapInfo_P80210_F80210001.json",
  "EnableGroupStreaming": false,
  "EnableGroupSpaceConflict": false,
  "IsRestartLevelGraph": false
}