{
  "FloorID": 80301001,
  "FloorName": "MazeText_Empty",
  "StartGroupID": 10,
  "StartAnchorID": 1,
  "GroupList": [
    {
      "GroupGUID": "b33f809f-0309-4f98-83f8-93327869543d",
      "GroupPath": "Config/LevelOutput/Group/Groups_P80301_F80301001/LevelGroup_P80301_F80301001_G10.json",
      "Name": "DefaultGroup",
      "ID": 10
    },
    {
      "GroupGUID": "3fa11732-f74a-47cd-b5de-8252ae10e8ee",
      "GroupPath": "Config/LevelOutput/Group/Groups_P80301_F80301001/LevelGroup_P80301_F80301001_G11.json",
      "Name": "DefaultGroup",
      "ID": 11
    },
    {
      "GroupGUID": "8b915a02-e73f-420a-af25-d32cf425a603",
      "GroupPath": "Config/LevelOutput/Group/Groups_P80301_F80301001/LevelGroup_P80301_F80301001_G12.json",
      "Name": "Sound",
      "ID": 12
    },
    {
      "GroupGUID": "66ec6b65-dc16-4423-be21-8f334d9ee214",
      "GroupPath": "Config/LevelOutput/Group/Groups_P80301_F80301001/LevelGroup_P80301_F80301001_G13.json",
      "Name": "MainMission_RoadBlock",
      "ID": 13
    },
    {
      "GroupGUID": "ba3c83a6-944d-465c-bbb4-5eff68279061",
      "GroupPath": "Config/LevelOutput/Group/Groups_P80301_F80301001/LevelGroup_P80301_F80301001_G14.json",
      "Name": "MainMission_RoadBlock",
      "ID": 14
    },
    {
      "GroupGUID": "93dd6db4-0f08-4ce2-8a0b-83f5b29fdcea",
      "GroupPath": "Config/LevelOutput/Group/Groups_P80301_F80301001/LevelGroup_P80301_F80301001_G15.json",
      "Name": "Elevator",
      "ID": 15
    },
    {
      "GroupGUID": "94769ce0-9efc-4f2b-b851-6f906e729173",
      "GroupPath": "Config/LevelOutput/Group/Groups_P80301_F80301001/LevelGroup_P80301_F80301001_G16.json",
      "Name": "Door",
      "ID": 16
    },
    {
      "GroupGUID": "3d732680-732b-4a11-80c4-a5761015b67a",
      "GroupPath": "Config/LevelOutput/Group/Groups_P80301_F80301001/LevelGroup_P80301_F80301001_G17.json",
      "Name": "FlipBridge",
      "ID": 17
    },
    {
      "GroupGUID": "b579aa02-3861-4590-9051-209ee296f46f",
      "GroupPath": "Config/LevelOutput/Group/Groups_P80301_F80301001/LevelGroup_P80301_F80301001_G18.json",
      "Name": "RogueDLC130_Area",
      "ID": 18
    },
    {
      "GroupGUID": "75696136-8346-47cd-a079-a09343312a2d",
      "GroupPath": "Config/LevelOutput/Group/Groups_P80301_F80301001/LevelGroup_P80301_F80301001_G19.json",
      "Name": "RogueDLC130_BaseRest",
      "ID": 19
    },
    {
      "GroupGUID": "995f3e57-a370-4c51-bb05-455e1b804793",
      "GroupPath": "Config/LevelOutput/Group/Groups_P80301_F80301001/LevelGroup_P80301_F80301001_G20.json",
      "Name": "Rogue140_Rest",
      "ID": 20
    },
    {
      "GroupGUID": "7bfffd7e-1034-4ac7-ae01-e85df875c729",
      "GroupPath": "Config/LevelOutput/Group/Groups_P80301_F80301001/LevelGroup_P80301_F80301001_G85.json",
      "Name": "Rogue140_Rest",
      "ID": 85
    },
    {
      "GroupGUID": "37e210e3-fac5-41a4-929a-117f8e49acf0",
      "GroupPath": "Config/LevelOutput/Group/Groups_P80301_F80301001/LevelGroup_P80301_F80301001_G29.json",
      "Name": "Rogue140_Area",
      "ID": 29
    },
    {
      "GroupGUID": "774532cd-9e1d-4769-ba1e-6a067093806d",
      "GroupPath": "Config/LevelOutput/Group/Groups_P80301_F80301001/LevelGroup_P80301_F80301001_G30.json",
      "Name": "Rogue140_BaseBoss",
      "ID": 30
    },
    {
      "GroupGUID": "4b4087f2-5dea-4254-b4d9-7799a2606d48",
      "GroupPath": "Config/LevelOutput/Group/Groups_P80301_F80301001/LevelGroup_P80301_F80301001_G32.json",
      "Name": "RogueDLC130_Boss",
      "ID": 32
    },
    {
      "GroupGUID": "a6ec7f2e-99f1-4b10-970d-d17ef9ff48d3",
      "GroupPath": "Config/LevelOutput/Group/Groups_P80301_F80301001/LevelGroup_P80301_F80301001_G37.json",
      "Name": "RogueDLC130_Area",
      "ID": 37
    },
    {
      "GroupGUID": "6189383a-6a0e-4f7d-9c8c-c96777588630",
      "GroupPath": "Config/LevelOutput/Group/Groups_P80301_F80301001/LevelGroup_P80301_F80301001_G42.json",
      "Name": "Rogue140_BaseCommon",
      "ID": 42
    },
    {
      "GroupGUID": "ca0af230-8b61-472b-a70d-0e309f0a3033",
      "GroupPath": "Config/LevelOutput/Group/Groups_P80301_F80301001/LevelGroup_P80301_F80301001_G43.json",
      "Name": "RogueDLC130_MainMonster",
      "ID": 43
    },
    {
      "GroupGUID": "a78d91c8-efb6-486e-bafa-2ca3c9ee32cd",
      "GroupPath": "Config/LevelOutput/Group/Groups_P80301_F80301001/LevelGroup_P80301_F80301001_G44.json",
      "Name": "RogueDLC130_SubMonster",
      "ID": 44
    },
    {
      "GroupGUID": "c093aafd-55c8-4885-acd3-72974a649fc9",
      "GroupPath": "Config/LevelOutput/Group/Groups_P80301_F80301001/LevelGroup_P80301_F80301001_G45.json",
      "Name": "Rogue140_Area",
      "ID": 45
    },
    {
      "GroupGUID": "37f3351f-37ed-4a12-aba9-39fac3495a4e",
      "GroupPath": "Config/LevelOutput/Group/Groups_P80301_F80301001/LevelGroup_P80301_F80301001_G46.json",
      "Name": "Rogue140_BaseCommon",
      "ID": 46
    },
    {
      "GroupGUID": "091df19c-6f76-4215-85ec-a6f0b2d80977",
      "GroupPath": "Config/LevelOutput/Group/Groups_P80301_F80301001/LevelGroup_P80301_F80301001_G47.json",
      "Name": "RogueDLC130_MainMonster",
      "ID": 47
    },
    {
      "GroupGUID": "659aa02d-bd72-4f38-b2ca-c7ef4d15dff6",
      "GroupPath": "Config/LevelOutput/Group/Groups_P80301_F80301001/LevelGroup_P80301_F80301001_G48.json",
      "Name": "RogueDLC130_SubMonster",
      "ID": 48
    },
    {
      "GroupGUID": "6534afa3-eb7e-4eca-9ece-d18e4ec0ccce",
      "GroupPath": "Config/LevelOutput/Group/Groups_P80301_F80301001/LevelGroup_P80301_F80301001_G53.json",
      "Name": "Rogue140_Area",
      "ID": 53
    },
    {
      "GroupGUID": "096fc944-06e0-4cb4-a7d5-5cd8e1c45ace",
      "GroupPath": "Config/LevelOutput/Group/Groups_P80301_F80301001/LevelGroup_P80301_F80301001_G54.json",
      "Name": "RogueDLC130_BaseCommon",
      "ID": 54
    },
    {
      "GroupGUID": "b079c358-485a-4d93-b81a-f80f70446d11",
      "GroupPath": "Config/LevelOutput/Group/Groups_P80301_F80301001/LevelGroup_P80301_F80301001_G56.json",
      "Name": "Rogue140_MainMonster",
      "ID": 56
    },
    {
      "GroupGUID": "aa62fa81-e302-45df-aeba-5af76aa309d4",
      "GroupPath": "Config/LevelOutput/Group/Groups_P80301_F80301001/LevelGroup_P80301_F80301001_G86.json",
      "Name": "Rogue140_Area",
      "ID": 86
    },
    {
      "GroupGUID": "baebf40b-3e31-485f-9981-ac3ede0a6378",
      "GroupPath": "Config/LevelOutput/Group/Groups_P80301_F80301001/LevelGroup_P80301_F80301001_G87.json",
      "Name": "Rogue140_BaseCommon",
      "ID": 87
    },
    {
      "GroupGUID": "d6abdd9e-d4c7-4d04-92a8-658720250dd0",
      "GroupPath": "Config/LevelOutput/Group/Groups_P80301_F80301001/LevelGroup_P80301_F80301001_G89.json",
      "Name": "Rogue140_MainMonster",
      "ID": 89
    },
    {
      "GroupGUID": "99473bd9-75aa-448e-b9e9-8fda270739f8",
      "GroupPath": "Config/LevelOutput/Group/Groups_P80301_F80301001/LevelGroup_P80301_F80301001_G90.json",
      "Name": "Rogue140_SubMonster",
      "ID": 90
    }
  ],
  "DefaultEnviroProfile": "Stages/Outputs/Chapter00/EnviroProfile/Chap00_CloseView_MAZ_N201_01_Day.enviroProfile.asset",
  "StageData": "Stages/Outputs/Chapter00/Stages/Chap00_MAZ_N201_MainLine_01_StageData/Chap00_MAZ_N201_MainLine_01_StageData.stage",
  "CameraType": "Maze",
  "TimeOfDayEnviroProfileMap": {},
  "LayerToAreaMask": [
    8,
    16,
    32
  ],
  "BattleAreaList": [],
  "DimensionList": [
    {}
  ],
  "NavmapConfigPath": "Config/LevelOutput/Map/MapInfo_P80301_F80301001.json",
  "EnableGroupStreaming": false,
  "EnableGroupSpaceConflict": false,
  "IsRestartLevelGraph": false
}