{
  "FloorID": 80302001,
  "FloorName": "MazeText_Empty",
  "StartGroupID": 1,
  "StartAnchorID": 1,
  "GroupList": [
    {
      "GroupGUID": "b447bede-cffb-40b6-a16c-697b1bfd3c31",
      "GroupPath": "Config/LevelOutput/Group/Groups_P80302_F80302001/LevelGroup_P80302_F80302001_G1.json",
      "Name": "DefaultGroup",
      "ID": 1
    },
    {
      "GroupGUID": "d63f9d53-d2cf-4123-8a76-7f017e9e88a4",
      "GroupPath": "Config/LevelOutput/Group/Groups_P80302_F80302001/LevelGroup_P80302_F80302001_G3.json",
      "Name": "DefaultGroup",
      "ID": 3
    },
    {
      "GroupGUID": "ee1f330a-e21e-4545-b747-36209bff37c5",
      "GroupPath": "Config/LevelOutput/Group/Groups_P80302_F80302001/LevelGroup_P80302_F80302001_G4.json",
      "Name": "DefaultData",
      "ID": 4
    },
    {
      "GroupGUID": "59379f04-5fcc-4d62-8f06-89cd4cc304c0",
      "GroupPath": "Config/LevelOutput/Group/Groups_P80302_F80302001/LevelGroup_P80302_F80302001_G67.json",
      "Name": "RogueDLC130_Area",
      "ID": 67
    },
    {
      "GroupGUID": "aaf18249-0f55-4e83-8cc7-192a6b83144a",
      "GroupPath": "Config/LevelOutput/Group/Groups_P80302_F80302001/LevelGroup_P80302_F80302001_G68.json",
      "Name": "RogueDLC130_BaseBoss",
      "ID": 68
    },
    {
      "GroupGUID": "8dd60489-272f-4b90-9574-97c77b899599",
      "GroupPath": "Config/LevelOutput/Group/Groups_P80302_F80302001/LevelGroup_P80302_F80302001_G69.json",
      "Name": "Rogue140_Boss",
      "ID": 69
    },
    {
      "GroupGUID": "ade041a6-ea17-413b-be3e-e47e77af42fe",
      "GroupPath": "Config/LevelOutput/Group/Groups_P80302_F80302001/LevelGroup_P80302_F80302001_G70.json",
      "Name": "RogueDLC130_Area",
      "ID": 70
    },
    {
      "GroupGUID": "2b63271e-3d94-411b-90d0-2f656d1848b4",
      "GroupPath": "Config/LevelOutput/Group/Groups_P80302_F80302001/LevelGroup_P80302_F80302001_G71.json",
      "Name": "RogueDLC130_BaseRest",
      "ID": 71
    },
    {
      "GroupGUID": "a00f8ac1-3d1f-4632-aef3-871184a19984",
      "GroupPath": "Config/LevelOutput/Group/Groups_P80302_F80302001/LevelGroup_P80302_F80302001_G72.json",
      "Name": "RogueDLC130_Rest",
      "ID": 72
    },
    {
      "GroupGUID": "1049b0cf-323a-474b-9682-d001d8ebb1fd",
      "GroupPath": "Config/LevelOutput/Group/Groups_P80302_F80302001/LevelGroup_P80302_F80302001_G73.json",
      "Name": "RogueDLC130_Area",
      "ID": 73
    },
    {
      "GroupGUID": "e49e9281-afee-4ce3-bb48-868804c19ab1",
      "GroupPath": "Config/LevelOutput/Group/Groups_P80302_F80302001/LevelGroup_P80302_F80302001_G74.json",
      "Name": "RogueDLC130_BaseCommon",
      "ID": 74
    },
    {
      "GroupGUID": "2ea650e0-ef54-4530-bb62-23f0105bf858",
      "GroupPath": "Config/LevelOutput/Group/Groups_P80302_F80302001/LevelGroup_P80302_F80302001_G75.json",
      "Name": "RogueDLC130_MainMonster",
      "ID": 75
    },
    {
      "GroupGUID": "d9b2c17e-cd0d-4b3c-a31f-54050e0105d9",
      "GroupPath": "Config/LevelOutput/Group/Groups_P80302_F80302001/LevelGroup_P80302_F80302001_G76.json",
      "Name": "RogueDLC130_SubMonster",
      "ID": 76
    },
    {
      "GroupGUID": "0b10088c-671a-4c30-a086-99be49836034",
      "GroupPath": "Config/LevelOutput/Group/Groups_P80302_F80302001/LevelGroup_P80302_F80302001_G77.json",
      "Name": "RogueDLC130_SubMonster",
      "ID": 77
    },
    {
      "GroupGUID": "0f576d4e-aea7-4f4e-9dca-c87c32fbdb59",
      "GroupPath": "Config/LevelOutput/Group/Groups_P80302_F80302001/LevelGroup_P80302_F80302001_G78.json",
      "Name": "RogueDLC130_Area",
      "ID": 78
    },
    {
      "GroupGUID": "054973b6-03e8-4174-8e20-4324fba85efc",
      "GroupPath": "Config/LevelOutput/Group/Groups_P80302_F80302001/LevelGroup_P80302_F80302001_G79.json",
      "Name": "RogueDLC130_BaseCommon",
      "ID": 79
    },
    {
      "GroupGUID": "c89aef59-93b6-44d1-b289-12fcd5c72494",
      "GroupPath": "Config/LevelOutput/Group/Groups_P80302_F80302001/LevelGroup_P80302_F80302001_G80.json",
      "Name": "RogueDLC130_MainMonster",
      "ID": 80
    },
    {
      "GroupGUID": "636cc6a1-344a-4b35-844d-d001d47c8548",
      "GroupPath": "Config/LevelOutput/Group/Groups_P80302_F80302001/LevelGroup_P80302_F80302001_G81.json",
      "Name": "RogueDLC130_SubMonster",
      "ID": 81
    },
    {
      "GroupGUID": "99cf9c39-97bc-4966-9b51-7c067dc9c4d9",
      "GroupPath": "Config/LevelOutput/Group/Groups_P80302_F80302001/LevelGroup_P80302_F80302001_G82.json",
      "Name": "RogueDLC130_Area",
      "ID": 82
    },
    {
      "GroupGUID": "904d0930-4dcb-450a-9bf4-8410d3c3e71a",
      "GroupPath": "Config/LevelOutput/Group/Groups_P80302_F80302001/LevelGroup_P80302_F80302001_G83.json",
      "Name": "RogueDLC130_BaseCommon",
      "ID": 83
    },
    {
      "GroupGUID": "e9ae18f9-b7f4-4b7a-8831-200a9815bb05",
      "GroupPath": "Config/LevelOutput/Group/Groups_P80302_F80302001/LevelGroup_P80302_F80302001_G84.json",
      "Name": "RogueDLC130_MainMonster",
      "ID": 84
    },
    {
      "GroupGUID": "a4482abb-550e-4139-84e1-59243ca05f12",
      "GroupPath": "Config/LevelOutput/Group/Groups_P80302_F80302001/LevelGroup_P80302_F80302001_G85.json",
      "Name": "RogueDLC130_Area",
      "ID": 85
    },
    {
      "GroupGUID": "aee5098b-e0c2-4b9b-9029-eb676bf45083",
      "GroupPath": "Config/LevelOutput/Group/Groups_P80302_F80302001/LevelGroup_P80302_F80302001_G86.json",
      "Name": "RogueDLC130_BaseCommon",
      "ID": 86
    },
    {
      "GroupGUID": "d55811e2-6e63-4d61-87ac-b297bbf93f4a",
      "GroupPath": "Config/LevelOutput/Group/Groups_P80302_F80302001/LevelGroup_P80302_F80302001_G87.json",
      "Name": "RogueDLC130_MainMonster",
      "ID": 87
    },
    {
      "GroupGUID": "03d76f26-1fe5-4a6e-9666-cac0159b57bc",
      "GroupPath": "Config/LevelOutput/Group/Groups_P80302_F80302001/LevelGroup_P80302_F80302001_G88.json",
      "Name": "Rogue140_Area",
      "ID": 88
    },
    {
      "GroupGUID": "21d1a6a6-5c1d-4c37-b5ec-737bbbb90dcc",
      "GroupPath": "Config/LevelOutput/Group/Groups_P80302_F80302001/LevelGroup_P80302_F80302001_G89.json",
      "Name": "Rogue140_BaseCommon",
      "ID": 89
    },
    {
      "GroupGUID": "bf5c28df-3f3e-4476-86c7-f13b11cce26a",
      "GroupPath": "Config/LevelOutput/Group/Groups_P80302_F80302001/LevelGroup_P80302_F80302001_G90.json",
      "Name": "Rogue140_MainMonster",
      "ID": 90
    }
  ],
  "DefaultEnviroProfile": "Stages/Outputs/Chapter01/EnviroProfile/Chap01_CloseView_ADV_Area_M201_01_Night.enviroProfile.asset",
  "StageData": "Stages/Outputs/Chapter01/Stages/Chap01_MAZ_M201_MainLine_01_StageData/Chap01_MAZ_M201_MainLine_01_StageData.stage",
  "CameraType": "Maze",
  "TimeOfDayEnviroProfileMap": {},
  "LayerToAreaMask": [
    1
  ],
  "NavmapConfigPath": "Config/LevelOutput/Map/MapInfo_P20121_F20121001.json",
  "EnableGroupStreaming": false,
  "EnableGroupSpaceConflict": false,
  "IsRestartLevelGraph": false
}