{
  "FloorID": 80301002,
  "FloorName": "FloorName_80301002",
  "StartGroupID": 3,
  "StartAnchorID": 1,
  "GroupList": [
    {
      "GroupGUID": "dc9171bf-53ed-4239-9fb4-34c50232705d",
      "GroupPath": "Config/LevelOutput/Group/Groups_P80301_F80301002/LevelGroup_P80301_F80301002_G3.json",
      "Name": "DefaultGroup",
      "ID": 3
    },
    {
      "GroupGUID": "0256b5ef-9f6d-40e3-ac15-b1cd3ea1db13",
      "GroupPath": "Config/LevelOutput/Group/Groups_P80301_F80301002/LevelGroup_P80301_F80301002_G4.json",
      "Name": "RogueArea",
      "ID": 4
    },
    {
      "GroupGUID": "8c30cfe2-f360-4532-8f9c-0ca7bb07d12f",
      "GroupPath": "Config/LevelOutput/Group/Groups_P80301_F80301002/LevelGroup_P80301_F80301002_G5.json",
      "Name": "RogueBase_Common",
      "ID": 5
    },
    {
      "GroupGUID": "0b0f7e75-69a4-402e-bc06-5697b3e9b43c",
      "GroupPath": "Config/LevelOutput/Group/Groups_P80301_F80301002/LevelGroup_P80301_F80301002_G6.json",
      "Name": "AdvDes",
      "ID": 6
    },
    {
      "GroupGUID": "48db70a6-a76b-484b-8330-34675ec4ca27",
      "GroupPath": "Config/LevelOutput/Group/Groups_P80301_F80301002/LevelGroup_P80301_F80301002_G7.json",
      "Name": "Sound",
      "ID": 7
    }
  ],
  "DefaultEnviroProfile": "Stages/Outputs/Chapter00/EnviroProfile/Chap00_CloseView_MAZ_N201_01_Day.enviroProfile.asset",
  "StageData": "Stages/Outputs/Chapter00/Stages/Chap00_MAZ_N201_MainLine_01_StageData/Chap00_MAZ_N201_MainLine_01_StageData.stage",
  "CameraType": "Maze",
  "MinimapVolumeData": {
    "Center": {
      "X": -76.19067,
      "Y": 4.5,
      "Z": -67.656
    },
    "Size": {
      "X": 288.8764,
      "Y": 65.6,
      "Z": 135.312
    },
    "SectionVertices": [
      {
        "X": -136.4324,
        "Y": -31.5728
      },
      {
        "X": -68.71655,
        "Y": -31.5728
      },
      {
        "X": -68.71655,
        "Y": 11.52658
      },
      {
        "X": -136.4324,
        "Y": 11.52658
      },
      {
        "X": -138.4338,
        "Y": -31.9069
      },
      {
        "X": -138.4477,
        "Y": 12.93423
      },
      {
        "X": -58.24121,
        "Y": 12.93423
      },
      {
        "X": -42.59929,
        "Y": 5.306353
      },
      {
        "X": -42.59929,
        "Y": -16.914
      },
      {
        "X": -67.89262,
        "Y": -28.19
      },
      {
        "X": -67.89262,
        "Y": -31.83812
      },
      {
        "X": -138.4477,
        "Y": -31.83812
      },
      {
        "X": -24.01744,
        "Y": -34.91384
      },
      {
        "X": 33.35756,
        "Y": -34.91384
      },
      {
        "X": 57.70857,
        "Y": -48.27798
      },
      {
        "X": 57.70857,
        "Y": -60.97393
      },
      {
        "X": -24.01744,
        "Y": -60.97393
      },
      {
        "X": 45.0327,
        "Y": -14.53351
      },
      {
        "X": 88.39752,
        "Y": -34.91384
      },
      {
        "X": 77.38952,
        "Y": -58.3011
      },
      {
        "X": 43.03123,
        "Y": 5.512709
      },
      {
        "X": 32.02325,
        "Y": 25.55894
      },
      {
        "X": -43.03124,
        "Y": 25.55894
      },
      {
        "X": -45.69985,
        "Y": -34.91384
      },
      {
        "X": 86.39606,
        "Y": 25.55894
      },
      {
        "X": 76.05521,
        "Y": 46.27337
      }
    ],
    "Atlas": "UI/Atlas/AtlasFiles/Minimap/Minimap_80200005.spriteatlas",
    "Sections": [
      {
        "ID": 1,
        "MapLayerID": 1,
        "Sprite": "UI/Atlas/AtlasRoot/Minimap/Minimap_80200005/MinimapSection_80200005_1.png",
        "IsRect": true,
        "Indices": [
          0,
          1,
          2,
          3
        ],
        "UIPosition": {
          "X": 24,
          "Y": 109
        },
        "Center": {
          "X": -144.4382,
          "Y": 67.656
        },
        "Triangles": [
          {
            "X": 0.027714,
            "Y": 0.585185
          },
          {
            "X": 0.027714,
            "Y": 0.266667
          },
          {
            "X": 0.262125,
            "Y": 0.266667
          },
          {
            "X": 0.027714,
            "Y": 0.585185
          },
          {
            "X": 0.262125,
            "Y": 0.266667
          },
          {
            "X": 0.262125,
            "Y": 0.585185
          }
        ],
        "Pivot": {
          "X": 0,
          "Y": 1
        }
      },
      {
        "MapLayerID": 2,
        "Sprite": "UI/Atlas/AtlasRoot/Minimap/Minimap_80200005/MinimapSection_80200005_0.png",
        "Indices": [
          4,
          5,
          6,
          7,
          8,
          9,
          10,
          11
        ],
        "UIPosition": {
          "X": 18,
          "Y": 108
        },
        "Center": {
          "X": -144.4382,
          "Y": 67.656
        },
        "Triangles": [
          {
            "X": 0.264977,
            "Y": 0.291667
          },
          {
            "X": 0.352535,
            "Y": 0.375
          },
          {
            "X": 0.352535,
            "Y": 0.539216
          },
          {
            "X": 0.264977,
            "Y": 0.291667
          },
          {
            "X": 0.352535,
            "Y": 0.539216
          },
          {
            "X": 0.298387,
            "Y": 0.595588
          },
          {
            "X": 0.264977,
            "Y": 0.291667
          },
          {
            "X": 0.298387,
            "Y": 0.595588
          },
          {
            "X": 0.020737,
            "Y": 0.595588
          },
          {
            "X": 0.264977,
            "Y": 0.264706
          },
          {
            "X": 0.264977,
            "Y": 0.291667
          },
          {
            "X": 0.020737,
            "Y": 0.595588
          },
          {
            "X": 0.020737,
            "Y": 0.264706
          },
          {
            "X": 0.264977,
            "Y": 0.264706
          },
          {
            "X": 0.020737,
            "Y": 0.595588
          },
          {
            "X": 0.020785,
            "Y": 0.264198
          },
          {
            "X": 0.020737,
            "Y": 0.264706
          },
          {
            "X": 0.020737,
            "Y": 0.595588
          }
        ],
        "Pivot": {
          "X": 0,
          "Y": 1
        }
      },
      {
        "ID": 8,
        "MapLayerID": 3,
        "Sprite": "UI/Atlas/AtlasRoot/Minimap/Minimap_80200005/MinimapSection_80200005_8.png",
        "Indices": [
          12,
          13,
          14,
          15,
          16
        ],
        "UIPosition": {
          "X": 362,
          "Y": 20
        },
        "Triangles": [
          {
            "X": 0.615473,
            "Y": 0.241975
          },
          {
            "X": 0.416859,
            "Y": 0.241975
          },
          {
            "X": 0.416859,
            "Y": 0.049383
          },
          {
            "X": 0.615473,
            "Y": 0.241975
          },
          {
            "X": 0.416859,
            "Y": 0.049383
          },
          {
            "X": 0.699769,
            "Y": 0.049383
          },
          {
            "X": 0.615473,
            "Y": 0.241975
          },
          {
            "X": 0.699769,
            "Y": 0.049383
          },
          {
            "X": 0.699769,
            "Y": 0.14321
          }
        ]
      },
      {
        "ID": 9,
        "MapLayerID": 3,
        "Sprite": "UI/Atlas/AtlasRoot/Minimap/Minimap_80200005/MinimapSection_80200005_9.png",
        "Indices": [
          13,
          17,
          18,
          19,
          14
        ],
        "UIPosition": {
          "X": 534,
          "Y": 28
        },
        "Triangles": [
          {
            "X": 0.806005,
            "Y": 0.241975
          },
          {
            "X": 0.655889,
            "Y": 0.392593
          },
          {
            "X": 0.615473,
            "Y": 0.241975
          },
          {
            "X": 0.767898,
            "Y": 0.069136
          },
          {
            "X": 0.806005,
            "Y": 0.241975
          },
          {
            "X": 0.615473,
            "Y": 0.241975
          },
          {
            "X": 0.615473,
            "Y": 0.241975
          },
          {
            "X": 0.699769,
            "Y": 0.14321
          },
          {
            "X": 0.767898,
            "Y": 0.069136
          }
        ]
      },
      {
        "ID": 11,
        "MapLayerID": 3,
        "Sprite": "UI/Atlas/AtlasRoot/Minimap/Minimap_80200005/MinimapSection_80200005_11.png",
        "Indices": [
          20,
          24,
          25,
          21
        ],
        "UIPosition": {
          "X": 530,
          "Y": 221
        },
        "Triangles": [
          {
            "X": 0.799076,
            "Y": 0.688889
          },
          {
            "X": 0.763279,
            "Y": 0.841975
          },
          {
            "X": 0.610855,
            "Y": 0.688889
          },
          {
            "X": 0.610855,
            "Y": 0.688889
          },
          {
            "X": 0.648961,
            "Y": 0.540741
          },
          {
            "X": 0.799076,
            "Y": 0.688889
          }
        ]
      },
      {
        "ID": 12,
        "MapLayerID": 3,
        "Sprite": "UI/Atlas/AtlasRoot/Minimap/Minimap_80200005/MinimapSection_80200005_12.png",
        "Indices": [
          13,
          17,
          20,
          21,
          22,
          23
        ],
        "UIPosition": {
          "X": 297,
          "Y": 99
        },
        "Triangles": [
          {
            "X": 0.351039,
            "Y": 0.688889
          },
          {
            "X": 0.341801,
            "Y": 0.241975
          },
          {
            "X": 0.615473,
            "Y": 0.241975
          },
          {
            "X": 0.610855,
            "Y": 0.688889
          },
          {
            "X": 0.351039,
            "Y": 0.688889
          },
          {
            "X": 0.615473,
            "Y": 0.241975
          },
          {
            "X": 0.615473,
            "Y": 0.241975
          },
          {
            "X": 0.655889,
            "Y": 0.392593
          },
          {
            "X": 0.648961,
            "Y": 0.540741
          },
          {
            "X": 0.610855,
            "Y": 0.688889
          },
          {
            "X": 0.615473,
            "Y": 0.241975
          },
          {
            "X": 0.648961,
            "Y": 0.540741
          }
        ]
      }
    ],
    "BackgroundMapSprite": "SpriteOutput/MapPics/Minimap/Minimap_Chap00_MAZ_N2_BackGround.png",
    "RoadMapSpriteDict": {
      "1": "SpriteOutput/MapPics/Minimap/Minimap_Chap00_MAZ_N2_B1_Road.png",
      "2": "SpriteOutput/MapPics/Minimap/Minimap_Chap00_MAZ_N2_1F_Road.png",
      "3": "SpriteOutput/MapPics/Minimap/Minimap_Chap00_MAZ_N2_2F_Road.png"
    },
    "ItemSpriteDict": {}
  },
  "TimeOfDayEnviroProfileMap": {},
  "LayerToAreaMask": [
    8,
    16,
    32
  ],
  "EnableGroupStreaming": false,
  "EnableGroupSpaceConflict": false,
  "IsRestartLevelGraph": false
}