{
  "FloorID": 80304001,
  "FloorName": "MazeText_Empty",
  "StartGroupID": 1,
  "StartAnchorID": 1,
  "GroupList": [
    {
      "GroupGUID": "93d54b6b-f9b3-473d-8b32-001157dbb35d",
      "GroupPath": "Config/LevelOutput/Group/Groups_P80304_F80304001/LevelGroup_P80304_F80304001_G1.json",
      "Name": "DefaultGroup",
      "ID": 1
    },
    {
      "GroupGUID": "ab637d4a-1ef1-40cb-bc94-bcf03cfccd80",
      "GroupPath": "Config/LevelOutput/Group/Groups_P80304_F80304001/LevelGroup_P80304_F80304001_G2.json",
      "Name": "DefaultGroup",
      "ID": 2
    },
    {
      "GroupGUID": "97dd7749-c1d9-4f00-8268-f986c3b6c5f5",
      "GroupPath": "Config/LevelOutput/Group/Groups_P80304_F80304001/LevelGroup_P80304_F80304001_G3.json",
      "Name": "Default",
      "ID": 3
    },
    {
      "GroupGUID": "3db7d894-14bc-4b1d-9cfd-dca98bb867b2",
      "GroupPath": "Config/LevelOutput/Group/Groups_P80304_F80304001/LevelGroup_P80304_F80304001_G4.json",
      "Name": "Sound",
      "ID": 4
    },
    {
      "GroupGUID": "bb033e16-cd26-4d3f-b62a-59b44dd1ee6d",
      "GroupPath": "Config/LevelOutput/Group/Groups_P80304_F80304001/LevelGroup_P80304_F80304001_G5.json",
      "Name": "New Group",
      "ID": 5
    },
    {
      "GroupGUID": "fa52e9cc-4fed-4434-8ecb-88904d3b2bcf",
      "GroupPath": "Config/LevelOutput/Group/Groups_P80304_F80304001/LevelGroup_P80304_F80304001_G6.json",
      "Name": "MainMission_RoadBlock",
      "ID": 6
    },
    {
      "GroupGUID": "1d2717cb-dd96-4ac0-8130-c9173abf9336",
      "GroupPath": "Config/LevelOutput/Group/Groups_P80304_F80304001/LevelGroup_P80304_F80304001_G94.json",
      "Name": "RogueDLC130_Area",
      "ID": 94
    },
    {
      "GroupGUID": "a3295d4b-9262-4a7c-80c3-c04db30548be",
      "GroupPath": "Config/LevelOutput/Group/Groups_P80304_F80304001/LevelGroup_P80304_F80304001_G95.json",
      "Name": "RogueDLC130_BaseBoss",
      "ID": 95
    },
    {
      "GroupGUID": "403c6c32-0659-4277-bf8d-6ebe7712381b",
      "GroupPath": "Config/LevelOutput/Group/Groups_P80304_F80304001/LevelGroup_P80304_F80304001_G96.json",
      "Name": "Rogue140_Boss",
      "ID": 96
    },
    {
      "GroupGUID": "4c0aded6-130b-4252-8544-84f1d823c8d7",
      "GroupPath": "Config/LevelOutput/Group/Groups_P80304_F80304001/LevelGroup_P80304_F80304001_G97.json",
      "Name": "RogueDLC130_Area",
      "ID": 97
    },
    {
      "GroupGUID": "3daf4d8d-4080-47d4-b216-217b48e405e9",
      "GroupPath": "Config/LevelOutput/Group/Groups_P80304_F80304001/LevelGroup_P80304_F80304001_G98.json",
      "Name": "RogueDLC130_BaseRest",
      "ID": 98
    },
    {
      "GroupGUID": "5d57092a-8a6f-4e5c-8f2f-d30af95717af",
      "GroupPath": "Config/LevelOutput/Group/Groups_P80304_F80304001/LevelGroup_P80304_F80304001_G99.json",
      "Name": "Rogue140_Rest",
      "ID": 99
    },
    {
      "GroupGUID": "cf16602f-f8a2-4c70-89a0-38e73df424c9",
      "GroupPath": "Config/LevelOutput/Group/Groups_P80304_F80304001/LevelGroup_P80304_F80304001_G119.json",
      "Name": "Rogue140_Rest",
      "ID": 119
    },
    {
      "GroupGUID": "3d9144fd-0c65-4a6a-8d37-10e6cb79ecc9",
      "GroupPath": "Config/LevelOutput/Group/Groups_P80304_F80304001/LevelGroup_P80304_F80304001_G100.json",
      "Name": "RogueDLC130_Area",
      "ID": 100
    },
    {
      "GroupGUID": "fc066a4b-cf2f-4aa2-b802-882936f0319f",
      "GroupPath": "Config/LevelOutput/Group/Groups_P80304_F80304001/LevelGroup_P80304_F80304001_G101.json",
      "Name": "RogueDLC130_BaseCommon",
      "ID": 101
    },
    {
      "GroupGUID": "45620009-61ff-4145-8e80-4bb6018b7362",
      "GroupPath": "Config/LevelOutput/Group/Groups_P80304_F80304001/LevelGroup_P80304_F80304001_G102.json",
      "Name": "Rogue140_MainMonster",
      "ID": 102
    },
    {
      "GroupGUID": "b9ef44b9-cf39-4374-af64-b2eb5d46428d",
      "GroupPath": "Config/LevelOutput/Group/Groups_P80304_F80304001/LevelGroup_P80304_F80304001_G104.json",
      "Name": "Rogue140_SubMonster",
      "ID": 104
    },
    {
      "GroupGUID": "f5a45fda-3c45-490b-8697-51f9e2ae2c72",
      "GroupPath": "Config/LevelOutput/Group/Groups_P80304_F80304001/LevelGroup_P80304_F80304001_G105.json",
      "Name": "RogueDLC130_Area",
      "ID": 105
    },
    {
      "GroupGUID": "7940f178-ed6b-4f9f-b670-b0a3b27a7f6e",
      "GroupPath": "Config/LevelOutput/Group/Groups_P80304_F80304001/LevelGroup_P80304_F80304001_G106.json",
      "Name": "RogueDLC130_BaseCommon",
      "ID": 106
    },
    {
      "GroupGUID": "24e79858-773f-448b-9711-0f053fad0c21",
      "GroupPath": "Config/LevelOutput/Group/Groups_P80304_F80304001/LevelGroup_P80304_F80304001_G107.json",
      "Name": "Rogue140_MainMonster",
      "ID": 107
    },
    {
      "GroupGUID": "8ffffc5e-338d-4d3e-a9e6-a8c0eff2a60a",
      "GroupPath": "Config/LevelOutput/Group/Groups_P80304_F80304001/LevelGroup_P80304_F80304001_G108.json",
      "Name": "RogueDLC130_Area",
      "ID": 108
    },
    {
      "GroupGUID": "2bef5623-aa9b-4871-ad81-b72e704852b4",
      "GroupPath": "Config/LevelOutput/Group/Groups_P80304_F80304001/LevelGroup_P80304_F80304001_G109.json",
      "Name": "RogueDLC130_BaseCommon",
      "ID": 109
    },
    {
      "GroupGUID": "1414ae1f-dfa5-41af-a6f0-c78ee141e7e8",
      "GroupPath": "Config/LevelOutput/Group/Groups_P80304_F80304001/LevelGroup_P80304_F80304001_G110.json",
      "Name": "Rogue140_MainMonster",
      "ID": 110
    },
    {
      "GroupGUID": "c57b57d3-335e-428f-be1d-89ebba7ecb77",
      "GroupPath": "Config/LevelOutput/Group/Groups_P80304_F80304001/LevelGroup_P80304_F80304001_G113.json",
      "Name": "RogueDLC130_Area",
      "ID": 113
    },
    {
      "GroupGUID": "4072c47b-150a-4e9a-93ea-2566a2d62c37",
      "GroupPath": "Config/LevelOutput/Group/Groups_P80304_F80304001/LevelGroup_P80304_F80304001_G114.json",
      "Name": "RogueDLC130_BaseCommon",
      "ID": 114
    },
    {
      "GroupGUID": "fea43d02-1c93-4c80-baec-6dcd7c61f5cf",
      "GroupPath": "Config/LevelOutput/Group/Groups_P80304_F80304001/LevelGroup_P80304_F80304001_G115.json",
      "Name": "RogueDLC130_Event",
      "ID": 115
    },
    {
      "GroupGUID": "8c20c9cb-dfbc-4b66-85c0-83c78da6a3f8",
      "GroupPath": "Config/LevelOutput/Group/Groups_P80304_F80304001/LevelGroup_P80304_F80304001_G116.json",
      "Name": "RogueDLC130_Area",
      "ID": 116
    },
    {
      "GroupGUID": "f0b962c3-188b-4069-98b6-94a4cbcdef1b",
      "GroupPath": "Config/LevelOutput/Group/Groups_P80304_F80304001/LevelGroup_P80304_F80304001_G117.json",
      "Name": "RogueBase_Common",
      "ID": 117
    },
    {
      "GroupGUID": "d4b4a930-7943-4053-9b32-7f34aae9251c",
      "GroupPath": "Config/LevelOutput/Group/Groups_P80304_F80304001/LevelGroup_P80304_F80304001_G118.json",
      "Name": "AdvPuman",
      "ID": 118
    }
  ],
  "DefaultEnviroProfile": "Stages/Outputs/Chapter02/EnviroProfile/Chap02_CloseView_MAZ_X101_MainLine_01_Day.enviroProfile.asset",
  "StageData": "Stages/Outputs/Chapter02/Stages/Chap02_MAZ_X101_MainLine_01_StageData/Chap02_MAZ_X101_MainLine_01_StageData.stage",
  "CameraType": "Maze",
  "TimeOfDayEnviroProfileMap": {},
  "LayerToAreaMask": [
    8,
    16
  ],
  "NavmapConfigPath": "Config/LevelOutput/Map/MapInfo_P20211_F20211001.json",
  "EnableGroupStreaming": false,
  "EnableGroupSpaceConflict": false,
  "IsRestartLevelGraph": false
}