{
  "FloorID": 80302002,
  "FloorName": "FloorName_80302002",
  "StartGroupID": 2,
  "StartAnchorID": 1,
  "GroupList": [
    {
      "GroupGUID": "31a8f9f2-b38f-46b5-899d-be7b04ff3224",
      "GroupPath": "Config/LevelOutput/Group/Groups_P80302_F80302002/LevelGroup_P80302_F80302002_G2.json",
      "Name": "DefaultGroup",
      "ID": 2
    },
    {
      "GroupGUID": "0b4716c2-b7b2-4802-b5f7-713b71dad02b",
      "GroupPath": "Config/LevelOutput/Group/Groups_P80302_F80302002/LevelGroup_P80302_F80302002_G3.json",
      "Name": "RogueArea",
      "ID": 3
    },
    {
      "GroupGUID": "41e1229f-a968-4049-8ddc-e2b5f01f8e53",
      "GroupPath": "Config/LevelOutput/Group/Groups_P80302_F80302002/LevelGroup_P80302_F80302002_G4.json",
      "Name": "RogueBase_Common",
      "ID": 4
    },
    {
      "GroupGUID": "1a9c62e9-6ed8-4791-abea-ffd32c8c9a84",
      "GroupPath": "Config/LevelOutput/Group/Groups_P80302_F80302002/LevelGroup_P80302_F80302002_G5.json",
      "Name": "AdvDes",
      "ID": 5
    },
    {
      "GroupGUID": "61cbe6df-5304-43e9-852b-0db0ce978d26",
      "GroupPath": "Config/LevelOutput/Group/Groups_P80302_F80302002/LevelGroup_P80302_F80302002_G6.json",
      "Name": "Sound",
      "ID": 6
    }
  ],
  "DefaultEnviroProfile": "Stages/Outputs/Chapter01/EnviroProfile/Chap01_CloseView_ADV_Area_M201_01_Night.enviroProfile.asset",
  "StageData": "Stages/Outputs/Chapter01/Stages/Chap01_MAZ_M201_MainLine_01_StageData/Chap01_MAZ_M201_MainLine_01_StageData.stage",
  "CameraType": "Maze",
  "TimeOfDayEnviroProfileMap": {},
  "LayerToAreaMask": [
    1
  ],
  "BattleAreaList": [],
  "DimensionList": [
    {}
  ],
  "NavmapConfigPath": "Config/LevelOutput/Map/MapInfo_P80302_F80302002.json",
  "EnableGroupStreaming": false,
  "EnableGroupSpaceConflict": false,
  "IsRestartLevelGraph": false
}