{
  "FloorID": 80303001,
  "FloorName": "MazeText_Empty",
  "StartGroupID": 1,
  "StartAnchorID": 1,
  "GroupList": [
    {
      "GroupGUID": "1348a8a8-83cd-4872-98cf-e6fa56ec8d25",
      "GroupPath": "Config/LevelOutput/Group/Groups_P80303_F80303001/LevelGroup_P80303_F80303001_G1.json",
      "Name": "DefaultGroup",
      "ID": 1
    },
    {
      "GroupGUID": "80dea467-e27e-4c00-b411-688def970082",
      "GroupPath": "Config/LevelOutput/Group/Groups_P80303_F80303001/LevelGroup_P80303_F80303001_G2.json",
      "Name": "DefaultGroup",
      "ID": 2
    },
    {
      "GroupGUID": "eb926f26-bcb8-4fd4-9c41-e3e9f0d94ae9",
      "GroupPath": "Config/LevelOutput/Group/Groups_P80303_F80303001/LevelGroup_P80303_F80303001_G3.json",
      "Name": "DefaultData",
      "ID": 3
    },
    {
      "GroupGUID": "fdff23d0-5c3c-47ec-a43a-c24161c46f9c",
      "GroupPath": "Config/LevelOutput/Group/Groups_P80303_F80303001/LevelGroup_P80303_F80303001_G4.json",
      "Name": "Sound",
      "ID": 4
    },
    {
      "GroupGUID": "5ec537e0-cfa3-42c8-8684-2c755f3e4b0b",
      "GroupPath": "Config/LevelOutput/Group/Groups_P80303_F80303001/LevelGroup_P80303_F80303001_G5.json",
      "Name": "New Group",
      "ID": 5
    },
    {
      "GroupGUID": "26cc8beb-66f7-4334-8745-ac539e2aaf23",
      "GroupPath": "Config/LevelOutput/Group/Groups_P80303_F80303001/LevelGroup_P80303_F80303001_G6.json",
      "Name": "RogueDLC130_Area",
      "ID": 6
    },
    {
      "GroupGUID": "cebe42e0-e027-4755-942c-9e872808139d",
      "GroupPath": "Config/LevelOutput/Group/Groups_P80303_F80303001/LevelGroup_P80303_F80303001_G7.json",
      "Name": "RogueDLC130_BaseCommon",
      "ID": 7
    },
    {
      "GroupGUID": "0c3797d0-8e37-4155-9157-bebc1e1192af",
      "GroupPath": "Config/LevelOutput/Group/Groups_P80303_F80303001/LevelGroup_P80303_F80303001_G8.json",
      "Name": "RogueDLC130_Event",
      "ID": 8
    },
    {
      "GroupGUID": "98b44234-b4b4-4756-b2fb-c45b371afbff",
      "GroupPath": "Config/LevelOutput/Group/Groups_P80303_F80303001/LevelGroup_P80303_F80303001_G16.json",
      "Name": "RogueDLC130_Area",
      "ID": 16
    },
    {
      "GroupGUID": "975c6e4f-14b1-484b-946e-92411e0a81e5",
      "GroupPath": "Config/LevelOutput/Group/Groups_P80303_F80303001/LevelGroup_P80303_F80303001_G23.json",
      "Name": "RogueDLC130_BaseCommon",
      "ID": 23
    },
    {
      "GroupGUID": "8be3f18e-d9be-463e-872c-25e89ac07b10",
      "GroupPath": "Config/LevelOutput/Group/Groups_P80303_F80303001/LevelGroup_P80303_F80303001_G24.json",
      "Name": "RogueDLC130_Event",
      "ID": 24
    },
    {
      "GroupGUID": "b92e13a7-bf9a-44de-86c1-3e983e399434",
      "GroupPath": "Config/LevelOutput/Group/Groups_P80303_F80303001/LevelGroup_P80303_F80303001_G26.json",
      "Name": "RogueDLC130_Area",
      "ID": 26
    },
    {
      "GroupGUID": "c168902e-ed06-48eb-bea3-b8ebbc506235",
      "GroupPath": "Config/LevelOutput/Group/Groups_P80303_F80303001/LevelGroup_P80303_F80303001_G27.json",
      "Name": "RogueDLC130_BaseCommon",
      "ID": 27
    },
    {
      "GroupGUID": "2550b0b3-368d-45c5-909e-acfb5c8964de",
      "GroupPath": "Config/LevelOutput/Group/Groups_P80303_F80303001/LevelGroup_P80303_F80303001_G29.json",
      "Name": "RogueDLC130_Event",
      "ID": 29
    },
    {
      "GroupGUID": "0fa239ca-91b7-4a46-a768-18f8faa15627",
      "GroupPath": "Config/LevelOutput/Group/Groups_P80303_F80303001/LevelGroup_P80303_F80303001_G33.json",
      "Name": "RogueDLC130_Area",
      "ID": 33
    },
    {
      "GroupGUID": "0c732aa1-916f-4221-b1dd-6b59387dd7ff",
      "GroupPath": "Config/LevelOutput/Group/Groups_P80303_F80303001/LevelGroup_P80303_F80303001_G34.json",
      "Name": "RogueDLC130_BaseCommon",
      "ID": 34
    },
    {
      "GroupGUID": "fa470f5c-85d4-46d1-bac8-615ad6ca6e28",
      "GroupPath": "Config/LevelOutput/Group/Groups_P80303_F80303001/LevelGroup_P80303_F80303001_G35.json",
      "Name": "RogueDLC130_Event",
      "ID": 35
    },
    {
      "GroupGUID": "b3040785-f873-45f8-9729-4139922ade1f",
      "GroupPath": "Config/LevelOutput/Group/Groups_P80303_F80303001/LevelGroup_P80303_F80303001_G44.json",
      "Name": "RogueDLC130_Area",
      "ID": 44
    },
    {
      "GroupGUID": "f8430e96-1277-425d-9ff4-dcdf361ffa28",
      "GroupPath": "Config/LevelOutput/Group/Groups_P80303_F80303001/LevelGroup_P80303_F80303001_G45.json",
      "Name": "RogueDLC130_BaseRest",
      "ID": 45
    },
    {
      "GroupGUID": "86029614-30e4-4cc6-b491-d8f2a38e6425",
      "GroupPath": "Config/LevelOutput/Group/Groups_P80303_F80303001/LevelGroup_P80303_F80303001_G46.json",
      "Name": "Rogue140_Rest",
      "ID": 46
    },
    {
      "GroupGUID": "1308afe7-94c8-4965-8601-3c5fe810eae6",
      "GroupPath": "Config/LevelOutput/Group/Groups_P80303_F80303001/LevelGroup_P80303_F80303001_G77.json",
      "Name": "Rogue140_Rest",
      "ID": 77
    },
    {
      "GroupGUID": "a684fd9d-e0a5-4872-9711-fb0c05878909",
      "GroupPath": "Config/LevelOutput/Group/Groups_P80303_F80303001/LevelGroup_P80303_F80303001_G47.json",
      "Name": "RogueDLC130_Area",
      "ID": 47
    },
    {
      "GroupGUID": "e29fa01f-5072-4e11-892b-b5bf94910dda",
      "GroupPath": "Config/LevelOutput/Group/Groups_P80303_F80303001/LevelGroup_P80303_F80303001_G56.json",
      "Name": "RogueDLC130_Area",
      "ID": 56
    },
    {
      "GroupGUID": "ad8e61b1-88fa-483a-88cc-3963a6f79d35",
      "GroupPath": "Config/LevelOutput/Group/Groups_P80303_F80303001/LevelGroup_P80303_F80303001_G61.json",
      "Name": "RogueDLC130_BaseCommon",
      "ID": 61
    },
    {
      "GroupGUID": "1850a2c8-c753-4742-a60d-e19b6395d132",
      "GroupPath": "Config/LevelOutput/Group/Groups_P80303_F80303001/LevelGroup_P80303_F80303001_G62.json",
      "Name": "RogueDLC130_Event",
      "ID": 62
    },
    {
      "GroupGUID": "722431a5-3e0f-494b-8c3d-76ee5ca2ea38",
      "GroupPath": "Config/LevelOutput/Group/Groups_P80303_F80303001/LevelGroup_P80303_F80303001_G64.json",
      "Name": "RogueDLC130_Area",
      "ID": 64
    },
    {
      "GroupGUID": "47c4c96f-a27f-4471-bae3-dad73389bb6e",
      "GroupPath": "Config/LevelOutput/Group/Groups_P80303_F80303001/LevelGroup_P80303_F80303001_G65.json",
      "Name": "RogueDLC130_BaseBoss",
      "ID": 65
    },
    {
      "GroupGUID": "d5f3f65c-abdf-4f24-878c-a7277ca4daf2",
      "GroupPath": "Config/LevelOutput/Group/Groups_P80303_F80303001/LevelGroup_P80303_F80303001_G66.json",
      "Name": "RogueDLC130_Boss",
      "ID": 66
    }
  ],
  "DefaultEnviroProfile": "Stages/Outputs/Chapter01/EnviroProfile/Chap01_CloseView_ADV_Area_M301_01_Foggy.enviroProfile.asset",
  "StageData": "Stages/Outputs/Chapter01/Stages/Chap01_MAZ_M301_MainLine_01_StageData/Chap01_MAZ_M301_MainLine_01_StageData.stage",
  "CameraType": "Maze",
  "TimeOfDayEnviroProfileMap": {},
  "LayerToAreaMask": [
    1
  ],
  "NavmapConfigPath": "Config/LevelOutput/Map/MapInfo_P20131_F20131001.json",
  "EnableGroupStreaming": false,
  "EnableGroupSpaceConflict": false,
  "IsRestartLevelGraph": false
}