{
  "FloorID": 80305001,
  "FloorName": "MazeText_Empty",
  "StartGroupID": 1,
  "StartAnchorID": 1,
  "GroupList": [
    {
      "GroupGUID": "77fd8a48-14ad-40d2-ae51-8423ffd66549",
      "GroupPath": "Config/LevelOutput/Group/Groups_P80305_F80305001/LevelGroup_P80305_F80305001_G1.json",
      "Name": "DefaultGroup",
      "ID": 1
    },
    {
      "GroupGUID": "c88230d7-bbb3-497f-b386-bb124d0b304e",
      "GroupPath": "Config/LevelOutput/Group/Groups_P80305_F80305001/LevelGroup_P80305_F80305001_G2.json",
      "Name": "DefaultGroup",
      "ID": 2
    },
    {
      "GroupGUID": "e8fbad9e-96fd-41e9-a51b-7053dcc01582",
      "GroupPath": "Config/LevelOutput/Group/Groups_P80305_F80305001/LevelGroup_P80305_F80305001_G3.json",
      "Name": "DefaultGroup",
      "ID": 3
    },
    {
      "GroupGUID": "17c2ca6c-94d8-4e34-b01e-a1f8deb64a72",
      "GroupPath": "Config/LevelOutput/Group/Groups_P80305_F80305001/LevelGroup_P80305_F80305001_G4.json",
      "Name": "BATProp",
      "ID": 4
    },
    {
      "GroupGUID": "c22468e6-8cf6-415c-aa41-53ac37cc972a",
      "GroupPath": "Config/LevelOutput/Group/Groups_P80305_F80305001/LevelGroup_P80305_F80305001_G5.json",
      "Name": "New Group",
      "ID": 5
    },
    {
      "GroupGUID": "f89e19f2-9803-400a-bda9-658fe802a623",
      "GroupPath": "Config/LevelOutput/Group/Groups_P80305_F80305001/LevelGroup_P80305_F80305001_G6.json",
      "Name": "JianMu",
      "ID": 6
    },
    {
      "GroupGUID": "192fc64e-18fb-4e14-a0fd-a132b978b587",
      "GroupPath": "Config/LevelOutput/Group/Groups_P80305_F80305001/LevelGroup_P80305_F80305001_G7.json",
      "Name": "New Group",
      "ID": 7
    },
    {
      "GroupGUID": "ff32f04b-2abc-457e-b502-1cec4477a508",
      "GroupPath": "Config/LevelOutput/Group/Groups_P80305_F80305001/LevelGroup_P80305_F80305001_G8.json",
      "Name": "JianMu",
      "ID": 8
    },
    {
      "GroupGUID": "b702ffd2-371c-4bfa-ab5d-93bd87b6ca39",
      "GroupPath": "Config/LevelOutput/Group/Groups_P80305_F80305001/LevelGroup_P80305_F80305001_G9.json",
      "Name": "MainMission_RoadBlock",
      "ID": 9
    },
    {
      "GroupGUID": "e6070b45-608c-40a1-b7d2-004bdc90650a",
      "GroupPath": "Config/LevelOutput/Group/Groups_P80305_F80305001/LevelGroup_P80305_F80305001_G10.json",
      "Name": "New Group",
      "ID": 10
    },
    {
      "GroupGUID": "56d9f05f-fcf2-4744-9c89-a61810587bc7",
      "GroupPath": "Config/LevelOutput/Group/Groups_P80305_F80305001/LevelGroup_P80305_F80305001_G77.json",
      "Name": "RogueDLC130_Area",
      "ID": 77
    },
    {
      "GroupGUID": "a26a32f9-24fb-4011-8d13-d45a0c2d328d",
      "GroupPath": "Config/LevelOutput/Group/Groups_P80305_F80305001/LevelGroup_P80305_F80305001_G78.json",
      "Name": "RogueDLC130_BaseBoss",
      "ID": 78
    },
    {
      "GroupGUID": "1c5d5392-8066-46f5-86dc-ca075804cd50",
      "GroupPath": "Config/LevelOutput/Group/Groups_P80305_F80305001/LevelGroup_P80305_F80305001_G79.json",
      "Name": "RogueDLC130_Boss",
      "ID": 79
    },
    {
      "GroupGUID": "38519c5b-9b7d-4d97-a2a6-2ba6e2445fa5",
      "GroupPath": "Config/LevelOutput/Group/Groups_P80305_F80305001/LevelGroup_P80305_F80305001_G80.json",
      "Name": "RogueDLC130_Area",
      "ID": 80
    },
    {
      "GroupGUID": "adc4768a-2ecd-4bbf-b1aa-99c122aa3ab8",
      "GroupPath": "Config/LevelOutput/Group/Groups_P80305_F80305001/LevelGroup_P80305_F80305001_G81.json",
      "Name": "RogueDLC130_BaseRest",
      "ID": 81
    },
    {
      "GroupGUID": "3fbbf392-c97a-4c38-b0bf-1ec5ef847de3",
      "GroupPath": "Config/LevelOutput/Group/Groups_P80305_F80305001/LevelGroup_P80305_F80305001_G82.json",
      "Name": "Rogue140_Rest",
      "ID": 82
    },
    {
      "GroupGUID": "7f46ab34-ecc3-47c7-920b-95385decde26",
      "GroupPath": "Config/LevelOutput/Group/Groups_P80305_F80305001/LevelGroup_P80305_F80305001_G98.json",
      "Name": "Rogue140_Rest",
      "ID": 98
    },
    {
      "GroupGUID": "1e2ad1ff-bbb9-4a26-96b5-166ff13fe2d9",
      "GroupPath": "Config/LevelOutput/Group/Groups_P80305_F80305001/LevelGroup_P80305_F80305001_G83.json",
      "Name": "RogueDLC130_Area",
      "ID": 83
    },
    {
      "GroupGUID": "70bd5aa8-8e67-40ae-bf6a-455d3d60efd9",
      "GroupPath": "Config/LevelOutput/Group/Groups_P80305_F80305001/LevelGroup_P80305_F80305001_G84.json",
      "Name": "RogueDLC130_BaseCommon",
      "ID": 84
    },
    {
      "GroupGUID": "c4233c7b-c5e4-424b-afa2-40876a0560bf",
      "GroupPath": "Config/LevelOutput/Group/Groups_P80305_F80305001/LevelGroup_P80305_F80305001_G85.json",
      "Name": "RogueDLC130_MainMonster",
      "ID": 85
    },
    {
      "GroupGUID": "18b24c81-1862-4a28-88f6-896e5da7b916",
      "GroupPath": "Config/LevelOutput/Group/Groups_P80305_F80305001/LevelGroup_P80305_F80305001_G86.json",
      "Name": "RogueDLC130_SubMonster",
      "ID": 86
    },
    {
      "GroupGUID": "3b250541-bc12-412b-9861-77f1776c7a30",
      "GroupPath": "Config/LevelOutput/Group/Groups_P80305_F80305001/LevelGroup_P80305_F80305001_G87.json",
      "Name": "RogueDLC130_Area",
      "ID": 87
    },
    {
      "GroupGUID": "f602e022-b2c6-44f0-af7f-156b536fcd42",
      "GroupPath": "Config/LevelOutput/Group/Groups_P80305_F80305001/LevelGroup_P80305_F80305001_G88.json",
      "Name": "RogueDLC130_BaseCommon",
      "ID": 88
    },
    {
      "GroupGUID": "3a0ca1f7-0c10-4ef6-b7c2-87fc688ba6f6",
      "GroupPath": "Config/LevelOutput/Group/Groups_P80305_F80305001/LevelGroup_P80305_F80305001_G89.json",
      "Name": "Rogue140_MainMonster",
      "ID": 89
    },
    {
      "GroupGUID": "b85ab0a6-58d9-4ea2-b935-63bbaf7d6dbb",
      "GroupPath": "Config/LevelOutput/Group/Groups_P80305_F80305001/LevelGroup_P80305_F80305001_G90.json",
      "Name": "RogueDLC130_Area",
      "ID": 90
    },
    {
      "GroupGUID": "ce6f5347-2f1a-4148-b332-2312b8b4b349",
      "GroupPath": "Config/LevelOutput/Group/Groups_P80305_F80305001/LevelGroup_P80305_F80305001_G91.json",
      "Name": "RogueDLC130_BaseCommon",
      "ID": 91
    },
    {
      "GroupGUID": "a6733b62-dbec-45a9-8116-11b27992c00d",
      "GroupPath": "Config/LevelOutput/Group/Groups_P80305_F80305001/LevelGroup_P80305_F80305001_G92.json",
      "Name": "RogueDLC130_MainMonster",
      "ID": 92
    },
    {
      "GroupGUID": "60d1af9e-96e4-445a-a3f1-8104d1dfbfef",
      "GroupPath": "Config/LevelOutput/Group/Groups_P80305_F80305001/LevelGroup_P80305_F80305001_G93.json",
      "Name": "RogueDLC130_SubMonster",
      "ID": 93
    },
    {
      "GroupGUID": "b5c57feb-29ae-4811-8848-0db6fa763aae",
      "GroupPath": "Config/LevelOutput/Group/Groups_P80305_F80305001/LevelGroup_P80305_F80305001_G94.json",
      "Name": "RogueDLC130_SubMonster",
      "ID": 94
    },
    {
      "GroupGUID": "57be74ea-18f6-4e35-a92f-ffb8a4718882",
      "GroupPath": "Config/LevelOutput/Group/Groups_P80305_F80305001/LevelGroup_P80305_F80305001_G95.json",
      "Name": "RogueDLC130_Area",
      "ID": 95
    },
    {
      "GroupGUID": "5befe6cf-dcab-4535-8438-e71de59e9f45",
      "GroupPath": "Config/LevelOutput/Group/Groups_P80305_F80305001/LevelGroup_P80305_F80305001_G96.json",
      "Name": "RogueDLC130_BaseCommon",
      "ID": 96
    },
    {
      "GroupGUID": "e7612cbe-5461-438c-a5ef-5fa5c2413c31",
      "GroupPath": "Config/LevelOutput/Group/Groups_P80305_F80305001/LevelGroup_P80305_F80305001_G97.json",
      "Name": "RogueDLC130_MainMonster",
      "ID": 97
    }
  ],
  "DefaultEnviroProfile": "Stages/Outputs/Chapter02/EnviroProfile/Chap02_CloseView_MAZ_X202_MainLine_01_Night.enviroProfile.asset",
  "StageData": "Stages/Outputs/Chapter02/Stages/Chap02_MAZ_X202_MainLine_01_StageData/Chap02_MAZ_X202_MainLine_01_StageData.stage",
  "CameraType": "Maze",
  "TimeOfDayEnviroProfileMap": {},
  "LayerToAreaMask": [
    1
  ],
  "NavmapConfigPath": "Config/LevelOutput/Map/MapInfo_P20222_F20222001.json",
  "EnableGroupStreaming": false,
  "EnableGroupSpaceConflict": false,
  "IsRestartLevelGraph": false
}