{
  "FloorID": 81003001,
  "FloorName": "MazeText_Empty",
  "StartGroupID": 1,
  "StartAnchorID": 1,
  "GroupList": [
    {
      "GroupGUID": "c8c58eca-4ec4-4f7f-b97b-a2858d8e72f8",
      "GroupPath": "Config/LevelOutput/Group/Groups_P81003_F81003001/LevelGroup_P81003_F81003001_G1.json",
      "Name": "DefaultGroup",
      "ID": 1
    },
    {
      "GroupGUID": "e74129b0-34c1-406f-a2d4-634fe6e273e9",
      "GroupPath": "Config/LevelOutput/Group/Groups_P81003_F81003001/LevelGroup_P81003_F81003001_G60.json",
      "Name": "Sound",
      "ID": 60
    },
    {
      "GroupGUID": "3dfa0bb1-bd29-407f-a212-03c7568ef440",
      "GroupPath": "Config/LevelOutput/Group/Groups_P81003_F81003001/LevelGroup_P81003_F81003001_G61.json",
      "Name": "FlipBridgeController",
      "ID": 61
    },
    {
      "GroupGUID": "e05866d8-bac6-46a0-affc-55e85c145a14",
      "GroupPath": "Config/LevelOutput/Group/Groups_P81003_F81003001/LevelGroup_P81003_F81003001_G62.json",
      "Name": "FlipBridge",
      "ID": 62
    },
    {
      "GroupGUID": "47a571fb-d0d8-4a80-afdc-341c9a8daa0a",
      "GroupPath": "Config/LevelOutput/Group/Groups_P81003_F81003001/LevelGroup_P81003_F81003001_G63.json",
      "Name": "Door",
      "ID": 63
    },
    {
      "GroupGUID": "cbef308a-88eb-4bc1-836e-06e3d0cb4efd",
      "GroupPath": "Config/LevelOutput/Group/Groups_P81003_F81003001/LevelGroup_P81003_F81003001_G64.json",
      "Name": "Rogue_StartRoom_Main",
      "ID": 64
    },
    {
      "GroupGUID": "b81efa35-788f-4a4c-9123-e97c4cde984f",
      "GroupPath": "Config/LevelOutput/Group/Groups_P81003_F81003001/LevelGroup_P81003_F81003001_G65.json",
      "Name": "Rogue_StartRoom_Monster",
      "ID": 65
    },
    {
      "GroupGUID": "ca2e3c0f-9bc1-4dd7-a0d9-0c39239f1eaf",
      "GroupPath": "Config/LevelOutput/Group/Groups_P81003_F81003001/LevelGroup_P81003_F81003001_G66.json",
      "Name": "Rogue_StartRoom_Monster_Patrol",
      "ID": 66
    },
    {
      "GroupGUID": "9e25ec3a-3875-4c62-b9a9-c2e9113ee08a",
      "GroupPath": "Config/LevelOutput/Group/Groups_P81003_F81003001/LevelGroup_P81003_F81003001_G67.json",
      "Name": "Rogue_StartRoom_Main",
      "ID": 67
    },
    {
      "GroupGUID": "c3ec6406-217e-40a1-bf2e-690a3abf2464",
      "GroupPath": "Config/LevelOutput/Group/Groups_P81003_F81003001/LevelGroup_P81003_F81003001_G68.json",
      "Name": "Rogue_StartRoom_Monster",
      "ID": 68
    },
    {
      "GroupGUID": "949ea26c-04c2-4bf8-b7d4-fccb3169cc39",
      "GroupPath": "Config/LevelOutput/Group/Groups_P81003_F81003001/LevelGroup_P81003_F81003001_G69.json",
      "Name": "Rogue_StartRoom_Monster_Patrol",
      "ID": 69
    },
    {
      "GroupGUID": "49f80b08-ebe3-4efe-81ed-2a707735a36f",
      "GroupPath": "Config/LevelOutput/Group/Groups_P81003_F81003001/LevelGroup_P81003_F81003001_G70.json",
      "Name": "Rogue_StartRoom_Main",
      "ID": 70
    },
    {
      "GroupGUID": "28a04810-b64a-4ce7-b11b-3263c7298d23",
      "GroupPath": "Config/LevelOutput/Group/Groups_P81003_F81003001/LevelGroup_P81003_F81003001_G71.json",
      "Name": "Rogue_StartRoom_Monster",
      "ID": 71
    },
    {
      "GroupGUID": "e63ba180-4f25-4281-9d02-7993174f2915",
      "GroupPath": "Config/LevelOutput/Group/Groups_P81003_F81003001/LevelGroup_P81003_F81003001_G72.json",
      "Name": "Rogue_StartRoom_Monster_Patrol",
      "ID": 72
    },
    {
      "GroupGUID": "ae4349e3-75b0-468f-a6c8-22f90e858772",
      "GroupPath": "Config/LevelOutput/Group/Groups_P81003_F81003001/LevelGroup_P81003_F81003001_G73.json",
      "Name": "Rogue_ChallengeRoom",
      "ID": 73
    },
    {
      "GroupGUID": "178df251-6a8a-459a-bfc6-02f138862f51",
      "GroupPath": "Config/LevelOutput/Group/Groups_P81003_F81003001/LevelGroup_P81003_F81003001_G74.json",
      "Name": "Rogue_ChallengeRoom",
      "ID": 74
    },
    {
      "GroupGUID": "91099d2f-8570-433e-afb6-683dd381c597",
      "GroupPath": "Config/LevelOutput/Group/Groups_P81003_F81003001/LevelGroup_P81003_F81003001_G75.json",
      "Name": "Rogue_ChallengeRoom",
      "ID": 75
    },
    {
      "GroupGUID": "f18bb47a-9f2f-4f68-a4ff-c9792cca0b54",
      "GroupPath": "Config/LevelOutput/Group/Groups_P81003_F81003001/LevelGroup_P81003_F81003001_G76.json",
      "Name": "Rogue_NormalRoom",
      "ID": 76
    },
    {
      "GroupGUID": "814b4d6e-9902-4301-9051-96410a2cff1a",
      "GroupPath": "Config/LevelOutput/Group/Groups_P81003_F81003001/LevelGroup_P81003_F81003001_G77.json",
      "Name": "Rogue_NormalRoom",
      "ID": 77
    },
    {
      "GroupGUID": "c826097d-0997-4761-9439-0841d4d6a4ba",
      "GroupPath": "Config/LevelOutput/Group/Groups_P81003_F81003001/LevelGroup_P81003_F81003001_G78.json",
      "Name": "Rogue_NormalRoom",
      "ID": 78
    },
    {
      "GroupGUID": "aff5587b-432a-497a-b392-df769749893f",
      "GroupPath": "Config/LevelOutput/Group/Groups_P81003_F81003001/LevelGroup_P81003_F81003001_G79.json",
      "Name": "Rogue_EventRoom",
      "ID": 79
    },
    {
      "GroupGUID": "fcbcef34-c88e-418f-865e-3f080e48e22d",
      "GroupPath": "Config/LevelOutput/Group/Groups_P81003_F81003001/LevelGroup_P81003_F81003001_G81.json",
      "Name": "Rogue_EventRoom",
      "ID": 81
    },
    {
      "GroupGUID": "3de51781-f3b2-4fc6-a92c-85f8afbaf047",
      "GroupPath": "Config/LevelOutput/Group/Groups_P81003_F81003001/LevelGroup_P81003_F81003001_G82.json",
      "Name": "Rogue_EventRoom",
      "ID": 82
    },
    {
      "GroupGUID": "267aaea9-740c-4d66-bb73-d346854cb789",
      "GroupPath": "Config/LevelOutput/Group/Groups_P81003_F81003001/LevelGroup_P81003_F81003001_G83.json",
      "Name": "Rogue_RestRoom",
      "ID": 83
    },
    {
      "GroupGUID": "1853bf86-a15e-44f3-9483-55a82c740a6d",
      "GroupPath": "Config/LevelOutput/Group/Groups_P81003_F81003001/LevelGroup_P81003_F81003001_G85.json",
      "Name": "Rogue_StartRoom_Main",
      "ID": 85
    },
    {
      "GroupGUID": "26f622fc-8ee5-451e-8a38-f67ad691a3d5",
      "GroupPath": "Config/LevelOutput/Group/Groups_P81003_F81003001/LevelGroup_P81003_F81003001_G86.json",
      "Name": "Rogue_StartRoom_Monster",
      "ID": 86
    },
    {
      "GroupGUID": "2a0c9ca5-47b2-4d10-b14e-afbf8fe64246",
      "GroupPath": "Config/LevelOutput/Group/Groups_P81003_F81003001/LevelGroup_P81003_F81003001_G87.json",
      "Name": "Rogue_StartRoom_Monster_Patrol",
      "ID": 87
    },
    {
      "GroupGUID": "94f5fd19-1e29-41b4-9772-1038fce474ef",
      "GroupPath": "Config/LevelOutput/Group/Groups_P81003_F81003001/LevelGroup_P81003_F81003001_G88.json",
      "Name": "Rogue_NormalRoom",
      "ID": 88
    },
    {
      "GroupGUID": "3c8abd33-1888-438d-84bc-5a939620d48f",
      "GroupPath": "Config/LevelOutput/Group/Groups_P81003_F81003001/LevelGroup_P81003_F81003001_G89.json",
      "Name": "Rogue_NormalRoom_Monster",
      "ID": 89
    },
    {
      "GroupGUID": "16cebba3-af1b-4fc0-88d1-75bf64384520",
      "GroupPath": "Config/LevelOutput/Group/Groups_P81003_F81003001/LevelGroup_P81003_F81003001_G90.json",
      "Name": "Rogue_NormalRoom",
      "ID": 90
    },
    {
      "GroupGUID": "424d7f59-2128-43de-90fa-0e5b3887e2eb",
      "GroupPath": "Config/LevelOutput/Group/Groups_P81003_F81003001/LevelGroup_P81003_F81003001_G91.json",
      "Name": "Rogue_NormalRoom_Monster",
      "ID": 91
    },
    {
      "GroupGUID": "174dea80-46b0-499a-8c97-7a8a2d3ca1e9",
      "GroupPath": "Config/LevelOutput/Group/Groups_P81003_F81003001/LevelGroup_P81003_F81003001_G92.json",
      "Name": "Rogue_BossRoom",
      "ID": 92
    },
    {
      "GroupGUID": "33967564-f594-469c-b19c-f058adc736f0",
      "GroupPath": "Config/LevelOutput/Group/Groups_P81003_F81003001/LevelGroup_P81003_F81003001_G93.json",
      "Name": "Rogue_SpecialBuffAfterTalk_Prop",
      "ID": 93
    },
    {
      "GroupGUID": "2e18f5b4-6d9c-425d-9800-19f18a10600d",
      "GroupPath": "Config/LevelOutput/Group/Groups_P81003_F81003001/LevelGroup_P81003_F81003001_G94.json",
      "Name": "Rogue_EliteRoom",
      "ID": 94
    },
    {
      "GroupGUID": "01678730-7541-4205-9fbc-bd689ec6b7d9",
      "GroupPath": "Config/LevelOutput/Group/Groups_P81003_F81003001/LevelGroup_P81003_F81003001_G95.json",
      "Name": "Rogue_StartRoom_Main",
      "ID": 95
    },
    {
      "GroupGUID": "fde27c24-7b2f-4d51-b175-f81eda83b403",
      "GroupPath": "Config/LevelOutput/Group/Groups_P81003_F81003001/LevelGroup_P81003_F81003001_G96.json",
      "Name": "Rogue_StartRoom_Monster",
      "ID": 96
    },
    {
      "GroupGUID": "fd77a4d7-84a9-4918-bc06-285c3a954623",
      "GroupPath": "Config/LevelOutput/Group/Groups_P81003_F81003001/LevelGroup_P81003_F81003001_G97.json",
      "Name": "Rogue_StartRoom_Monster_Patrol",
      "ID": 97
    },
    {
      "GroupGUID": "398b9232-9778-4e96-acd8-190eedfbb30d",
      "GroupPath": "Config/LevelOutput/Group/Groups_P81003_F81003001/LevelGroup_P81003_F81003001_G99.json",
      "Name": "Rogue_StartRoom_Main",
      "ID": 99
    },
    {
      "GroupGUID": "3c510c61-a15d-4695-97b4-61ff46819f5c",
      "GroupPath": "Config/LevelOutput/Group/Groups_P81003_F81003001/LevelGroup_P81003_F81003001_G101.json",
      "Name": "BlockObject",
      "ID": 101
    }
  ],
  "DefaultEnviroProfile": "Stages/Outputs/Chapter00/EnviroProfile/Chap00_CloseView_MAZ_N301_01_Day.enviroProfile.asset",
  "StageData": "Stages/Outputs/Chapter00/Stages/Chap00_MAZ_N301_MainLine_01_StageData/Chap00_MAZ_N301_MainLine_01_StageData.stage",
  "CameraType": "Maze",
  "TimeOfDayEnviroProfileMap": {},
  "LayerToAreaMask": [
    1
  ],
  "BattleAreaList": [],
  "DimensionList": [
    {}
  ],
  "NavmapConfigPath": "Config/LevelOutput/Map/MapInfo_P81003_F81003001.json",
  "IsRestartLevelGraph": false
}