{
  "FloorID": 81001001,
  "FloorName": "MazeText_Empty",
  "StartGroupID": 1,
  "StartAnchorID": 1,
  "GroupList": [
    {
      "GroupGUID": "93b282ef-6dcd-44b7-87e6-c69060544645",
      "GroupPath": "Config/LevelOutput/Group/Groups_P81001_F81001001/LevelGroup_P81001_F81001001_G1.json",
      "Name": "DefaultGroup",
      "ID": 1
    },
    {
      "GroupGUID": "83c9a8fe-eab9-4dfe-aac9-820b7c02a69b",
      "GroupPath": "Config/LevelOutput/Group/Groups_P81001_F81001001/LevelGroup_P81001_F81001001_G65.json",
      "Name": "Sound",
      "ID": 65
    }
  ],
  "DefaultEnviroProfile": "Stages/Outputs/Chapter00/EnviroProfile/Chap00_CloseView_MAZ_N101_01_Day.enviroProfile.asset",
  "StageData": "Stages/Outputs/Chapter00/Stages/Chap00_MAZ_N101_MainLine_01_StageData/Chap00_MAZ_N101_MainLine_01_StageData.stage",
  "CameraType": "Maze",
  "TimeOfDayEnviroProfileMap": {},
  "LayerToAreaMask": [
    1
  ],
  "NavmapConfigPath": "Config/LevelOutput/Map/MapInfo_P20001_F20001001.json",
  "IsRestartLevelGraph": false
}