{
  "FloorID": 81004001,
  "FloorName": "FloorName_81004001",
  "StartGroupID": 1,
  "StartAnchorID": 1,
  "GroupList": [
    {
      "GroupGUID": "b0cb0694-8e61-43ed-8b73-113e84886c5f",
      "GroupPath": "Config/LevelOutput/Group/Groups_P81004_F81004001/LevelGroup_P81004_F81004001_G1.json",
      "Name": "DefaultGroup",
      "ID": 1
    },
    {
      "GroupGUID": "a4a2bc1e-67fc-4588-baae-d95e1bf2887b",
      "GroupPath": "Config/LevelOutput/Group/Groups_P81004_F81004001/LevelGroup_P81004_F81004001_G2.json",
      "Name": "New Group",
      "ID": 2
    },
    {
      "GroupGUID": "462f433a-c16e-4ca6-a0bf-b2c3be197301",
      "GroupPath": "Config/LevelOutput/Group/Groups_P81004_F81004001/LevelGroup_P81004_F81004001_G4.json",
      "DimensionFilter": {},
      "Name": "RogueTemplate210_Area",
      "ID": 4
    },
    {
      "GroupGUID": "a4945e12-7815-45a5-adde-90ba0e76ac6f",
      "GroupPath": "Config/LevelOutput/Group/Groups_P81004_F81004001/LevelGroup_P81004_F81004001_G5.json",
      "DimensionFilter": {},
      "Name": "RogueTemplate210_BaseBoss",
      "ID": 5
    },
    {
      "GroupGUID": "4c8d185f-867f-421a-9644-2dc8305370c7",
      "GroupPath": "Config/LevelOutput/Group/Groups_P81004_F81004001/LevelGroup_P81004_F81004001_G6.json",
      "DimensionFilter": {},
      "Name": "RogueTemplate210_BaseBoss_Boss",
      "ID": 6
    },
    {
      "GroupGUID": "e7b75801-921c-47dd-a733-0a2db3356679",
      "GroupPath": "Config/LevelOutput/Group/Groups_P81004_F81004001/LevelGroup_P81004_F81004001_G7.json",
      "DimensionFilter": {},
      "Name": "RogueTemplate210_BaseElite",
      "ID": 7
    },
    {
      "GroupGUID": "0890825b-af45-41ac-9fb0-b9d3a96c7141",
      "GroupPath": "Config/LevelOutput/Group/Groups_P81004_F81004001/LevelGroup_P81004_F81004001_G8.json",
      "DimensionFilter": {},
      "Name": "RogueTemplate210_BaseElite_Elite",
      "ID": 8
    },
    {
      "GroupGUID": "36ad912b-b040-4d37-9440-c023f8f96b70",
      "GroupPath": "Config/LevelOutput/Group/Groups_P81004_F81004001/LevelGroup_P81004_F81004001_G11.json",
      "DimensionFilter": {},
      "Name": "RogueTemplate210_Area",
      "ID": 11
    },
    {
      "GroupGUID": "b07efb51-e413-4bea-8aa2-8ec10b59b61e",
      "GroupPath": "Config/LevelOutput/Group/Groups_P81004_F81004001/LevelGroup_P81004_F81004001_G9.json",
      "DimensionFilter": {},
      "Name": "RogueTemplate210_BaseRest",
      "ID": 9
    },
    {
      "GroupGUID": "fa71f639-f4ad-47cf-8bdc-d6b685431c69",
      "GroupPath": "Config/LevelOutput/Group/Groups_P81004_F81004001/LevelGroup_P81004_F81004001_G10.json",
      "DimensionFilter": {},
      "Name": "RogueTemplate210_BaseRest_Rest",
      "ID": 10
    },
    {
      "GroupGUID": "510d3871-d29f-4386-b032-e3aa8dc8577e",
      "GroupPath": "Config/LevelOutput/Group/Groups_P81004_F81004001/LevelGroup_P81004_F81004001_G12.json",
      "DimensionFilter": {},
      "Name": "RogueTemplate210_Area",
      "ID": 12
    },
    {
      "GroupGUID": "3e474811-3f6d-4d35-ac03-8d052a6a4853",
      "GroupPath": "Config/LevelOutput/Group/Groups_P81004_F81004001/LevelGroup_P81004_F81004001_G13.json",
      "DimensionFilter": {},
      "Name": "RogueTemplate210_BaseEvent",
      "ID": 13
    },
    {
      "GroupGUID": "652e2d8c-fc95-4373-bedb-399f9b2f71fb",
      "GroupPath": "Config/LevelOutput/Group/Groups_P81004_F81004001/LevelGroup_P81004_F81004001_G14.json",
      "DimensionFilter": {},
      "Name": "RogueTemplate210_BaseEvent_Event",
      "ID": 14
    },
    {
      "GroupGUID": "b1c0b948-2e51-4617-bd9f-b0ea111a94fe",
      "GroupPath": "Config/LevelOutput/Group/Groups_P81004_F81004001/LevelGroup_P81004_F81004001_G15.json",
      "DimensionFilter": {},
      "Name": "RogueTemplate210_BaseTripleMonster",
      "ID": 15
    },
    {
      "GroupGUID": "81b6b58d-8267-4aa5-bbee-b147787e95d0",
      "GroupPath": "Config/LevelOutput/Group/Groups_P81004_F81004001/LevelGroup_P81004_F81004001_G16.json",
      "DimensionFilter": {},
      "Name": "RogueTemplate210_BaseTripleMonster_Event",
      "ID": 16
    },
    {
      "GroupGUID": "f3f2344b-cfeb-4d7e-94c0-cc9fb847cf19",
      "GroupPath": "Config/LevelOutput/Group/Groups_P81004_F81004001/LevelGroup_P81004_F81004001_G17.json",
      "DimensionFilter": {},
      "Name": "RogueTemplate210_BaseTripleMonster_MainMonster",
      "ID": 17
    },
    {
      "GroupGUID": "aa1fca2d-8fe5-4fb7-b8b4-a50b5cf85d8d",
      "GroupPath": "Config/LevelOutput/Group/Groups_P81004_F81004001/LevelGroup_P81004_F81004001_G18.json",
      "DimensionFilter": {},
      "Name": "RogueTemplate210_BaseTripleMonster_SubMonster_Left",
      "ID": 18
    },
    {
      "GroupGUID": "3686dc86-8d0f-4f84-91bf-db32da01d59d",
      "GroupPath": "Config/LevelOutput/Group/Groups_P81004_F81004001/LevelGroup_P81004_F81004001_G19.json",
      "DimensionFilter": {},
      "Name": "RogueTemplate210_BaseTripleMonster_SubMonster_Right",
      "ID": 19
    },
    {
      "GroupGUID": "92c58a84-d3cc-4b28-b091-ee8f1cb64dc5",
      "GroupPath": "Config/LevelOutput/Group/Groups_P81004_F81004001/LevelGroup_P81004_F81004001_G66.json",
      "DimensionFilter": {},
      "Name": "RogueTemplate210_BaseTripleMonster_MainMonster_ForDoubleMonster",
      "ID": 66
    },
    {
      "GroupGUID": "545cf536-0688-4ea2-87f8-046e5efa476b",
      "GroupPath": "Config/LevelOutput/Group/Groups_P81004_F81004001/LevelGroup_P81004_F81004001_G20.json",
      "DimensionFilter": {},
      "Name": "RogueTemplate210_Area",
      "ID": 20
    },
    {
      "GroupGUID": "3a8e0c51-f35a-45cc-a980-df231f80c5af",
      "GroupPath": "Config/LevelOutput/Group/Groups_P81004_F81004001/LevelGroup_P81004_F81004001_G21.json",
      "DimensionFilter": {},
      "Name": "RogueTemplate210_BaseEvent",
      "ID": 21
    },
    {
      "GroupGUID": "c32b0d8f-8f82-48c1-bf3e-0a482258b956",
      "GroupPath": "Config/LevelOutput/Group/Groups_P81004_F81004001/LevelGroup_P81004_F81004001_G22.json",
      "DimensionFilter": {},
      "Name": "RogueTemplate210_BaseEvent_Event",
      "ID": 22
    },
    {
      "GroupGUID": "048bfabb-c106-4a3f-9a50-e3e6723147ce",
      "GroupPath": "Config/LevelOutput/Group/Groups_P81004_F81004001/LevelGroup_P81004_F81004001_G23.json",
      "DimensionFilter": {},
      "Name": "RogueTemplate210_BaseTripleMonster",
      "ID": 23
    },
    {
      "GroupGUID": "cbe322be-4d45-4080-be55-bb1bf63ff63f",
      "GroupPath": "Config/LevelOutput/Group/Groups_P81004_F81004001/LevelGroup_P81004_F81004001_G24.json",
      "DimensionFilter": {},
      "Name": "RogueTemplate210_BaseTripleMonster_Event",
      "ID": 24
    },
    {
      "GroupGUID": "30e65d8b-d83e-4383-a393-c73498439729",
      "GroupPath": "Config/LevelOutput/Group/Groups_P81004_F81004001/LevelGroup_P81004_F81004001_G25.json",
      "DimensionFilter": {},
      "Name": "RogueTemplate210_BaseTripleMonster_MainMonster",
      "ID": 25
    },
    {
      "GroupGUID": "65121e6d-edbb-48b9-be7b-74f3ec4fb275",
      "GroupPath": "Config/LevelOutput/Group/Groups_P81004_F81004001/LevelGroup_P81004_F81004001_G26.json",
      "DimensionFilter": {},
      "Name": "RogueTemplate210_BaseTripleMonster_SubMonster_Left",
      "ID": 26
    },
    {
      "GroupGUID": "9bcf8045-b6b0-4d8f-8b4f-d9a5ded3678c",
      "GroupPath": "Config/LevelOutput/Group/Groups_P81004_F81004001/LevelGroup_P81004_F81004001_G27.json",
      "DimensionFilter": {},
      "Name": "RogueTemplate210_BaseTripleMonster_SubMonster_Right",
      "ID": 27
    },
    {
      "GroupGUID": "91981bc5-cf86-420f-b95e-8687ffcbe28b",
      "GroupPath": "Config/LevelOutput/Group/Groups_P81004_F81004001/LevelGroup_P81004_F81004001_G65.json",
      "DimensionFilter": {},
      "Name": "RogueTemplate210_BaseTripleMonster_MainMonster_ForDoubleMonster",
      "ID": 65
    },
    {
      "GroupGUID": "bbb6efea-229a-46a5-af5d-83efb1deeae9",
      "GroupPath": "Config/LevelOutput/Group/Groups_P81004_F81004001/LevelGroup_P81004_F81004001_G28.json",
      "DimensionFilter": {},
      "Name": "RogueTemplate210_Area",
      "ID": 28
    },
    {
      "GroupGUID": "25b63f90-16b5-45f7-84d1-bcbc83bf0b55",
      "GroupPath": "Config/LevelOutput/Group/Groups_P81004_F81004001/LevelGroup_P81004_F81004001_G29.json",
      "DimensionFilter": {},
      "Name": "RogueTemplate210_BaseEvent",
      "ID": 29
    },
    {
      "GroupGUID": "55c59a1c-733f-4f72-a401-c171d1fd508f",
      "GroupPath": "Config/LevelOutput/Group/Groups_P81004_F81004001/LevelGroup_P81004_F81004001_G30.json",
      "DimensionFilter": {},
      "Name": "RogueTemplate210_BaseEvent_Event",
      "ID": 30
    },
    {
      "GroupGUID": "fb06b40c-1f44-48c5-88d9-e3c5ec19e044",
      "GroupPath": "Config/LevelOutput/Group/Groups_P81004_F81004001/LevelGroup_P81004_F81004001_G31.json",
      "DimensionFilter": {},
      "Name": "RogueTemplate210_BaseTripleMonster",
      "ID": 31
    },
    {
      "GroupGUID": "51f8499a-d60f-4146-8b7d-15f2f4a4b854",
      "GroupPath": "Config/LevelOutput/Group/Groups_P81004_F81004001/LevelGroup_P81004_F81004001_G32.json",
      "Name": "RogueTemplate210_BaseTripleMonster_Event",
      "ID": 32
    },
    {
      "GroupGUID": "33a31e47-6a12-47c2-b0e3-762bfb876354",
      "GroupPath": "Config/LevelOutput/Group/Groups_P81004_F81004001/LevelGroup_P81004_F81004001_G33.json",
      "DimensionFilter": {},
      "Name": "RogueTemplate210_BaseTripleMonster_MainMonster",
      "ID": 33
    },
    {
      "GroupGUID": "7dca1b9a-c4a3-412f-97a1-f8f2d5ba7341",
      "GroupPath": "Config/LevelOutput/Group/Groups_P81004_F81004001/LevelGroup_P81004_F81004001_G34.json",
      "DimensionFilter": {},
      "Name": "RogueTemplate210_BaseTripleMonster_SubMonster_Left",
      "ID": 34
    },
    {
      "GroupGUID": "81095706-4e1f-4822-a7ae-8c031013aaee",
      "GroupPath": "Config/LevelOutput/Group/Groups_P81004_F81004001/LevelGroup_P81004_F81004001_G35.json",
      "DimensionFilter": {},
      "Name": "RogueTemplate210_BaseTripleMonster_SubMonster_Right",
      "ID": 35
    },
    {
      "GroupGUID": "bd0cf38a-6e04-448b-ab5d-e6c26b1e1b4e",
      "GroupPath": "Config/LevelOutput/Group/Groups_P81004_F81004001/LevelGroup_P81004_F81004001_G64.json",
      "DimensionFilter": {},
      "Name": "RogueTemplate210_BaseTripleMonster_MainMonster_ForDoubleMonster",
      "ID": 64
    },
    {
      "GroupGUID": "dfc31641-7957-4430-b94a-4178e0c9fa70",
      "GroupPath": "Config/LevelOutput/Group/Groups_P81004_F81004001/LevelGroup_P81004_F81004001_G36.json",
      "DimensionFilter": {},
      "Name": "RogueTemplate210_Area",
      "ID": 36
    },
    {
      "GroupGUID": "d909fcf7-4963-4a51-b64d-d97776bded40",
      "GroupPath": "Config/LevelOutput/Group/Groups_P81004_F81004001/LevelGroup_P81004_F81004001_G37.json",
      "DimensionFilter": {},
      "Name": "RogueTemplate210_BaseEvent",
      "ID": 37
    },
    {
      "GroupGUID": "3f13b89f-ad24-4a08-aead-78a46fad30bc",
      "GroupPath": "Config/LevelOutput/Group/Groups_P81004_F81004001/LevelGroup_P81004_F81004001_G38.json",
      "DimensionFilter": {},
      "Name": "RogueTemplate210_BaseEvent_Event",
      "ID": 38
    },
    {
      "GroupGUID": "fdb5614c-2328-499b-837d-ebce8a3b34e6",
      "GroupPath": "Config/LevelOutput/Group/Groups_P81004_F81004001/LevelGroup_P81004_F81004001_G39.json",
      "DimensionFilter": {},
      "Name": "RogueTemplate210_BaseTripleMonster",
      "ID": 39
    },
    {
      "GroupGUID": "e83c7887-ac7f-4d7f-9346-b94785343f85",
      "GroupPath": "Config/LevelOutput/Group/Groups_P81004_F81004001/LevelGroup_P81004_F81004001_G40.json",
      "DimensionFilter": {},
      "Name": "RogueTemplate210_BaseTripleMonster_Event",
      "ID": 40
    },
    {
      "GroupGUID": "112679a5-c723-4c6e-a58f-4d5f81e154c4",
      "GroupPath": "Config/LevelOutput/Group/Groups_P81004_F81004001/LevelGroup_P81004_F81004001_G41.json",
      "DimensionFilter": {},
      "Name": "RogueTemplate210_BaseTripleMonster_MainMonster",
      "ID": 41
    },
    {
      "GroupGUID": "e7d0c592-b2bc-4bce-9016-b697f93e2d6f",
      "GroupPath": "Config/LevelOutput/Group/Groups_P81004_F81004001/LevelGroup_P81004_F81004001_G42.json",
      "DimensionFilter": {},
      "Name": "RogueTemplate210_BaseTripleMonster_SubMonster_Left",
      "ID": 42
    },
    {
      "GroupGUID": "9f0c0a5c-9acf-4a57-ae37-19b978b57c2e",
      "GroupPath": "Config/LevelOutput/Group/Groups_P81004_F81004001/LevelGroup_P81004_F81004001_G43.json",
      "DimensionFilter": {},
      "Name": "RogueTemplate210_BaseTripleMonster_SubMonster_Right",
      "ID": 43
    },
    {
      "GroupGUID": "5488f6dc-37db-4c12-9411-8813f7beb975",
      "GroupPath": "Config/LevelOutput/Group/Groups_P81004_F81004001/LevelGroup_P81004_F81004001_G63.json",
      "DimensionFilter": {},
      "Name": "RogueTemplate210_BaseTripleMonster_MainMonster_ForDoubleMonster",
      "ID": 63
    },
    {
      "GroupGUID": "51e2f6ab-8aeb-4a61-a1ed-4549c72b5ae0",
      "GroupPath": "Config/LevelOutput/Group/Groups_P81004_F81004001/LevelGroup_P81004_F81004001_G44.json",
      "DimensionFilter": {},
      "Name": "RogueTemplate210_Area",
      "ID": 44
    },
    {
      "GroupGUID": "4d38389c-960b-449f-82bf-09c339da076d",
      "GroupPath": "Config/LevelOutput/Group/Groups_P81004_F81004001/LevelGroup_P81004_F81004001_G45.json",
      "DimensionFilter": {},
      "Name": "RogueTemplate210_BaseEvent",
      "ID": 45
    },
    {
      "GroupGUID": "2dd711c5-baf1-41a1-b89d-f88c4efe409e",
      "GroupPath": "Config/LevelOutput/Group/Groups_P81004_F81004001/LevelGroup_P81004_F81004001_G46.json",
      "DimensionFilter": {},
      "Name": "RogueTemplate210_BaseEvent_Event",
      "ID": 46
    },
    {
      "GroupGUID": "5c85d249-bee5-4dd1-b32e-13bd4d71a3fb",
      "GroupPath": "Config/LevelOutput/Group/Groups_P81004_F81004001/LevelGroup_P81004_F81004001_G47.json",
      "DimensionFilter": {},
      "Name": "RogueTemplate210_BaseTripleMonster",
      "ID": 47
    },
    {
      "GroupGUID": "09714d74-e288-43f9-abf4-8c93188c9b92",
      "GroupPath": "Config/LevelOutput/Group/Groups_P81004_F81004001/LevelGroup_P81004_F81004001_G48.json",
      "DimensionFilter": {},
      "Name": "RogueTemplate210_BaseTripleMonster_Event",
      "ID": 48
    },
    {
      "GroupGUID": "685ef41c-7f09-44c9-98cb-1bd3cfaefd21",
      "GroupPath": "Config/LevelOutput/Group/Groups_P81004_F81004001/LevelGroup_P81004_F81004001_G49.json",
      "DimensionFilter": {},
      "Name": "RogueTemplate210_BaseTripleMonster_MainMonster",
      "ID": 49
    },
    {
      "GroupGUID": "d1251aaf-9f0c-4798-8b9b-24242c0db497",
      "GroupPath": "Config/LevelOutput/Group/Groups_P81004_F81004001/LevelGroup_P81004_F81004001_G50.json",
      "DimensionFilter": {},
      "Name": "RogueTemplate210_BaseTripleMonster_SubMonster_Left",
      "ID": 50
    },
    {
      "GroupGUID": "a404dbd1-123e-4c95-b315-6432f1901498",
      "GroupPath": "Config/LevelOutput/Group/Groups_P81004_F81004001/LevelGroup_P81004_F81004001_G52.json",
      "DimensionFilter": {},
      "Name": "RogueTemplate210_BaseTripleMonster_SubMonster_Right",
      "ID": 52
    },
    {
      "GroupGUID": "b0e802a8-592b-413a-b733-5e7b9c873e27",
      "GroupPath": "Config/LevelOutput/Group/Groups_P81004_F81004001/LevelGroup_P81004_F81004001_G62.json",
      "DimensionFilter": {},
      "Name": "RogueTemplate210_BaseTripleMonster_MainMonster_ForDoubleMonster",
      "ID": 62
    },
    {
      "GroupGUID": "dee4fcb6-70eb-478c-b8fe-65ad69175ca6",
      "GroupPath": "Config/LevelOutput/Group/Groups_P81004_F81004001/LevelGroup_P81004_F81004001_G53.json",
      "DimensionFilter": {},
      "Name": "RogueTemplate210_Area",
      "ID": 53
    },
    {
      "GroupGUID": "59ff5534-4c25-4ce3-b166-69b1edc44db4",
      "GroupPath": "Config/LevelOutput/Group/Groups_P81004_F81004001/LevelGroup_P81004_F81004001_G54.json",
      "DimensionFilter": {},
      "Name": "RogueTemplate210_BaseEvent",
      "ID": 54
    },
    {
      "GroupGUID": "2ff6dcc5-6540-471b-9225-215600d586b8",
      "GroupPath": "Config/LevelOutput/Group/Groups_P81004_F81004001/LevelGroup_P81004_F81004001_G55.json",
      "Name": "RogueTemplate210_BaseEvent_Event",
      "ID": 55
    },
    {
      "GroupGUID": "75231379-37d5-4f60-966c-9332dabd736a",
      "GroupPath": "Config/LevelOutput/Group/Groups_P81004_F81004001/LevelGroup_P81004_F81004001_G56.json",
      "DimensionFilter": {},
      "Name": "RogueTemplate210_BaseTripleMonster",
      "ID": 56
    },
    {
      "GroupGUID": "3fbdef08-a558-44e2-8171-ecc1eb3100bd",
      "GroupPath": "Config/LevelOutput/Group/Groups_P81004_F81004001/LevelGroup_P81004_F81004001_G57.json",
      "Name": "RogueTemplate210_BaseTripleMonster_Event",
      "ID": 57
    },
    {
      "GroupGUID": "07eff6b3-a42d-446d-8936-2040ad5d08eb",
      "GroupPath": "Config/LevelOutput/Group/Groups_P81004_F81004001/LevelGroup_P81004_F81004001_G58.json",
      "Name": "RogueTemplate210_BaseTripleMonster_MainMonster",
      "ID": 58
    },
    {
      "GroupGUID": "81eb92c8-be19-4899-b6c5-47247692ea62",
      "GroupPath": "Config/LevelOutput/Group/Groups_P81004_F81004001/LevelGroup_P81004_F81004001_G59.json",
      "Name": "RogueTemplate210_BaseTripleMonster_SubMonster_Left",
      "ID": 59
    },
    {
      "GroupGUID": "91f8290e-52fd-4587-8349-782ae0e6c4c1",
      "GroupPath": "Config/LevelOutput/Group/Groups_P81004_F81004001/LevelGroup_P81004_F81004001_G60.json",
      "DimensionFilter": {},
      "Name": "RogueTemplate210_BaseTripleMonster_SubMonster_Right",
      "ID": 60
    },
    {
      "GroupGUID": "8edcb9b5-b654-4f27-b496-7bcce1f607c8",
      "GroupPath": "Config/LevelOutput/Group/Groups_P81004_F81004001/LevelGroup_P81004_F81004001_G61.json",
      "DimensionFilter": {},
      "Name": "RogueTemplate210_BaseTripleMonster_MainMonster_ForDoubleMonster",
      "ID": 61
    },
    {
      "GroupGUID": "9105da1f-2595-4221-90ae-fe6354888070",
      "GroupPath": "Config/LevelOutput/Group/Groups_P81004_F81004001/LevelGroup_P81004_F81004001_G72.json",
      "DimensionFilter": {
        "FilterType": "All"
      },
      "Name": "Polymer_Plinter",
      "ID": 72
    },
    {
      "GroupGUID": "a2e0bf4c-f757-495d-9ade-1bdb927f72e4",
      "GroupPath": "Config/LevelOutput/Group/Groups_P81004_F81004001/LevelGroup_P81004_F81004001_G73.json",
      "DimensionFilter": {},
      "Name": "RogueTemplate210_Area",
      "ID": 73
    },
    {
      "GroupGUID": "4af31490-b7d5-4c8d-8ac6-418a82b8e17d",
      "GroupPath": "Config/LevelOutput/Group/Groups_P81004_F81004001/LevelGroup_P81004_F81004001_G74.json",
      "DimensionFilter": {},
      "Name": "RogueTemplate210_BaseTripleMonster",
      "ID": 74
    },
    {
      "GroupGUID": "8a82d61d-6c01-4897-a408-0be5e70588ab",
      "GroupPath": "Config/LevelOutput/Group/Groups_P81004_F81004001/LevelGroup_P81004_F81004001_G75.json",
      "DimensionFilter": {},
      "Name": "RogueTemplate210_BaseTripleMonster_Event",
      "ID": 75
    },
    {
      "GroupGUID": "4dbaf811-3e00-42a9-9c4d-d655665e9ca4",
      "GroupPath": "Config/LevelOutput/Group/Groups_P81004_F81004001/LevelGroup_P81004_F81004001_G76.json",
      "DimensionFilter": {},
      "Name": "RogueTemplate210_BaseTripleMonster_MainMonster",
      "ID": 76
    },
    {
      "GroupGUID": "76d780b9-726b-4745-aa60-81e683e4411f",
      "GroupPath": "Config/LevelOutput/Group/Groups_P81004_F81004001/LevelGroup_P81004_F81004001_G77.json",
      "DimensionFilter": {},
      "Name": "RogueTemplate210_BaseTripleMonster_SubMonster_Left",
      "ID": 77
    },
    {
      "GroupGUID": "62772f82-6178-4fa9-883f-dca9a1693c70",
      "GroupPath": "Config/LevelOutput/Group/Groups_P81004_F81004001/LevelGroup_P81004_F81004001_G78.json",
      "DimensionFilter": {},
      "Name": "RogueTemplate210_BaseTripleMonster_SubMonster_Right",
      "ID": 78
    },
    {
      "GroupGUID": "1fc6a4a6-a260-4ddd-a79f-c96e5e9ab3c2",
      "GroupPath": "Config/LevelOutput/Group/Groups_P81004_F81004001/LevelGroup_P81004_F81004001_G79.json",
      "DimensionFilter": {},
      "Name": "RogueTemplate210_Area",
      "ID": 79
    },
    {
      "GroupGUID": "682cb7ba-d9ad-4769-8adf-8de5cf941b6b",
      "GroupPath": "Config/LevelOutput/Group/Groups_P81004_F81004001/LevelGroup_P81004_F81004001_G80.json",
      "DimensionFilter": {},
      "Name": "RogueTemplate210_BaseTripleMonster",
      "ID": 80
    },
    {
      "GroupGUID": "896a6b37-7f2e-471a-98dc-1e8d5014ea0f",
      "GroupPath": "Config/LevelOutput/Group/Groups_P81004_F81004001/LevelGroup_P81004_F81004001_G81.json",
      "DimensionFilter": {},
      "Name": "RogueTemplate210_BaseTripleMonster_Event",
      "ID": 81
    },
    {
      "GroupGUID": "f62781cb-b920-4755-b206-0c04596632f4",
      "GroupPath": "Config/LevelOutput/Group/Groups_P81004_F81004001/LevelGroup_P81004_F81004001_G82.json",
      "DimensionFilter": {},
      "Name": "RogueTemplate210_BaseTripleMonster_MainMonster",
      "ID": 82
    },
    {
      "GroupGUID": "2e8bbfa2-82dc-43d5-a244-58fc2f6cf16c",
      "GroupPath": "Config/LevelOutput/Group/Groups_P81004_F81004001/LevelGroup_P81004_F81004001_G83.json",
      "DimensionFilter": {},
      "Name": "RogueTemplate210_BaseTripleMonster_SubMonster_Left",
      "ID": 83
    },
    {
      "GroupGUID": "494fd78f-10fa-423e-8ee0-b8f471dbc6c8",
      "GroupPath": "Config/LevelOutput/Group/Groups_P81004_F81004001/LevelGroup_P81004_F81004001_G84.json",
      "DimensionFilter": {},
      "Name": "RogueTemplate210_BaseTripleMonster_SubMonster_Right",
      "ID": 84
    },
    {
      "GroupGUID": "565fe58a-0ffd-4eef-a748-67abd4294b68",
      "GroupPath": "Config/LevelOutput/Group/Groups_P81004_F81004001/LevelGroup_P81004_F81004001_G85.json",
      "DimensionFilter": {},
      "Name": "RogueTemplate210_Area",
      "ID": 85
    },
    {
      "GroupGUID": "36625e65-b64f-4afd-8fcd-a708a1955bfc",
      "GroupPath": "Config/LevelOutput/Group/Groups_P81004_F81004001/LevelGroup_P81004_F81004001_G86.json",
      "DimensionFilter": {},
      "Name": "RogueTemplate210_BaseTripleMonster",
      "ID": 86
    },
    {
      "GroupGUID": "91f00a95-bfab-4a73-9f9e-53227d700758",
      "GroupPath": "Config/LevelOutput/Group/Groups_P81004_F81004001/LevelGroup_P81004_F81004001_G87.json",
      "DimensionFilter": {},
      "Name": "RogueTemplate210_BaseTripleMonster_Event",
      "ID": 87
    },
    {
      "GroupGUID": "bdb4f0fb-61bd-4a8f-9174-6ea92d7ace19",
      "GroupPath": "Config/LevelOutput/Group/Groups_P81004_F81004001/LevelGroup_P81004_F81004001_G88.json",
      "DimensionFilter": {},
      "Name": "RogueTemplate210_BaseTripleMonster_MainMonster",
      "ID": 88
    },
    {
      "GroupGUID": "a486cd50-36f8-4e57-9702-a43d0ab21596",
      "GroupPath": "Config/LevelOutput/Group/Groups_P81004_F81004001/LevelGroup_P81004_F81004001_G89.json",
      "DimensionFilter": {},
      "Name": "RogueTemplate210_BaseTripleMonster_SubMonster_Left",
      "ID": 89
    },
    {
      "GroupGUID": "2e4c361d-60d6-4029-922f-4e7a19faf3fb",
      "GroupPath": "Config/LevelOutput/Group/Groups_P81004_F81004001/LevelGroup_P81004_F81004001_G90.json",
      "DimensionFilter": {},
      "Name": "RogueTemplate210_BaseTripleMonster_SubMonster_Right",
      "ID": 90
    }
  ],
  "DefaultEnviroProfile": "Stages/Outputs/Chapter00/EnviroProfile/Chap00_CloseView_MAZ_N401_01_Day.enviroProfile.asset",
  "StageData": "Stages/Outputs/Chapter00/Stages/Chap00_MAZ_N401_MainLine_01_StageData/Chap00_MAZ_N401_MainLine_01_StageData.stage",
  "TimeOfDayEnviroProfileMap": {},
  "LayerToAreaMask": [
    8,
    16,
    32
  ],
  "BattleAreaList": [],
  "DimensionList": [
    {}
  ],
  "NavmapConfigPath": "Config/LevelOutput/Map/MapInfo_P81004_F81004001.json",
  "TempGroupUnloadByY": 0,
  "IsRestartLevelGraph": false
}