{
  "FloorID": 81122001,
  "FloorName": "MazeText_Empty",
  "StartGroupID": 1,
  "StartAnchorID": 1,
  "GroupList": [
    {
      "GroupGUID": "f73e22fb-2f7c-42eb-9f91-3c004e854347",
      "GroupPath": "Config/LevelOutput/Group/Groups_P81122_F81122001/LevelGroup_P81122_F81122001_G1.json",
      "Name": "DefaultGroup",
      "ID": 1
    },
    {
      "GroupGUID": "a81ff81f-7e81-4ea5-8967-3d67d72fce38",
      "GroupPath": "Config/LevelOutput/Group/Groups_P81122_F81122001/LevelGroup_P81122_F81122001_G57.json",
      "Name": "Sound",
      "ID": 57
    },
    {
      "GroupGUID": "91286a60-52aa-4082-be42-7b60bfae932d",
      "GroupPath": "Config/LevelOutput/Group/Groups_P81122_F81122001/LevelGroup_P81122_F81122001_G58.json",
      "Name": "Public_Props",
      "ID": 58
    },
    {
      "GroupGUID": "82b127df-2bcf-4506-8aae-88d545ef5527",
      "GroupPath": "Config/LevelOutput/Group/Groups_P81122_F81122001/LevelGroup_P81122_F81122001_G59.json",
      "Name": "01_Rogue_EliteRoom",
      "ID": 59
    },
    {
      "GroupGUID": "5070d352-a5cb-4329-b9cc-cd76d07c584e",
      "GroupPath": "Config/LevelOutput/Group/Groups_P81122_F81122001/LevelGroup_P81122_F81122001_G60.json",
      "Name": "Rogue_EventRoom",
      "ID": 60
    },
    {
      "GroupGUID": "9302173f-4b51-4358-9500-15a28eac366b",
      "GroupPath": "Config/LevelOutput/Group/Groups_P81122_F81122001/LevelGroup_P81122_F81122001_G61.json",
      "Name": "Rogue_NormalRoom",
      "ID": 61
    },
    {
      "GroupGUID": "9822b4d0-b1d4-47ca-a3d0-ca21da8f0e7a",
      "GroupPath": "Config/LevelOutput/Group/Groups_P81122_F81122001/LevelGroup_P81122_F81122001_G62.json",
      "Name": "Rogue_NormalRoom",
      "ID": 62
    },
    {
      "GroupGUID": "c2a43930-f0da-4e64-9297-6f269e41f6eb",
      "GroupPath": "Config/LevelOutput/Group/Groups_P81122_F81122001/LevelGroup_P81122_F81122001_G63.json",
      "Name": "Rogue_NormalRoom_Monster",
      "ID": 63
    },
    {
      "GroupGUID": "89b21a00-7bcf-4f37-a31a-126e22ce09d8",
      "GroupPath": "Config/LevelOutput/Group/Groups_P81122_F81122001/LevelGroup_P81122_F81122001_G64.json",
      "Name": "02_Rogue_ChallengeRoom",
      "ID": 64
    },
    {
      "GroupGUID": "b5c5562b-2d3c-487f-b9c7-289098ee91a7",
      "GroupPath": "Config/LevelOutput/Group/Groups_P81122_F81122001/LevelGroup_P81122_F81122001_G65.json",
      "Name": "Rogue_EventRoom",
      "ID": 65
    },
    {
      "GroupGUID": "1c2d990a-008d-4392-99b6-9444db58dc89",
      "GroupPath": "Config/LevelOutput/Group/Groups_P81122_F81122001/LevelGroup_P81122_F81122001_G66.json",
      "Name": "Rogue_NormalRoom",
      "ID": 66
    },
    {
      "GroupGUID": "54ca4b7c-e9a2-45c3-b4a0-3df27f770bab",
      "GroupPath": "Config/LevelOutput/Group/Groups_P81122_F81122001/LevelGroup_P81122_F81122001_G67.json",
      "Name": "Rogue_NormalRoom_Monster",
      "ID": 67
    },
    {
      "GroupGUID": "bfcf6432-f2b2-4204-afbd-c7bc705e8614",
      "GroupPath": "Config/LevelOutput/Group/Groups_P81122_F81122001/LevelGroup_P81122_F81122001_G68.json",
      "Name": "Rogue_NormalRoom",
      "ID": 68
    },
    {
      "GroupGUID": "a9576b09-bf12-4626-b751-928a60f97ad2",
      "GroupPath": "Config/LevelOutput/Group/Groups_P81122_F81122001/LevelGroup_P81122_F81122001_G69.json",
      "Name": "Rogue_RestRoom",
      "ID": 69
    },
    {
      "GroupGUID": "f00bdb30-3f52-42f5-9f92-f6ec36697646",
      "GroupPath": "Config/LevelOutput/Group/Groups_P81122_F81122001/LevelGroup_P81122_F81122001_G70.json",
      "Name": "Rogue_StartRoom_Main",
      "ID": 70
    },
    {
      "GroupGUID": "b92d9a1b-2556-48bf-8a65-a4841caaa547",
      "GroupPath": "Config/LevelOutput/Group/Groups_P81122_F81122001/LevelGroup_P81122_F81122001_G71.json",
      "Name": "Rogue_StartRoom_Monster",
      "ID": 71
    },
    {
      "GroupGUID": "5cea77fc-173b-4c0d-b3ab-6fe7dd85ad32",
      "GroupPath": "Config/LevelOutput/Group/Groups_P81122_F81122001/LevelGroup_P81122_F81122001_G72.json",
      "Name": "Rogue_StartRoom_Monster_Patrol",
      "ID": 72
    },
    {
      "GroupGUID": "6a077b87-5add-457b-b341-ccfee841e4ec",
      "GroupPath": "Config/LevelOutput/Group/Groups_P81122_F81122001/LevelGroup_P81122_F81122001_G73.json",
      "Name": "02_Rogue_ChallengeRoom",
      "ID": 73
    },
    {
      "GroupGUID": "df2982be-d824-4f00-b23d-8fad186ecb6b",
      "GroupPath": "Config/LevelOutput/Group/Groups_P81122_F81122001/LevelGroup_P81122_F81122001_G74.json",
      "Name": "Rogue_StartRoom_Main",
      "ID": 74
    },
    {
      "GroupGUID": "81deb0b1-9fb8-4db4-b187-841fe609492d",
      "GroupPath": "Config/LevelOutput/Group/Groups_P81122_F81122001/LevelGroup_P81122_F81122001_G75.json",
      "Name": "Rogue_StartRoom_Monster_Patrol",
      "ID": 75
    },
    {
      "GroupGUID": "762e1d72-3960-4327-979b-53a8548f05fb",
      "GroupPath": "Config/LevelOutput/Group/Groups_P81122_F81122001/LevelGroup_P81122_F81122001_G76.json",
      "Name": "Rogue_StartRoom_Monster",
      "ID": 76
    },
    {
      "GroupGUID": "96772d72-6da4-4970-a671-9bd7cab49302",
      "GroupPath": "Config/LevelOutput/Group/Groups_P81122_F81122001/LevelGroup_P81122_F81122001_G77.json",
      "Name": "Rogue_StartRoom_Main",
      "ID": 77
    },
    {
      "GroupGUID": "5d9426de-062f-43dc-a360-e82a2adf6bf6",
      "GroupPath": "Config/LevelOutput/Group/Groups_P81122_F81122001/LevelGroup_P81122_F81122001_G78.json",
      "Name": "Rogue_StartRoom_Monster",
      "ID": 78
    },
    {
      "GroupGUID": "3845de22-372f-4e31-a64a-5e7959d98b0b",
      "GroupPath": "Config/LevelOutput/Group/Groups_P81122_F81122001/LevelGroup_P81122_F81122001_G79.json",
      "Name": "Rogue_StartRoom_Monster",
      "ID": 79
    },
    {
      "GroupGUID": "aef09c4b-07a1-49ca-90cb-98eb80f8657d",
      "GroupPath": "Config/LevelOutput/Group/Groups_P81122_F81122001/LevelGroup_P81122_F81122001_G80.json",
      "Name": "Rogue_NormalRoom",
      "ID": 80
    },
    {
      "GroupGUID": "bc7245b0-636e-489f-80ee-65bb76bd8520",
      "GroupPath": "Config/LevelOutput/Group/Groups_P81122_F81122001/LevelGroup_P81122_F81122001_G81.json",
      "Name": "02_Rogue_ChallengeRoom",
      "ID": 81
    },
    {
      "GroupGUID": "a5682f7f-2433-4805-9bad-05dc16c8213e",
      "GroupPath": "Config/LevelOutput/Group/Groups_P81122_F81122001/LevelGroup_P81122_F81122001_G82.json",
      "Name": "Rogue_EventRoom",
      "ID": 82
    },
    {
      "GroupGUID": "467f0614-3394-46d9-959e-005a30a11ad9",
      "GroupPath": "Config/LevelOutput/Group/Groups_P81122_F81122001/LevelGroup_P81122_F81122001_G83.json",
      "Name": "Rogue_BossRoom",
      "ID": 83
    },
    {
      "GroupGUID": "ca2381f2-03b0-4440-aedb-ae0b27b2fc7e",
      "GroupPath": "Config/LevelOutput/Group/Groups_P81122_F81122001/LevelGroup_P81122_F81122001_G84.json",
      "Name": "Rogue_SpecialBuffAfterTalk_Prop",
      "ID": 84
    },
    {
      "GroupGUID": "544365a8-657e-494e-9a18-e249d7b4275d",
      "GroupPath": "Config/LevelOutput/Group/Groups_P81122_F81122001/LevelGroup_P81122_F81122001_G85.json",
      "Name": "Rogue_StartRoom_Main",
      "ID": 85
    },
    {
      "GroupGUID": "82266c21-fba2-4cd8-b2cf-0a39e2dfc5bf",
      "GroupPath": "Config/LevelOutput/Group/Groups_P81122_F81122001/LevelGroup_P81122_F81122001_G86.json",
      "Name": "Rogue_StartRoom_Monster",
      "ID": 86
    },
    {
      "GroupGUID": "96d39858-447d-4993-b41f-c7bd2bfc136e",
      "GroupPath": "Config/LevelOutput/Group/Groups_P81122_F81122001/LevelGroup_P81122_F81122001_G87.json",
      "Name": "Rogue_StartRoom_Monster_Patrol",
      "ID": 87
    },
    {
      "GroupGUID": "89dda41e-84a8-4f4f-881e-c8c9bf714785",
      "GroupPath": "Config/LevelOutput/Group/Groups_P81122_F81122001/LevelGroup_P81122_F81122001_G88.json",
      "Name": "Rogue_StartRoom_Main",
      "ID": 88
    },
    {
      "GroupGUID": "b1740e20-8da2-4ddc-b357-16439bde74d6",
      "GroupPath": "Config/LevelOutput/Group/Groups_P81122_F81122001/LevelGroup_P81122_F81122001_G89.json",
      "Name": "Rogue_StartRoom_Monster",
      "ID": 89
    },
    {
      "GroupGUID": "e1b72453-6254-4f2b-b687-a4b8d3878693",
      "GroupPath": "Config/LevelOutput/Group/Groups_P81122_F81122001/LevelGroup_P81122_F81122001_G90.json",
      "Name": "Rogue_StartRoom_Monster_Patrol",
      "ID": 90
    },
    {
      "GroupGUID": "ac594770-3b1e-4a1c-a60e-d9d5c0338f02",
      "GroupPath": "Config/LevelOutput/Group/Groups_P81122_F81122001/LevelGroup_P81122_F81122001_G91.json",
      "Name": "Rogue_StartRoom_Main",
      "ID": 91
    }
  ],
  "DefaultEnviroProfile": "Stages/Outputs/Chapter01/EnviroProfile/Chap01_CloseView_ADV_Area_M202_01_Night.enviroProfile.asset",
  "StageData": "Stages/Outputs/Chapter01/Stages/Chap01_MAZ_M202_MainLine_01_StageData/Chap01_MAZ_M202_MainLine_01_StageData.stage",
  "CameraType": "Maze",
  "TimeOfDayEnviroProfileMap": {},
  "LayerToAreaMask": [
    1
  ],
  "BattleAreaList": [],
  "DimensionList": [
    {}
  ],
  "NavmapConfigPath": "Config/LevelOutput/Map/MapInfo_P81122_F81122001.json",
  "IsRestartLevelGraph": false
}