{
  "FloorID": 81132001,
  "FloorName": "MazeText_Empty",
  "StartGroupID": 1,
  "StartAnchorID": 1,
  "GroupList": [
    {
      "GroupGUID": "cad7f1fb-8718-4418-9152-a4b62cc0fbe9",
      "GroupPath": "Config/LevelOutput/Group/Groups_P81132_F81132001/LevelGroup_P81132_F81132001_G1.json",
      "Name": "DefaultGroup",
      "ID": 1
    },
    {
      "GroupGUID": "e5b711c8-cebf-4d47-bc69-d7f8b9fc4790",
      "GroupPath": "Config/LevelOutput/Group/Groups_P81132_F81132001/LevelGroup_P81132_F81132001_G2.json",
      "Name": "DefaultProp",
      "ID": 2
    },
    {
      "GroupGUID": "eb65cc29-a198-4b2a-b3b9-ed7837860ae8",
      "GroupPath": "Config/LevelOutput/Group/Groups_P81132_F81132001/LevelGroup_P81132_F81132001_G55.json",
      "Name": "Sound",
      "ID": 55
    },
    {
      "GroupGUID": "2eff9f32-f0c0-40b8-9bb7-de00d8a0c6d1",
      "GroupPath": "Config/LevelOutput/Group/Groups_P81132_F81132001/LevelGroup_P81132_F81132001_G56.json",
      "Name": "Rogue_NormalRoom01",
      "ID": 56
    },
    {
      "GroupGUID": "0f7c98fd-8285-4d02-a750-25aa69056e31",
      "GroupPath": "Config/LevelOutput/Group/Groups_P81132_F81132001/LevelGroup_P81132_F81132001_G57.json",
      "Name": "Rogue_NormalRoom02",
      "ID": 57
    },
    {
      "GroupGUID": "6adfc897-6942-421a-be26-1663e071586d",
      "GroupPath": "Config/LevelOutput/Group/Groups_P81132_F81132001/LevelGroup_P81132_F81132001_G58.json",
      "Name": "Rogue_NormalRoom03",
      "ID": 58
    },
    {
      "GroupGUID": "6bec509a-d0c3-410a-ab33-6c9b075834c2",
      "GroupPath": "Config/LevelOutput/Group/Groups_P81132_F81132001/LevelGroup_P81132_F81132001_G59.json",
      "Name": "Rogue_EventRoom01",
      "ID": 59
    },
    {
      "GroupGUID": "a1259283-38db-4015-9cef-b9734db990cb",
      "GroupPath": "Config/LevelOutput/Group/Groups_P81132_F81132001/LevelGroup_P81132_F81132001_G60.json",
      "Name": "Rogue_EventRoom02",
      "ID": 60
    },
    {
      "GroupGUID": "8d61ca53-d62a-471c-91cd-d07dc0d0dcfa",
      "GroupPath": "Config/LevelOutput/Group/Groups_P81132_F81132001/LevelGroup_P81132_F81132001_G61.json",
      "Name": "Rogue_EventRoom03",
      "ID": 61
    },
    {
      "GroupGUID": "02f98e25-8a00-441d-9daa-aa74472d8082",
      "GroupPath": "Config/LevelOutput/Group/Groups_P81132_F81132001/LevelGroup_P81132_F81132001_G62.json",
      "Name": "Rogue_BossRoom",
      "ID": 62
    },
    {
      "GroupGUID": "29fa75a6-325f-4115-919f-355b2d858225",
      "GroupPath": "Config/LevelOutput/Group/Groups_P81132_F81132001/LevelGroup_P81132_F81132001_G63.json",
      "Name": "Rogue_RestRoom",
      "ID": 63
    },
    {
      "GroupGUID": "651ee5d2-7ef6-4088-9d15-c843a2f29368",
      "GroupPath": "Config/LevelOutput/Group/Groups_P81132_F81132001/LevelGroup_P81132_F81132001_G64.json",
      "Name": "Rogue_StartRoom_Main01",
      "ID": 64
    },
    {
      "GroupGUID": "77f56a41-308b-451e-a4d1-e05a3e1941bc",
      "GroupPath": "Config/LevelOutput/Group/Groups_P81132_F81132001/LevelGroup_P81132_F81132001_G65.json",
      "Name": "Rogue_StartRoom_Monster_Patrol011",
      "ID": 65
    },
    {
      "GroupGUID": "c2d3299d-ef40-4ac2-aa1d-b0cdb3eab7fa",
      "GroupPath": "Config/LevelOutput/Group/Groups_P81132_F81132001/LevelGroup_P81132_F81132001_G66.json",
      "Name": "Rogue_StartRoom_Monster_Patrol012",
      "ID": 66
    },
    {
      "GroupGUID": "c1ed419f-b6e5-4d84-8387-8385b35ee737",
      "GroupPath": "Config/LevelOutput/Group/Groups_P81132_F81132001/LevelGroup_P81132_F81132001_G67.json",
      "Name": "Rogue_StartRoom_Main02",
      "ID": 67
    },
    {
      "GroupGUID": "8fd40aeb-8fa4-46e4-9649-6892db42a126",
      "GroupPath": "Config/LevelOutput/Group/Groups_P81132_F81132001/LevelGroup_P81132_F81132001_G68.json",
      "Name": "Rogue_StartRoom_Monster_Patrol021",
      "ID": 68
    },
    {
      "GroupGUID": "6ada32ae-6278-4c49-8b30-e8ad6fb2938b",
      "GroupPath": "Config/LevelOutput/Group/Groups_P81132_F81132001/LevelGroup_P81132_F81132001_G69.json",
      "Name": "Rogue_StartRoom_Monster021",
      "ID": 69
    },
    {
      "GroupGUID": "cb535d5e-54fd-420a-9a21-cec8e7ae61cd",
      "GroupPath": "Config/LevelOutput/Group/Groups_P81132_F81132001/LevelGroup_P81132_F81132001_G70.json",
      "Name": "Rogue_StartRoom_Main03",
      "ID": 70
    },
    {
      "GroupGUID": "07785418-1e95-4338-9515-e050f4dc4381",
      "GroupPath": "Config/LevelOutput/Group/Groups_P81132_F81132001/LevelGroup_P81132_F81132001_G71.json",
      "Name": "Rogue_StartRoom_Monster_Patrol031",
      "ID": 71
    },
    {
      "GroupGUID": "f34d34d9-d53d-4b34-8cc6-386c1dbd3277",
      "GroupPath": "Config/LevelOutput/Group/Groups_P81132_F81132001/LevelGroup_P81132_F81132001_G72.json",
      "Name": "Rogue_StartRoom_Monster_Patrol032",
      "ID": 72
    },
    {
      "GroupGUID": "7e0eb1d3-9a4c-4bc2-a717-5f5230098e3b",
      "GroupPath": "Config/LevelOutput/Group/Groups_P81132_F81132001/LevelGroup_P81132_F81132001_G73.json",
      "Name": "Rogue_ChallengeRoom01",
      "ID": 73
    },
    {
      "GroupGUID": "7aebe3b2-7870-4a79-b774-7ff14d226f7e",
      "GroupPath": "Config/LevelOutput/Group/Groups_P81132_F81132001/LevelGroup_P81132_F81132001_G74.json",
      "Name": "Rogue_ChallengeRoom02",
      "ID": 74
    },
    {
      "GroupGUID": "40472113-a5ed-44b8-b691-1d614afbc141",
      "GroupPath": "Config/LevelOutput/Group/Groups_P81132_F81132001/LevelGroup_P81132_F81132001_G75.json",
      "Name": "Rogue_ChallengeRoom03",
      "ID": 75
    },
    {
      "GroupGUID": "6ca4552c-09d1-4f2e-9f4f-c4dc9afe9bc2",
      "GroupPath": "Config/LevelOutput/Group/Groups_P81132_F81132001/LevelGroup_P81132_F81132001_G82.json",
      "Name": "Rogue_StartRoom_Main03_Double",
      "ID": 82
    },
    {
      "GroupGUID": "b81d9294-fcf7-45ed-87ca-4f1731c9cd6c",
      "GroupPath": "Config/LevelOutput/Group/Groups_P81132_F81132001/LevelGroup_P81132_F81132001_G91.json",
      "Name": "Rogue_StartRoom_Monster_Patrol03_Double",
      "ID": 91
    },
    {
      "GroupGUID": "b8c0b6d9-991d-458c-85d2-332100cd82b9",
      "GroupPath": "Config/LevelOutput/Group/Groups_P81132_F81132001/LevelGroup_P81132_F81132001_G92.json",
      "Name": "Rogue_StartRoom_Monster_Patrol03_Double",
      "ID": 92
    },
    {
      "GroupGUID": "c2b29a07-a91b-4710-8d57-9b08f43ac70a",
      "GroupPath": "Config/LevelOutput/Group/Groups_P81132_F81132001/LevelGroup_P81132_F81132001_G93.json",
      "Name": "Rogue_NormalRoom01_Double",
      "ID": 93
    },
    {
      "GroupGUID": "a89fc6f4-7212-42b5-bf8a-1bc5f007899b",
      "GroupPath": "Config/LevelOutput/Group/Groups_P81132_F81132001/LevelGroup_P81132_F81132001_G94.json",
      "Name": "Rogue_NormalRoom_Monster01_Double",
      "ID": 94
    },
    {
      "GroupGUID": "2e330927-c2e8-4ed2-93a8-6184a15de351",
      "GroupPath": "Config/LevelOutput/Group/Groups_P81132_F81132001/LevelGroup_P81132_F81132001_G95.json",
      "Name": "Rogue_SpecialBuffAfterTalk_Prop",
      "ID": 95
    },
    {
      "GroupGUID": "60bce779-2325-4fb8-94f0-5ca82b087220",
      "GroupPath": "Config/LevelOutput/Group/Groups_P81132_F81132001/LevelGroup_P81132_F81132001_G96.json",
      "Name": "Rogue_StartRoom_Main01",
      "ID": 96
    },
    {
      "GroupGUID": "25655cea-2e73-4a05-be8c-5a3635ec84a9",
      "GroupPath": "Config/LevelOutput/Group/Groups_P81132_F81132001/LevelGroup_P81132_F81132001_G97.json",
      "Name": "Rogue_StartRoom_Monster_Patrol011",
      "ID": 97
    },
    {
      "GroupGUID": "5ccbc1e0-dbf7-43ab-bbd6-aa2e365f80ed",
      "GroupPath": "Config/LevelOutput/Group/Groups_P81132_F81132001/LevelGroup_P81132_F81132001_G98.json",
      "Name": "Rogue_StartRoom_Monster_Patrol012",
      "ID": 98
    },
    {
      "GroupGUID": "f5f7f48a-447f-4382-9ae8-4355ed1d43d0",
      "GroupPath": "Config/LevelOutput/Group/Groups_P81132_F81132001/LevelGroup_P81132_F81132001_G99.json",
      "Name": "Rogue_NormalRoom02_Double",
      "ID": 99
    },
    {
      "GroupGUID": "bc9245a8-c891-456e-9c32-b9df83bf6439",
      "GroupPath": "Config/LevelOutput/Group/Groups_P81132_F81132001/LevelGroup_P81132_F81132001_G100.json",
      "Name": "Rogue_NormalRoom_Monster02_Double",
      "ID": 100
    },
    {
      "GroupGUID": "8b859437-4b85-4400-ad0f-6a030f3ac6de",
      "GroupPath": "Config/LevelOutput/Group/Groups_P81132_F81132001/LevelGroup_P81132_F81132001_G101.json",
      "Name": "Rogue_EliteRoom",
      "ID": 101
    },
    {
      "GroupGUID": "bf9b3767-0ea1-468e-badc-d9b71b042b24",
      "GroupPath": "Config/LevelOutput/Group/Groups_P81132_F81132001/LevelGroup_P81132_F81132001_G102.json",
      "Name": "Rogue_StartRoom_Main",
      "ID": 102
    }
  ],
  "DefaultEnviroProfile": "Stages/Outputs/Chapter01/EnviroProfile/Chap01_CloseView_ADV_Area_M302_01_Foggy.enviroProfile.asset",
  "StageData": "Stages/Outputs/Chapter01/Stages/Chap01_MAZ_M302_MainLine_01_StageData/Chap01_MAZ_M302_MainLine_01_StageData.stage",
  "CameraType": "Maze",
  "TimeOfDayEnviroProfileMap": {},
  "LayerToAreaMask": [
    1
  ],
  "BattleAreaList": [],
  "DimensionList": [
    {}
  ],
  "NavmapConfigPath": "Config/LevelOutput/Map/MapInfo_P81132_F81132001.json",
  "IsRestartLevelGraph": false
}