{
  "FloorID": 81123001,
  "FloorName": "MazeText_Empty",
  "StartGroupID": 1,
  "StartAnchorID": 1,
  "GroupList": [
    {
      "GroupGUID": "9e8dd6f4-63d5-4f87-9957-a8ef06b7741c",
      "GroupPath": "Config/LevelOutput/Group/Groups_P81123_F81123001/LevelGroup_P81123_F81123001_G1.json",
      "Name": "DefaultGroup",
      "ID": 1
    },
    {
      "GroupGUID": "4af4001c-8af8-4911-8fb0-d42a3a10a79f",
      "GroupPath": "Config/LevelOutput/Group/Groups_P81123_F81123001/LevelGroup_P81123_F81123001_G59.json",
      "Name": "Sound",
      "ID": 59
    },
    {
      "GroupGUID": "1e435bcc-1dfc-4110-bcc3-5cc7059ad998",
      "GroupPath": "Config/LevelOutput/Group/Groups_P81123_F81123001/LevelGroup_P81123_F81123001_G60.json",
      "Name": "Rogue_SpecialBuffAfterTalk_Prop",
      "ID": 60
    }
  ],
  "DefaultEnviroProfile": "Stages/Outputs/Chapter01/EnviroProfile/Chap01_CloseView_ADV_Area_M203_01_Night.enviroProfile.asset",
  "StageData": "Stages/Outputs/Chapter01/Stages/Chap01_MAZ_M203_MainLine_01_StageData/Chap01_MAZ_M203_MainLine_01_StageData.stage",
  "CameraType": "Maze",
  "TimeOfDayEnviroProfileMap": {},
  "LayerToAreaMask": [
    1
  ],
  "NavmapConfigPath": "Config/LevelOutput/Map/MapInfo_P20123_F20123001.json",
  "IsRestartLevelGraph": false
}