{
  "FloorID": 81212001,
  "FloorName": "FloorName_81212001",
  "StartGroupID": 1,
  "StartAnchorID": 1,
  "GroupList": [
    {
      "GroupGUID": "966239af-4931-4d7a-8904-770bfe57050d",
      "GroupPath": "Config/LevelOutput/Group/Groups_P81212_F81212001/LevelGroup_P81212_F81212001_G1.json",
      "Name": "DefaultGroup",
      "ID": 1
    },
    {
      "GroupGUID": "d03fb853-84e6-4ef3-86e1-7598f63d18e5",
      "GroupPath": "Config/LevelOutput/Group/Groups_P81212_F81212001/LevelGroup_P81212_F81212001_G3.json",
      "Name": "Rogue_SpecialBuffAfterTalk_Prop",
      "ID": 3
    },
    {
      "GroupGUID": "acd7a22b-eabb-44d1-821b-a7665b56992a",
      "GroupPath": "Config/LevelOutput/Group/Groups_P81212_F81212001/LevelGroup_P81212_F81212001_G4.json",
      "Name": "Door",
      "ID": 4
    },
    {
      "GroupGUID": "a2ff022b-fb9f-4323-a6c3-a5f536ad95c1",
      "GroupPath": "Config/LevelOutput/Group/Groups_P81212_F81212001/LevelGroup_P81212_F81212001_G5.json",
      "Name": "Rogue_StartRoom_Main",
      "ID": 5
    },
    {
      "GroupGUID": "e899c7af-f386-46e4-8238-ec17477bef1a",
      "GroupPath": "Config/LevelOutput/Group/Groups_P81212_F81212001/LevelGroup_P81212_F81212001_G6.json",
      "Name": "Rogue_StartRoom_Monster",
      "ID": 6
    },
    {
      "GroupGUID": "2bfcf841-abc0-4519-9bc9-3c80d77a4e2d",
      "GroupPath": "Config/LevelOutput/Group/Groups_P81212_F81212001/LevelGroup_P81212_F81212001_G7.json",
      "Name": "Rogue_StartRoom_Monster_Patrol",
      "ID": 7
    },
    {
      "GroupGUID": "ae43a68b-c82f-4697-84dd-18ad72a06d76",
      "GroupPath": "Config/LevelOutput/Group/Groups_P81212_F81212001/LevelGroup_P81212_F81212001_G8.json",
      "Name": "Rogue_StartRoom_Main",
      "ID": 8
    },
    {
      "GroupGUID": "0bf15abe-f1c4-40fb-8732-1a2bcb2477f7",
      "GroupPath": "Config/LevelOutput/Group/Groups_P81212_F81212001/LevelGroup_P81212_F81212001_G9.json",
      "Name": "Rogue_StartRoom_Monster",
      "ID": 9
    },
    {
      "GroupGUID": "df1ee971-0a84-4b80-ad7c-47db78f195c5",
      "GroupPath": "Config/LevelOutput/Group/Groups_P81212_F81212001/LevelGroup_P81212_F81212001_G10.json",
      "Name": "Rogue_StartRoom_Monster",
      "ID": 10
    },
    {
      "GroupGUID": "97b9b92c-8c5d-497c-95c7-3e1220db3f9c",
      "GroupPath": "Config/LevelOutput/Group/Groups_P81212_F81212001/LevelGroup_P81212_F81212001_G11.json",
      "Name": "Rogue_EventRoom",
      "ID": 11
    },
    {
      "GroupGUID": "0e4f2a39-30d8-4af3-b7f3-a365db9ac450",
      "GroupPath": "Config/LevelOutput/Group/Groups_P81212_F81212001/LevelGroup_P81212_F81212001_G12.json",
      "Name": "Rogue_NormalRoom",
      "ID": 12
    },
    {
      "GroupGUID": "ac8707de-f67d-48dd-b4e3-f0a0f97a0b16",
      "GroupPath": "Config/LevelOutput/Group/Groups_P81212_F81212001/LevelGroup_P81212_F81212001_G13.json",
      "Name": "Rogue_StartRoom_Main",
      "ID": 13
    },
    {
      "GroupGUID": "fb6b080c-3901-4760-9893-df34fbc14b79",
      "GroupPath": "Config/LevelOutput/Group/Groups_P81212_F81212001/LevelGroup_P81212_F81212001_G14.json",
      "Name": "Rogue_StartRoom_Monster",
      "ID": 14
    },
    {
      "GroupGUID": "f72e85e5-2a96-4dae-8fd5-9c87e087c0bf",
      "GroupPath": "Config/LevelOutput/Group/Groups_P81212_F81212001/LevelGroup_P81212_F81212001_G15.json",
      "Name": "Rogue_StartRoom_Monster_Patrol",
      "ID": 15
    },
    {
      "GroupGUID": "852072c9-3dc2-4339-a1fc-1fa086896f1a",
      "GroupPath": "Config/LevelOutput/Group/Groups_P81212_F81212001/LevelGroup_P81212_F81212001_G16.json",
      "Name": "Rogue_NormalRoom",
      "ID": 16
    },
    {
      "GroupGUID": "3d8ad916-dc3e-4eb0-9b60-6de0ce0e2caa",
      "GroupPath": "Config/LevelOutput/Group/Groups_P81212_F81212001/LevelGroup_P81212_F81212001_G17.json",
      "Name": "Rogue_NormalRoom",
      "ID": 17
    },
    {
      "GroupGUID": "a461e852-ed92-463e-94e1-4b8995298a09",
      "GroupPath": "Config/LevelOutput/Group/Groups_P81212_F81212001/LevelGroup_P81212_F81212001_G18.json",
      "Name": "Rogue_NormalRoom_Monster",
      "ID": 18
    },
    {
      "GroupGUID": "db2e59fd-9ff1-4f5f-9eaa-f8bcb31cd369",
      "GroupPath": "Config/LevelOutput/Group/Groups_P81212_F81212001/LevelGroup_P81212_F81212001_G19.json",
      "Name": "Rogue_ChallengeRoom",
      "ID": 19
    },
    {
      "GroupGUID": "5bbb66b7-4409-4504-88b6-18b89ea34871",
      "GroupPath": "Config/LevelOutput/Group/Groups_P81212_F81212001/LevelGroup_P81212_F81212001_G20.json",
      "Name": "Rogue_EventRoom",
      "ID": 20
    },
    {
      "GroupGUID": "42e00b3e-41cf-4d0c-9c80-7df389162f9c",
      "GroupPath": "Config/LevelOutput/Group/Groups_P81212_F81212001/LevelGroup_P81212_F81212001_G21.json",
      "Name": "Rogue_NormalRoom",
      "ID": 21
    },
    {
      "GroupGUID": "085f60ae-7908-4e88-800e-ea193e06e60c",
      "GroupPath": "Config/LevelOutput/Group/Groups_P81212_F81212001/LevelGroup_P81212_F81212001_G22.json",
      "Name": "Rogue_StartRoom_Main",
      "ID": 22
    },
    {
      "GroupGUID": "22a0674e-158c-4a44-bc39-3ea3a2337751",
      "GroupPath": "Config/LevelOutput/Group/Groups_P81212_F81212001/LevelGroup_P81212_F81212001_G23.json",
      "Name": "Rogue_StartRoom_Monster",
      "ID": 23
    },
    {
      "GroupGUID": "5e3e610a-8df4-45f8-82d8-6c1c58b9673a",
      "GroupPath": "Config/LevelOutput/Group/Groups_P81212_F81212001/LevelGroup_P81212_F81212001_G24.json",
      "Name": "Rogue_StartRoom_Monster_Patrol",
      "ID": 24
    },
    {
      "GroupGUID": "13cfeb6a-2ceb-4c42-8daf-16f4341e9ec4",
      "GroupPath": "Config/LevelOutput/Group/Groups_P81212_F81212001/LevelGroup_P81212_F81212001_G25.json",
      "Name": "Rogue_ChallengeRoom",
      "ID": 25
    },
    {
      "GroupGUID": "9cd7b42d-d102-457e-97a7-1a0ec6749c8e",
      "GroupPath": "Config/LevelOutput/Group/Groups_P81212_F81212001/LevelGroup_P81212_F81212001_G26.json",
      "Name": "Rogue_EventRoom",
      "ID": 26
    },
    {
      "GroupGUID": "c34b79af-cdb4-4a94-be46-41f8a137d686",
      "GroupPath": "Config/LevelOutput/Group/Groups_P81212_F81212001/LevelGroup_P81212_F81212001_G27.json",
      "Name": "Rogue_StartRoom_Main",
      "ID": 27
    },
    {
      "GroupGUID": "0ac38f1b-bd23-4300-93cc-54a79e5481c3",
      "GroupPath": "Config/LevelOutput/Group/Groups_P81212_F81212001/LevelGroup_P81212_F81212001_G28.json",
      "Name": "Rogue_StartRoom_Monster",
      "ID": 28
    },
    {
      "GroupGUID": "7843f460-5b49-4c37-9f52-9cf50577f391",
      "GroupPath": "Config/LevelOutput/Group/Groups_P81212_F81212001/LevelGroup_P81212_F81212001_G29.json",
      "Name": "Rogue_StartRoom_Monster_Patrol",
      "ID": 29
    },
    {
      "GroupGUID": "b7d82b0a-fd5c-456a-b672-08dcc2fd0651",
      "GroupPath": "Config/LevelOutput/Group/Groups_P81212_F81212001/LevelGroup_P81212_F81212001_G30.json",
      "Name": "Rogue_NormalRoom",
      "ID": 30
    },
    {
      "GroupGUID": "29f72885-c43f-480c-9ccb-335fe42afd9d",
      "GroupPath": "Config/LevelOutput/Group/Groups_P81212_F81212001/LevelGroup_P81212_F81212001_G31.json",
      "Name": "Rogue_NormalRoom_Monster",
      "ID": 31
    },
    {
      "GroupGUID": "de0d5fc7-2846-442e-b4f8-148f023bd9b1",
      "GroupPath": "Config/LevelOutput/Group/Groups_P81212_F81212001/LevelGroup_P81212_F81212001_G32.json",
      "Name": "Rogue_ChallengeRoom",
      "ID": 32
    },
    {
      "GroupGUID": "d25e729f-79c9-4fd6-83a6-7d13cdf1e084",
      "GroupPath": "Config/LevelOutput/Group/Groups_P81212_F81212001/LevelGroup_P81212_F81212001_G33.json",
      "Name": "Rogue_RestRoom",
      "ID": 33
    },
    {
      "GroupGUID": "8dbafadc-d7b0-45b7-87f2-f4b5e1e547c9",
      "GroupPath": "Config/LevelOutput/Group/Groups_P81212_F81212001/LevelGroup_P81212_F81212001_G34.json",
      "Name": "Rogue_EliteRoom",
      "ID": 34
    },
    {
      "GroupGUID": "a3918c52-572a-467c-98bf-9acc871257c1",
      "GroupPath": "Config/LevelOutput/Group/Groups_P81212_F81212001/LevelGroup_P81212_F81212001_G35.json",
      "Name": "Rogue_BossRoom",
      "ID": 35
    },
    {
      "GroupGUID": "0516817e-c8b1-4331-b38e-ce0110c0b869",
      "GroupPath": "Config/LevelOutput/Group/Groups_P81212_F81212001/LevelGroup_P81212_F81212001_G36.json",
      "Name": "Sound",
      "ID": 36
    },
    {
      "GroupGUID": "1384e138-93a0-43c0-a543-f3a7170185b5",
      "GroupPath": "Config/LevelOutput/Group/Groups_P81212_F81212001/LevelGroup_P81212_F81212001_G37.json",
      "Name": "Rogue_StartRoom_Main",
      "ID": 37
    }
  ],
  "DefaultEnviroProfile": "Stages/Outputs/Chapter02/EnviroProfile/Chap02_CloseView_MAZ_X102_MainLine_01_Day.enviroProfile.asset",
  "StageData": "Stages/Outputs/Chapter02/Stages/Chap02_MAZ_X102_MainLine_01_StageData/Chap02_MAZ_X102_MainLine_01_StageData.stage",
  "CameraType": "Maze",
  "TimeOfDayEnviroProfileMap": {},
  "LayerToAreaMask": [
    8,
    16
  ],
  "BattleAreaList": [],
  "DimensionList": [
    {}
  ],
  "NavmapConfigPath": "Config/LevelOutput/Map/MapInfo_P81212_F81212001.json",
  "IsRestartLevelGraph": false
}