{
  "FloorID": 81223001,
  "FloorName": "FloorName_81223001",
  "StartGroupID": 1,
  "StartAnchorID": 1,
  "GroupList": [
    {
      "GroupGUID": "0980b58f-0ef6-47b7-9574-d96126320ad6",
      "GroupPath": "Config/LevelOutput/Group/Groups_P81223_F81223001/LevelGroup_P81223_F81223001_G1.json",
      "DimensionFilter": {},
      "Name": "DefaultGroup",
      "ID": 1
    },
    {
      "GroupGUID": "d67b55d0-1314-466d-bd5e-75c89bfa43a5",
      "GroupPath": "Config/LevelOutput/Group/Groups_P81223_F81223001/LevelGroup_P81223_F81223001_G2.json",
      "DimensionFilter": {},
      "Name": "DefaultGroup",
      "ID": 2
    },
    {
      "GroupGUID": "5ba8d3d1-cb59-4040-bbe2-7f296a75c4dc",
      "GroupPath": "Config/LevelOutput/Group/Groups_P81223_F81223001/LevelGroup_P81223_F81223001_G3.json",
      "Name": "Sound_01",
      "ID": 3
    },
    {
      "GroupGUID": "1c9d1a87-6915-40f1-9823-e8b1bb3567b7",
      "GroupPath": "Config/LevelOutput/Group/Groups_P81223_F81223001/LevelGroup_P81223_F81223001_G4.json",
      "DimensionFilter": {},
      "Name": "RogueTemplate210_Area",
      "ID": 4
    },
    {
      "GroupGUID": "1bb0233b-44f1-4577-8afc-04f6fda0d2b7",
      "GroupPath": "Config/LevelOutput/Group/Groups_P81223_F81223001/LevelGroup_P81223_F81223001_G5.json",
      "Name": "RogueTemplate210_BaseBoss",
      "ID": 5
    },
    {
      "GroupGUID": "3673a6be-46fd-46f9-bdb5-48d75e7386e9",
      "GroupPath": "Config/LevelOutput/Group/Groups_P81223_F81223001/LevelGroup_P81223_F81223001_G6.json",
      "Name": "RogueTemplate210_BaseBoss_Boss",
      "ID": 6
    },
    {
      "GroupGUID": "dc1f4d17-e28f-4f4c-83e1-9267d0e484ee",
      "GroupPath": "Config/LevelOutput/Group/Groups_P81223_F81223001/LevelGroup_P81223_F81223001_G7.json",
      "Name": "RogueTemplate210_BaseElite",
      "ID": 7
    },
    {
      "GroupGUID": "371181e4-4afb-47a0-8113-7b4ea54940bc",
      "GroupPath": "Config/LevelOutput/Group/Groups_P81223_F81223001/LevelGroup_P81223_F81223001_G8.json",
      "Name": "RogueTemplate210_BaseElite_Elite",
      "ID": 8
    },
    {
      "GroupGUID": "ef42f0ad-724e-4161-b205-6744584c0500",
      "GroupPath": "Config/LevelOutput/Group/Groups_P81223_F81223001/LevelGroup_P81223_F81223001_G9.json",
      "DimensionFilter": {},
      "Name": "RogueTemplate210_Area",
      "ID": 9
    },
    {
      "GroupGUID": "812a21ac-660a-4c96-acee-d68dcfaec184",
      "GroupPath": "Config/LevelOutput/Group/Groups_P81223_F81223001/LevelGroup_P81223_F81223001_G10.json",
      "DimensionFilter": {},
      "Name": "RogueTemplate210_BaseDoubleMonster",
      "ID": 10,
      "IsDelete": true
    },
    {
      "GroupGUID": "4e83c615-bcf0-41c4-a0a1-0124fc8c8bd0",
      "GroupPath": "Config/LevelOutput/Group/Groups_P81223_F81223001/LevelGroup_P81223_F81223001_G11.json",
      "DimensionFilter": {},
      "Name": "RogueTemplate210_BaseDoubleMonster_MainMonster",
      "ID": 11,
      "IsDelete": true
    },
    {
      "GroupGUID": "7706eae6-0260-4cc5-b6a2-707f65814234",
      "GroupPath": "Config/LevelOutput/Group/Groups_P81223_F81223001/LevelGroup_P81223_F81223001_G12.json",
      "DimensionFilter": {},
      "Name": "RogueTemplate210_BaseDoubleMonster_SubMonster",
      "ID": 12,
      "IsDelete": true
    },
    {
      "GroupGUID": "4b251295-580e-4053-ab83-fbd4971238d0",
      "GroupPath": "Config/LevelOutput/Group/Groups_P81223_F81223001/LevelGroup_P81223_F81223001_G13.json",
      "DimensionFilter": {},
      "Name": "RogueTemplate210_BaseEvent",
      "ID": 13
    },
    {
      "GroupGUID": "c2854805-0fcb-41af-9d5c-846b16626a41",
      "GroupPath": "Config/LevelOutput/Group/Groups_P81223_F81223001/LevelGroup_P81223_F81223001_G14.json",
      "DimensionFilter": {},
      "Name": "RogueTemplate210_BaseEvent_Event",
      "ID": 14
    },
    {
      "GroupGUID": "19739c63-fa1e-49b9-beae-158018cf7c3b",
      "GroupPath": "Config/LevelOutput/Group/Groups_P81223_F81223001/LevelGroup_P81223_F81223001_G15.json",
      "DimensionFilter": {},
      "Name": "RogueTemplate210_BaseSingleMonster",
      "ID": 15,
      "IsDelete": true
    },
    {
      "GroupGUID": "823d5021-e508-4b23-ae1a-4d2cde378d6f",
      "GroupPath": "Config/LevelOutput/Group/Groups_P81223_F81223001/LevelGroup_P81223_F81223001_G16.json",
      "DimensionFilter": {},
      "Name": "RogueTemplate210_BaseSingleMonster_MainMonster",
      "ID": 16,
      "IsDelete": true
    },
    {
      "GroupGUID": "ab00b6d0-00bb-4060-b0bb-499cdbba7416",
      "GroupPath": "Config/LevelOutput/Group/Groups_P81223_F81223001/LevelGroup_P81223_F81223001_G17.json",
      "DimensionFilter": {},
      "Name": "RogueTemplate210_BaseTripleMonster",
      "ID": 17
    },
    {
      "GroupGUID": "4fa8685d-a1c4-4cc9-8efa-c626aed89ffb",
      "GroupPath": "Config/LevelOutput/Group/Groups_P81223_F81223001/LevelGroup_P81223_F81223001_G18.json",
      "DimensionFilter": {},
      "Name": "RogueTemplate210_BaseTripleMonster_Event",
      "ID": 18
    },
    {
      "GroupGUID": "915ff67a-8b6f-4485-a72b-81cc3957e894",
      "GroupPath": "Config/LevelOutput/Group/Groups_P81223_F81223001/LevelGroup_P81223_F81223001_G19.json",
      "DimensionFilter": {},
      "Name": "RogueTemplate210_BaseTripleMonster_MainMonster",
      "ID": 19
    },
    {
      "GroupGUID": "31643098-d9d4-40d9-9599-fbc070f55a25",
      "GroupPath": "Config/LevelOutput/Group/Groups_P81223_F81223001/LevelGroup_P81223_F81223001_G20.json",
      "DimensionFilter": {},
      "Name": "RogueTemplate210_BaseTripleMonster_SubMonster_Left",
      "ID": 20
    },
    {
      "GroupGUID": "99eaed3e-5989-4faf-9e10-ff9dad8cf6de",
      "GroupPath": "Config/LevelOutput/Group/Groups_P81223_F81223001/LevelGroup_P81223_F81223001_G21.json",
      "DimensionFilter": {},
      "Name": "RogueTemplate210_BaseTripleMonster_SubMonster_Right",
      "ID": 21
    },
    {
      "GroupGUID": "857eede0-c282-423c-9c4c-45c5ac670d66",
      "GroupPath": "Config/LevelOutput/Group/Groups_P81223_F81223001/LevelGroup_P81223_F81223001_G51.json",
      "DimensionFilter": {},
      "Name": "RogueTemplate210_BaseTripleMonster_MainMonster_ForDoubleMonster",
      "ID": 51
    },
    {
      "GroupGUID": "1c80a50b-c1e7-43a8-aade-87c56b5feb74",
      "GroupPath": "Config/LevelOutput/Group/Groups_P81223_F81223001/LevelGroup_P81223_F81223001_G22.json",
      "DimensionFilter": {},
      "Name": "RogueTemplate210_Area",
      "ID": 22
    },
    {
      "GroupGUID": "0306d6c7-d736-4ef9-9e7e-71283056ec58",
      "GroupPath": "Config/LevelOutput/Group/Groups_P81223_F81223001/LevelGroup_P81223_F81223001_G23.json",
      "DimensionFilter": {},
      "Name": "RogueTemplate210_BaseEvent",
      "ID": 23
    },
    {
      "GroupGUID": "e8e3e4a9-8867-4885-8bdf-3188824c8637",
      "GroupPath": "Config/LevelOutput/Group/Groups_P81223_F81223001/LevelGroup_P81223_F81223001_G24.json",
      "DimensionFilter": {},
      "Name": "RogueTemplate210_BaseEvent_Event",
      "ID": 24
    },
    {
      "GroupGUID": "83652760-1940-4349-be4e-60370e848242",
      "GroupPath": "Config/LevelOutput/Group/Groups_P81223_F81223001/LevelGroup_P81223_F81223001_G25.json",
      "DimensionFilter": {},
      "Name": "Tpl_RogueTemplate210_BaseTripleMonster",
      "ID": 25
    },
    {
      "GroupGUID": "20c7c4e2-7674-4260-9fd5-7785b60b1bbc",
      "GroupPath": "Config/LevelOutput/Group/Groups_P81223_F81223001/LevelGroup_P81223_F81223001_G26.json",
      "DimensionFilter": {},
      "Name": "RogueTemplate210_BaseTripleMonster_Event",
      "ID": 26
    },
    {
      "GroupGUID": "cea5a545-0a13-4e94-8da3-74bd6ded8588",
      "GroupPath": "Config/LevelOutput/Group/Groups_P81223_F81223001/LevelGroup_P81223_F81223001_G27.json",
      "DimensionFilter": {},
      "Name": "RogueTemplate210_BaseTripleMonster_MainMonster",
      "ID": 27
    },
    {
      "GroupGUID": "62c87be6-224f-447d-b909-39e83605abba",
      "GroupPath": "Config/LevelOutput/Group/Groups_P81223_F81223001/LevelGroup_P81223_F81223001_G28.json",
      "DimensionFilter": {},
      "Name": "RogueTemplate210_BaseTripleMonster_SubMonster_Left",
      "ID": 28
    },
    {
      "GroupGUID": "3131be90-8ad1-4e10-9c0e-e5578d8841f9",
      "GroupPath": "Config/LevelOutput/Group/Groups_P81223_F81223001/LevelGroup_P81223_F81223001_G29.json",
      "DimensionFilter": {},
      "Name": "RogueTemplate210_BaseTripleMonster_SubMonster_Right",
      "ID": 29
    },
    {
      "GroupGUID": "d8d8c156-0741-46d6-9ef0-a8396c18e204",
      "GroupPath": "Config/LevelOutput/Group/Groups_P81223_F81223001/LevelGroup_P81223_F81223001_G50.json",
      "DimensionFilter": {},
      "Name": "RogueTemplate210_BaseTripleMonster_MainMonster_ForDoubleMonster",
      "ID": 50
    },
    {
      "GroupGUID": "39f8703b-fddb-4798-82de-12ff85a7bdd1",
      "GroupPath": "Config/LevelOutput/Group/Groups_P81223_F81223001/LevelGroup_P81223_F81223001_G52.json",
      "DimensionFilter": {
        "FilterExpression": {}
      },
      "Name": "RogueTemplate210_Area",
      "ID": 52
    },
    {
      "GroupGUID": "94881e38-b0e4-4360-864d-0a6ea618d83d",
      "GroupPath": "Config/LevelOutput/Group/Groups_P81223_F81223001/LevelGroup_P81223_F81223001_G30.json",
      "DimensionFilter": {
        "FilterExpression": {}
      },
      "Name": "RogueTemplate210_BaseRest",
      "ID": 30
    },
    {
      "GroupGUID": "e99eadd9-2e42-4367-a544-2ffabfd134d3",
      "GroupPath": "Config/LevelOutput/Group/Groups_P81223_F81223001/LevelGroup_P81223_F81223001_G31.json",
      "DimensionFilter": {
        "FilterExpression": {}
      },
      "Name": "RogueTemplate210_BaseRest_Rest",
      "ID": 31
    },
    {
      "GroupGUID": "e46ff11b-315b-4609-b966-0a3d37e2672f",
      "GroupPath": "Config/LevelOutput/Group/Groups_P81223_F81223001/LevelGroup_P81223_F81223001_G32.json",
      "DimensionFilter": {},
      "Name": "RogueTemplate210_Area",
      "ID": 32
    },
    {
      "GroupGUID": "ea7a6ca0-df23-4876-9e81-6c08de257c34",
      "GroupPath": "Config/LevelOutput/Group/Groups_P81223_F81223001/LevelGroup_P81223_F81223001_G33.json",
      "DimensionFilter": {},
      "Name": "RogueTemplate210_BaseEvent",
      "ID": 33
    },
    {
      "GroupGUID": "c09c8413-7ef5-4cf1-b276-2f22a22ba2e7",
      "GroupPath": "Config/LevelOutput/Group/Groups_P81223_F81223001/LevelGroup_P81223_F81223001_G34.json",
      "DimensionFilter": {},
      "Name": "RogueTemplate210_BaseEvent_Event",
      "ID": 34
    },
    {
      "GroupGUID": "ac5e7300-a5ad-465d-a960-0daa7e1c9ad5",
      "GroupPath": "Config/LevelOutput/Group/Groups_P81223_F81223001/LevelGroup_P81223_F81223001_G35.json",
      "DimensionFilter": {},
      "Name": "RogueTemplate210_BaseTripleMonster",
      "ID": 35
    },
    {
      "GroupGUID": "5b94ba21-5ce2-44da-8b36-8a7d312c82b8",
      "GroupPath": "Config/LevelOutput/Group/Groups_P81223_F81223001/LevelGroup_P81223_F81223001_G36.json",
      "DimensionFilter": {},
      "Name": "RogueTemplate210_BaseTripleMonster_Event",
      "ID": 36
    },
    {
      "GroupGUID": "042cebbe-cd36-44dc-881b-3f594b815cf2",
      "GroupPath": "Config/LevelOutput/Group/Groups_P81223_F81223001/LevelGroup_P81223_F81223001_G37.json",
      "DimensionFilter": {},
      "Name": "RogueTemplate210_BaseTripleMonster_MainMonster",
      "ID": 37
    },
    {
      "GroupGUID": "87ece5e3-0dfa-4298-b806-87ec42ba466a",
      "GroupPath": "Config/LevelOutput/Group/Groups_P81223_F81223001/LevelGroup_P81223_F81223001_G38.json",
      "DimensionFilter": {},
      "Name": "RogueTemplate210_BaseTripleMonster_SubMonster_Left",
      "ID": 38
    },
    {
      "GroupGUID": "c140d09d-6872-4e30-a94d-4516d65e5507",
      "GroupPath": "Config/LevelOutput/Group/Groups_P81223_F81223001/LevelGroup_P81223_F81223001_G39.json",
      "DimensionFilter": {},
      "Name": "RogueTemplate210_BaseTripleMonster_SubMonster_Right",
      "ID": 39
    },
    {
      "GroupGUID": "4d59ebe8-b53a-4217-b233-09ef43d90079",
      "GroupPath": "Config/LevelOutput/Group/Groups_P81223_F81223001/LevelGroup_P81223_F81223001_G49.json",
      "DimensionFilter": {},
      "Name": "RogueTemplate210_BaseTripleMonster_MainMonster_ForDoubleMonster",
      "ID": 49
    },
    {
      "GroupGUID": "e5a14c77-bdac-418c-b60c-9e0c53e850c7",
      "GroupPath": "Config/LevelOutput/Group/Groups_P81223_F81223001/LevelGroup_P81223_F81223001_G40.json",
      "DimensionFilter": {},
      "Name": "RogueTemplate210_Area",
      "ID": 40
    },
    {
      "GroupGUID": "1f47a3d7-53bb-4cae-8449-dbb4080567c0",
      "GroupPath": "Config/LevelOutput/Group/Groups_P81223_F81223001/LevelGroup_P81223_F81223001_G41.json",
      "DimensionFilter": {},
      "Name": "RogueTemplate210_BaseEvent",
      "ID": 41
    },
    {
      "GroupGUID": "09acd468-f034-4549-8080-d2e9e4deddd9",
      "GroupPath": "Config/LevelOutput/Group/Groups_P81223_F81223001/LevelGroup_P81223_F81223001_G42.json",
      "DimensionFilter": {},
      "Name": "RogueTemplate210_BaseEvent_Event",
      "ID": 42
    },
    {
      "GroupGUID": "a4fba039-9d2f-4fd2-bcff-5e8d7faf07c5",
      "GroupPath": "Config/LevelOutput/Group/Groups_P81223_F81223001/LevelGroup_P81223_F81223001_G43.json",
      "DimensionFilter": {},
      "Name": "RogueTemplate210_BaseTripleMonster",
      "ID": 43
    },
    {
      "GroupGUID": "1c07e1f0-41cf-4a0a-bb47-bbb3b35522e4",
      "GroupPath": "Config/LevelOutput/Group/Groups_P81223_F81223001/LevelGroup_P81223_F81223001_G44.json",
      "DimensionFilter": {},
      "Name": "RogueTemplate210_BaseTripleMonster_Event",
      "ID": 44
    },
    {
      "GroupGUID": "fa218986-c575-4bb3-8eeb-3447f8f6d01f",
      "GroupPath": "Config/LevelOutput/Group/Groups_P81223_F81223001/LevelGroup_P81223_F81223001_G45.json",
      "DimensionFilter": {},
      "Name": "RogueTemplate210_BaseTripleMonster_MainMonster",
      "ID": 45
    },
    {
      "GroupGUID": "656f6f6f-9fca-4495-8cae-a43cd0b3ec99",
      "GroupPath": "Config/LevelOutput/Group/Groups_P81223_F81223001/LevelGroup_P81223_F81223001_G46.json",
      "DimensionFilter": {},
      "Name": "RogueTemplate210_BaseTripleMonster_SubMonster_Left",
      "ID": 46
    },
    {
      "GroupGUID": "974d9e3c-85e6-474d-b9dd-97268a702451",
      "GroupPath": "Config/LevelOutput/Group/Groups_P81223_F81223001/LevelGroup_P81223_F81223001_G47.json",
      "DimensionFilter": {},
      "Name": "RogueTemplate210_BaseTripleMonster_SubMonster_Right",
      "ID": 47
    },
    {
      "GroupGUID": "5339bf64-0482-4660-800c-fb703eba5f21",
      "GroupPath": "Config/LevelOutput/Group/Groups_P81223_F81223001/LevelGroup_P81223_F81223001_G48.json",
      "DimensionFilter": {},
      "Name": "RogueTemplate210_BaseTripleMonster_MainMonster_ForDoubleMonster",
      "ID": 48
    },
    {
      "GroupGUID": "85e3093a-ef9a-4f48-ab07-228fb6ca4706",
      "GroupPath": "Config/LevelOutput/Group/Groups_P81223_F81223001/LevelGroup_P81223_F81223001_G53.json",
      "DimensionFilter": {
        "FilterType": "All"
      },
      "Name": "Polymer_Plinter",
      "ID": 53
    },
    {
      "GroupGUID": "337ef35a-c648-45bd-bac7-93c1bb157ac4",
      "GroupPath": "Config/LevelOutput/Group/Groups_P81223_F81223001/LevelGroup_P81223_F81223001_G54.json",
      "DimensionFilter": {},
      "Name": "RogueTemplate210_Area",
      "ID": 54
    },
    {
      "GroupGUID": "dc2da2aa-976e-436a-9cef-12b319f50572",
      "GroupPath": "Config/LevelOutput/Group/Groups_P81223_F81223001/LevelGroup_P81223_F81223001_G55.json",
      "DimensionFilter": {},
      "Name": "RogueTemplate210_BaseTripleMonster",
      "ID": 55
    },
    {
      "GroupGUID": "cebd266b-67f9-4122-b87b-3a3de299df08",
      "GroupPath": "Config/LevelOutput/Group/Groups_P81223_F81223001/LevelGroup_P81223_F81223001_G56.json",
      "DimensionFilter": {},
      "Name": "RogueTemplate210_BaseTripleMonster_Event",
      "ID": 56
    },
    {
      "GroupGUID": "f0d2b30b-1a87-4577-9946-72d1f4fb867e",
      "GroupPath": "Config/LevelOutput/Group/Groups_P81223_F81223001/LevelGroup_P81223_F81223001_G57.json",
      "DimensionFilter": {},
      "Name": "RogueTemplate210_BaseTripleMonster_MainMonster",
      "ID": 57
    },
    {
      "GroupGUID": "422a1b3d-ffab-411b-908a-75d1d529b3a6",
      "GroupPath": "Config/LevelOutput/Group/Groups_P81223_F81223001/LevelGroup_P81223_F81223001_G58.json",
      "DimensionFilter": {},
      "Name": "RogueTemplate210_BaseTripleMonster_SubMonster_Left",
      "ID": 58
    },
    {
      "GroupGUID": "33f467b4-4ee6-47ee-9a4f-c4cdc051886a",
      "GroupPath": "Config/LevelOutput/Group/Groups_P81223_F81223001/LevelGroup_P81223_F81223001_G59.json",
      "DimensionFilter": {},
      "Name": "RogueTemplate210_BaseTripleMonster_SubMonster_Right",
      "ID": 59
    },
    {
      "GroupGUID": "a7142a25-5ff8-4f3e-8e37-4fc0b27add7b",
      "GroupPath": "Config/LevelOutput/Group/Groups_P81223_F81223001/LevelGroup_P81223_F81223001_G60.json",
      "DimensionFilter": {},
      "Name": "RogueTemplate210_Area",
      "ID": 60
    },
    {
      "GroupGUID": "f15313a1-97cc-4605-a937-5f394b6ba454",
      "GroupPath": "Config/LevelOutput/Group/Groups_P81223_F81223001/LevelGroup_P81223_F81223001_G61.json",
      "DimensionFilter": {},
      "Name": "RogueTemplate210_BaseTripleMonster",
      "ID": 61
    },
    {
      "GroupGUID": "2b405821-a843-46e4-95ba-131767245b60",
      "GroupPath": "Config/LevelOutput/Group/Groups_P81223_F81223001/LevelGroup_P81223_F81223001_G62.json",
      "DimensionFilter": {},
      "Name": "RogueTemplate210_BaseTripleMonster_Event",
      "ID": 62
    },
    {
      "GroupGUID": "01af7731-e089-40ed-8cd6-9dbfc18d9fcd",
      "GroupPath": "Config/LevelOutput/Group/Groups_P81223_F81223001/LevelGroup_P81223_F81223001_G63.json",
      "DimensionFilter": {},
      "Name": "RogueTemplate210_BaseTripleMonster_MainMonster",
      "ID": 63
    },
    {
      "GroupGUID": "590f73e5-015e-48c2-9f5a-848b49924aa6",
      "GroupPath": "Config/LevelOutput/Group/Groups_P81223_F81223001/LevelGroup_P81223_F81223001_G64.json",
      "DimensionFilter": {},
      "Name": "RogueTemplate210_BaseTripleMonster_SubMonster_Left",
      "ID": 64
    },
    {
      "GroupGUID": "1df45527-0499-4ce9-953d-1445ab7e6705",
      "GroupPath": "Config/LevelOutput/Group/Groups_P81223_F81223001/LevelGroup_P81223_F81223001_G65.json",
      "DimensionFilter": {},
      "Name": "RogueTemplate210_BaseTripleMonster_SubMonster_Right",
      "ID": 65
    },
    {
      "GroupGUID": "eada140b-15e8-48e7-9a7e-8f739251b78b",
      "GroupPath": "Config/LevelOutput/Group/Groups_P81223_F81223001/LevelGroup_P81223_F81223001_G66.json",
      "DimensionFilter": {},
      "Name": "RogueTemplate210_Area",
      "ID": 66
    },
    {
      "GroupGUID": "72f88c5d-7f80-4be6-81f4-d555ab9faee6",
      "GroupPath": "Config/LevelOutput/Group/Groups_P81223_F81223001/LevelGroup_P81223_F81223001_G67.json",
      "DimensionFilter": {},
      "Name": "RogueTemplate210_BaseTripleMonster",
      "ID": 67
    },
    {
      "GroupGUID": "701a4c46-b6ac-4c20-87b1-cf7fe2d895bb",
      "GroupPath": "Config/LevelOutput/Group/Groups_P81223_F81223001/LevelGroup_P81223_F81223001_G68.json",
      "DimensionFilter": {},
      "Name": "RogueTemplate210_BaseTripleMonster_Event",
      "ID": 68
    },
    {
      "GroupGUID": "01fab572-743f-4b99-9022-36d2c9ec8212",
      "GroupPath": "Config/LevelOutput/Group/Groups_P81223_F81223001/LevelGroup_P81223_F81223001_G69.json",
      "DimensionFilter": {},
      "Name": "RogueTemplate210_BaseTripleMonster_MainMonster",
      "ID": 69
    },
    {
      "GroupGUID": "b8505be3-5568-4734-a2eb-379f386bd34e",
      "GroupPath": "Config/LevelOutput/Group/Groups_P81223_F81223001/LevelGroup_P81223_F81223001_G70.json",
      "DimensionFilter": {},
      "Name": "RogueTemplate210_BaseTripleMonster_SubMonster_Left",
      "ID": 70
    },
    {
      "GroupGUID": "3997e278-9721-4e2a-a6a9-786fc843b0b2",
      "GroupPath": "Config/LevelOutput/Group/Groups_P81223_F81223001/LevelGroup_P81223_F81223001_G71.json",
      "DimensionFilter": {},
      "Name": "RogueTemplate210_BaseTripleMonster_SubMonster_Right",
      "ID": 71
    }
  ],
  "DefaultEnviroProfile": "Stages/Outputs/Chapter02/EnviroProfile/Chap02_CloseView_ADV_X02_Sanctum_SuiGarden_Night.enviroProfile.asset",
  "StageData": "Stages/Outputs/Chapter02/Stages/Chap02_ADV_X02_Sanctum_SuiGarden_StageData/Chap02_ADV_X02_Sanctum_SuiGarden_StageData.stage",
  "CameraType": "Maze",
  "TimeOfDayEnviroProfileMap": {},
  "LayerToAreaMask": [
    1
  ],
  "BattleAreaList": [],
  "DimensionList": [
    {}
  ],
  "NavmapConfigPath": "Config/LevelOutput/Map/MapInfo_P81223_F81223001.json",
  "TempGroupUnloadByY": 0,
  "IsRestartLevelGraph": false
}