{
  "FloorID": 81232001,
  "FloorName": "FloorName_81232001",
  "StartGroupID": 1,
  "StartAnchorID": 1,
  "GroupList": [
    {
      "GroupGUID": "c8185a25-442b-4a2b-8b86-443c9a2e42a1",
      "GroupPath": "Config/LevelOutput/Group/Groups_P81232_F81232001/LevelGroup_P81232_F81232001_G1.json",
      "Name": "DefaultGroup",
      "ID": 1
    },
    {
      "GroupGUID": "1a96ce35-b36f-431d-bc91-777314a923c8",
      "GroupPath": "Config/LevelOutput/Group/Groups_P81232_F81232001/LevelGroup_P81232_F81232001_G2.json",
      "Name": "Default",
      "ID": 2
    },
    {
      "GroupGUID": "11d4aa05-175e-4197-b612-9d255abc5da7",
      "GroupPath": "Config/LevelOutput/Group/Groups_P81232_F81232001/LevelGroup_P81232_F81232001_G3.json",
      "Name": "Sound",
      "ID": 3
    },
    {
      "GroupGUID": "d29fd617-9390-40ad-b1fd-b29ed73c83a6",
      "GroupPath": "Config/LevelOutput/Group/Groups_P81232_F81232001/LevelGroup_P81232_F81232001_G4.json",
      "Name": "RogueArea",
      "ID": 4
    },
    {
      "GroupGUID": "3a8dde4d-6122-4c49-9067-495efc35f536",
      "GroupPath": "Config/LevelOutput/Group/Groups_P81232_F81232001/LevelGroup_P81232_F81232001_G5.json",
      "Name": "RogueBase_Single",
      "ID": 5
    },
    {
      "GroupGUID": "79bf50ee-7df5-438a-a175-8218830865fc",
      "GroupPath": "Config/LevelOutput/Group/Groups_P81232_F81232001/LevelGroup_P81232_F81232001_G6.json",
      "Name": "RogueRoom_Elite",
      "ID": 6
    },
    {
      "GroupGUID": "75f62bfc-bdda-4fb9-8146-3c7ddb1fea77",
      "GroupPath": "Config/LevelOutput/Group/Groups_P81232_F81232001/LevelGroup_P81232_F81232001_G7.json",
      "Name": "RogueArea",
      "ID": 7
    },
    {
      "GroupGUID": "4ef1917c-d192-4bcd-b3ee-c823509a33a2",
      "GroupPath": "Config/LevelOutput/Group/Groups_P81232_F81232001/LevelGroup_P81232_F81232001_G8.json",
      "Name": "RogueBase_Common",
      "ID": 8
    },
    {
      "GroupGUID": "9e0a588b-b6b0-4886-8db1-a0daa2d93607",
      "GroupPath": "Config/LevelOutput/Group/Groups_P81232_F81232001/LevelGroup_P81232_F81232001_G9.json",
      "Name": "RogueRoom_MainMonster",
      "ID": 9
    },
    {
      "GroupGUID": "01637a42-f480-47c6-8e65-b5a6cd5c486d",
      "GroupPath": "Config/LevelOutput/Group/Groups_P81232_F81232001/LevelGroup_P81232_F81232001_G10.json",
      "Name": "RogueRoom_SubMonster",
      "ID": 10
    },
    {
      "GroupGUID": "4f3e3ef0-4f06-4343-8b5c-ad50ee5e4169",
      "GroupPath": "Config/LevelOutput/Group/Groups_P81232_F81232001/LevelGroup_P81232_F81232001_G11.json",
      "Name": "RogueRoom_SubMonster",
      "ID": 11
    },
    {
      "GroupGUID": "6d318edf-6183-470c-9d75-3d3232140f3d",
      "GroupPath": "Config/LevelOutput/Group/Groups_P81232_F81232001/LevelGroup_P81232_F81232001_G12.json",
      "Name": "RogueArea",
      "ID": 12
    },
    {
      "GroupGUID": "516dddfb-c50d-4b62-8619-5a9bce8445b2",
      "GroupPath": "Config/LevelOutput/Group/Groups_P81232_F81232001/LevelGroup_P81232_F81232001_G13.json",
      "Name": "RogueBase_Common",
      "ID": 13
    },
    {
      "GroupGUID": "4302827a-2c71-4bac-8151-d52764556f68",
      "GroupPath": "Config/LevelOutput/Group/Groups_P81232_F81232001/LevelGroup_P81232_F81232001_G14.json",
      "Name": "RogueRoom_MainMonster",
      "ID": 14
    },
    {
      "GroupGUID": "9ae37592-ca33-42e5-a007-7e2ccb689bc9",
      "GroupPath": "Config/LevelOutput/Group/Groups_P81232_F81232001/LevelGroup_P81232_F81232001_G15.json",
      "Name": "RogueArea",
      "ID": 15
    },
    {
      "GroupGUID": "f41ac694-e938-4f0d-a4b9-ca2ed6e83db8",
      "GroupPath": "Config/LevelOutput/Group/Groups_P81232_F81232001/LevelGroup_P81232_F81232001_G16.json",
      "Name": "RogueBase_Common",
      "ID": 16
    },
    {
      "GroupGUID": "7776f186-b50c-48fa-b8ae-f37c110b90d9",
      "GroupPath": "Config/LevelOutput/Group/Groups_P81232_F81232001/LevelGroup_P81232_F81232001_G17.json",
      "Name": "RogueRoom_Event",
      "ID": 17
    },
    {
      "GroupGUID": "9437603d-e34b-4a82-bd37-864198d3f0d5",
      "GroupPath": "Config/LevelOutput/Group/Groups_P81232_F81232001/LevelGroup_P81232_F81232001_G22.json",
      "Name": "RogueBase_Common",
      "ID": 22
    },
    {
      "GroupGUID": "8f1e85f3-c4d4-484c-8352-33315f58e56c",
      "GroupPath": "Config/LevelOutput/Group/Groups_P81232_F81232001/LevelGroup_P81232_F81232001_G20.json",
      "Name": "RogueRoom_MainMonster",
      "ID": 20
    },
    {
      "GroupGUID": "507ea988-d10a-4f02-8a3d-07492c20aa8b",
      "GroupPath": "Config/LevelOutput/Group/Groups_P81232_F81232001/LevelGroup_P81232_F81232001_G21.json",
      "Name": "RogueRoom_SubMonster",
      "ID": 21
    },
    {
      "GroupGUID": "dd5b00e7-172a-4007-b435-7564a638a166",
      "GroupPath": "Config/LevelOutput/Group/Groups_P81232_F81232001/LevelGroup_P81232_F81232001_G23.json",
      "Name": "RogueArea",
      "ID": 23
    },
    {
      "GroupGUID": "d3404983-2751-414c-a8b9-d5bd985c8002",
      "GroupPath": "Config/LevelOutput/Group/Groups_P81232_F81232001/LevelGroup_P81232_F81232001_G24.json",
      "Name": "RogueBase_Common",
      "ID": 24
    },
    {
      "GroupGUID": "16df805a-9c06-4a12-ae84-315699ecce70",
      "GroupPath": "Config/LevelOutput/Group/Groups_P81232_F81232001/LevelGroup_P81232_F81232001_G25.json",
      "Name": "RogueRoom_MainMonster",
      "ID": 25
    },
    {
      "GroupGUID": "8204abc3-ca85-455e-bf1c-f9e4fec0684c",
      "GroupPath": "Config/LevelOutput/Group/Groups_P81232_F81232001/LevelGroup_P81232_F81232001_G26.json",
      "Name": "RogueArea",
      "ID": 26
    },
    {
      "GroupGUID": "7fdb75e9-04bb-4f89-a5a0-5dacf3dffeb1",
      "GroupPath": "Config/LevelOutput/Group/Groups_P81232_F81232001/LevelGroup_P81232_F81232001_G27.json",
      "Name": "RogueBase_Common",
      "ID": 27
    },
    {
      "GroupGUID": "5b6cee34-f0cb-4329-9c7b-623feb10acee",
      "GroupPath": "Config/LevelOutput/Group/Groups_P81232_F81232001/LevelGroup_P81232_F81232001_G28.json",
      "Name": "RogueRoom_Event",
      "ID": 28
    },
    {
      "GroupGUID": "b1053d1f-4733-41f7-a82c-0f704c1cd687",
      "GroupPath": "Config/LevelOutput/Group/Groups_P81232_F81232001/LevelGroup_P81232_F81232001_G29.json",
      "Name": "RogueArea",
      "ID": 29
    },
    {
      "GroupGUID": "f2280ac3-22f0-43a8-9ee9-537a017a4989",
      "GroupPath": "Config/LevelOutput/Group/Groups_P81232_F81232001/LevelGroup_P81232_F81232001_G30.json",
      "Name": "RogueBase_Common",
      "ID": 30
    },
    {
      "GroupGUID": "2c2d0dbd-5ab0-4ccc-9757-996e39e12bb4",
      "GroupPath": "Config/LevelOutput/Group/Groups_P81232_F81232001/LevelGroup_P81232_F81232001_G31.json",
      "Name": "RogueRoom_Event",
      "ID": 31
    },
    {
      "GroupGUID": "ceb16fb0-27f6-406e-bd73-1b30d7e4d986",
      "GroupPath": "Config/LevelOutput/Group/Groups_P81232_F81232001/LevelGroup_P81232_F81232001_G32.json",
      "Name": "RogueArea",
      "ID": 32
    },
    {
      "GroupGUID": "ee35b93c-cbf6-4920-888b-ee582667bbf3",
      "GroupPath": "Config/LevelOutput/Group/Groups_P81232_F81232001/LevelGroup_P81232_F81232001_G33.json",
      "Name": "RogueBase_Common",
      "ID": 33
    },
    {
      "GroupGUID": "9a65466f-d0f9-43e7-9485-3b6772aa258a",
      "GroupPath": "Config/LevelOutput/Group/Groups_P81232_F81232001/LevelGroup_P81232_F81232001_G34.json",
      "Name": "RogueRoom_MainMonster",
      "ID": 34
    },
    {
      "GroupGUID": "b4bf3218-b08c-4517-978f-4ad5d65b2c0a",
      "GroupPath": "Config/LevelOutput/Group/Groups_P81232_F81232001/LevelGroup_P81232_F81232001_G35.json",
      "Name": "RogueRoom_SubMonster",
      "ID": 35
    },
    {
      "GroupGUID": "45749041-6048-4401-9ced-28581c93cdf0",
      "GroupPath": "Config/LevelOutput/Group/Groups_P81232_F81232001/LevelGroup_P81232_F81232001_G36.json",
      "Name": "RogueRoom_SubMonster",
      "ID": 36
    },
    {
      "GroupGUID": "899a9cc0-2272-4950-bd16-6103e4411f4a",
      "GroupPath": "Config/LevelOutput/Group/Groups_P81232_F81232001/LevelGroup_P81232_F81232001_G37.json",
      "Name": "RogueArea",
      "ID": 37
    },
    {
      "GroupGUID": "f4cc25e0-9971-4fb4-adcb-07961353af1b",
      "GroupPath": "Config/LevelOutput/Group/Groups_P81232_F81232001/LevelGroup_P81232_F81232001_G38.json",
      "Name": "RogueBase_Common",
      "ID": 38
    },
    {
      "GroupGUID": "8f02a3cc-e6e6-42f9-b537-664f50da8e60",
      "GroupPath": "Config/LevelOutput/Group/Groups_P81232_F81232001/LevelGroup_P81232_F81232001_G39.json",
      "Name": "RogueRoom_MainMonster",
      "ID": 39
    },
    {
      "GroupGUID": "f2776e9c-0842-4eb4-9d7c-ccaf3cfe1a8a",
      "GroupPath": "Config/LevelOutput/Group/Groups_P81232_F81232001/LevelGroup_P81232_F81232001_G40.json",
      "Name": "RogueRoom_SubMonster",
      "ID": 40
    },
    {
      "GroupGUID": "e0d84d59-e1b3-4344-bed9-8502275b9611",
      "GroupPath": "Config/LevelOutput/Group/Groups_P81232_F81232001/LevelGroup_P81232_F81232001_G41.json",
      "Name": "RogueRoom_SubMonster",
      "ID": 41
    },
    {
      "GroupGUID": "629310fb-f1b5-46b9-9199-8d8da70a76cd",
      "GroupPath": "Config/LevelOutput/Group/Groups_P81232_F81232001/LevelGroup_P81232_F81232001_G42.json",
      "Name": "RogueRoom_MainMonster",
      "ID": 42
    },
    {
      "GroupGUID": "211ee58a-56a7-465e-a4b6-e354a6e71731",
      "GroupPath": "Config/LevelOutput/Group/Groups_P81232_F81232001/LevelGroup_P81232_F81232001_G43.json",
      "Name": "RogueRoom_SubMonster",
      "ID": 43
    },
    {
      "GroupGUID": "67694340-27d6-47e4-bcde-ae25546f03bf",
      "GroupPath": "Config/LevelOutput/Group/Groups_P81232_F81232001/LevelGroup_P81232_F81232001_G44.json",
      "Name": "RogueRoom_SubMonster",
      "ID": 44
    },
    {
      "GroupGUID": "9280ac66-4c0e-4f20-8279-e6504734296a",
      "GroupPath": "Config/LevelOutput/Group/Groups_P81232_F81232001/LevelGroup_P81232_F81232001_G45.json",
      "Name": "RogueRoom_Event",
      "ID": 45
    },
    {
      "GroupGUID": "1f767da7-b237-4f9a-8509-10ee2249b486",
      "GroupPath": "Config/LevelOutput/Group/Groups_P81232_F81232001/LevelGroup_P81232_F81232001_G46.json",
      "Name": "RogueArea",
      "ID": 46
    },
    {
      "GroupGUID": "a79f0133-790a-4a72-8000-839913217652",
      "GroupPath": "Config/LevelOutput/Group/Groups_P81232_F81232001/LevelGroup_P81232_F81232001_G47.json",
      "Name": "RogueBase_Common",
      "ID": 47
    },
    {
      "GroupGUID": "f66b28ab-e2cd-43de-b50e-d16f70426302",
      "GroupPath": "Config/LevelOutput/Group/Groups_P81232_F81232001/LevelGroup_P81232_F81232001_G48.json",
      "Name": "RogueRoom_MainMonster",
      "ID": 48
    },
    {
      "GroupGUID": "624a0354-f3ba-4762-8a1f-244b503901d7",
      "GroupPath": "Config/LevelOutput/Group/Groups_P81232_F81232001/LevelGroup_P81232_F81232001_G49.json",
      "Name": "RogueRoom_SubMonster",
      "ID": 49
    },
    {
      "GroupGUID": "61b17008-2a16-42a0-904b-2618190d683f",
      "GroupPath": "Config/LevelOutput/Group/Groups_P81232_F81232001/LevelGroup_P81232_F81232001_G50.json",
      "Name": "RogueRoom_SubMonster",
      "ID": 50
    },
    {
      "GroupGUID": "8f144b55-b593-46e2-8114-7f4b3bca25b9",
      "GroupPath": "Config/LevelOutput/Group/Groups_P81232_F81232001/LevelGroup_P81232_F81232001_G52.json",
      "Name": "RogueArea",
      "ID": 52
    },
    {
      "GroupGUID": "f88ff63c-1ed8-4ac7-84a4-a8e8e772f290",
      "GroupPath": "Config/LevelOutput/Group/Groups_P81232_F81232001/LevelGroup_P81232_F81232001_G18.json",
      "Name": "RogueBase_Single",
      "ID": 18
    },
    {
      "GroupGUID": "28b583cb-b60b-4c5d-9700-aef306c750ee",
      "GroupPath": "Config/LevelOutput/Group/Groups_P81232_F81232001/LevelGroup_P81232_F81232001_G19.json",
      "Name": "Rogue_RestRoom",
      "ID": 19
    }
  ],
  "DefaultEnviroProfile": "Stages/Outputs/Chapter02/EnviroProfile/Chap02_CloseView_MAZ_X302_MainLine_01_Day.enviroProfile.asset",
  "StageData": "Stages/Outputs/Chapter02/Stages/Chap02_MAZ_X302_MainLine_01_StageData/Chap02_MAZ_X302_MainLine_01_StageData.stage",
  "CameraType": "Maze",
  "TimeOfDayEnviroProfileMap": {},
  "LayerToAreaMask": [
    1
  ],
  "BattleAreaList": [],
  "DimensionList": [
    {}
  ],
  "NavmapConfigPath": "Config/LevelOutput/Map/MapInfo_P81232_F81232001.json",
  "IsRestartLevelGraph": false
}