{
  "FloorID": 81311001,
  "FloorName": "FloorName_81311001",
  "StartGroupID": 1,
  "StartAnchorID": 1,
  "GroupList": [
    {
      "GroupGUID": "c629a934-dee1-45f9-9a11-55055003bff7",
      "GroupPath": "Config/LevelOutput/Group/Groups_P81311_F81311001/LevelGroup_P81311_F81311001_G1.json",
      "DimensionFilter": {},
      "Name": "DefaultGroup",
      "ID": 1
    },
    {
      "GroupGUID": "9b846eee-b28e-4c85-bb45-0f2a4614a2d6",
      "GroupPath": "Config/LevelOutput/Group/Groups_P81311_F81311001/LevelGroup_P81311_F81311001_G2.json",
      "DimensionFilter": {},
      "Name": "DefaultGroup",
      "ID": 2
    },
    {
      "GroupGUID": "f75fad29-efd0-40ef-b799-16c0cfe5aa28",
      "GroupPath": "Config/LevelOutput/Group/Groups_P81311_F81311001/LevelGroup_P81311_F81311001_G3.json",
      "Name": "Default_BoundaryCamera_Client",
      "ID": 3
    },
    {
      "GroupGUID": "65fc888a-964b-4393-b5cb-2f7d152fb31b",
      "GroupPath": "Config/LevelOutput/Group/Groups_P81311_F81311001/LevelGroup_P81311_F81311001_G4.json",
      "Name": "EdgeCamera",
      "ID": 4
    },
    {
      "GroupGUID": "b5d71a3f-9c54-4b50-b8d7-ac81b1be0c3d",
      "GroupPath": "Config/LevelOutput/Group/Groups_P81311_F81311001/LevelGroup_P81311_F81311001_G5.json",
      "DimensionFilter": {},
      "Name": "Doors",
      "ID": 5
    },
    {
      "GroupGUID": "7f355fb6-1ceb-4e83-8df8-99216bc44031",
      "GroupPath": "Config/LevelOutput/Group/Groups_P81311_F81311001/LevelGroup_P81311_F81311001_G6.json",
      "Name": "DefaultPortal",
      "ID": 6
    },
    {
      "GroupGUID": "64838956-0492-45d9-b982-2ba052a50a7a",
      "GroupPath": "Config/LevelOutput/Group/Groups_P81311_F81311001/LevelGroup_P81311_F81311001_G7.json",
      "Name": "Elevator",
      "ID": 7
    },
    {
      "GroupGUID": "6457e788-d942-4e05-8702-0a63c8c45fe9",
      "GroupPath": "Config/LevelOutput/Group/Groups_P81311_F81311001/LevelGroup_P81311_F81311001_G8.json",
      "Name": "BGM",
      "ID": 8
    },
    {
      "GroupGUID": "15a467b6-4e88-4166-a221-8c27bc2acb8e",
      "GroupPath": "Config/LevelOutput/Group/Groups_P81311_F81311001/LevelGroup_P81311_F81311001_G9.json",
      "Name": "Sound",
      "ID": 9
    },
    {
      "GroupGUID": "5bcb3159-734b-44f4-b01b-79fcce7de50f",
      "GroupPath": "Config/LevelOutput/Group/Groups_P81311_F81311001/LevelGroup_P81311_F81311001_G10.json",
      "Name": "3DMapInfo",
      "ID": 10
    },
    {
      "GroupGUID": "ad0e093d-a0b0-4421-bfab-379a0b5d3a04",
      "GroupPath": "Config/LevelOutput/Group/Groups_P81311_F81311001/LevelGroup_P81311_F81311001_G11.json",
      "Name": "Sound",
      "ID": 11
    },
    {
      "GroupGUID": "26f15c2d-8fae-4405-9fe9-8bc64bf7be4f",
      "GroupPath": "Config/LevelOutput/Group/Groups_P81311_F81311001/LevelGroup_P81311_F81311001_G12.json",
      "Name": "Sound",
      "ID": 12
    },
    {
      "GroupGUID": "208bffe9-6963-4c19-8d6e-9eeae988b075",
      "GroupPath": "Config/LevelOutput/Group/Groups_P81311_F81311001/LevelGroup_P81311_F81311001_G13.json",
      "Name": "Sound",
      "ID": 13
    },
    {
      "GroupGUID": "ebbb2f07-4b19-432f-b642-aee568b1128b",
      "GroupPath": "Config/LevelOutput/Group/Groups_P81311_F81311001/LevelGroup_P81311_F81311001_G14.json",
      "Name": "Sound",
      "ID": 14
    },
    {
      "GroupGUID": "5c9580c3-344a-4121-9f9b-f3045ae8e3ff",
      "GroupPath": "Config/LevelOutput/Group/Groups_P81311_F81311001/LevelGroup_P81311_F81311001_G15.json",
      "Name": "Sound",
      "ID": 15
    },
    {
      "GroupGUID": "c0111a28-afef-4715-a6de-efcdef7966c7",
      "GroupPath": "Config/LevelOutput/Group/Groups_P81311_F81311001/LevelGroup_P81311_F81311001_G16.json",
      "Name": "Sound-Reverb",
      "ID": 16
    },
    {
      "GroupGUID": "1bdbcf32-8de4-4e3e-bc84-efe4ba22e2e2",
      "GroupPath": "Config/LevelOutput/Group/Groups_P81311_F81311001/LevelGroup_P81311_F81311001_G25.json",
      "DimensionFilter": {},
      "Name": "RogueTemplate210_Area",
      "ID": 25
    },
    {
      "GroupGUID": "8d3f53e1-5499-4628-a653-5a233be2099d",
      "GroupPath": "Config/LevelOutput/Group/Groups_P81311_F81311001/LevelGroup_P81311_F81311001_G26.json",
      "DimensionFilter": {},
      "Name": "RogueTemplate210_BaseBoss",
      "ID": 26
    },
    {
      "GroupGUID": "fa542010-522a-4c67-91b8-29609e97fde4",
      "GroupPath": "Config/LevelOutput/Group/Groups_P81311_F81311001/LevelGroup_P81311_F81311001_G27.json",
      "DimensionFilter": {},
      "Name": "RogueTemplate210_BaseBoss_Boss",
      "ID": 27
    },
    {
      "GroupGUID": "ae972825-9eb4-42e1-9259-a666d726f6ae",
      "GroupPath": "Config/LevelOutput/Group/Groups_P81311_F81311001/LevelGroup_P81311_F81311001_G28.json",
      "DimensionFilter": {},
      "Name": "RogueTemplate210_BaseElite",
      "ID": 28
    },
    {
      "GroupGUID": "6f5610fc-642d-48dc-9191-e354c0ecd1df",
      "GroupPath": "Config/LevelOutput/Group/Groups_P81311_F81311001/LevelGroup_P81311_F81311001_G29.json",
      "DimensionFilter": {},
      "Name": "RogueTemplate210_BaseElite_Elite",
      "ID": 29
    },
    {
      "GroupGUID": "ed55cfe5-7a10-4622-a85d-076832f9f202",
      "GroupPath": "Config/LevelOutput/Group/Groups_P81311_F81311001/LevelGroup_P81311_F81311001_G30.json",
      "DimensionFilter": {},
      "Name": "RogueTemplate210_Area",
      "ID": 30
    },
    {
      "GroupGUID": "628b525b-e599-491f-994e-4ec1461fd52a",
      "GroupPath": "Config/LevelOutput/Group/Groups_P81311_F81311001/LevelGroup_P81311_F81311001_G31.json",
      "DimensionFilter": {},
      "Name": "RogueTemplate210_BaseRest",
      "ID": 31
    },
    {
      "GroupGUID": "3fa920f6-195b-4da5-94c9-6f85ca36c190",
      "GroupPath": "Config/LevelOutput/Group/Groups_P81311_F81311001/LevelGroup_P81311_F81311001_G32.json",
      "DimensionFilter": {},
      "Name": "RogueTemplate210_BaseRest_Rest",
      "ID": 32
    },
    {
      "GroupGUID": "4b92fd0c-d24c-432e-ba2a-a5a8372b3c29",
      "GroupPath": "Config/LevelOutput/Group/Groups_P81311_F81311001/LevelGroup_P81311_F81311001_G33.json",
      "DimensionFilter": {},
      "Name": "RogueTemplate210_Area",
      "ID": 33
    },
    {
      "GroupGUID": "719d55d8-e22f-46bb-a396-d0c256049b98",
      "GroupPath": "Config/LevelOutput/Group/Groups_P81311_F81311001/LevelGroup_P81311_F81311001_G34.json",
      "DimensionFilter": {},
      "Name": "RogueTemplate210_BaseEvent",
      "ID": 34
    },
    {
      "GroupGUID": "b3937f99-e021-4939-bd69-1e438472a1e5",
      "GroupPath": "Config/LevelOutput/Group/Groups_P81311_F81311001/LevelGroup_P81311_F81311001_G35.json",
      "DimensionFilter": {},
      "Name": "RogueTemplate210_BaseEvent_Event",
      "ID": 35
    },
    {
      "GroupGUID": "772bbbde-310c-46b6-b5e1-fee79b2845c5",
      "GroupPath": "Config/LevelOutput/Group/Groups_P81311_F81311001/LevelGroup_P81311_F81311001_G36.json",
      "DimensionFilter": {},
      "Name": "RogueTemplate210_BaseTripleMonster",
      "ID": 36
    },
    {
      "GroupGUID": "0a2e4eab-3fb9-4a79-bb26-6777dba686ca",
      "GroupPath": "Config/LevelOutput/Group/Groups_P81311_F81311001/LevelGroup_P81311_F81311001_G37.json",
      "DimensionFilter": {},
      "Name": "RogueTemplate210_BaseTripleMonster_Event",
      "ID": 37
    },
    {
      "GroupGUID": "a4cf4ea7-31a7-4a95-844a-9d8e57983b61",
      "GroupPath": "Config/LevelOutput/Group/Groups_P81311_F81311001/LevelGroup_P81311_F81311001_G38.json",
      "DimensionFilter": {},
      "Name": "RogueTemplate210_BaseTripleMonster_MainMonster",
      "ID": 38
    },
    {
      "GroupGUID": "bee8255e-74a3-4751-8260-cd7a5f98b64f",
      "GroupPath": "Config/LevelOutput/Group/Groups_P81311_F81311001/LevelGroup_P81311_F81311001_G39.json",
      "DimensionFilter": {},
      "Name": "RogueTemplate210_BaseTripleMonster_SubMonster_Left",
      "ID": 39
    },
    {
      "GroupGUID": "48e2d632-1159-4847-9592-2157888b90e3",
      "GroupPath": "Config/LevelOutput/Group/Groups_P81311_F81311001/LevelGroup_P81311_F81311001_G40.json",
      "DimensionFilter": {},
      "Name": "RogueTemplate210_BaseTripleMonster_SubMonster_Right",
      "ID": 40
    },
    {
      "GroupGUID": "1c5175f6-70bb-4ff0-b7a8-6f1aa904c788",
      "GroupPath": "Config/LevelOutput/Group/Groups_P81311_F81311001/LevelGroup_P81311_F81311001_G97.json",
      "DimensionFilter": {},
      "Name": "RogueTemplate210_BaseTripleMonster_MainMonster_ForDoubleMonster",
      "ID": 97
    },
    {
      "GroupGUID": "061306e4-be82-46bd-94dd-dc36b37e3212",
      "GroupPath": "Config/LevelOutput/Group/Groups_P81311_F81311001/LevelGroup_P81311_F81311001_G41.json",
      "DimensionFilter": {},
      "Name": "RogueTemplate210_Area",
      "ID": 41
    },
    {
      "GroupGUID": "465575d0-f5d3-480c-a406-47f2b67a3703",
      "GroupPath": "Config/LevelOutput/Group/Groups_P81311_F81311001/LevelGroup_P81311_F81311001_G42.json",
      "DimensionFilter": {},
      "Name": "RogueTemplate210_BaseEvent",
      "ID": 42
    },
    {
      "GroupGUID": "8516122b-23f0-4a1c-801c-46e9a26584ed",
      "GroupPath": "Config/LevelOutput/Group/Groups_P81311_F81311001/LevelGroup_P81311_F81311001_G43.json",
      "DimensionFilter": {},
      "Name": "RogueTemplate210_BaseEvent_Event",
      "ID": 43
    },
    {
      "GroupGUID": "8803d1c7-045e-4d29-bea8-c8ce35984663",
      "GroupPath": "Config/LevelOutput/Group/Groups_P81311_F81311001/LevelGroup_P81311_F81311001_G44.json",
      "DimensionFilter": {},
      "Name": "RogueTemplate210_BaseTripleMonster",
      "ID": 44
    },
    {
      "GroupGUID": "6856dded-81aa-4af0-942c-2719bb3e6897",
      "GroupPath": "Config/LevelOutput/Group/Groups_P81311_F81311001/LevelGroup_P81311_F81311001_G45.json",
      "DimensionFilter": {},
      "Name": "RogueTemplate210_BaseTripleMonster_Event",
      "ID": 45
    },
    {
      "GroupGUID": "6649e8c4-75da-4ca4-a006-ea03dbe8952b",
      "GroupPath": "Config/LevelOutput/Group/Groups_P81311_F81311001/LevelGroup_P81311_F81311001_G46.json",
      "DimensionFilter": {},
      "Name": "RogueTemplate210_BaseTripleMonster_MainMonster",
      "ID": 46
    },
    {
      "GroupGUID": "c4bf2ae6-d922-4ca1-8cbe-7ba72f2be126",
      "GroupPath": "Config/LevelOutput/Group/Groups_P81311_F81311001/LevelGroup_P81311_F81311001_G47.json",
      "DimensionFilter": {},
      "Name": "RogueTemplate210_BaseTripleMonster_SubMonster_Left",
      "ID": 47
    },
    {
      "GroupGUID": "04684742-0dd4-4288-9740-cfe6667538b2",
      "GroupPath": "Config/LevelOutput/Group/Groups_P81311_F81311001/LevelGroup_P81311_F81311001_G48.json",
      "DimensionFilter": {},
      "Name": "RogueTemplate210_BaseTripleMonster_SubMonster_Right",
      "ID": 48
    },
    {
      "GroupGUID": "b4ffc205-b8e7-4700-a240-bbba0be08dc4",
      "GroupPath": "Config/LevelOutput/Group/Groups_P81311_F81311001/LevelGroup_P81311_F81311001_G98.json",
      "DimensionFilter": {},
      "Name": "RogueTemplate210_BaseTripleMonster_MainMonster_ForDoubleMonster",
      "ID": 98
    },
    {
      "GroupGUID": "a5c1bb7c-ab4d-49c1-b8a7-411debd4f532",
      "GroupPath": "Config/LevelOutput/Group/Groups_P81311_F81311001/LevelGroup_P81311_F81311001_G65.json",
      "DimensionFilter": {},
      "Name": "RogueTemplate210_Area",
      "ID": 65
    },
    {
      "GroupGUID": "ec70adc1-6a2e-47d4-933e-3210b996afb7",
      "GroupPath": "Config/LevelOutput/Group/Groups_P81311_F81311001/LevelGroup_P81311_F81311001_G66.json",
      "DimensionFilter": {},
      "Name": "RogueTemplate210_BaseEvent",
      "ID": 66
    },
    {
      "GroupGUID": "852f60ff-ca77-456e-ad6f-3831ae826c6b",
      "GroupPath": "Config/LevelOutput/Group/Groups_P81311_F81311001/LevelGroup_P81311_F81311001_G67.json",
      "DimensionFilter": {},
      "Name": "RogueTemplate210_BaseEvent_Event",
      "ID": 67
    },
    {
      "GroupGUID": "6c5f0f6b-52cd-4a7a-99f6-2a47dfcd421e",
      "GroupPath": "Config/LevelOutput/Group/Groups_P81311_F81311001/LevelGroup_P81311_F81311001_G68.json",
      "DimensionFilter": {},
      "Name": "RogueTemplate210_BaseTripleMonster",
      "ID": 68
    },
    {
      "GroupGUID": "b5a964cb-e912-4be1-b99e-bb55aaf7feaa",
      "GroupPath": "Config/LevelOutput/Group/Groups_P81311_F81311001/LevelGroup_P81311_F81311001_G69.json",
      "DimensionFilter": {},
      "Name": "RogueTemplate210_BaseTripleMonster_Event",
      "ID": 69
    },
    {
      "GroupGUID": "e48584d7-12bd-4e84-a12a-02fef724002c",
      "GroupPath": "Config/LevelOutput/Group/Groups_P81311_F81311001/LevelGroup_P81311_F81311001_G70.json",
      "DimensionFilter": {},
      "Name": "RogueTemplate210_BaseTripleMonster_MainMonster",
      "ID": 70
    },
    {
      "GroupGUID": "41edb17d-f3f8-4f4a-8d83-b8b4dc4b12ec",
      "GroupPath": "Config/LevelOutput/Group/Groups_P81311_F81311001/LevelGroup_P81311_F81311001_G71.json",
      "DimensionFilter": {},
      "Name": "RogueTemplate210_BaseTripleMonster_SubMonster_Left",
      "ID": 71
    },
    {
      "GroupGUID": "2e4e19f9-48ad-4bbe-a538-0a025c99138e",
      "GroupPath": "Config/LevelOutput/Group/Groups_P81311_F81311001/LevelGroup_P81311_F81311001_G72.json",
      "DimensionFilter": {},
      "Name": "RogueTemplate210_BaseTripleMonster_SubMonster_Right",
      "ID": 72
    },
    {
      "GroupGUID": "ba7688c8-1d84-416a-b98b-4ca1e3ad76fd",
      "GroupPath": "Config/LevelOutput/Group/Groups_P81311_F81311001/LevelGroup_P81311_F81311001_G100.json",
      "DimensionFilter": {},
      "Name": "RogueTemplate210_BaseTripleMonster_MainMonster_ForDoubleMonster",
      "ID": 100
    },
    {
      "GroupGUID": "ef6da7e0-28c3-4bcd-a3df-1298b5d655fd",
      "GroupPath": "Config/LevelOutput/Group/Groups_P81311_F81311001/LevelGroup_P81311_F81311001_G73.json",
      "DimensionFilter": {},
      "Name": "RogueTemplate210_Area",
      "ID": 73
    },
    {
      "GroupGUID": "a17c08e9-48c1-4f8d-9972-20a90dc6cbf6",
      "GroupPath": "Config/LevelOutput/Group/Groups_P81311_F81311001/LevelGroup_P81311_F81311001_G74.json",
      "DimensionFilter": {},
      "Name": "RogueTemplate210_BaseEvent",
      "ID": 74
    },
    {
      "GroupGUID": "930106f5-3aca-43ee-ac1a-f1d3a7e27d52",
      "GroupPath": "Config/LevelOutput/Group/Groups_P81311_F81311001/LevelGroup_P81311_F81311001_G75.json",
      "DimensionFilter": {},
      "Name": "RogueTemplate210_BaseEvent_Event",
      "ID": 75
    },
    {
      "GroupGUID": "9a301299-6295-455b-98f8-e30fb1e9407e",
      "GroupPath": "Config/LevelOutput/Group/Groups_P81311_F81311001/LevelGroup_P81311_F81311001_G76.json",
      "DimensionFilter": {},
      "Name": "RogueTemplate210_BaseTripleMonster",
      "ID": 76
    },
    {
      "GroupGUID": "82b638ba-5e25-4418-9d28-57c1e97aab77",
      "GroupPath": "Config/LevelOutput/Group/Groups_P81311_F81311001/LevelGroup_P81311_F81311001_G77.json",
      "DimensionFilter": {},
      "Name": "RogueTemplate210_BaseTripleMonster_Event",
      "ID": 77
    },
    {
      "GroupGUID": "98c845af-3224-4977-af75-c9f5933dc484",
      "GroupPath": "Config/LevelOutput/Group/Groups_P81311_F81311001/LevelGroup_P81311_F81311001_G78.json",
      "DimensionFilter": {},
      "Name": "RogueTemplate210_BaseTripleMonster_MainMonster",
      "ID": 78
    },
    {
      "GroupGUID": "276789bf-5839-42ba-9c33-8d8478acea84",
      "GroupPath": "Config/LevelOutput/Group/Groups_P81311_F81311001/LevelGroup_P81311_F81311001_G79.json",
      "DimensionFilter": {},
      "Name": "RogueTemplate210_BaseTripleMonster_SubMonster_Left",
      "ID": 79
    },
    {
      "GroupGUID": "65ec3863-f428-469e-9e2b-aa6fd5750e4e",
      "GroupPath": "Config/LevelOutput/Group/Groups_P81311_F81311001/LevelGroup_P81311_F81311001_G80.json",
      "DimensionFilter": {},
      "Name": "RogueTemplate210_BaseTripleMonster_SubMonster_Right",
      "ID": 80
    },
    {
      "GroupGUID": "c273a5ae-6810-4d82-be51-aaa369e16bbf",
      "GroupPath": "Config/LevelOutput/Group/Groups_P81311_F81311001/LevelGroup_P81311_F81311001_G99.json",
      "DimensionFilter": {},
      "Name": "RogueTemplate210_BaseTripleMonster_MainMonster_ForDoubleMonster",
      "ID": 99
    },
    {
      "GroupGUID": "29780be1-47f3-4df0-ae66-da642748c798",
      "GroupPath": "Config/LevelOutput/Group/Groups_P81311_F81311001/LevelGroup_P81311_F81311001_G81.json",
      "DimensionFilter": {},
      "Name": "RogueTemplate210_Area",
      "ID": 81
    },
    {
      "GroupGUID": "038678fe-d171-48e9-86da-2ccc5bd0cba1",
      "GroupPath": "Config/LevelOutput/Group/Groups_P81311_F81311001/LevelGroup_P81311_F81311001_G82.json",
      "DimensionFilter": {},
      "Name": "RogueTemplate210_BaseEvent",
      "ID": 82
    },
    {
      "GroupGUID": "f15cc95e-db72-4845-8367-ad75a71eed1b",
      "GroupPath": "Config/LevelOutput/Group/Groups_P81311_F81311001/LevelGroup_P81311_F81311001_G83.json",
      "DimensionFilter": {},
      "Name": "RogueTemplate210_BaseEvent_Event",
      "ID": 83
    },
    {
      "GroupGUID": "3d8faa20-3037-4cdc-a0ed-174d240d93ef",
      "GroupPath": "Config/LevelOutput/Group/Groups_P81311_F81311001/LevelGroup_P81311_F81311001_G84.json",
      "DimensionFilter": {},
      "Name": "RogueTemplate210_BaseTripleMonster",
      "ID": 84
    },
    {
      "GroupGUID": "220b6d24-4261-40a0-ba9f-0af773755d4a",
      "GroupPath": "Config/LevelOutput/Group/Groups_P81311_F81311001/LevelGroup_P81311_F81311001_G85.json",
      "DimensionFilter": {},
      "Name": "RogueTemplate210_BaseTripleMonster_Event",
      "ID": 85
    },
    {
      "GroupGUID": "35b05f17-166a-4668-864c-58c17bf05d52",
      "GroupPath": "Config/LevelOutput/Group/Groups_P81311_F81311001/LevelGroup_P81311_F81311001_G86.json",
      "DimensionFilter": {},
      "Name": "RogueTemplate210_BaseTripleMonster_MainMonster",
      "ID": 86
    },
    {
      "GroupGUID": "a17201b5-4775-4ef6-8b7f-3d4c5ff61a07",
      "GroupPath": "Config/LevelOutput/Group/Groups_P81311_F81311001/LevelGroup_P81311_F81311001_G87.json",
      "DimensionFilter": {},
      "Name": "RogueTemplate210_BaseTripleMonster_SubMonster_Left",
      "ID": 87
    },
    {
      "GroupGUID": "1519ca33-1767-4480-b81c-2910d6661112",
      "GroupPath": "Config/LevelOutput/Group/Groups_P81311_F81311001/LevelGroup_P81311_F81311001_G88.json",
      "DimensionFilter": {},
      "Name": "RogueTemplate210_BaseTripleMonster_SubMonster_Right",
      "ID": 88
    },
    {
      "GroupGUID": "cc9d18e7-5107-45f0-a01f-941c1a153062",
      "GroupPath": "Config/LevelOutput/Group/Groups_P81311_F81311001/LevelGroup_P81311_F81311001_G101.json",
      "DimensionFilter": {},
      "Name": "RogueTemplate210_BaseTripleMonster_MainMonster_ForDoubleMonster",
      "ID": 101
    },
    {
      "GroupGUID": "af6179d4-ba33-4fe1-97ee-a1848999133c",
      "GroupPath": "Config/LevelOutput/Group/Groups_P81311_F81311001/LevelGroup_P81311_F81311001_G89.json",
      "DimensionFilter": {},
      "Name": "RogueTemplate210_Area",
      "ID": 89
    },
    {
      "GroupGUID": "bfd7e524-9690-4586-bc5a-a692237de7b0",
      "GroupPath": "Config/LevelOutput/Group/Groups_P81311_F81311001/LevelGroup_P81311_F81311001_G90.json",
      "DimensionFilter": {},
      "Name": "RogueTemplate210_BaseEvent",
      "ID": 90
    },
    {
      "GroupGUID": "cc7724f9-48b7-4673-aeaa-ddb1f5160e65",
      "GroupPath": "Config/LevelOutput/Group/Groups_P81311_F81311001/LevelGroup_P81311_F81311001_G91.json",
      "DimensionFilter": {},
      "Name": "RogueTemplate210_BaseEvent_Event",
      "ID": 91
    },
    {
      "GroupGUID": "03401f4d-38fb-418c-9b2b-81f4a280c349",
      "GroupPath": "Config/LevelOutput/Group/Groups_P81311_F81311001/LevelGroup_P81311_F81311001_G92.json",
      "DimensionFilter": {},
      "Name": "RogueTemplate210_BaseTripleMonster",
      "ID": 92
    },
    {
      "GroupGUID": "b9fc80ab-f3ca-44ea-ae48-b424e5e037ff",
      "GroupPath": "Config/LevelOutput/Group/Groups_P81311_F81311001/LevelGroup_P81311_F81311001_G93.json",
      "DimensionFilter": {},
      "Name": "RogueTemplate210_BaseTripleMonster_Event",
      "ID": 93
    },
    {
      "GroupGUID": "9ce82a2c-c1c5-48ef-9c07-5149c723c13f",
      "GroupPath": "Config/LevelOutput/Group/Groups_P81311_F81311001/LevelGroup_P81311_F81311001_G94.json",
      "DimensionFilter": {},
      "Name": "RogueTemplate210_BaseTripleMonster_MainMonster",
      "ID": 94
    },
    {
      "GroupGUID": "1aed37ac-cf1c-4d4c-a627-27d3bb8a9d74",
      "GroupPath": "Config/LevelOutput/Group/Groups_P81311_F81311001/LevelGroup_P81311_F81311001_G95.json",
      "DimensionFilter": {},
      "Name": "RogueTemplate210_BaseTripleMonster_SubMonster_Left",
      "ID": 95
    },
    {
      "GroupGUID": "012d7454-8e93-4e21-9b9b-fb3ac4c64468",
      "GroupPath": "Config/LevelOutput/Group/Groups_P81311_F81311001/LevelGroup_P81311_F81311001_G96.json",
      "DimensionFilter": {},
      "Name": "RogueTemplate210_BaseTripleMonster_SubMonster_Right",
      "ID": 96
    },
    {
      "GroupGUID": "b7f21f91-f92c-478a-810c-49337f66369f",
      "GroupPath": "Config/LevelOutput/Group/Groups_P81311_F81311001/LevelGroup_P81311_F81311001_G102.json",
      "DimensionFilter": {},
      "Name": "RogueTemplate210_BaseTripleMonster_MainMonster_ForDoubleMonster",
      "ID": 102
    },
    {
      "GroupGUID": "5d6ab52d-feaf-412b-ad11-525d93ed0cc5",
      "GroupPath": "Config/LevelOutput/Group/Groups_P81311_F81311001/LevelGroup_P81311_F81311001_G117.json",
      "DimensionFilter": {
        "FilterType": "All"
      },
      "Name": "AirLock01_3",
      "ID": 117
    }
  ],
  "DefaultEnviroProfile": "Stages/Outputs/Chapter03/EnviroProfile/Chap03_CloseView_ADV_INT_P101_night_01.enviroProfile.asset",
  "StageData": "Stages/Outputs/Chapter03/Stages/Chap03_MAZ_P101_MainLine_01_StageData/Chap03_MAZ_P101_MainLine_01_StageData.stage",
  "CameraType": "Maze",
  "TimeOfDayEnviroProfileMap": {},
  "LayerToAreaMask": [
    32,
    16,
    8
  ],
  "BattleAreaList": [],
  "DimensionList": [
    {}
  ],
  "CameraPrefabPath": "Level/Maze/Chapter03/Chap03_MAZ_P101_LevelArea.prefab",
  "LevelFeatureModules": [
    "RotatableRegion"
  ],
  "NavmapConfigPath": "Config/LevelOutput/Map/MapInfo_P81311_F81311001.json",
  "TempGroupUnloadByY": 0,
  "IsRestartLevelGraph": false
}