{
  "FloorID": 81312001,
  "FloorName": "FloorName_81312001",
  "StartGroupID": 1,
  "StartAnchorID": 1,
  "GroupList": [
    {
      "GroupGUID": "fcdfdd39-510f-4a50-b7f8-95ebd7d61a4e",
      "GroupPath": "Config/LevelOutput/Group/Groups_P81312_F81312001/LevelGroup_P81312_F81312001_G1.json",
      "DimensionFilter": {},
      "Name": "DefaultGroup",
      "ID": 1
    },
    {
      "GroupGUID": "398bdd2d-1857-4795-b9f8-f5837736dfe2",
      "GroupPath": "Config/LevelOutput/Group/Groups_P81312_F81312001/LevelGroup_P81312_F81312001_G2.json",
      "DimensionFilter": {
        "FilterType": "All"
      },
      "Name": "DefaultGroup",
      "ID": 2
    },
    {
      "GroupGUID": "14976286-c2d9-4274-a6b7-f725b88d2337",
      "GroupPath": "Config/LevelOutput/Group/Groups_P81312_F81312001/LevelGroup_P81312_F81312001_G3.json",
      "Name": "BGM",
      "ID": 3
    },
    {
      "GroupGUID": "45b4da16-7657-4691-b92e-8fbf2fb0c4ed",
      "GroupPath": "Config/LevelOutput/Group/Groups_P81312_F81312001/LevelGroup_P81312_F81312001_G4.json",
      "Name": "Sound",
      "ID": 4
    },
    {
      "GroupGUID": "f232231f-c99c-4732-aaf9-6bea3d45738b",
      "GroupPath": "Config/LevelOutput/Group/Groups_P81312_F81312001/LevelGroup_P81312_F81312001_G5.json",
      "DimensionFilter": {},
      "Name": "Sound-Reverb",
      "ID": 5
    },
    {
      "GroupGUID": "dec8f9e8-6cf4-42e1-af49-6b44e9725352",
      "GroupPath": "Config/LevelOutput/Group/Groups_P81312_F81312001/LevelGroup_P81312_F81312001_G6.json",
      "DimensionFilter": {},
      "Name": "RogueTemplate210_Area",
      "ID": 6
    },
    {
      "GroupGUID": "d3bc3015-a0d9-407d-8b07-148666f790cb",
      "GroupPath": "Config/LevelOutput/Group/Groups_P81312_F81312001/LevelGroup_P81312_F81312001_G7.json",
      "DimensionFilter": {},
      "Name": "RogueTemplate210_BaseRest",
      "ID": 7
    },
    {
      "GroupGUID": "e65c2b4c-77ec-47f6-9c3d-4015453831e3",
      "GroupPath": "Config/LevelOutput/Group/Groups_P81312_F81312001/LevelGroup_P81312_F81312001_G8.json",
      "DimensionFilter": {
        "FilterExpression": {}
      },
      "Name": "RogueTemplate210_BaseRest_Rest",
      "ID": 8
    },
    {
      "GroupGUID": "964d7e83-d3e2-4ca5-897b-7bc091ae2091",
      "GroupPath": "Config/LevelOutput/Group/Groups_P81312_F81312001/LevelGroup_P81312_F81312001_G9.json",
      "DimensionFilter": {},
      "Name": "RogueTemplate210_Area",
      "ID": 9
    },
    {
      "GroupGUID": "3cffd5ea-85ac-4e70-bfcf-3acf0b94274b",
      "GroupPath": "Config/LevelOutput/Group/Groups_P81312_F81312001/LevelGroup_P81312_F81312001_G10.json",
      "DimensionFilter": {},
      "Name": "RogueTemplate210_BaseBoss",
      "ID": 10
    },
    {
      "GroupGUID": "61b23c29-ad27-445c-8cb0-8f3c9c859654",
      "GroupPath": "Config/LevelOutput/Group/Groups_P81312_F81312001/LevelGroup_P81312_F81312001_G11.json",
      "DimensionFilter": {},
      "Name": "RogueTemplate210_BaseBoss_Boss",
      "ID": 11
    },
    {
      "GroupGUID": "3bc96f50-4609-4ce0-b6c4-a3b4ebcb316e",
      "GroupPath": "Config/LevelOutput/Group/Groups_P81312_F81312001/LevelGroup_P81312_F81312001_G12.json",
      "DimensionFilter": {},
      "Name": "RogueTemplate210_BaseElite",
      "ID": 12
    },
    {
      "GroupGUID": "c40f9118-9c19-43dd-b9da-0d93c76271aa",
      "GroupPath": "Config/LevelOutput/Group/Groups_P81312_F81312001/LevelGroup_P81312_F81312001_G13.json",
      "DimensionFilter": {},
      "Name": "RogueTemplate210_BaseElite_Elite",
      "ID": 13
    },
    {
      "GroupGUID": "fda56ac7-c796-4504-8bb2-f38d513f9193",
      "GroupPath": "Config/LevelOutput/Group/Groups_P81312_F81312001/LevelGroup_P81312_F81312001_G14.json",
      "DimensionFilter": {},
      "Name": "RogueTemplate210_Area",
      "ID": 14
    },
    {
      "GroupGUID": "033f79bf-a743-4343-9ec8-6d1914339079",
      "GroupPath": "Config/LevelOutput/Group/Groups_P81312_F81312001/LevelGroup_P81312_F81312001_G15.json",
      "DimensionFilter": {},
      "Name": "RogueTemplate210_BaseEvent",
      "ID": 15
    },
    {
      "GroupGUID": "4cfe5d6a-653b-49cd-a4d0-3d6f6cd32a64",
      "GroupPath": "Config/LevelOutput/Group/Groups_P81312_F81312001/LevelGroup_P81312_F81312001_G16.json",
      "DimensionFilter": {},
      "Name": "RogueTemplate210_BaseEvent_Event",
      "ID": 16
    },
    {
      "GroupGUID": "835f2a72-8cdd-4d35-bc26-e503e91072c8",
      "GroupPath": "Config/LevelOutput/Group/Groups_P81312_F81312001/LevelGroup_P81312_F81312001_G17.json",
      "DimensionFilter": {},
      "Name": "RogueTemplate210_BaseTripleMonster",
      "ID": 17
    },
    {
      "GroupGUID": "db1f2a62-ddac-473e-92a1-0685516c072c",
      "GroupPath": "Config/LevelOutput/Group/Groups_P81312_F81312001/LevelGroup_P81312_F81312001_G18.json",
      "DimensionFilter": {},
      "Name": "RogueTemplate210_BaseTripleMonster_Event",
      "ID": 18
    },
    {
      "GroupGUID": "9b166340-ecc9-4afc-b855-de3dfdc3b9f5",
      "GroupPath": "Config/LevelOutput/Group/Groups_P81312_F81312001/LevelGroup_P81312_F81312001_G19.json",
      "DimensionFilter": {},
      "Name": "RogueTemplate210_BaseTripleMonster_MainMonster",
      "ID": 19
    },
    {
      "GroupGUID": "06f054fa-3247-4cb9-9b2b-5791d9706cb3",
      "GroupPath": "Config/LevelOutput/Group/Groups_P81312_F81312001/LevelGroup_P81312_F81312001_G20.json",
      "DimensionFilter": {},
      "Name": "RogueTemplate210_BaseTripleMonster_SubMonster_Left",
      "ID": 20
    },
    {
      "GroupGUID": "4d4ed4ad-7981-48fb-992b-6a01e55f3a46",
      "GroupPath": "Config/LevelOutput/Group/Groups_P81312_F81312001/LevelGroup_P81312_F81312001_G21.json",
      "DimensionFilter": {},
      "Name": "RogueTemplate210_BaseTripleMonster_SubMonster_Right",
      "ID": 21
    },
    {
      "GroupGUID": "8f648d05-1e60-464c-892b-0e5e3f7f9ac9",
      "GroupPath": "Config/LevelOutput/Group/Groups_P81312_F81312001/LevelGroup_P81312_F81312001_G56.json",
      "DimensionFilter": {},
      "Name": "RogueTemplate210_BaseTripleMonster_MainMonster_ForDoubleMonster",
      "ID": 56
    },
    {
      "GroupGUID": "0cccbc72-32a5-4967-90ff-d388a94c9860",
      "GroupPath": "Config/LevelOutput/Group/Groups_P81312_F81312001/LevelGroup_P81312_F81312001_G22.json",
      "DimensionFilter": {},
      "Name": "RogueTemplate210_Area",
      "ID": 22
    },
    {
      "GroupGUID": "6719da78-c1f5-4ef2-bedf-f4b73aae52be",
      "GroupPath": "Config/LevelOutput/Group/Groups_P81312_F81312001/LevelGroup_P81312_F81312001_G23.json",
      "DimensionFilter": {},
      "Name": "RogueTemplate210_BaseEvent",
      "ID": 23
    },
    {
      "GroupGUID": "5d6b802d-4786-42b1-84ca-4d2222140ae9",
      "GroupPath": "Config/LevelOutput/Group/Groups_P81312_F81312001/LevelGroup_P81312_F81312001_G24.json",
      "DimensionFilter": {},
      "Name": "RogueTemplate210_BaseEvent_Event",
      "ID": 24
    },
    {
      "GroupGUID": "cae34051-70aa-49db-96e6-3748f19cb649",
      "GroupPath": "Config/LevelOutput/Group/Groups_P81312_F81312001/LevelGroup_P81312_F81312001_G25.json",
      "DimensionFilter": {},
      "Name": "RogueTemplate210_BaseTripleMonster",
      "ID": 25
    },
    {
      "GroupGUID": "d25f869f-621e-4e51-a2c7-bdd3350ffa13",
      "GroupPath": "Config/LevelOutput/Group/Groups_P81312_F81312001/LevelGroup_P81312_F81312001_G26.json",
      "DimensionFilter": {},
      "Name": "RogueTemplate210_BaseTripleMonster_Event",
      "ID": 26
    },
    {
      "GroupGUID": "04c2fa8a-31e9-4f8e-982e-2c544e7c583a",
      "GroupPath": "Config/LevelOutput/Group/Groups_P81312_F81312001/LevelGroup_P81312_F81312001_G27.json",
      "DimensionFilter": {},
      "Name": "RogueTemplate210_BaseTripleMonster_MainMonster",
      "ID": 27
    },
    {
      "GroupGUID": "53ea0f5a-6cb7-43e3-8c1a-fba49dae19c3",
      "GroupPath": "Config/LevelOutput/Group/Groups_P81312_F81312001/LevelGroup_P81312_F81312001_G28.json",
      "DimensionFilter": {},
      "Name": "RogueTemplate210_BaseTripleMonster_SubMonster_Left",
      "ID": 28
    },
    {
      "GroupGUID": "610c5df7-314d-42d5-a548-7592943dbbc5",
      "GroupPath": "Config/LevelOutput/Group/Groups_P81312_F81312001/LevelGroup_P81312_F81312001_G29.json",
      "DimensionFilter": {},
      "Name": "RogueTemplate210_BaseTripleMonster_SubMonster_Right",
      "ID": 29
    },
    {
      "GroupGUID": "96699b27-29c8-43fe-bc39-50c732057674",
      "GroupPath": "Config/LevelOutput/Group/Groups_P81312_F81312001/LevelGroup_P81312_F81312001_G54.json",
      "DimensionFilter": {},
      "Name": "RogueTemplate210_BaseTripleMonster_MainMonster_ForDoubleMonster",
      "ID": 54
    },
    {
      "GroupGUID": "81ec342c-1b0f-422a-9922-d86672a2b799",
      "GroupPath": "Config/LevelOutput/Group/Groups_P81312_F81312001/LevelGroup_P81312_F81312001_G30.json",
      "DimensionFilter": {},
      "Name": "RogueTemplate210_Area",
      "ID": 30
    },
    {
      "GroupGUID": "22d43284-1c28-4b4d-a992-f22186f530af",
      "GroupPath": "Config/LevelOutput/Group/Groups_P81312_F81312001/LevelGroup_P81312_F81312001_G31.json",
      "DimensionFilter": {},
      "Name": "RogueTemplate210_BaseEvent",
      "ID": 31
    },
    {
      "GroupGUID": "35461b55-1190-4780-99f6-4da6ad7cc031",
      "GroupPath": "Config/LevelOutput/Group/Groups_P81312_F81312001/LevelGroup_P81312_F81312001_G32.json",
      "DimensionFilter": {},
      "Name": "RogueTemplate210_BaseEvent_Event",
      "ID": 32
    },
    {
      "GroupGUID": "c8a00221-efe0-41d1-a74e-ed9b4a87b56a",
      "GroupPath": "Config/LevelOutput/Group/Groups_P81312_F81312001/LevelGroup_P81312_F81312001_G33.json",
      "DimensionFilter": {},
      "Name": "RogueTemplate210_BaseTripleMonster",
      "ID": 33
    },
    {
      "GroupGUID": "a44928f5-fff0-444c-a29b-ad9676a355d1",
      "GroupPath": "Config/LevelOutput/Group/Groups_P81312_F81312001/LevelGroup_P81312_F81312001_G34.json",
      "DimensionFilter": {},
      "Name": "RogueTemplate210_BaseTripleMonster_Event",
      "ID": 34
    },
    {
      "GroupGUID": "b0014695-2265-464d-b4a1-41c0219230bf",
      "GroupPath": "Config/LevelOutput/Group/Groups_P81312_F81312001/LevelGroup_P81312_F81312001_G35.json",
      "DimensionFilter": {},
      "Name": "RogueTemplate210_BaseTripleMonster_MainMonster",
      "ID": 35
    },
    {
      "GroupGUID": "d5a4daed-01fe-45cd-8c6a-dcb8b7960319",
      "GroupPath": "Config/LevelOutput/Group/Groups_P81312_F81312001/LevelGroup_P81312_F81312001_G36.json",
      "DimensionFilter": {},
      "Name": "RogueTemplate210_BaseTripleMonster_SubMonster_Left",
      "ID": 36
    },
    {
      "GroupGUID": "1441dba4-0a44-411c-a541-0b534d5d3a99",
      "GroupPath": "Config/LevelOutput/Group/Groups_P81312_F81312001/LevelGroup_P81312_F81312001_G37.json",
      "DimensionFilter": {},
      "Name": "RogueTemplate210_BaseTripleMonster_SubMonster_Right",
      "ID": 37
    },
    {
      "GroupGUID": "9645e5c1-1cf2-4d01-be5e-f4ebfbb4b65a",
      "GroupPath": "Config/LevelOutput/Group/Groups_P81312_F81312001/LevelGroup_P81312_F81312001_G57.json",
      "DimensionFilter": {},
      "Name": "RogueTemplate210_BaseTripleMonster_MainMonster_ForDoubleMonster",
      "ID": 57
    },
    {
      "GroupGUID": "561cacc9-12c1-49ce-addc-db591b9e983c",
      "GroupPath": "Config/LevelOutput/Group/Groups_P81312_F81312001/LevelGroup_P81312_F81312001_G38.json",
      "DimensionFilter": {},
      "Name": "RogueTemplate210_Area",
      "ID": 38,
      "IsDelete": true
    },
    {
      "GroupGUID": "2ac0af5c-bade-43d7-b607-326d126bf269",
      "GroupPath": "Config/LevelOutput/Group/Groups_P81312_F81312001/LevelGroup_P81312_F81312001_G39.json",
      "DimensionFilter": {},
      "Name": "RogueTemplate210_BaseEvent",
      "ID": 39,
      "IsDelete": true
    },
    {
      "GroupGUID": "abd4037e-6e15-45f6-982e-a6b86ad04174",
      "GroupPath": "Config/LevelOutput/Group/Groups_P81312_F81312001/LevelGroup_P81312_F81312001_G40.json",
      "DimensionFilter": {},
      "Name": "RogueTemplate210_BaseEvent_Event",
      "ID": 40,
      "IsDelete": true
    },
    {
      "GroupGUID": "924c1970-fd77-4967-83c0-ed3016e36f6f",
      "GroupPath": "Config/LevelOutput/Group/Groups_P81312_F81312001/LevelGroup_P81312_F81312001_G41.json",
      "DimensionFilter": {},
      "Name": "RogueTemplate210_BaseTripleMonster",
      "ID": 41,
      "IsDelete": true
    },
    {
      "GroupGUID": "41f0cd9b-5bc4-4a3b-a512-88fc7c81b7c8",
      "GroupPath": "Config/LevelOutput/Group/Groups_P81312_F81312001/LevelGroup_P81312_F81312001_G42.json",
      "Name": "RogueTemplate210_BaseTripleMonster_Event",
      "ID": 42,
      "IsDelete": true
    },
    {
      "GroupGUID": "b7f51287-475c-4ee8-865b-c5def7873ca2",
      "GroupPath": "Config/LevelOutput/Group/Groups_P81312_F81312001/LevelGroup_P81312_F81312001_G43.json",
      "DimensionFilter": {},
      "Name": "RogueTemplate210_BaseTripleMonster_MainMonster",
      "ID": 43,
      "IsDelete": true
    },
    {
      "GroupGUID": "f066d5b7-c842-48e3-8e6e-5b084bd19328",
      "GroupPath": "Config/LevelOutput/Group/Groups_P81312_F81312001/LevelGroup_P81312_F81312001_G44.json",
      "DimensionFilter": {},
      "Name": "RogueTemplate210_BaseTripleMonster_SubMonster_Left",
      "ID": 44,
      "IsDelete": true
    },
    {
      "GroupGUID": "7769fab2-7309-4415-8622-e8a11299447c",
      "GroupPath": "Config/LevelOutput/Group/Groups_P81312_F81312001/LevelGroup_P81312_F81312001_G45.json",
      "DimensionFilter": {},
      "Name": "RogueTemplate210_BaseTripleMonster_SubMonster_Right",
      "ID": 45,
      "IsDelete": true
    },
    {
      "GroupGUID": "f4d18ce5-6554-44b0-965f-666684a5058b",
      "GroupPath": "Config/LevelOutput/Group/Groups_P81312_F81312001/LevelGroup_P81312_F81312001_G46.json",
      "DimensionFilter": {},
      "Name": "RogueTemplate210_Area",
      "ID": 46
    },
    {
      "GroupGUID": "a9ad6759-f084-4f2e-ad07-cc9fc0c9ab97",
      "GroupPath": "Config/LevelOutput/Group/Groups_P81312_F81312001/LevelGroup_P81312_F81312001_G47.json",
      "DimensionFilter": {},
      "Name": "RogueTemplate210_BaseEvent",
      "ID": 47
    },
    {
      "GroupGUID": "92f42411-07a6-4bde-9d99-b7d5dc1e409d",
      "GroupPath": "Config/LevelOutput/Group/Groups_P81312_F81312001/LevelGroup_P81312_F81312001_G48.json",
      "Name": "RogueTemplate210_BaseEvent_Event",
      "ID": 48
    },
    {
      "GroupGUID": "f5d11b1a-96b2-4542-bc3d-20092249a69d",
      "GroupPath": "Config/LevelOutput/Group/Groups_P81312_F81312001/LevelGroup_P81312_F81312001_G49.json",
      "DimensionFilter": {},
      "Name": "RogueTemplate210_BaseTripleMonster",
      "ID": 49
    },
    {
      "GroupGUID": "07dd1668-2fd0-4558-a783-35c7319073c4",
      "GroupPath": "Config/LevelOutput/Group/Groups_P81312_F81312001/LevelGroup_P81312_F81312001_G50.json",
      "Name": "RogueTemplate210_BaseTripleMonster_Event",
      "ID": 50
    },
    {
      "GroupGUID": "4b209fab-e13c-48a1-bfb7-0426540041fb",
      "GroupPath": "Config/LevelOutput/Group/Groups_P81312_F81312001/LevelGroup_P81312_F81312001_G51.json",
      "Name": "RogueTemplate210_BaseTripleMonster_MainMonster",
      "ID": 51
    },
    {
      "GroupGUID": "5771f0ce-c166-4df3-b1bd-d3e73b73b84d",
      "GroupPath": "Config/LevelOutput/Group/Groups_P81312_F81312001/LevelGroup_P81312_F81312001_G52.json",
      "Name": "RogueTemplate210_BaseTripleMonster_SubMonster_Left",
      "ID": 52
    },
    {
      "GroupGUID": "4bfd3cb0-625d-4f99-9fff-d6fcae2afde2",
      "GroupPath": "Config/LevelOutput/Group/Groups_P81312_F81312001/LevelGroup_P81312_F81312001_G53.json",
      "Name": "RogueTemplate210_BaseTripleMonster_SubMonster_Right",
      "ID": 53
    },
    {
      "GroupGUID": "5782ed31-9704-44f5-8ad9-7921138409e4",
      "GroupPath": "Config/LevelOutput/Group/Groups_P81312_F81312001/LevelGroup_P81312_F81312001_G55.json",
      "DimensionFilter": {},
      "Name": "RogueTemplate210_BaseTripleMonster_MainMonster_ForDoubleMonster",
      "ID": 55
    },
    {
      "GroupGUID": "d0bb40b1-3290-4182-a894-732f7512dc0c",
      "GroupPath": "Config/LevelOutput/Group/Groups_P81312_F81312001/LevelGroup_P81312_F81312001_G58.json",
      "DimensionFilter": {},
      "Name": "RogueTemplate210_BaseTripleMonster_MainMonster_ForDoubleMonster",
      "ID": 58,
      "IsDelete": true
    },
    {
      "GroupGUID": "fe2e5ebe-c188-407e-821b-4a8d9d5a1c73",
      "GroupPath": "Config/LevelOutput/Group/Groups_P81312_F81312001/LevelGroup_P81312_F81312001_G59.json",
      "DimensionFilter": {},
      "Name": "RogueTemplate210_Area",
      "ID": 59
    },
    {
      "GroupGUID": "878e8e3d-8484-4f72-a387-21476719dcc7",
      "GroupPath": "Config/LevelOutput/Group/Groups_P81312_F81312001/LevelGroup_P81312_F81312001_G60.json",
      "DimensionFilter": {},
      "Name": "RogueTemplate210_BaseEvent",
      "ID": 60
    },
    {
      "GroupGUID": "abee83db-d4ec-4a12-9ac6-64f1fc0acf77",
      "GroupPath": "Config/LevelOutput/Group/Groups_P81312_F81312001/LevelGroup_P81312_F81312001_G61.json",
      "DimensionFilter": {},
      "Name": "RogueTemplate210_BaseEvent_Event",
      "ID": 61
    },
    {
      "GroupGUID": "0a6b1c72-cb6a-43b8-8a76-d53ee9934f48",
      "GroupPath": "Config/LevelOutput/Group/Groups_P81312_F81312001/LevelGroup_P81312_F81312001_G62.json",
      "DimensionFilter": {},
      "Name": "RogueTemplate210_BaseTripleMonster",
      "ID": 62
    },
    {
      "GroupGUID": "5e8af218-be19-44eb-8b56-ae4b8fea8477",
      "GroupPath": "Config/LevelOutput/Group/Groups_P81312_F81312001/LevelGroup_P81312_F81312001_G63.json",
      "DimensionFilter": {},
      "Name": "RogueTemplate210_BaseTripleMonster_Event",
      "ID": 63
    },
    {
      "GroupGUID": "1fad8889-18dd-4ba2-ae8b-95fe600f3201",
      "GroupPath": "Config/LevelOutput/Group/Groups_P81312_F81312001/LevelGroup_P81312_F81312001_G64.json",
      "DimensionFilter": {},
      "Name": "RogueTemplate210_BaseTripleMonster_MainMonster",
      "ID": 64
    },
    {
      "GroupGUID": "8e479867-3b61-419d-b778-89afe7975162",
      "GroupPath": "Config/LevelOutput/Group/Groups_P81312_F81312001/LevelGroup_P81312_F81312001_G65.json",
      "DimensionFilter": {},
      "Name": "RogueTemplate210_BaseTripleMonster_SubMonster_Left",
      "ID": 65
    },
    {
      "GroupGUID": "297c705e-8722-48d8-b75c-b39722295dc8",
      "GroupPath": "Config/LevelOutput/Group/Groups_P81312_F81312001/LevelGroup_P81312_F81312001_G66.json",
      "Name": "RogueTemplate210_BaseTripleMonster_SubMonster_Right",
      "ID": 66
    },
    {
      "GroupGUID": "c01d182e-b774-4a66-a7ab-46e1d4ebbc8b",
      "GroupPath": "Config/LevelOutput/Group/Groups_P81312_F81312001/LevelGroup_P81312_F81312001_G67.json",
      "DimensionFilter": {},
      "Name": "RogueTemplate210_BaseTripleMonster_MainMonster_ForDoubleMonster",
      "ID": 67
    },
    {
      "GroupGUID": "fc183f06-8767-4eab-928a-cb3be5e111ef",
      "GroupPath": "Config/LevelOutput/Group/Groups_P81312_F81312001/LevelGroup_P81312_F81312001_G69.json",
      "DimensionFilter": {},
      "Name": "MainDoors",
      "ID": 69
    },
    {
      "GroupGUID": "9a9f4fc3-3b89-4332-a813-c73408f04f34",
      "GroupPath": "Config/LevelOutput/Group/Groups_P81312_F81312001/LevelGroup_P81312_F81312001_G73.json",
      "DimensionFilter": {
        "FilterType": "All"
      },
      "Name": "MainDoors",
      "ID": 73
    },
    {
      "GroupGUID": "53f55a00-df68-483b-bf09-1186257f8082",
      "GroupPath": "Config/LevelOutput/Group/Groups_P81312_F81312001/LevelGroup_P81312_F81312001_G74.json",
      "DimensionFilter": {
        "FilterType": "All"
      },
      "Name": "AriLock_01",
      "ID": 74
    },
    {
      "GroupGUID": "a4f5abc4-1473-46bc-8329-8eab9d66f1ba",
      "GroupPath": "Config/LevelOutput/Group/Groups_P81312_F81312001/LevelGroup_P81312_F81312001_G75.json",
      "DimensionFilter": {
        "FilterType": "All"
      },
      "Name": "AriLock_02",
      "ID": 75
    },
    {
      "GroupGUID": "d8a752ca-1921-4704-966a-558fbc54a7e0",
      "GroupPath": "Config/LevelOutput/Group/Groups_P81312_F81312001/LevelGroup_P81312_F81312001_G76.json",
      "DimensionFilter": {
        "FilterType": "All"
      },
      "Name": "AriLock_01",
      "ID": 76
    },
    {
      "GroupGUID": "68d23543-0f27-45d1-a816-2e36fac5c3c7",
      "GroupPath": "Config/LevelOutput/Group/Groups_P81312_F81312001/LevelGroup_P81312_F81312001_G77.json",
      "DimensionFilter": {
        "FilterType": "All"
      },
      "Name": "AriLock_04",
      "ID": 77
    },
    {
      "GroupGUID": "f6cd9726-bd5a-4923-a0fa-9c40198e48f1",
      "GroupPath": "Config/LevelOutput/Group/Groups_P81312_F81312001/LevelGroup_P81312_F81312001_G82.json",
      "DimensionFilter": {
        "FilterType": "All"
      },
      "Name": "AriLock_01",
      "ID": 82
    },
    {
      "GroupGUID": "80c4154a-c05f-4001-9865-5fec3a674a36",
      "GroupPath": "Config/LevelOutput/Group/Groups_P81312_F81312001/LevelGroup_P81312_F81312001_G83.json",
      "DimensionFilter": {
        "FilterType": "All"
      },
      "Name": "AriLock_02",
      "ID": 83
    },
    {
      "GroupGUID": "be8b2536-b60f-4d46-b145-b03a3fec4409",
      "GroupPath": "Config/LevelOutput/Group/Groups_P81312_F81312001/LevelGroup_P81312_F81312001_G84.json",
      "DimensionFilter": {},
      "Name": "RogueTemplate210_Area",
      "ID": 84
    },
    {
      "GroupGUID": "c55f78be-8a8d-4373-9fa4-9fcdc91abf54",
      "GroupPath": "Config/LevelOutput/Group/Groups_P81312_F81312001/LevelGroup_P81312_F81312001_G85.json",
      "DimensionFilter": {},
      "Name": "RogueTemplate210_BaseTripleMonster",
      "ID": 85
    },
    {
      "GroupGUID": "cc3c83e2-99eb-4b47-b655-eb740fc31d89",
      "GroupPath": "Config/LevelOutput/Group/Groups_P81312_F81312001/LevelGroup_P81312_F81312001_G86.json",
      "DimensionFilter": {},
      "Name": "RogueTemplate210_BaseTripleMonster_Event",
      "ID": 86
    },
    {
      "GroupGUID": "f636e4b8-a846-409b-ac0a-f57c1e0ae2ff",
      "GroupPath": "Config/LevelOutput/Group/Groups_P81312_F81312001/LevelGroup_P81312_F81312001_G87.json",
      "DimensionFilter": {},
      "Name": "RogueTemplate210_BaseTripleMonster_MainMonster",
      "ID": 87
    },
    {
      "GroupGUID": "0c743453-3784-489b-9bc6-b242436ade76",
      "GroupPath": "Config/LevelOutput/Group/Groups_P81312_F81312001/LevelGroup_P81312_F81312001_G88.json",
      "DimensionFilter": {},
      "Name": "RogueTemplate210_BaseTripleMonster_SubMonster_Left",
      "ID": 88
    },
    {
      "GroupGUID": "02b74b5e-41ad-442a-a5c2-32a4b6b38017",
      "GroupPath": "Config/LevelOutput/Group/Groups_P81312_F81312001/LevelGroup_P81312_F81312001_G89.json",
      "DimensionFilter": {},
      "Name": "RogueTemplate210_BaseTripleMonster_SubMonster_Right",
      "ID": 89
    },
    {
      "GroupGUID": "ad8a476d-8770-4b49-8eb5-867c6c375e32",
      "GroupPath": "Config/LevelOutput/Group/Groups_P81312_F81312001/LevelGroup_P81312_F81312001_G90.json",
      "DimensionFilter": {},
      "Name": "RogueTemplate210_Area",
      "ID": 90
    },
    {
      "GroupGUID": "9ab2dbce-21c4-48b5-89eb-5a7a99f1d43d",
      "GroupPath": "Config/LevelOutput/Group/Groups_P81312_F81312001/LevelGroup_P81312_F81312001_G91.json",
      "DimensionFilter": {},
      "Name": "RogueTemplate210_BaseTripleMonster",
      "ID": 91
    },
    {
      "GroupGUID": "98c9f4cf-bbe0-4928-9a42-fe5e32c31aed",
      "GroupPath": "Config/LevelOutput/Group/Groups_P81312_F81312001/LevelGroup_P81312_F81312001_G92.json",
      "DimensionFilter": {},
      "Name": "RogueTemplate210_BaseTripleMonster_Event",
      "ID": 92
    },
    {
      "GroupGUID": "c1bcb9a2-ad9a-4126-85fa-5ed1fa7097fe",
      "GroupPath": "Config/LevelOutput/Group/Groups_P81312_F81312001/LevelGroup_P81312_F81312001_G93.json",
      "DimensionFilter": {},
      "Name": "RogueTemplate210_BaseTripleMonster_MainMonster",
      "ID": 93
    },
    {
      "GroupGUID": "332f74d7-092f-45e7-9c9b-5434857661d4",
      "GroupPath": "Config/LevelOutput/Group/Groups_P81312_F81312001/LevelGroup_P81312_F81312001_G94.json",
      "DimensionFilter": {},
      "Name": "RogueTemplate210_BaseTripleMonster_SubMonster_Left",
      "ID": 94
    },
    {
      "GroupGUID": "e47b1d80-5477-4180-a5b3-410163e5f495",
      "GroupPath": "Config/LevelOutput/Group/Groups_P81312_F81312001/LevelGroup_P81312_F81312001_G95.json",
      "DimensionFilter": {},
      "Name": "RogueTemplate210_BaseTripleMonster_SubMonster_Right",
      "ID": 95
    }
  ],
  "DefaultEnviroProfile": "Stages/Outputs/Chapter03/EnviroProfile/Chap03_CloseView_MAZ_P102_Rota_night_01.enviroProfile.asset",
  "StageData": "Stages/Outputs/Chapter03/Stages/Chap03_MAZ_P102_StageData/Chap03_MAZ_P102_StageData.stage",
  "CameraType": "Maze",
  "TimeOfDayEnviroProfileMap": {},
  "LayerToAreaMask": [
    1
  ],
  "BattleAreaList": [],
  "DimensionList": [
    {}
  ],
  "LevelFeatureModules": [
    "RotatableRegion"
  ],
  "NavmapConfigPath": "Config/LevelOutput/Map/MapInfo_P81312_F81312001.json",
  "TempGroupUnloadByY": 0,
  "IsRestartLevelGraph": false
}