{
  "FloorID": 81313001,
  "FloorName": "FloorName_81313001",
  "StartGroupID": 1,
  "StartAnchorID": 1,
  "GroupList": [
    {
      "GroupGUID": "27af8fc5-6c34-47e5-a1b1-2df502ad8d2c",
      "GroupPath": "Config/LevelOutput/Group/Groups_P81313_F81313001/LevelGroup_P81313_F81313001_G1.json",
      "DimensionFilter": {},
      "Name": "DefaultGroup",
      "ID": 1
    },
    {
      "GroupGUID": "6e73e9cb-1c66-4559-96c2-b54564783a1e",
      "GroupPath": "Config/LevelOutput/Group/Groups_P81313_F81313001/LevelGroup_P81313_F81313001_G2.json",
      "DimensionFilter": {},
      "Name": "DefaultGroup",
      "ID": 2
    },
    {
      "GroupGUID": "a29414db-3fda-46f6-8aa5-5de30655db30",
      "GroupPath": "Config/LevelOutput/Group/Groups_P81313_F81313001/LevelGroup_P81313_F81313001_G3.json",
      "Name": "BGM",
      "ID": 3
    },
    {
      "GroupGUID": "24a4b62b-47bc-4cf4-8c7a-7b324d613e96",
      "GroupPath": "Config/LevelOutput/Group/Groups_P81313_F81313001/LevelGroup_P81313_F81313001_G4.json",
      "Name": "Sound",
      "ID": 4
    },
    {
      "GroupGUID": "9c2b72ca-b176-4433-87ed-7e9bca0e9627",
      "GroupPath": "Config/LevelOutput/Group/Groups_P81313_F81313001/LevelGroup_P81313_F81313001_G5.json",
      "Name": "Sound-Reverb",
      "ID": 5
    },
    {
      "GroupGUID": "e26cec81-1964-416e-bb20-3753485e6b26",
      "GroupPath": "Config/LevelOutput/Group/Groups_P81313_F81313001/LevelGroup_P81313_F81313001_G6.json",
      "Name": "MeteorShower",
      "ID": 6
    },
    {
      "GroupGUID": "d2464b76-d967-43f8-a08e-293e98f9a994",
      "GroupPath": "Config/LevelOutput/Group/Groups_P81313_F81313001/LevelGroup_P81313_F81313001_G7.json",
      "DimensionFilter": {},
      "Name": "RogueTemplate210_Area",
      "ID": 7
    },
    {
      "GroupGUID": "d878e1eb-81e4-4085-9e7d-3d023102251f",
      "GroupPath": "Config/LevelOutput/Group/Groups_P81313_F81313001/LevelGroup_P81313_F81313001_G8.json",
      "DimensionFilter": {},
      "Name": "RogueTemplate210_BaseBoss",
      "ID": 8
    },
    {
      "GroupGUID": "d754232d-3a33-4682-ae93-3e8a16afcf5b",
      "GroupPath": "Config/LevelOutput/Group/Groups_P81313_F81313001/LevelGroup_P81313_F81313001_G9.json",
      "DimensionFilter": {},
      "Name": "RogueTemplate210_BaseBoss_Boss",
      "ID": 9
    },
    {
      "GroupGUID": "33075ba3-b81c-4888-8051-be127a78f27f",
      "GroupPath": "Config/LevelOutput/Group/Groups_P81313_F81313001/LevelGroup_P81313_F81313001_G10.json",
      "DimensionFilter": {},
      "Name": "RogueTemplate210_BaseElite",
      "ID": 10
    },
    {
      "GroupGUID": "4569cffb-e645-4c33-82c4-626323cc8e2e",
      "GroupPath": "Config/LevelOutput/Group/Groups_P81313_F81313001/LevelGroup_P81313_F81313001_G11.json",
      "DimensionFilter": {},
      "Name": "RogueTemplate210_BaseElite_Elite",
      "ID": 11
    },
    {
      "GroupGUID": "e407ded7-a5a2-4318-9b3e-c20d633d0f20",
      "GroupPath": "Config/LevelOutput/Group/Groups_P81313_F81313001/LevelGroup_P81313_F81313001_G12.json",
      "DimensionFilter": {},
      "Name": "RogueTemplate210_Area",
      "ID": 12
    },
    {
      "GroupGUID": "ca250449-399d-4146-9c3b-73b3bae76bef",
      "GroupPath": "Config/LevelOutput/Group/Groups_P81313_F81313001/LevelGroup_P81313_F81313001_G13.json",
      "DimensionFilter": {},
      "Name": "RogueTemplate210_BaseEvent",
      "ID": 13
    },
    {
      "GroupGUID": "bed8a7ed-9891-45cd-94e9-61aaa49242f2",
      "GroupPath": "Config/LevelOutput/Group/Groups_P81313_F81313001/LevelGroup_P81313_F81313001_G14.json",
      "DimensionFilter": {},
      "Name": "RogueTemplate210_BaseEvent_Event",
      "ID": 14
    },
    {
      "GroupGUID": "8ae49787-81ba-41db-b93c-f22a73eb9e41",
      "GroupPath": "Config/LevelOutput/Group/Groups_P81313_F81313001/LevelGroup_P81313_F81313001_G15.json",
      "DimensionFilter": {},
      "Name": "RogueTemplate210_BaseTripleMonster",
      "ID": 15
    },
    {
      "GroupGUID": "3d0654bb-df2f-41cd-9364-21b1d04ae96b",
      "GroupPath": "Config/LevelOutput/Group/Groups_P81313_F81313001/LevelGroup_P81313_F81313001_G16.json",
      "DimensionFilter": {},
      "Name": "RogueTemplate210_BaseTripleMonster_Event",
      "ID": 16
    },
    {
      "GroupGUID": "8ebe4905-32ec-4127-bc27-8f3da6793537",
      "GroupPath": "Config/LevelOutput/Group/Groups_P81313_F81313001/LevelGroup_P81313_F81313001_G17.json",
      "DimensionFilter": {},
      "Name": "RogueTemplate210_BaseTripleMonster_MainMonster",
      "ID": 17
    },
    {
      "GroupGUID": "7c377b99-695a-4c67-bf60-b9615f59c4d2",
      "GroupPath": "Config/LevelOutput/Group/Groups_P81313_F81313001/LevelGroup_P81313_F81313001_G18.json",
      "DimensionFilter": {},
      "Name": "RogueTemplate210_BaseTripleMonster_SubMonster_Left",
      "ID": 18
    },
    {
      "GroupGUID": "3f3b4703-106a-4b1c-b8ed-82077897b1fd",
      "GroupPath": "Config/LevelOutput/Group/Groups_P81313_F81313001/LevelGroup_P81313_F81313001_G19.json",
      "DimensionFilter": {},
      "Name": "RogueTemplate210_BaseTripleMonster_SubMonster_Right",
      "ID": 19
    },
    {
      "GroupGUID": "aefb1506-afea-42d3-9a76-80c1f741ab46",
      "GroupPath": "Config/LevelOutput/Group/Groups_P81313_F81313001/LevelGroup_P81313_F81313001_G68.json",
      "DimensionFilter": {},
      "Name": "RogueTemplate210_BaseTripleMonster_MainMonster_ForDoubleMonster",
      "ID": 68
    },
    {
      "GroupGUID": "b8b6b9ae-90f0-43c8-b330-48159d08b7d9",
      "GroupPath": "Config/LevelOutput/Group/Groups_P81313_F81313001/LevelGroup_P81313_F81313001_G20.json",
      "DimensionFilter": {},
      "Name": "RogueTemplate210_Area",
      "ID": 20
    },
    {
      "GroupGUID": "f259eeea-f34d-478c-bdea-8e2b26ec2b6d",
      "GroupPath": "Config/LevelOutput/Group/Groups_P81313_F81313001/LevelGroup_P81313_F81313001_G21.json",
      "DimensionFilter": {},
      "Name": "RogueTemplate210_BaseEvent",
      "ID": 21
    },
    {
      "GroupGUID": "5c150f94-36cd-4ec2-80e8-4f344714d5e4",
      "GroupPath": "Config/LevelOutput/Group/Groups_P81313_F81313001/LevelGroup_P81313_F81313001_G22.json",
      "DimensionFilter": {},
      "Name": "RogueTemplate210_BaseEvent_Event",
      "ID": 22
    },
    {
      "GroupGUID": "60ebc912-cb50-4182-a920-3d892934fd73",
      "GroupPath": "Config/LevelOutput/Group/Groups_P81313_F81313001/LevelGroup_P81313_F81313001_G23.json",
      "DimensionFilter": {},
      "Name": "RogueTemplate210_BaseTripleMonster",
      "ID": 23
    },
    {
      "GroupGUID": "149b7691-9035-431c-b860-78ba8f0f7074",
      "GroupPath": "Config/LevelOutput/Group/Groups_P81313_F81313001/LevelGroup_P81313_F81313001_G24.json",
      "DimensionFilter": {},
      "Name": "RogueTemplate210_BaseTripleMonster_Event",
      "ID": 24
    },
    {
      "GroupGUID": "702f8361-a70a-45d0-a20e-70d306133e53",
      "GroupPath": "Config/LevelOutput/Group/Groups_P81313_F81313001/LevelGroup_P81313_F81313001_G25.json",
      "DimensionFilter": {},
      "Name": "RogueTemplate210_BaseTripleMonster_MainMonster",
      "ID": 25
    },
    {
      "GroupGUID": "bc522c07-4690-444c-a801-ffcf2c4a650c",
      "GroupPath": "Config/LevelOutput/Group/Groups_P81313_F81313001/LevelGroup_P81313_F81313001_G26.json",
      "DimensionFilter": {},
      "Name": "RogueTemplate210_BaseTripleMonster_SubMonster_Left",
      "ID": 26
    },
    {
      "GroupGUID": "34550afc-246b-450f-be36-8b015b5ef2e1",
      "GroupPath": "Config/LevelOutput/Group/Groups_P81313_F81313001/LevelGroup_P81313_F81313001_G27.json",
      "DimensionFilter": {},
      "Name": "RogueTemplate210_BaseTripleMonster_SubMonster_Right",
      "ID": 27
    },
    {
      "GroupGUID": "58cac18e-2ae1-4715-828e-ec7f8839b4ac",
      "GroupPath": "Config/LevelOutput/Group/Groups_P81313_F81313001/LevelGroup_P81313_F81313001_G67.json",
      "DimensionFilter": {},
      "Name": "RogueTemplate210_BaseTripleMonster_MainMonster_ForDoubleMonster",
      "ID": 67
    },
    {
      "GroupGUID": "3abbecd6-4737-45f1-b351-5e97aec6afe0",
      "GroupPath": "Config/LevelOutput/Group/Groups_P81313_F81313001/LevelGroup_P81313_F81313001_G28.json",
      "DimensionFilter": {},
      "Name": "RogueTemplate210_Area",
      "ID": 28
    },
    {
      "GroupGUID": "41dfbc70-d548-474c-8d5a-32cf4867f583",
      "GroupPath": "Config/LevelOutput/Group/Groups_P81313_F81313001/LevelGroup_P81313_F81313001_G29.json",
      "DimensionFilter": {},
      "Name": "RogueTemplate210_BaseRest",
      "ID": 29
    },
    {
      "GroupGUID": "cbda8b2a-f63a-473d-804e-60f02c088a8c",
      "GroupPath": "Config/LevelOutput/Group/Groups_P81313_F81313001/LevelGroup_P81313_F81313001_G30.json",
      "DimensionFilter": {},
      "Name": "RogueTemplate210_BaseRest_Rest",
      "ID": 30
    },
    {
      "GroupGUID": "f60e4298-fe20-453e-87d3-ef21f6b8aa6b",
      "GroupPath": "Config/LevelOutput/Group/Groups_P81313_F81313001/LevelGroup_P81313_F81313001_G31.json",
      "DimensionFilter": {},
      "Name": "RogueTemplate210_Area",
      "ID": 31
    },
    {
      "GroupGUID": "948e42f7-a8a8-434d-b487-07993cb2d74c",
      "GroupPath": "Config/LevelOutput/Group/Groups_P81313_F81313001/LevelGroup_P81313_F81313001_G32.json",
      "DimensionFilter": {},
      "Name": "RogueTemplate210_BaseEvent",
      "ID": 32
    },
    {
      "GroupGUID": "7bf9e74e-1c16-4b49-83e2-b2945cb22357",
      "GroupPath": "Config/LevelOutput/Group/Groups_P81313_F81313001/LevelGroup_P81313_F81313001_G33.json",
      "Name": "RogueTemplate210_BaseEvent_Event",
      "ID": 33
    },
    {
      "GroupGUID": "37466214-2713-4a80-a6f4-97ec4b39c90f",
      "GroupPath": "Config/LevelOutput/Group/Groups_P81313_F81313001/LevelGroup_P81313_F81313001_G34.json",
      "DimensionFilter": {},
      "Name": "RogueTemplate210_BaseTripleMonster",
      "ID": 34
    },
    {
      "GroupGUID": "ff84e8ec-39cf-4e26-aefd-3b6c1234e94c",
      "GroupPath": "Config/LevelOutput/Group/Groups_P81313_F81313001/LevelGroup_P81313_F81313001_G35.json",
      "DimensionFilter": {},
      "Name": "RogueTemplate210_BaseTripleMonster_Event",
      "ID": 35
    },
    {
      "GroupGUID": "60369327-e2d7-491c-acd5-4bffdcd19dd7",
      "GroupPath": "Config/LevelOutput/Group/Groups_P81313_F81313001/LevelGroup_P81313_F81313001_G36.json",
      "DimensionFilter": {},
      "Name": "RogueTemplate210_BaseTripleMonster_MainMonster",
      "ID": 36
    },
    {
      "GroupGUID": "4c4b6509-a08a-454c-8351-ca2c981b2d08",
      "GroupPath": "Config/LevelOutput/Group/Groups_P81313_F81313001/LevelGroup_P81313_F81313001_G37.json",
      "DimensionFilter": {},
      "Name": "RogueTemplate210_BaseTripleMonster_SubMonster_Left",
      "ID": 37
    },
    {
      "GroupGUID": "f91cc023-cc49-404f-bebc-a29d45d556ea",
      "GroupPath": "Config/LevelOutput/Group/Groups_P81313_F81313001/LevelGroup_P81313_F81313001_G38.json",
      "DimensionFilter": {},
      "Name": "RogueTemplate210_BaseTripleMonster_SubMonster_Right",
      "ID": 38
    },
    {
      "GroupGUID": "ce10b865-5634-453c-ad52-d5ed61375e86",
      "GroupPath": "Config/LevelOutput/Group/Groups_P81313_F81313001/LevelGroup_P81313_F81313001_G66.json",
      "DimensionFilter": {},
      "Name": "RogueTemplate210_BaseTripleMonster_MainMonster_ForDoubleMonster",
      "ID": 66
    },
    {
      "GroupGUID": "41f263ec-74eb-4420-b784-ca7a79afef2c",
      "GroupPath": "Config/LevelOutput/Group/Groups_P81313_F81313001/LevelGroup_P81313_F81313001_G39.json",
      "DimensionFilter": {},
      "Name": "RogueTemplate210_Area",
      "ID": 39
    },
    {
      "GroupGUID": "8996f10e-aa22-4a1b-933b-625cf036e535",
      "GroupPath": "Config/LevelOutput/Group/Groups_P81313_F81313001/LevelGroup_P81313_F81313001_G40.json",
      "DimensionFilter": {},
      "Name": "RogueTemplate210_BaseEvent",
      "ID": 40
    },
    {
      "GroupGUID": "2e6b7d54-95d6-45df-8bd8-6a8205348122",
      "GroupPath": "Config/LevelOutput/Group/Groups_P81313_F81313001/LevelGroup_P81313_F81313001_G41.json",
      "DimensionFilter": {},
      "Name": "RogueTemplate210_BaseEvent_Event",
      "ID": 41
    },
    {
      "GroupGUID": "13089dca-4673-4d2a-b108-ec5c604ec975",
      "GroupPath": "Config/LevelOutput/Group/Groups_P81313_F81313001/LevelGroup_P81313_F81313001_G42.json",
      "DimensionFilter": {},
      "Name": "RogueTemplate210_BaseTripleMonster",
      "ID": 42
    },
    {
      "GroupGUID": "0a674628-5d26-41c8-83bd-9afe1fd11533",
      "GroupPath": "Config/LevelOutput/Group/Groups_P81313_F81313001/LevelGroup_P81313_F81313001_G43.json",
      "DimensionFilter": {},
      "Name": "RogueTemplate210_BaseTripleMonster_Event",
      "ID": 43
    },
    {
      "GroupGUID": "96145307-3155-4314-9803-ec9b47a97340",
      "GroupPath": "Config/LevelOutput/Group/Groups_P81313_F81313001/LevelGroup_P81313_F81313001_G44.json",
      "DimensionFilter": {},
      "Name": "RogueTemplate210_BaseTripleMonster_MainMonster",
      "ID": 44
    },
    {
      "GroupGUID": "9c28e614-6ea3-4efd-9cbb-c0337e03ddfb",
      "GroupPath": "Config/LevelOutput/Group/Groups_P81313_F81313001/LevelGroup_P81313_F81313001_G45.json",
      "DimensionFilter": {},
      "Name": "RogueTemplate210_BaseTripleMonster_SubMonster_Left",
      "ID": 45
    },
    {
      "GroupGUID": "29cc3c13-03a8-4707-8b7b-1886cd91a367",
      "GroupPath": "Config/LevelOutput/Group/Groups_P81313_F81313001/LevelGroup_P81313_F81313001_G46.json",
      "DimensionFilter": {},
      "Name": "RogueTemplate210_BaseTripleMonster_SubMonster_Right",
      "ID": 46
    },
    {
      "GroupGUID": "ef3fc719-db8b-4f9f-ae74-b75308c2176f",
      "GroupPath": "Config/LevelOutput/Group/Groups_P81313_F81313001/LevelGroup_P81313_F81313001_G65.json",
      "DimensionFilter": {},
      "Name": "RogueTemplate210_BaseTripleMonster_MainMonster_ForDoubleMonster",
      "ID": 65
    },
    {
      "GroupGUID": "299fb602-38bc-4a59-974e-8469705196c4",
      "GroupPath": "Config/LevelOutput/Group/Groups_P81313_F81313001/LevelGroup_P81313_F81313001_G47.json",
      "DimensionFilter": {},
      "Name": "RogueTemplate210_Area",
      "ID": 47
    },
    {
      "GroupGUID": "58b2ebc6-134d-4c30-8ab7-88a4758855e8",
      "GroupPath": "Config/LevelOutput/Group/Groups_P81313_F81313001/LevelGroup_P81313_F81313001_G48.json",
      "DimensionFilter": {},
      "Name": "RogueTemplate210_BaseEvent",
      "ID": 48
    },
    {
      "GroupGUID": "c0123c23-ffaf-467a-9f2a-bb1d32410793",
      "GroupPath": "Config/LevelOutput/Group/Groups_P81313_F81313001/LevelGroup_P81313_F81313001_G49.json",
      "DimensionFilter": {},
      "Name": "RogueTemplate210_BaseEvent_Event",
      "ID": 49
    },
    {
      "GroupGUID": "f8fef7aa-4efc-41c6-bbee-035acc4604e6",
      "GroupPath": "Config/LevelOutput/Group/Groups_P81313_F81313001/LevelGroup_P81313_F81313001_G50.json",
      "DimensionFilter": {},
      "Name": "RogueTemplate210_BaseTripleMonster",
      "ID": 50
    },
    {
      "GroupGUID": "3b1857fd-69c5-4b9e-b5c1-30b4851e3866",
      "GroupPath": "Config/LevelOutput/Group/Groups_P81313_F81313001/LevelGroup_P81313_F81313001_G51.json",
      "DimensionFilter": {},
      "Name": "RogueTemplate210_BaseTripleMonster_Event",
      "ID": 51
    },
    {
      "GroupGUID": "10dc0cf4-dd27-4de0-b475-cbd98df4fd28",
      "GroupPath": "Config/LevelOutput/Group/Groups_P81313_F81313001/LevelGroup_P81313_F81313001_G52.json",
      "DimensionFilter": {},
      "Name": "RogueTemplate210_BaseTripleMonster_MainMonster",
      "ID": 52
    },
    {
      "GroupGUID": "e2369610-63fe-4919-95d7-0375561252b5",
      "GroupPath": "Config/LevelOutput/Group/Groups_P81313_F81313001/LevelGroup_P81313_F81313001_G53.json",
      "DimensionFilter": {},
      "Name": "RogueTemplate210_BaseTripleMonster_SubMonster_Left",
      "ID": 53
    },
    {
      "GroupGUID": "33c282ab-b843-40f7-a31a-4683c962c6b6",
      "GroupPath": "Config/LevelOutput/Group/Groups_P81313_F81313001/LevelGroup_P81313_F81313001_G54.json",
      "DimensionFilter": {},
      "Name": "RogueTemplate210_BaseTripleMonster_SubMonster_Right",
      "ID": 54
    },
    {
      "GroupGUID": "8343d9b4-e5bb-479f-a258-c2b91dd1d745",
      "GroupPath": "Config/LevelOutput/Group/Groups_P81313_F81313001/LevelGroup_P81313_F81313001_G64.json",
      "DimensionFilter": {},
      "Name": "RogueTemplate210_BaseTripleMonster_MainMonster_ForDoubleMonster",
      "ID": 64
    },
    {
      "GroupGUID": "7d81fd16-93b4-4efa-9a14-3eabe04839ee",
      "GroupPath": "Config/LevelOutput/Group/Groups_P81313_F81313001/LevelGroup_P81313_F81313001_G55.json",
      "DimensionFilter": {},
      "Name": "RogueTemplate210_Area",
      "ID": 55
    },
    {
      "GroupGUID": "2028d683-c4e7-482f-a88b-c857aaded4cc",
      "GroupPath": "Config/LevelOutput/Group/Groups_P81313_F81313001/LevelGroup_P81313_F81313001_G56.json",
      "DimensionFilter": {},
      "Name": "RogueTemplate210_BaseEvent",
      "ID": 56
    },
    {
      "GroupGUID": "acfc852c-f104-44fa-9314-1e20b4974285",
      "GroupPath": "Config/LevelOutput/Group/Groups_P81313_F81313001/LevelGroup_P81313_F81313001_G57.json",
      "DimensionFilter": {},
      "Name": "RogueTemplate210_BaseEvent_Event",
      "ID": 57
    },
    {
      "GroupGUID": "4c28adac-22ba-44df-ae14-408839dbef26",
      "GroupPath": "Config/LevelOutput/Group/Groups_P81313_F81313001/LevelGroup_P81313_F81313001_G58.json",
      "DimensionFilter": {},
      "Name": "RogueTemplate210_BaseTripleMonster",
      "ID": 58
    },
    {
      "GroupGUID": "b955fdd8-7a9a-4439-aac5-088074d43ffc",
      "GroupPath": "Config/LevelOutput/Group/Groups_P81313_F81313001/LevelGroup_P81313_F81313001_G59.json",
      "Name": "RogueTemplate210_BaseTripleMonster_Event",
      "ID": 59
    },
    {
      "GroupGUID": "4f37783a-c847-498c-8bbf-10b045ef81cf",
      "GroupPath": "Config/LevelOutput/Group/Groups_P81313_F81313001/LevelGroup_P81313_F81313001_G60.json",
      "Name": "RogueTemplate210_BaseTripleMonster_MainMonster",
      "ID": 60
    },
    {
      "GroupGUID": "7b072616-f5d2-48db-8d13-b873ede8fc8e",
      "GroupPath": "Config/LevelOutput/Group/Groups_P81313_F81313001/LevelGroup_P81313_F81313001_G61.json",
      "Name": "RogueTemplate210_BaseTripleMonster_SubMonster_Left",
      "ID": 61
    },
    {
      "GroupGUID": "4fe82fea-81d9-4cdc-9db7-2f5b729c8745",
      "GroupPath": "Config/LevelOutput/Group/Groups_P81313_F81313001/LevelGroup_P81313_F81313001_G62.json",
      "DimensionFilter": {},
      "Name": "RogueTemplate210_BaseTripleMonster_SubMonster_Right",
      "ID": 62
    },
    {
      "GroupGUID": "873fd440-0e60-4096-978c-352d772d2620",
      "GroupPath": "Config/LevelOutput/Group/Groups_P81313_F81313001/LevelGroup_P81313_F81313001_G63.json",
      "DimensionFilter": {},
      "Name": "RogueTemplate210_BaseTripleMonster_MainMonster_ForDoubleMonster",
      "ID": 63
    },
    {
      "GroupGUID": "73402301-b8f7-412f-8f66-c96918b93f03",
      "GroupPath": "Config/LevelOutput/Group/Groups_P81313_F81313001/LevelGroup_P81313_F81313001_G69.json",
      "DimensionFilter": {},
      "Name": "RogueTemplate210_Area",
      "ID": 69
    },
    {
      "GroupGUID": "5df15229-9326-4f1f-a1fa-7be64505d5b4",
      "GroupPath": "Config/LevelOutput/Group/Groups_P81313_F81313001/LevelGroup_P81313_F81313001_G70.json",
      "DimensionFilter": {},
      "Name": "RogueTemplate210_BaseTripleMonster",
      "ID": 70
    },
    {
      "GroupGUID": "1bae47c4-e29b-476f-ab48-d95c7cda58f8",
      "GroupPath": "Config/LevelOutput/Group/Groups_P81313_F81313001/LevelGroup_P81313_F81313001_G71.json",
      "DimensionFilter": {},
      "Name": "RogueTemplate210_BaseTripleMonster_Event",
      "ID": 71
    },
    {
      "GroupGUID": "2ced635e-db7a-4f46-8ac6-87223e53a560",
      "GroupPath": "Config/LevelOutput/Group/Groups_P81313_F81313001/LevelGroup_P81313_F81313001_G72.json",
      "DimensionFilter": {},
      "Name": "RogueTemplate210_BaseTripleMonster_MainMonster",
      "ID": 72
    },
    {
      "GroupGUID": "f05770dc-78c9-47af-93b6-b16281e95cbc",
      "GroupPath": "Config/LevelOutput/Group/Groups_P81313_F81313001/LevelGroup_P81313_F81313001_G73.json",
      "DimensionFilter": {},
      "Name": "RogueTemplate210_BaseTripleMonster_SubMonster_Left",
      "ID": 73
    },
    {
      "GroupGUID": "f6f079f3-52c9-4e29-8ef6-4c979eaeea67",
      "GroupPath": "Config/LevelOutput/Group/Groups_P81313_F81313001/LevelGroup_P81313_F81313001_G74.json",
      "DimensionFilter": {},
      "Name": "RogueTemplate210_BaseTripleMonster_SubMonster_Right",
      "ID": 74
    },
    {
      "GroupGUID": "3aa19984-600f-4c7e-b66e-1fecfee1d5bc",
      "GroupPath": "Config/LevelOutput/Group/Groups_P81313_F81313001/LevelGroup_P81313_F81313001_G75.json",
      "DimensionFilter": {},
      "Name": "RogueTemplate210_Area",
      "ID": 75
    },
    {
      "GroupGUID": "f40734e7-c694-46f2-aa19-fb656e064c3a",
      "GroupPath": "Config/LevelOutput/Group/Groups_P81313_F81313001/LevelGroup_P81313_F81313001_G76.json",
      "DimensionFilter": {},
      "Name": "RogueTemplate210_BaseTripleMonster",
      "ID": 76
    },
    {
      "GroupGUID": "fab24d46-110d-4790-8eba-6de6839ba4b0",
      "GroupPath": "Config/LevelOutput/Group/Groups_P81313_F81313001/LevelGroup_P81313_F81313001_G77.json",
      "DimensionFilter": {},
      "Name": "RogueTemplate210_BaseTripleMonster_Event",
      "ID": 77
    },
    {
      "GroupGUID": "0b2a0a92-3107-4a66-9a13-51b364b7ce54",
      "GroupPath": "Config/LevelOutput/Group/Groups_P81313_F81313001/LevelGroup_P81313_F81313001_G78.json",
      "DimensionFilter": {},
      "Name": "RogueTemplate210_BaseTripleMonster_MainMonster",
      "ID": 78
    },
    {
      "GroupGUID": "092b32ba-df0d-402b-a308-0a26088d9123",
      "GroupPath": "Config/LevelOutput/Group/Groups_P81313_F81313001/LevelGroup_P81313_F81313001_G79.json",
      "DimensionFilter": {},
      "Name": "RogueTemplate210_BaseTripleMonster_SubMonster_Left",
      "ID": 79
    },
    {
      "GroupGUID": "b72a2e13-0720-4132-bd69-989f7ecff0b8",
      "GroupPath": "Config/LevelOutput/Group/Groups_P81313_F81313001/LevelGroup_P81313_F81313001_G80.json",
      "DimensionFilter": {},
      "Name": "RogueTemplate210_BaseTripleMonster_SubMonster_Right",
      "ID": 80
    },
    {
      "GroupGUID": "2d7e8862-bece-42f9-abf2-6b96abb219cb",
      "GroupPath": "Config/LevelOutput/Group/Groups_P81313_F81313001/LevelGroup_P81313_F81313001_G81.json",
      "DimensionFilter": {},
      "Name": "RogueTemplate210_Area",
      "ID": 81
    },
    {
      "GroupGUID": "37c0446f-6260-40fc-b9d5-c2d1c26a588c",
      "GroupPath": "Config/LevelOutput/Group/Groups_P81313_F81313001/LevelGroup_P81313_F81313001_G82.json",
      "DimensionFilter": {},
      "Name": "RogueTemplate210_BaseTripleMonster",
      "ID": 82
    },
    {
      "GroupGUID": "4dff8af5-9df5-41a6-a63d-3d5db9fe3692",
      "GroupPath": "Config/LevelOutput/Group/Groups_P81313_F81313001/LevelGroup_P81313_F81313001_G83.json",
      "DimensionFilter": {},
      "Name": "RogueTemplate210_BaseTripleMonster_Event",
      "ID": 83
    },
    {
      "GroupGUID": "33764313-fb2b-4942-9555-44fbe2732402",
      "GroupPath": "Config/LevelOutput/Group/Groups_P81313_F81313001/LevelGroup_P81313_F81313001_G84.json",
      "DimensionFilter": {},
      "Name": "RogueTemplate210_BaseTripleMonster_MainMonster",
      "ID": 84
    },
    {
      "GroupGUID": "d16729c8-6b54-426e-9880-fc5a8e6a4c3f",
      "GroupPath": "Config/LevelOutput/Group/Groups_P81313_F81313001/LevelGroup_P81313_F81313001_G85.json",
      "DimensionFilter": {},
      "Name": "RogueTemplate210_BaseTripleMonster_SubMonster_Left",
      "ID": 85
    },
    {
      "GroupGUID": "15bed743-cde3-41b7-964f-0ab1ea052ee5",
      "GroupPath": "Config/LevelOutput/Group/Groups_P81313_F81313001/LevelGroup_P81313_F81313001_G86.json",
      "DimensionFilter": {},
      "Name": "RogueTemplate210_BaseTripleMonster_SubMonster_Right",
      "ID": 86
    }
  ],
  "DefaultEnviroProfile": "Stages/Outputs/Chapter03/EnviroProfile/Chap03_CloseView_MAZ_P103_DreamEdge_night_01.enviroProfile.asset",
  "StageData": "Stages/Outputs/Chapter03/Stages/Chap03_MAZ_P103_StageData/Chap03_MAZ_P103_StageData.stage",
  "CameraType": "Maze",
  "TimeOfDayEnviroProfileMap": {},
  "LayerToAreaMask": [
    8
  ],
  "BattleAreaList": [],
  "DimensionList": [
    {}
  ],
  "NavmapConfigPath": "Config/LevelOutput/Map/MapInfo_P81313_F81313001.json",
  "TempGroupUnloadByY": 0,
  "IsRestartLevelGraph": false
}