{
  "FloorID": 89001001,
  "FloorName": "MazeText_Empty",
  "StartGroupID": 1,
  "StartAnchorID": 1,
  "GroupList": [
    {
      "GroupGUID": "fb5b7efb-72a7-40d6-9be9-4e6a32476293",
      "GroupPath": "Config/LevelOutput/Group/Groups_P89001_F89001001/LevelGroup_P89001_F89001001_G1.json",
      "Name": "DefaultGroup",
      "ID": 1
    },
    {
      "GroupGUID": "c964462e-28ce-45fd-9653-284e7a7333f0",
      "GroupPath": "Config/LevelOutput/Group/Groups_P89001_F89001001/LevelGroup_P89001_F89001001_G5.json",
      "Name": "prop",
      "ID": 5
    },
    {
      "GroupGUID": "cfcf7065-c0eb-433f-b486-00744ab31e91",
      "GroupPath": "Config/LevelOutput/Group/Groups_P89001_F89001001/LevelGroup_P89001_F89001001_G58.json",
      "Name": "RogueOrigin_Area",
      "ID": 58
    },
    {
      "GroupGUID": "6359d6d1-b18a-4b28-8bc6-de461116051e",
      "GroupPath": "Config/LevelOutput/Group/Groups_P89001_F89001001/LevelGroup_P89001_F89001001_G59.json",
      "Name": "RogueOrigin_BaseBoss",
      "ID": 59
    },
    {
      "GroupGUID": "70fc102e-eafd-4619-859d-fb0607bc512d",
      "GroupPath": "Config/LevelOutput/Group/Groups_P89001_F89001001/LevelGroup_P89001_F89001001_G64.json",
      "Name": "RogueOrigin_Boss",
      "ID": 64
    },
    {
      "GroupGUID": "0d3f68c4-171a-4453-b2ec-421d92462dcf",
      "GroupPath": "Config/LevelOutput/Group/Groups_P89001_F89001001/LevelGroup_P89001_F89001001_G60.json",
      "Name": "RogueOrigin_BaseCommon",
      "ID": 60
    },
    {
      "GroupGUID": "fcdb7f10-410b-4002-a85f-909c8699f16b",
      "GroupPath": "Config/LevelOutput/Group/Groups_P89001_F89001001/LevelGroup_P89001_F89001001_G66.json",
      "Name": "RogueOrigin_Event",
      "ID": 66
    },
    {
      "GroupGUID": "a301e407-e165-4763-b684-f5dbec141276",
      "GroupPath": "Config/LevelOutput/Group/Groups_P89001_F89001001/LevelGroup_P89001_F89001001_G67.json",
      "Name": "RogueOrigin_MainMonster",
      "ID": 67
    },
    {
      "GroupGUID": "4bdeeafa-2a99-47af-af99-d8cefbcd5b3a",
      "GroupPath": "Config/LevelOutput/Group/Groups_P89001_F89001001/LevelGroup_P89001_F89001001_G69.json",
      "Name": "RogueOrigin_SubMonster",
      "ID": 69
    },
    {
      "GroupGUID": "99706d1a-7d93-484a-9e90-df37bae6723f",
      "GroupPath": "Config/LevelOutput/Group/Groups_P89001_F89001001/LevelGroup_P89001_F89001001_G61.json",
      "Name": "RogueOrigin_BaseCommon_Reverse",
      "ID": 61
    },
    {
      "GroupGUID": "695cf467-8fb4-4aec-b93e-8fdcca0bb8c6",
      "GroupPath": "Config/LevelOutput/Group/Groups_P89001_F89001001/LevelGroup_P89001_F89001001_G62.json",
      "Name": "RogueOrigin_BaseElite",
      "ID": 62
    },
    {
      "GroupGUID": "c69e83b8-f55a-42df-81ec-1bdedf6a777f",
      "GroupPath": "Config/LevelOutput/Group/Groups_P89001_F89001001/LevelGroup_P89001_F89001001_G65.json",
      "Name": "RogueOrigin_Elite",
      "ID": 65
    },
    {
      "GroupGUID": "71e8e2cc-3349-4e12-81a8-10465309c7f9",
      "GroupPath": "Config/LevelOutput/Group/Groups_P89001_F89001001/LevelGroup_P89001_F89001001_G63.json",
      "Name": "RogueOrigin_BaseRest",
      "ID": 63
    },
    {
      "GroupGUID": "e9f0b774-06b4-41bc-ae45-73c3715b60d2",
      "GroupPath": "Config/LevelOutput/Group/Groups_P89001_F89001001/LevelGroup_P89001_F89001001_G68.json",
      "Name": "RogueOrigin_Rest",
      "ID": 68
    },
    {
      "GroupGUID": "586a5173-7b69-4ea9-ac7f-afab480c7717",
      "GroupPath": "Config/LevelOutput/Group/Groups_P89001_F89001001/LevelGroup_P89001_F89001001_G70.json",
      "Name": "RogueDLC130_Area",
      "ID": 70
    },
    {
      "GroupGUID": "84fa0791-14ae-4aad-9f56-a03a7fde9645",
      "GroupPath": "Config/LevelOutput/Group/Groups_P89001_F89001001/LevelGroup_P89001_F89001001_G71.json",
      "Name": "RogueDLC130_BaseBoss",
      "ID": 71
    },
    {
      "GroupGUID": "d320937b-11ad-4273-b431-141387d1aa0e",
      "GroupPath": "Config/LevelOutput/Group/Groups_P89001_F89001001/LevelGroup_P89001_F89001001_G84.json",
      "Name": "RogueDLC130_SwarmBoss",
      "ID": 84
    },
    {
      "GroupGUID": "83fac9fa-4081-4e13-a062-b8d0797f2a74",
      "GroupPath": "Config/LevelOutput/Group/Groups_P89001_F89001001/LevelGroup_P89001_F89001001_G72.json",
      "Name": "RogueDLC130_Boss",
      "ID": 72
    },
    {
      "GroupGUID": "3874ab30-5881-4f7e-8112-7be8ac81e2fa",
      "GroupPath": "Config/LevelOutput/Group/Groups_P89001_F89001001/LevelGroup_P89001_F89001001_G79.json",
      "Name": "RogueDLC130_Elite",
      "ID": 79
    },
    {
      "GroupGUID": "7d22f3f4-fc3d-437d-a9b1-779274c4cc97",
      "GroupPath": "Config/LevelOutput/Group/Groups_P89001_F89001001/LevelGroup_P89001_F89001001_G73.json",
      "Name": "RogueDLC130_BaseCommon",
      "ID": 73
    },
    {
      "GroupGUID": "afaded04-aa1f-4bf6-8abf-d6dcea0e8a67",
      "GroupPath": "Config/LevelOutput/Group/Groups_P89001_F89001001/LevelGroup_P89001_F89001001_G74.json",
      "Name": "RogueDLC130_Event",
      "ID": 74
    },
    {
      "GroupGUID": "2aa675c6-0a9a-4136-a5af-a91bdeafb9c6",
      "GroupPath": "Config/LevelOutput/Group/Groups_P89001_F89001001/LevelGroup_P89001_F89001001_G75.json",
      "Name": "RogueDLC130_MainMonster",
      "ID": 75
    },
    {
      "GroupGUID": "15502371-0245-429e-8189-e006d9cd1cb0",
      "GroupPath": "Config/LevelOutput/Group/Groups_P89001_F89001001/LevelGroup_P89001_F89001001_G76.json",
      "Name": "RogueDLC130_SubMonster",
      "ID": 76
    },
    {
      "GroupGUID": "521f7acf-430a-4ec2-94c0-fa8c871d3998",
      "GroupPath": "Config/LevelOutput/Group/Groups_P89001_F89001001/LevelGroup_P89001_F89001001_G80.json",
      "Name": "RogueDLC130_BaseRest",
      "ID": 80
    },
    {
      "GroupGUID": "94fa23d6-861f-4218-ac85-d676947a4ef7",
      "GroupPath": "Config/LevelOutput/Group/Groups_P89001_F89001001/LevelGroup_P89001_F89001001_G81.json",
      "Name": "RogueDLC130_Rest",
      "ID": 81
    },
    {
      "GroupGUID": "3efeacd4-2488-4524-8345-945d7b933735",
      "GroupPath": "Config/LevelOutput/Group/Groups_P89001_F89001001/LevelGroup_P89001_F89001001_G83.json",
      "Name": "RogueDLC130_BaseShop",
      "ID": 83
    },
    {
      "GroupGUID": "bb4545cb-5d8e-4269-bf46-7848fe73e69d",
      "GroupPath": "Config/LevelOutput/Group/Groups_P89001_F89001001/LevelGroup_P89001_F89001001_G82.json",
      "Name": "RogueDLC130_Shop",
      "ID": 82
    },
    {
      "GroupGUID": "5e42a582-b972-4bda-9fbc-da65264968ab",
      "GroupPath": "Config/LevelOutput/Group/Groups_P89001_F89001001/LevelGroup_P89001_F89001001_G92.json",
      "Name": "RogueDLC130_Shop",
      "ID": 92
    },
    {
      "GroupGUID": "6b18eba6-44c5-4bbc-b2e6-8f9a1fd27f85",
      "GroupPath": "Config/LevelOutput/Group/Groups_P89001_F89001001/LevelGroup_P89001_F89001001_G85.json",
      "Name": "RogueDLC130_BaseEmpty",
      "ID": 85
    },
    {
      "GroupGUID": "88e8b052-a4e9-40a5-98fa-1bef70a1554e",
      "GroupPath": "Config/LevelOutput/Group/Groups_P89001_F89001001/LevelGroup_P89001_F89001001_G86.json",
      "Name": "RogueBase_Common",
      "ID": 86
    },
    {
      "GroupGUID": "ae004f76-6a85-4bd7-b414-92e9c6b6e35f",
      "GroupPath": "Config/LevelOutput/Group/Groups_P89001_F89001001/LevelGroup_P89001_F89001001_G87.json",
      "Name": "AdvPuman",
      "ID": 87
    },
    {
      "GroupGUID": "d6423a0f-6d75-4448-8da4-efbd4768a90e",
      "GroupPath": "Config/LevelOutput/Group/Groups_P89001_F89001001/LevelGroup_P89001_F89001001_G88.json",
      "Name": "RogueBase_Common",
      "ID": 88
    },
    {
      "GroupGUID": "6f7e6610-7b51-40f6-86c7-a47653ddcfcc",
      "GroupPath": "Config/LevelOutput/Group/Groups_P89001_F89001001/LevelGroup_P89001_F89001001_G89.json",
      "Name": "AdvDes",
      "ID": 89
    },
    {
      "GroupGUID": "3c65000f-b5ab-4596-9017-c976858be6c9",
      "GroupPath": "Config/LevelOutput/Group/Groups_P89001_F89001001/LevelGroup_P89001_F89001001_G175.json",
      "DimensionFilter": {},
      "Name": "Tpl_RogueOrigin_Area",
      "ID": 175
    },
    {
      "GroupGUID": "84ad3c62-1f67-4d86-8a2d-2def06d95616",
      "GroupPath": "Config/LevelOutput/Group/Groups_P89001_F89001001/LevelGroup_P89001_F89001001_G176.json",
      "DimensionFilter": {},
      "Name": "Tpl_RogueOrigin_BaseBoss",
      "ID": 176
    },
    {
      "GroupGUID": "f7eebf2a-8c56-4cf8-9231-3cd559588a57",
      "GroupPath": "Config/LevelOutput/Group/Groups_P89001_F89001001/LevelGroup_P89001_F89001001_G177.json",
      "DimensionFilter": {},
      "Name": "Tpl_RogueOrigin_Boss",
      "ID": 177
    },
    {
      "GroupGUID": "6fbd2dd5-b778-4303-979a-16531449b10d",
      "GroupPath": "Config/LevelOutput/Group/Groups_P89001_F89001001/LevelGroup_P89001_F89001001_G178.json",
      "DimensionFilter": {},
      "Name": "Tpl_RogueOrigin_BaseElite",
      "ID": 178
    },
    {
      "GroupGUID": "05dc4a46-bf8f-47af-b6ce-9381325b14ee",
      "GroupPath": "Config/LevelOutput/Group/Groups_P89001_F89001001/LevelGroup_P89001_F89001001_G179.json",
      "DimensionFilter": {},
      "Name": "Tpl_RogueOrigin_Elite",
      "ID": 179
    },
    {
      "GroupGUID": "88270e27-2f5a-4c8b-8897-6a255fd5058a",
      "GroupPath": "Config/LevelOutput/Group/Groups_P89001_F89001001/LevelGroup_P89001_F89001001_G180.json",
      "DimensionFilter": {},
      "Name": "Tpl_RogueTemplate_BaseSingleMonster",
      "ID": 180
    },
    {
      "GroupGUID": "dabbf1f5-7e08-4b03-abac-3cb99ecfca66",
      "GroupPath": "Config/LevelOutput/Group/Groups_P89001_F89001001/LevelGroup_P89001_F89001001_G181.json",
      "DimensionFilter": {},
      "Name": "Tpl_RogueOrigin_MainMonster",
      "ID": 181
    },
    {
      "GroupGUID": "ff227829-3e8e-4480-a8b4-586d294e3312",
      "GroupPath": "Config/LevelOutput/Group/Groups_P89001_F89001001/LevelGroup_P89001_F89001001_G182.json",
      "DimensionFilter": {},
      "Name": "Tpl_RogueOrigin_BaseCommon",
      "ID": 182
    },
    {
      "GroupGUID": "058f7f95-6540-4986-8406-4ae7c58b6cbb",
      "GroupPath": "Config/LevelOutput/Group/Groups_P89001_F89001001/LevelGroup_P89001_F89001001_G183.json",
      "DimensionFilter": {},
      "Name": "Tpl_RogueOrigin_MainMonster",
      "ID": 183
    },
    {
      "GroupGUID": "c27f6570-b99e-452d-b4c6-819b6d670a7e",
      "GroupPath": "Config/LevelOutput/Group/Groups_P89001_F89001001/LevelGroup_P89001_F89001001_G184.json",
      "DimensionFilter": {},
      "Name": "Tpl_RogueOrigin_SubMonster",
      "ID": 184
    },
    {
      "GroupGUID": "b224b71d-f978-4ab8-982b-cac3c7fc8abb",
      "GroupPath": "Config/LevelOutput/Group/Groups_P89001_F89001001/LevelGroup_P89001_F89001001_G185.json",
      "DimensionFilter": {},
      "Name": "Tpl_RogueOrigin_BaseCommon",
      "ID": 185
    },
    {
      "GroupGUID": "7f049697-f37c-4935-8c03-6f03e3297204",
      "GroupPath": "Config/LevelOutput/Group/Groups_P89001_F89001001/LevelGroup_P89001_F89001001_G186.json",
      "DimensionFilter": {},
      "Name": "Tpl_RogueOrigin_MainMonster",
      "ID": 186
    },
    {
      "GroupGUID": "cf6398b8-a681-4ab5-8adc-e9d0e6456f95",
      "GroupPath": "Config/LevelOutput/Group/Groups_P89001_F89001001/LevelGroup_P89001_F89001001_G187.json",
      "DimensionFilter": {},
      "Name": "Tpl_RogueOrigin_SubMonster",
      "ID": 187
    },
    {
      "GroupGUID": "626ac226-3535-41fa-b34f-e8e88861c031",
      "GroupPath": "Config/LevelOutput/Group/Groups_P89001_F89001001/LevelGroup_P89001_F89001001_G188.json",
      "DimensionFilter": {},
      "Name": "Tpl_RogueOrigin_SubMonster",
      "ID": 188
    },
    {
      "GroupGUID": "290486a4-04d7-4560-b15b-d7e65343ab37",
      "GroupPath": "Config/LevelOutput/Group/Groups_P89001_F89001001/LevelGroup_P89001_F89001001_G190.json",
      "DimensionFilter": {},
      "Name": "Tpl_RogueOrigin_Event",
      "ID": 190
    },
    {
      "GroupGUID": "0cc942d0-0ea4-4dce-8c4d-bf87a59bc097",
      "GroupPath": "Config/LevelOutput/Group/Groups_P89001_F89001001/LevelGroup_P89001_F89001001_G189.json",
      "DimensionFilter": {},
      "Name": "Tpl_RogueOrigin_BaseCommon",
      "ID": 189
    },
    {
      "GroupGUID": "bb0e10e4-89e2-4e11-8d25-09ef1ad69720",
      "GroupPath": "Config/LevelOutput/Group/Groups_P89001_F89001001/LevelGroup_P89001_F89001001_G191.json",
      "DimensionFilter": {},
      "Name": "Tpl_RogueOrigin_Event",
      "ID": 191
    },
    {
      "GroupGUID": "bb7bf352-aa1c-48cb-ab02-99d907d93653",
      "GroupPath": "Config/LevelOutput/Group/Groups_P89001_F89001001/LevelGroup_P89001_F89001001_G192.json",
      "DimensionFilter": {},
      "Name": "Tpl_RogueOrigin_BaseRest",
      "ID": 192
    },
    {
      "GroupGUID": "27056f8b-d096-49d9-adb4-a13d953a6893",
      "GroupPath": "Config/LevelOutput/Group/Groups_P89001_F89001001/LevelGroup_P89001_F89001001_G193.json",
      "DimensionFilter": {},
      "Name": "Tpl_RogueOrigin_Rest",
      "ID": 193
    },
    {
      "GroupGUID": "cb6eb518-85f3-4f93-8006-e559e85c5926",
      "GroupPath": "Config/LevelOutput/Group/Groups_P89001_F89001001/LevelGroup_P89001_F89001001_G194.json",
      "DimensionFilter": {},
      "Name": "Tpl_RogueOrigin_MainMonster",
      "ID": 194
    }
  ],
  "DefaultEnviroProfile": "Stages/Outputs/Chapter00/EnviroProfile/Chap00_CloseView_MAZ_N101_01_Day.enviroProfile.asset",
  "StageData": "Stages/Outputs/Chapter00/Stages/Chap00_MAZ_N101_MainLine_01_StageData/Chap00_MAZ_N101_MainLine_01_StageData.stage",
  "CameraType": "Maze",
  "MinimapVolumeData": {
    "Center": {
      "X": 1.654633,
      "Y": 6.819709,
      "Z": 120.2
    },
    "Size": {
      "X": 111,
      "Y": 35.48,
      "Z": 265.8
    },
    "SectionVertices": [
      {
        "X": 24.16667,
        "Y": -30.18181
      },
      {
        "X": -23.16667,
        "Y": -30.18181
      },
      {
        "X": -23.16667,
        "Y": -105.8864
      },
      {
        "X": 24.16667,
        "Y": -105.8864
      },
      {
        "X": -23.16667,
        "Y": 22.84478
      },
      {
        "X": -23.16667,
        "Y": 8.504254
      },
      {
        "X": 24.16667,
        "Y": 22.84478
      },
      {
        "X": 29.83334,
        "Y": 56.19485
      },
      {
        "X": 30.5,
        "Y": 100.5504
      },
      {
        "X": 14.83333,
        "Y": 100.5504
      },
      {
        "X": 15.16666,
        "Y": 68.53437
      },
      {
        "X": 3.166665,
        "Y": 59.52986
      },
      {
        "X": 3.166665,
        "Y": 22.84478
      },
      {
        "X": 40.5,
        "Y": 56.19485
      },
      {
        "X": 53.5,
        "Y": 56.19485
      },
      {
        "X": 53.5,
        "Y": 82.5414
      },
      {
        "X": 29.83334,
        "Y": 82.5414
      },
      {
        "X": 46.83333,
        "Y": 100.5504
      },
      {
        "X": 47.16666,
        "Y": 132.5665
      },
      {
        "X": -0.166667,
        "Y": 132.5665
      },
      {
        "X": -0.166667,
        "Y": 100.5504
      },
      {
        "X": -34.83333,
        "Y": 63.19836
      },
      {
        "X": -34.5,
        "Y": 100.5504
      },
      {
        "X": -17.83333,
        "Y": 100.5504
      },
      {
        "X": -17.83333,
        "Y": 67.20038
      },
      {
        "X": -5.5,
        "Y": 59.52986
      },
      {
        "X": -6.166667,
        "Y": 22.84478
      },
      {
        "X": -6.166667,
        "Y": 100.5504
      },
      {
        "X": -2.499999,
        "Y": 100.5504
      },
      {
        "X": -2.499999,
        "Y": 132.5665
      },
      {
        "X": -52.5,
        "Y": 132.5665
      },
      {
        "X": -52.5,
        "Y": 100.5504
      },
      {
        "X": -25.16667,
        "Y": -132.5665
      },
      {
        "X": 24.16667,
        "Y": -132.5665
      },
      {
        "X": -53.83334,
        "Y": 8.504254
      },
      {
        "X": -53.83334,
        "Y": -30.8488
      }
    ],
    "Atlas": "UI/Atlas/AtlasFiles/Minimap/Minimap_20001001.spriteatlas",
    "Sections": [
      {
        "MapLayerID": 1,
        "Sprite": "UI/Atlas/AtlasRoot/Minimap/Minimap_20001001/MinimapSection_20001001_0.png",
        "IsRect": true,
        "Indices": [
          0,
          3,
          2,
          1
        ],
        "UIPosition": {
          "X": 97,
          "Y": 81
        },
        "InitialHidden": false,
        "Center": {
          "X": -55.5,
          "Y": 132.9
        }
      },
      {
        "ID": 1,
        "MapLayerID": 1,
        "Sprite": "UI/Atlas/AtlasRoot/Minimap/Minimap_20001001/MinimapSection_20001001_1.png",
        "IsRect": true,
        "Indices": [
          0,
          1,
          4,
          6
        ],
        "UIPosition": {
          "X": 97,
          "Y": 308
        },
        "InitialHidden": false,
        "Center": {
          "X": -55.5,
          "Y": 132.9
        }
      },
      {
        "ID": 2,
        "MapLayerID": 1,
        "Sprite": "UI/Atlas/AtlasRoot/Minimap/Minimap_20001001/MinimapSection_20001001_2.png",
        "Indices": [
          4,
          26,
          25,
          24,
          23,
          22,
          21
        ],
        "UIPosition": {
          "X": 62,
          "Y": 467
        },
        "InitialHidden": false,
        "Center": {
          "X": -55.5,
          "Y": 132.9
        }
      },
      {
        "ID": 3,
        "MapLayerID": 1,
        "Sprite": "UI/Atlas/AtlasRoot/Minimap/Minimap_20001001/MinimapSection_20001001_3.png",
        "Indices": [
          6,
          12,
          11,
          10,
          9,
          8,
          16,
          7
        ],
        "UIPosition": {
          "X": 176,
          "Y": 467
        },
        "InitialHidden": false,
        "Center": {
          "X": -55.5,
          "Y": 132.9
        }
      },
      {
        "ID": 4,
        "MapLayerID": 1,
        "Sprite": "UI/Atlas/AtlasRoot/Minimap/Minimap_20001001/MinimapSection_20001001_4.png",
        "IsRect": true,
        "Indices": [
          7,
          16,
          15,
          14
        ],
        "UIPosition": {
          "X": 256,
          "Y": 567
        },
        "InitialHidden": false,
        "Center": {
          "X": -55.5,
          "Y": 132.9
        }
      },
      {
        "ID": 5,
        "MapLayerID": 1,
        "Sprite": "UI/Atlas/AtlasRoot/Minimap/Minimap_20001001/MinimapSection_20001001_5.png",
        "IsRect": true,
        "Indices": [
          31,
          30,
          29,
          28
        ],
        "UIPosition": {
          "X": 9,
          "Y": 700
        },
        "InitialHidden": false,
        "Center": {
          "X": -55.5,
          "Y": 132.9
        }
      },
      {
        "ID": 7,
        "MapLayerID": 1,
        "Sprite": "UI/Atlas/AtlasRoot/Minimap/Minimap_20001001/MinimapSection_20001001_7.png",
        "Indices": [
          20,
          19,
          18,
          17
        ],
        "UIPosition": {
          "X": 166,
          "Y": 700
        },
        "InitialHidden": false,
        "Center": {
          "X": -55.5,
          "Y": 132.9
        }
      },
      {
        "ID": 6,
        "MapLayerID": 1,
        "Sprite": "UI/Atlas/AtlasRoot/Minimap/Minimap_20001001/MinimapSection_20001001_6.png",
        "Indices": [
          2,
          32,
          33,
          3
        ],
        "UIPosition": {
          "X": 91,
          "Y": 1
        },
        "InitialHidden": false
      },
      {
        "ID": 10,
        "MapLayerID": 1,
        "Sprite": "UI/Atlas/AtlasRoot/Minimap/Minimap_20001001/MinimapSection_20001001_10.png",
        "Indices": [
          1,
          35,
          34,
          5
        ],
        "UIPosition": {
          "X": 5,
          "Y": 306
        },
        "InitialHidden": false
      }
    ],
    "BackgroundMapSprite": "SpriteOutput/MapPics/Minimap/Minimap_20001001/Background.png"
  },
  "TimeOfDayEnviroProfileMap": {},
  "LayerToAreaMask": [
    1
  ],
  "BattleAreaList": [],
  "DimensionList": [
    {}
  ],
  "IsRestartLevelGraph": false
}