{
  "FloorID": 89121001,
  "FloorName": "MazeText_Empty",
  "StartGroupID": 1,
  "StartAnchorID": 1,
  "GroupList": [
    {
      "GroupGUID": "a17ac5f2-fd9c-49c4-a9af-be40bd251b1e",
      "GroupPath": "Config/LevelOutput/Group/Groups_P89121_F89121001/LevelGroup_P89121_F89121001_G1.json",
      "Name": "Default",
      "ID": 1
    },
    {
      "GroupGUID": "241e2f92-dbe6-4025-9be3-4fe2c90c9185",
      "GroupPath": "Config/LevelOutput/Group/Groups_P89121_F89121001/LevelGroup_P89121_F89121001_G202.json",
      "Name": "DefaultGroup",
      "ID": 202
    },
    {
      "GroupGUID": "151860dd-fd72-475f-8542-e84239f41a5b",
      "GroupPath": "Config/LevelOutput/Group/Groups_P89121_F89121001/LevelGroup_P89121_F89121001_G203.json",
      "DimensionFilter": {},
      "Name": "Default_BoundaryCamera_Client",
      "ID": 203
    },
    {
      "GroupGUID": "7acc3887-a3e3-4bc4-97c6-5ce2fb1ec8cb",
      "GroupPath": "Config/LevelOutput/Group/Groups_P89121_F89121001/LevelGroup_P89121_F89121001_G204.json",
      "Name": "EdgeCamera",
      "ID": 204
    },
    {
      "GroupGUID": "5cd8d7ec-06ae-425c-9835-102b1a096441",
      "GroupPath": "Config/LevelOutput/Group/Groups_P89121_F89121001/LevelGroup_P89121_F89121001_G206.json",
      "DimensionFilter": {},
      "Name": "DefaultPortal",
      "ID": 206
    },
    {
      "GroupGUID": "28dd7e1e-6752-4d96-9f7a-7dd555e8b637",
      "GroupPath": "Config/LevelOutput/Group/Groups_P89121_F89121001/LevelGroup_P89121_F89121001_G208.json",
      "Name": "BGM",
      "ID": 208
    },
    {
      "GroupGUID": "3dc01ad3-a23e-4d80-bdc6-8896d15da1b2",
      "GroupPath": "Config/LevelOutput/Group/Groups_P89121_F89121001/LevelGroup_P89121_F89121001_G209.json",
      "DimensionFilter": {},
      "Name": "Sound",
      "ID": 209
    },
    {
      "GroupGUID": "cb815e72-2f43-4e9e-ac24-6fe536206fa1",
      "GroupPath": "Config/LevelOutput/Group/Groups_P89121_F89121001/LevelGroup_P89121_F89121001_G210.json",
      "DimensionFilter": {},
      "Name": "3DMapInfo",
      "ID": 210
    },
    {
      "GroupGUID": "ba7d9f90-5fa4-41e2-a6b8-c5571df08aad",
      "GroupPath": "Config/LevelOutput/Group/Groups_P89121_F89121001/LevelGroup_P89121_F89121001_G211.json",
      "DimensionFilter": {},
      "Name": "Sound",
      "ID": 211
    },
    {
      "GroupGUID": "9f02d6e6-8ea7-4e71-b6fd-93ec8829d166",
      "GroupPath": "Config/LevelOutput/Group/Groups_P89121_F89121001/LevelGroup_P89121_F89121001_G212.json",
      "Name": "Sound",
      "ID": 212
    },
    {
      "GroupGUID": "43c54a1f-cf03-480c-b883-2364ad6d443c",
      "GroupPath": "Config/LevelOutput/Group/Groups_P89121_F89121001/LevelGroup_P89121_F89121001_G213.json",
      "Name": "BGM",
      "ID": 213
    },
    {
      "GroupGUID": "aa499215-4624-4223-a564-0028dca4dbc1",
      "GroupPath": "Config/LevelOutput/Group/Groups_P89121_F89121001/LevelGroup_P89121_F89121001_G214.json",
      "DimensionFilter": {},
      "Name": "BGM",
      "ID": 214
    },
    {
      "GroupGUID": "43bd8797-90bb-427f-9c80-f9fc8dd478c1",
      "GroupPath": "Config/LevelOutput/Group/Groups_P89121_F89121001/LevelGroup_P89121_F89121001_G215.json",
      "Name": "Sound",
      "ID": 215
    },
    {
      "GroupGUID": "d09aa8ac-a687-4c73-8f85-7309cd0e5d80",
      "GroupPath": "Config/LevelOutput/Group/Groups_P89121_F89121001/LevelGroup_P89121_F89121001_G216.json",
      "Name": "BGM",
      "ID": 216
    },
    {
      "GroupGUID": "7e612233-cd95-4e3d-8cbf-e560d0681e93",
      "GroupPath": "Config/LevelOutput/Group/Groups_P89121_F89121001/LevelGroup_P89121_F89121001_G217.json",
      "DimensionFilter": {},
      "Name": "Sound",
      "ID": 217
    },
    {
      "GroupGUID": "33f30fe0-7609-440f-ba54-cbc247573990",
      "GroupPath": "Config/LevelOutput/Group/Groups_P89121_F89121001/LevelGroup_P89121_F89121001_G218.json",
      "Name": "BGM",
      "ID": 218
    },
    {
      "GroupGUID": "df3e380c-ed8b-407f-8dc8-fde2504f6d19",
      "GroupPath": "Config/LevelOutput/Group/Groups_P89121_F89121001/LevelGroup_P89121_F89121001_G219.json",
      "Name": "Sound",
      "ID": 219
    },
    {
      "GroupGUID": "79dcc115-d15e-40e4-a6ce-a5819ede2a61",
      "GroupPath": "Config/LevelOutput/Group/Groups_P89121_F89121001/LevelGroup_P89121_F89121001_G220.json",
      "DimensionFilter": {},
      "Name": "BGM",
      "ID": 220
    },
    {
      "GroupGUID": "536937e0-0871-4bbf-ab19-e43b43b23cd9",
      "GroupPath": "Config/LevelOutput/Group/Groups_P89121_F89121001/LevelGroup_P89121_F89121001_G221.json",
      "DimensionFilter": {},
      "Name": "Sound-Reverb",
      "ID": 221
    },
    {
      "GroupGUID": "a4ff5c9d-1be5-4b18-9eef-b9df1d310cbe",
      "GroupPath": "Config/LevelOutput/Group/Groups_P89121_F89121001/LevelGroup_P89121_F89121001_G228.json",
      "DimensionFilter": {},
      "Name": "RogueOrigin_Area",
      "ID": 228
    },
    {
      "GroupGUID": "9b24d89d-9099-4a10-a621-120a58df8532",
      "GroupPath": "Config/LevelOutput/Group/Groups_P89121_F89121001/LevelGroup_P89121_F89121001_G229.json",
      "DimensionFilter": {},
      "Name": "RogueOrigin_BaseCommon",
      "ID": 229
    },
    {
      "GroupGUID": "5f7417c7-404a-477a-bf8f-57a4afebc6f0",
      "GroupPath": "Config/LevelOutput/Group/Groups_P89121_F89121001/LevelGroup_P89121_F89121001_G230.json",
      "DimensionFilter": {},
      "Name": "RogueOrigin_MainMonster",
      "ID": 230
    },
    {
      "GroupGUID": "0dd02f95-f823-4f74-909f-b10bdc92e608",
      "GroupPath": "Config/LevelOutput/Group/Groups_P89121_F89121001/LevelGroup_P89121_F89121001_G231.json",
      "DimensionFilter": {},
      "Name": "RogueOrigin_Area",
      "ID": 231
    },
    {
      "GroupGUID": "cbc177d4-94a1-4a05-b63a-a67e9bd79684",
      "GroupPath": "Config/LevelOutput/Group/Groups_P89121_F89121001/LevelGroup_P89121_F89121001_G232.json",
      "DimensionFilter": {},
      "Name": "RogueOrigin_BaseCommon",
      "ID": 232
    },
    {
      "GroupGUID": "e9728cd4-eab5-4de1-8c8b-d592413ac808",
      "GroupPath": "Config/LevelOutput/Group/Groups_P89121_F89121001/LevelGroup_P89121_F89121001_G233.json",
      "DimensionFilter": {},
      "Name": "RogueOrigin_MainMonster",
      "ID": 233
    },
    {
      "GroupGUID": "9a5519c3-88c4-4bbf-93e9-cf6f80431c3a",
      "GroupPath": "Config/LevelOutput/Group/Groups_P89121_F89121001/LevelGroup_P89121_F89121001_G263.json",
      "DimensionFilter": {},
      "Name": "RogueOrigin_Area",
      "ID": 263
    },
    {
      "GroupGUID": "b36b3145-22b3-44a7-81db-065be200ceeb",
      "GroupPath": "Config/LevelOutput/Group/Groups_P89121_F89121001/LevelGroup_P89121_F89121001_G264.json",
      "DimensionFilter": {},
      "Name": "RogueOrigin_BaseCommon",
      "ID": 264
    },
    {
      "GroupGUID": "c54b7d45-a3c9-4d7d-9006-83326a9d7aae",
      "GroupPath": "Config/LevelOutput/Group/Groups_P89121_F89121001/LevelGroup_P89121_F89121001_G265.json",
      "DimensionFilter": {},
      "Name": "RogueOrigin_MainMonster",
      "ID": 265
    },
    {
      "GroupGUID": "0e175720-a5cc-44f1-9a73-84ee5c2f9069",
      "GroupPath": "Config/LevelOutput/Group/Groups_P89121_F89121001/LevelGroup_P89121_F89121001_G281.json",
      "DimensionFilter": {},
      "Name": "RogueOrigin_Area",
      "ID": 281
    },
    {
      "GroupGUID": "3c717699-f07d-4bc8-afb5-caf03bccf259",
      "GroupPath": "Config/LevelOutput/Group/Groups_P89121_F89121001/LevelGroup_P89121_F89121001_G282.json",
      "DimensionFilter": {},
      "Name": "RogueOrigin_BaseCommon",
      "ID": 282
    },
    {
      "GroupGUID": "ae95c2d3-4c69-42d6-9529-b9ddadd633da",
      "GroupPath": "Config/LevelOutput/Group/Groups_P89121_F89121001/LevelGroup_P89121_F89121001_G283.json",
      "DimensionFilter": {},
      "Name": "RogueOrigin_MainMonster",
      "ID": 283
    },
    {
      "GroupGUID": "dbeee4a0-004d-4755-9099-972833c03d93",
      "GroupPath": "Config/LevelOutput/Group/Groups_P89121_F89121001/LevelGroup_P89121_F89121001_G284.json",
      "DimensionFilter": {},
      "Name": "RogueOrigin_Area",
      "ID": 284
    },
    {
      "GroupGUID": "d8a3dda8-324e-4599-bcfb-94d3a960ceab",
      "GroupPath": "Config/LevelOutput/Group/Groups_P89121_F89121001/LevelGroup_P89121_F89121001_G285.json",
      "DimensionFilter": {},
      "Name": "RogueOrigin_BaseRest",
      "ID": 285
    },
    {
      "GroupGUID": "bd106c63-4aea-471e-a6bd-411c182ff860",
      "GroupPath": "Config/LevelOutput/Group/Groups_P89121_F89121001/LevelGroup_P89121_F89121001_G286.json",
      "DimensionFilter": {},
      "Name": "RogueOrigin_Rest",
      "ID": 286
    },
    {
      "GroupGUID": "358d3968-0449-4c89-94b6-721e13388579",
      "GroupPath": "Config/LevelOutput/Group/Groups_P89121_F89121001/LevelGroup_P89121_F89121001_G293.json",
      "DimensionFilter": {},
      "Name": "RogueOrigin_Area",
      "ID": 293
    },
    {
      "GroupGUID": "4f617681-cbdc-4e42-92ef-006de72e6991",
      "GroupPath": "Config/LevelOutput/Group/Groups_P89121_F89121001/LevelGroup_P89121_F89121001_G294.json",
      "DimensionFilter": {},
      "Name": "RogueOrigin_BaseBoss",
      "ID": 294
    },
    {
      "GroupGUID": "ad830021-4fb5-4e68-bc2f-039fd7f0c2d3",
      "GroupPath": "Config/LevelOutput/Group/Groups_P89121_F89121001/LevelGroup_P89121_F89121001_G295.json",
      "DimensionFilter": {},
      "Name": "RogueOrigin_Boss",
      "ID": 295
    },
    {
      "GroupGUID": "07e85aeb-d31e-4e06-a472-2d6ec9ea275e",
      "GroupPath": "Config/LevelOutput/Group/Groups_P89121_F89121001/LevelGroup_P89121_F89121001_G303.json",
      "DimensionFilter": {},
      "Name": "RogueOrigin_Area",
      "ID": 303
    },
    {
      "GroupGUID": "1633ed2e-ce79-492d-bdee-e296abdb2a0e",
      "GroupPath": "Config/LevelOutput/Group/Groups_P89121_F89121001/LevelGroup_P89121_F89121001_G304.json",
      "DimensionFilter": {},
      "Name": "RogueOrigin_BaseCommon",
      "ID": 304
    },
    {
      "GroupGUID": "e02ef22d-9401-4c36-b116-860721757d1f",
      "GroupPath": "Config/LevelOutput/Group/Groups_P89121_F89121001/LevelGroup_P89121_F89121001_G305.json",
      "DimensionFilter": {},
      "Name": "RogueOrigin_MainMonster",
      "ID": 305
    },
    {
      "GroupGUID": "07a9be2d-86c5-4674-86d2-01f888d1cb71",
      "GroupPath": "Config/LevelOutput/Group/Groups_P89121_F89121001/LevelGroup_P89121_F89121001_G306.json",
      "DimensionFilter": {},
      "Name": "RogueOrigin_SubMonster",
      "ID": 306
    },
    {
      "GroupGUID": "d51e933c-7f75-4eb1-bf51-cb604db97600",
      "GroupPath": "Config/LevelOutput/Group/Groups_P89121_F89121001/LevelGroup_P89121_F89121001_G309.json",
      "DimensionFilter": {},
      "Name": "RogueOrigin_SubMonster",
      "ID": 309
    }
  ],
  "DefaultEnviroProfile": "Stages/Outputs/Chapter03/EnviroProfile/Chap03_CloseView_ADV_INT_P101_night_01.enviroProfile.asset",
  "StageData": "Stages/Outputs/Chapter03/Stages/Chap03_MAZ_P101_MainLine_01_StageData/Chap03_MAZ_P101_MainLine_01_StageData.stage",
  "CameraType": "Maze",
  "TimeOfDayEnviroProfileMap": {},
  "LayerToAreaMask": [
    32,
    16,
    8
  ],
  "BattleAreaList": [],
  "DimensionList": [
    {}
  ],
  "CameraPrefabPath": "Level/Maze/Chapter03/Chap03_MAZ_P101_LevelArea.prefab",
  "LevelFeatureModules": [
    "RotatableRegion"
  ],
  "NavmapConfigPath": "Config/LevelOutput/Map/MapInfo_P20311_F20311001.json",
  "IsRestartLevelGraph": false
}