{
  "FloorID": 89111001,
  "FloorName": "MazeText_Empty",
  "StartGroupID": 1,
  "StartAnchorID": 1,
  "GroupList": [
    {
      "GroupGUID": "62e31ad4-3e77-4ffa-a269-4fdd89b58974",
      "GroupPath": "Config/LevelOutput/Group/Groups_P89111_F89111001/LevelGroup_P89111_F89111001_G1.json",
      "Name": "Default",
      "ID": 1
    },
    {
      "GroupGUID": "0e2a6430-7a67-49a6-abcd-806c8b94d6ff",
      "GroupPath": "Config/LevelOutput/Group/Groups_P89111_F89111001/LevelGroup_P89111_F89111001_G35.json",
      "Name": "DefaultData_Props",
      "ID": 35
    },
    {
      "GroupGUID": "913b60ff-1504-4018-9c15-2b1c4b5f686d",
      "GroupPath": "Config/LevelOutput/Group/Groups_P89111_F89111001/LevelGroup_P89111_F89111001_G47.json",
      "Name": "RogueDLC130_Event",
      "ID": 47
    },
    {
      "GroupGUID": "905228fa-40d2-4374-bf3a-9c3a3a61ce99",
      "GroupPath": "Config/LevelOutput/Group/Groups_P89111_F89111001/LevelGroup_P89111_F89111001_G48.json",
      "Name": "RogueDLC130_Area",
      "ID": 48
    },
    {
      "GroupGUID": "b6714d33-e111-466c-a10e-9c51c2ade1d8",
      "GroupPath": "Config/LevelOutput/Group/Groups_P89111_F89111001/LevelGroup_P89111_F89111001_G49.json",
      "Name": "RogueDLC130_BaseCommon",
      "ID": 49
    },
    {
      "GroupGUID": "cf04d071-cd7b-4982-b382-e0f4bf02dec9",
      "GroupPath": "Config/LevelOutput/Group/Groups_P89111_F89111001/LevelGroup_P89111_F89111001_G50.json",
      "Name": "RogueDLC130_Event",
      "ID": 50
    }
  ],
  "DefaultEnviroProfile": "Stages/Outputs/Chapter01/EnviroProfile/Chap01_CloseView_ADV_Area_M101_01_Day.enviroProfile.asset",
  "StageData": "Stages/Outputs/Chapter01/Stages/Chap01_MAZ_M101_MainLine_01_StageData/Chap01_MAZ_M101_MainLine_01_StageData.stage",
  "CameraType": "Maze",
  "MinimapVolumeData": {
    "Center": {
      "X": -18.14235,
      "Y": 17.77002,
      "Z": -114.9622
    },
    "Size": {
      "X": 295.3605,
      "Y": 54.45174,
      "Z": 320.5264
    },
    "SectionVertices": [
      {
        "X": 63.33916,
        "Y": 75.54552
      },
      {
        "X": 35.33658,
        "Y": 75.54552
      },
      {
        "X": 38.33687,
        "Y": 110.5666
      },
      {
        "X": 19.66848,
        "Y": 131.5793
      },
      {
        "X": 13.66792,
        "Y": 114.569
      },
      {
        "X": 35.33658,
        "Y": 93.88989
      },
      {
        "X": 13.66792,
        "Y": 131.5793
      },
      {
        "X": -11.66774,
        "Y": 131.5793
      },
      {
        "X": -11.66774,
        "Y": 114.569
      },
      {
        "X": 19.66848,
        "Y": 159.5961
      },
      {
        "X": 0.666731,
        "Y": 159.5961
      },
      {
        "X": 0.666731,
        "Y": 131.5793
      },
      {
        "X": 11.00101,
        "Y": 75.54552
      },
      {
        "X": 11.00101,
        "Y": 46.86155
      },
      {
        "X": 35.33658,
        "Y": 46.86155
      },
      {
        "X": 0.666731,
        "Y": 46.86155
      },
      {
        "X": 69.67307,
        "Y": 26.84951
      },
      {
        "X": 53.33825,
        "Y": 46.86155
      },
      {
        "X": 75.0069,
        "Y": 26.84951
      },
      {
        "X": 75.0069,
        "Y": -0.500299
      },
      {
        "X": 40.67041,
        "Y": -0.500299
      },
      {
        "X": 40.67041,
        "Y": 26.84951
      },
      {
        "X": 0.666731,
        "Y": -0.500299
      },
      {
        "X": 0.666731,
        "Y": -38.18966
      },
      {
        "X": 75.0069,
        "Y": -38.18966
      },
      {
        "X": 49.00451,
        "Y": -38.18966
      },
      {
        "X": 49.00451,
        "Y": -51.53105
      },
      {
        "X": 34.3365,
        "Y": -64.20535
      },
      {
        "X": 12.33447,
        "Y": -64.20535
      },
      {
        "X": 12.33447,
        "Y": -38.18966
      },
      {
        "X": 34.3365,
        "Y": -101.2276
      },
      {
        "X": 12.33447,
        "Y": -101.2276
      },
      {
        "X": 34.3365,
        "Y": -107.2313
      },
      {
        "X": 82.67428,
        "Y": -107.2313
      },
      {
        "X": 82.67428,
        "Y": -51.53105
      },
      {
        "X": -44.67078,
        "Y": -38.18966
      },
      {
        "X": -56.67188,
        "Y": -24.8483
      },
      {
        "X": -80.67409,
        "Y": -48.1957
      },
      {
        "X": -44.67078,
        "Y": -82.54972
      },
      {
        "X": 12.33447,
        "Y": -82.54972
      },
      {
        "X": 22.00202,
        "Y": 26.84951
      },
      {
        "X": 22.00202,
        "Y": 25.18183
      },
      {
        "X": 0.666731,
        "Y": 25.18183
      },
      {
        "X": 63.33916,
        "Y": 121.2397
      },
      {
        "X": 63.33916,
        "Y": 131.5793
      }
    ],
    "Atlas": "UI/Atlas/AtlasFiles/Minimap/Minimap_20111001.spriteatlas",
    "Sections": [
      {
        "ID": 2,
        "MapLayerID": 1,
        "Sprite": "UI/Atlas/AtlasRoot/Minimap/Minimap_20111001/MinimapSection_20111001_2.png",
        "Indices": [
          5,
          2,
          3,
          6,
          4
        ],
        "UIPosition": {
          "X": 484,
          "Y": 762
        },
        "Center": {
          "X": -147.6803,
          "Y": 160.2632
        }
      },
      {
        "ID": 3,
        "MapLayerID": 1,
        "Sprite": "UI/Atlas/AtlasRoot/Minimap/Minimap_20111001/MinimapSection_20111001_3.png",
        "IsRect": true,
        "Indices": [
          7,
          8,
          4,
          6
        ],
        "UIPosition": {
          "X": 408,
          "Y": 824
        },
        "Center": {
          "X": -147.6803,
          "Y": 160.2632
        }
      },
      {
        "MapLayerID": 1,
        "Sprite": "UI/Atlas/AtlasRoot/Minimap/Minimap_20111001/MinimapSection_20111001_0.png",
        "IsRect": true,
        "Indices": [
          11,
          3,
          9,
          10
        ],
        "UIPosition": {
          "X": 445,
          "Y": 875
        },
        "Center": {
          "X": -147.6803,
          "Y": 160.2632
        }
      },
      {
        "ID": 4,
        "MapLayerID": 1,
        "Sprite": "UI/Atlas/AtlasRoot/Minimap/Minimap_20111001/MinimapSection_20111001_4.png",
        "Indices": [
          12,
          1,
          5,
          4,
          8
        ],
        "UIPosition": {
          "X": 408,
          "Y": 707
        }
      },
      {
        "ID": 5,
        "MapLayerID": 1,
        "Sprite": "UI/Atlas/AtlasRoot/Minimap/Minimap_20111001/MinimapSection_20111001_5.png",
        "IsRect": true,
        "Indices": [
          12,
          13,
          14,
          1
        ],
        "UIPosition": {
          "X": 476,
          "Y": 621
        }
      },
      {
        "ID": 6,
        "MapLayerID": 1,
        "Sprite": "UI/Atlas/AtlasRoot/Minimap/Minimap_20111001/MinimapSection_20111001_6.png",
        "IsRect": true,
        "Indices": [
          20,
          21,
          18,
          19
        ],
        "UIPosition": {
          "X": 565,
          "Y": 479
        },
        "Center": {
          "X": -147.6803,
          "Y": 160.2632
        }
      },
      {
        "ID": 9,
        "MapLayerID": 1,
        "Sprite": "UI/Atlas/AtlasRoot/Minimap/Minimap_20111001/MinimapSection_20111001_9.png",
        "IsRect": true,
        "Indices": [
          24,
          19,
          22,
          23
        ],
        "UIPosition": {
          "X": 445,
          "Y": 366
        },
        "Center": {
          "X": -147.6803,
          "Y": 160.2632
        }
      },
      {
        "ID": 10,
        "MapLayerID": 1,
        "Sprite": "UI/Atlas/AtlasRoot/Minimap/Minimap_20111001/MinimapSection_20111001_10.png",
        "Indices": [
          26,
          27,
          28,
          29,
          25
        ],
        "UIPosition": {
          "X": 480,
          "Y": 288
        }
      },
      {
        "ID": 12,
        "MapLayerID": 1,
        "Sprite": "UI/Atlas/AtlasRoot/Minimap/Minimap_20111001/MinimapSection_20111001_12.png",
        "Indices": [
          32,
          33,
          34,
          26,
          27
        ],
        "UIPosition": {
          "X": 546,
          "Y": 159
        }
      },
      {
        "ID": 13,
        "MapLayerID": 1,
        "Sprite": "UI/Atlas/AtlasRoot/Minimap/Minimap_20111001/MinimapSection_20111001_13.png",
        "IsRect": true,
        "Indices": [
          31,
          28,
          27,
          30
        ],
        "UIPosition": {
          "X": 480,
          "Y": 177
        }
      },
      {
        "ID": 14,
        "MapLayerID": 1,
        "Sprite": "UI/Atlas/AtlasRoot/Minimap/Minimap_20111001/MinimapSection_20111001_14.png",
        "Indices": [
          37,
          38,
          39,
          29,
          35,
          36
        ],
        "UIPosition": {
          "X": 201,
          "Y": 233
        }
      },
      {
        "ID": 7,
        "MapLayerID": 1,
        "Sprite": "UI/Atlas/AtlasRoot/Minimap/Minimap_20111001/MinimapSection_20111001_7.png",
        "Indices": [
          40,
          41,
          42,
          15,
          17,
          16
        ],
        "UIPosition": {
          "X": 445,
          "Y": 556
        },
        "Center": {
          "X": -147.6803,
          "Y": 160.2632
        }
      },
      {
        "ID": 8,
        "MapLayerID": 1,
        "Sprite": "UI/Atlas/AtlasRoot/Minimap/Minimap_20111001/MinimapSection_20111001_8.png",
        "Indices": [
          40,
          41,
          42,
          22,
          20,
          21
        ],
        "UIPosition": {
          "X": 445,
          "Y": 479
        },
        "Center": {
          "X": -147.6803,
          "Y": 160.2632
        }
      },
      {
        "ID": 1,
        "MapLayerID": 1,
        "Sprite": "UI/Atlas/AtlasRoot/Minimap/Minimap_20111001/MinimapSection_20111001_1.png",
        "Indices": [
          1,
          5,
          2,
          43,
          0
        ],
        "UIPosition": {
          "X": 549,
          "Y": 707
        },
        "InitialHidden": false,
        "Center": {
          "X": -147.6803,
          "Y": 160.2632
        }
      },
      {
        "ID": 11,
        "MapLayerID": 1,
        "Sprite": "UI/Atlas/AtlasRoot/Minimap/Minimap_20111001/MinimapSection_20111001_11.png",
        "Indices": [
          2,
          3,
          44,
          43
        ],
        "UIPosition": {
          "X": 502,
          "Y": 812
        }
      }
    ],
    "BackgroundMapSprite": "SpriteOutput/MapPics/Minimap/Minimap_20111001/Background.png"
  },
  "TimeOfDayEnviroProfileMap": {},
  "LayerToAreaMask": [
    1
  ],
  "IsRestartLevelGraph": false
}